uid,generation,generation_time
037_62379,"### Instruction1:
This is the fastest way to delete the data stored by Firefox. Opening this window depends on your operating system. On Windows and Linux, click on History in the menu bar, then on Clear Recent History. On Mac OS X, click on Tools in the menu bar, then on Clear Recent History. If you do not see the menu bar, click on the top bar where there is nothing and select Menu Bar. Alternatively, click on the ☰ icon, then on History, and finally, on Clear Recent History. Click on the dropdown menu titled Time range to clear and choose the period that suits you. A series of data to delete… or keep will then appear. Check the data you want to delete, and they will be removed if you confirm this choice. You can also delete your browsing history, downloaded files, saved logins… There you go! You have selected several items: you just need to erase them from your web browser or clear them, as appropriate, by clicking on Clear Now. After deleting your data, be mindful of your personal information and even the content on your computer by taking some precautions while surfing the Internet. If you delete your browsing history, no one will be able to know which sites you visited. Avoid suspicious websites that might install malware on your device. This feature is very useful if you share your computer with others or surf on a public access computer. Deleting browsing data mostly cleans your hard drive, but only partially. For a deeper clean, you can contact your ISP or even reformat your hard drive: in this last case, you will leave no trace behind. Any personal data you provided to a site is generally kept by that site, even if you deleted everything on your browser. If you believe they shouldn’t keep that data, contact the site administrator and based on what they say, do as you see fit. Contact your Internet Service Provider (ISP). Ask them how your Internet activity is tracked and how to erase those traces. Indeed, your ISP has the right to monitor your Internet activity for security reasons, but this practice is strictly regulated and defined in your ISP's policy. Just because you delete cookies and clear caches doesn’t mean you will get rid of viruses and other malware. The best method to erase any traces is to reformat your hard drive. Of course, before proceeding with such an operation, make sure to back up all your important data.

### Instruction2:
To delete Firefox data quickly, access the relevant history clearing options based on your operating system. Choose the time range and data to delete, then confirm your selection. Be cautious about personal information while browsing, especially on shared or public computers. Deleting your browsing history helps maintain privacy, but for thorough cleaning, consider reformatting your hard drive after backing up important data, as websites may still retain your personal information. Contact your ISP for details on how they track and store your Internet activity.",3.988260269165039
037_62485,"### Instruction1:
Use a cotton swab to apply it directly to the scratch. Once applied, gently rub the material around in circular motions. Let it dry for an hour and wipe with a clean cloth. If the scratch is still visible after the first application, try applying more oil and let it dry for several hours. As with all other methods, you should test the solution you are using on a small, inconspicuous piece of leather to ensure it does not cause staining. Find a clean cloth, such as a cotton towel, and soak it in lanolin cream. Rub it perpendicular to the scratch. This will help smooth and repair the scratch, although it may take several applications for the scratch to disappear. Test the lanolin cream on a less visible part of the leather, as it may darken the material. Before trying this solution, you must be sure of the type of leather you have. This solution only works for aniline and bycast materials. To heat the leather, you can hold a hairdryer very close to the material or press an iron onto a damp cloth placed over it. If using the hairdryer, you can massage the material with your hands all around the scratch. The heat should bring out the natural oils and dyes. If this happens, the scratch may even close up on its own. If you are using the iron and damp cloth, hold it in place for ten seconds. Remove it and observe the scratch. If it appears to have disappeared, let it dry and use it as usual. If it is still there, reapply the iron. Avoid burning the leather. If it feels hot to the touch, allow it to cool before applying heat again. Find a wax that matches the color of your furniture. To start, apply the wax to the scratch with a clean cloth or cotton swab. Then rub the product in to penetrate and quickly wipe over the scratch with a clean cloth to smooth the wax. This will not repair the scratch, but you may be able to hide it. If you need a darker color, apply another layer. If you find the color does not match after application, use a damp cloth to remove it immediately. This solution will work even better on highly pigmented leather (but also on bycast leather), as wax is generally not designed for application on leather furniture.

### Instruction2:
To repair a leather scratch, apply a solution using a cotton swab and rub gently. Let it dry and wipe it. If needed, apply more oil and use lanolin cream to smooth the scratch. Ensure to test any product on an inconspicuous area first. Heat the leather either with a hairdryer or an iron with a damp cloth. Apply wax to match the furniture color to hide the scratch. If the color doesn’t match, remove it quickly.",3.7349772453308105
037_59191,"### Instruction1:
The hookworm bites the intestinal wall, causing abdominal pain and cramps. Your infested dog is also likely to suffer from dysentery (diarrhea accompanied by blood). Furthermore, if there is bleeding in its intestines, once the blood has passed through, it will give its stools a dark color. These parasites can also cause vomiting, which may contain blood. The blood lost in the intestinal wall, or that ingested by the hookworms, can lead to anemia in the host. This results in the animal lacking energy and appearing extremely tired. If the infestation is not treated, anemia can also lead to its death. By lifting the lip of a healthy dog, you should notice that its oral mucosa is pink. But in an anemic dog, these mucous membranes are pale or even white. In cases of severe infestation, these parasites deprive them of nutrients. Consequently, they grow poorly, and their coat is likely to have a dull and rough texture and color. However, be aware that puppies can stop growing for several reasons. Therefore, if you suspect they are suffering from stunted growth, take them to the veterinarian for examination. The larvae migrate to the lungs. When the dog coughs and swallows, they reach the intestines, where they mature. Thus, you may notice that it coughs intermittently. A dog living in an unsanitary environment is more likely to develop hookworm larvae on its legs, causing severe irritation in the area and prompting it to bite its paws. Keep in mind that this is not the only way these parasites can enter the body. Therefore, an infected dog may not necessarily have irritated paws. You should especially do this if it involves puppies that have not been dewormed. After 2 weeks of life, they should receive the first treatment and then additional doses every 2 weeks for 2 months. If your puppy has not received this treatment, it is more likely to be infested with worms. If you have adopted a puppy from a reputable animal shelter or animal protection center, it should have already started this treatment. However, if you got it from an uncertain source, like an online ad, it is likely that it has not been treated and is therefore at risk of infestation.

### Instruction2:
Hookworms bite the intestinal wall, causing pain and dysentery in dogs, which can lead to anemia and fatigue. Symptoms include dark stools, vomiting with blood, and pale mucous membranes. Severe infestations can hinder growth and result in a dull coat. Puppies should be dewormed starting at two weeks of age. If acquired from a reputable source, they should have started treatment; otherwise, they may be untreated and at risk for hookworm infestations.",3.6619622707366943
037_13244,"### Instruction1:
The deck or ""sabot"" must contain exactly 60 cards, and you should shuffle them well. To have a balanced game, the number of ""Energy"" cards should be between a quarter and a third of the total cards in the deck. However, you can choose any combination you like. If you do not have 60 cards and it's a casual game, ask your opponent if they agree to play under these conditions. Also, check that your opponent's deck contains the same number of cards as yours by simply flipping a coin. The player who goes first cannot attack on their first turn. You must draw from the top of the deck and set them aside face down. You will need to choose from your hand of 7 cards. You can easily recognize a basic Pokémon as its card is marked ""Base"" in the upper left corner. If you don’t find one, shuffle your deck again and draw 7 more cards. In this case, you have done a mulligan, which allows your opponent to draw an extra card. If you have a basic Pokémon, it can be used to attack. Just place it face down on the game board, in the first row in front of you. If you have multiple basic Pokémon, you can also place them face down on the ""Bench,"" under the active Pokémon. However, you cannot have more than 5 Pokémon on the ""Bench"" at the same time. At this point, you can review your hand but not your ""Prize"" cards. Stack these face down in their designated spot on the board. Each time you knock out an opposing Pokémon, take one ""Prize"" card. You win the game when you collect all your ""Prize"" cards. For a shorter game, have a limited number of these cards. Pokémon EX or GX follow a special rule. If you knock out one of these Pokémon, you are entitled to take 2 ""Prize"" cards instead of one. Contrary to common practice, you do not take or keep your opponent's ""Prize"" cards. When you defeat a Pokémon, take a ""Prize"" card from your own pile and add it to your hand. Generally, this is on the opposite side of the ""Prize"" cards, which is to your right. Your discard pile is located below your deck. When you are ready to start the game, make sure your active Pokémon and your other cards on the ""Bench"" are face up. Your ""Prize"" cards and other cards must be face down. You can see the cards in your hand, but not the ""Prize"" cards or those in your deck. The game ends when one of the players wins. To be declared the winner, you must either collect all your ""Prize"" cards or knock out all of your opponent's Pokémon. You also win when your opponent has exhausted all the cards in their deck.

### Instruction2:
A deck must have exactly 60 cards, shuffled well, with a recommended balance of Energy cards. If you don’t have 60 cards for a casual game, ask your opponent for consent. Players check each other's decks and draw initial hands, aiming to place basic Pokémon on the board. You win by collecting all your Prize cards or knocking out all your opponent's Pokémon. Pokémon EX or GX provide extra Prize cards when knocked out, and the game concludes when one player wins.",4.41712760925293
037_29481,"### Instruction1:
Even if you change the water often, the pieces will get dirty. Fortunately, cleaning them is quite easy, especially if you do it frequently. All you need is some isopropanol and salt, but you can also invest in specialized cleaning products for a cleaner result. There are other solutions for cleaning the pieces if they do not have heavy residues, including: vinegar and baking soda, hot water and effervescent tablets for cleaning dentures. Use paper towels to wipe away large pieces of residue in easily accessible corners and to dry the pieces. If you try to clean them while keeping them in place, your bong might slip from your hands, and you will cry over the debris shattered on the floor. Try not to let water flow through the mouthpiece, as it may bring in residues that you don’t want to contact your mouth later. Place them in resealable plastic bags filled with isopropanol. You need to add enough alcohol to completely cover the surface of the pieces, and then let them soak. If you can find it, try 90-degree isopropanol, as it will be much more effective at removing resin residues than 70-degree. If the pieces are very dirty, you should let them soak overnight to make cleaning easier in the morning. Use coarse salt if possible and add two tablespoons if the bong is more than 30 cm tall. The salt is an abrasive that will not dissolve in the alcohol, allowing you to scrub the inside of the chamber without even putting your fingers in. The alcohol should detach the residues and eliminate odors, while the salt should scrub away the resin remnants. Cover the top of the device with one hand and block the stem with the other before shaking. Think of the salt as a sponge that will wipe away the resin remnants in the chamber. When you are done, let it rest while you clean the bowl and the stem. By soaking these pieces, you should manage to detach the stuck resin since they are usually dirtier than the chamber. Put some salt in the bag and shake it while trying to spread the salt over the entire surface of the pieces. You should use separate bags to clean the two pieces, as they might bump against each other while shaking, which could break them. Wipe away any remaining dirt; it should come off easily after contact with the alcohol. If you struggle to remove them, try soaking them overnight and repeat the steps with the salt in the morning; this should generally be easier. Clean any salt or alcohol residues and rinse the pieces thoroughly. Set them aside to dry and reuse them when you feel like it. If you want them to shine, mix hot water with the juice of half a lemon and wipe them with the mixture to eliminate water spots. It is better to spend five minutes cleaning it occasionally than an hour scraping off accumulated residues. Take some time to clean it regularly with salt, once a week if you use it daily, and you will have a clean bong for years to come.

### Instruction2:
Cleaning bong pieces can be simple with regular maintenance. Use isopropanol and salt or other solutions like vinegar and baking soda. Soak the pieces in isopropanol, using coarse salt as an abrasive to scrub them. Shake them in resealable bags, rinse thoroughly, and dry. For a shiny finish, use a mixture of hot water and lemon juice. Regular cleaning prevents heavy residue buildup.",4.459630727767944
037_57988,"### Instruction1:
Hindi is the language of northern India and ""Bollywood."" Mastering the language will make it easy for you to communicate with your colleagues, agents, and producers. Most major films are not subtitled, which compels you to learn the language. Additionally, your credibility will be enhanced. Learning Hindi is therefore essential. Note that English is widely spoken in Hindi cinema. A good knowledge of English will give you an advantage over your competitors. 

Look to the most prominent actresses of the moment for inspiration. Get an idea of what is expected of a ""Bollywood"" actress. Typically, she has long, slightly wavy dark hair and a fair complexion. She takes care of her appearance, paying special attention to her eyebrows, nails, and lips. Like in ""Hollywood,"" beauty is an important criterion, and in fact, it is the most crucial in ""Bollywood."" The majority of actresses are very feminine and meet beauty standards defined by the industry and viewers: long dark hair, fair skin, a slender figure, and soft features.

Dance is a particular form of body language. It is not enough to have rhythm and fluid movements; you must learn the codes of dance. The body and hand gestures are precise, and if executed poorly, they can offend the audience. Therefore, learning to dance is necessary. The popularity of Hindi cinema has led to many dance classes opening, whether in school, online, or through private lessons. While not every role requires dancing, all films include choreography. Knowing how to dance will be a considerable advantage.

Music, singing, and dance are integral to Hindi cinema (and Indian cinema in general) and contribute to its prominence. On average, there are six musical sequences per film, so knowing how to sing is important. The earlier you start, the better you will become. However, note that in the final version of the film, songs are often dubbed by professional singers. Increasingly, singing teachers offer lessons via phone or Skype. If you don't have a teacher nearby, consider online classes.

However, dancing and singing alone are not enough to succeed. To make a name for yourself, you need a strong acting performance and graceful movements. Attend classes with a drama teacher, join a theater group, or take courses at a film school if you have the means. Of course, you need that certain something that makes you a great star, but do not neglect technical skills, as they will set you apart from your competitors. It is essential to practice. Take every opportunity to develop your acting talent. The more you perform in front of a camera or on stage in front of a real audience, the more you will improve.

### Instruction2:
Hindi is important for communication in Bollywood, where most films lack subtitles. Learning it is essential for credibility. English is also useful. Aspiring actresses should embody beauty standards and learn to dance, as choreography is a staple in films. Singing is important, but roles often use professional singers for final versions. Technical acting skills are crucial for success, so practice extensively in front of audiences to improve your talent.",4.210205316543579
037_15217,"### Instruction1:
The easiest way to heat milk is to put it in the microwave, but you will need to watch it closely. A cup (250 ml) of milk generally reaches room temperature in about 45 seconds and boils after two and a half minutes. Stir it every fifteen seconds to prevent it from overflowing. Set your microwave to 70% power to allow it to boil more slowly. Do not forget to stir it every 15 seconds. If you want to boil milk on a stovetop, use a large and deep pot so that it has enough space to bubble and slide on the walls. Lower the heat to medium-low if you plan to make a sauce or a glass of hot milk. Do not turn your back on it for even a moment to avoid it boiling over; stir it constantly. Reduce the heat as soon as the milk starts to boil to prevent it from burning. Milk overflows when a thin layer of proteins and fats forms on its surface, preventing the steam below from escaping as it heats. The steam eventually escapes violently, causing the milk to spill over the edge of the pot. Using a long spoon will help release the steam before the pressure builds up. You will still need to use the spoon to stir it occasionally to release the steam. If you want to make yogurt or cheese with milk, heat it one degree per minute. On most stovetops, this corresponds to a low-medium temperature. When in doubt, choose a low temperature. Heat your milk on low or medium for 30 to 40 minutes and stir it every minute. As soon as you see tiny bubbles and steam forming, it means it is about to boil and has reached a minimum temperature of 80 °C. If your stove generates too much heat and you cannot bring the milk to a boil slowly by placing it directly on the fire, opt for the double boiler method.

### Instruction2:
To heat milk, use the microwave or stovetop. In the microwave, watch closely, stirring every 15 seconds. On the stovetop, use a large pot, stir constantly, and lower the heat once it starts to boil, preventing overflow. For yogurt or cheese preparation, heat gradually. Aim for a temperature of 80 °C before boiling, or use a double boiler if necessary.",3.0778093338012695
037_45122,"### Instruction1:
Fill a pot with water to a depth of 5 to 7 cm and place it on the stove. Heat it on high to bring the water to a boil. Then, slightly lower the heat so that the liquid simmers vigorously. For a vigorous simmer, the water should produce small bubbles, but not large bubbles across its entire surface.

### Instruction2:
Fill a pot with 5 to 7 cm of water, heat it until boiling, then reduce the heat to achieve a vigorous simmer with small bubbles.",0.9757874011993408
037_28639,"### Instruction1:
Consider refrigerating the bowl of your ice cream maker the night before you prepare it. Most ice cream makers come with a bowl that should be frozen for several hours before making the ice cream. If you forget to freeze the bowl or cannot do so, prepare the base as described below. Place it in the refrigerator and the bowl in the freezer, then churn it the next day. French ice cream is also known as custard. It is made with egg yolks, which gives the ice cream a smooth, rich, and creamy flavor and texture. Do this as soon as you are ready to prepare the ice cream. Take a large bowl and place it in a sink. Fill the sink with ice and cold water to about half to two-thirds the height of the bowl. Cover the bowl with a strainer. The ice bath should contain more ""ice"" than ""water."" You will need to temper the eggs to prevent them from coagulating, but some lumps may accidentally form. Using a strainer, you can remove them all. Start by separating the egg yolks from the whites. Place the yolks in a medium bowl and add sugar. Whisk everything until it becomes a smooth, pale yellow mixture. Set the bowl aside when you finish. At first, the mixture will be thick and dark yellow. Keep whisking until it becomes pale. Take a medium saucepan and pour the milk into it, placing it over heat. Add vanilla extract, bringing the milk to a boil over medium heat. As soon as it starts to simmer, remove it from the heat. It is also possible to use a vanilla bean. Cut the pod in half and scrape the seeds into the milk. You can also add other herbs and spices to the milk for more flavor, such as chocolate, mint leaves, coffee beans, lavender flowers, etc. Measure out ½ to 1 cup (125 to 250 milliliters) of hot milk. Slowly pour it into the egg mixture while whisking. This will allow you to gradually warm the egg mixture and prevent it from coagulating in the next step. Pour the egg mixture into the milk, then heat it until it thickens. First, add the tempered egg mixture into the milk. Place the saucepan back on the stove and simmer over low heat. Stir the mixture slowly but constantly throughout the cooking. Remember to scrape the bottom and sides of the saucepan frequently. You can move to the next step once you have a custard thick enough to coat the back of your spoon and that has reached 80°C (170°F). Pour the mixture through a strainer into the ice bath bowl. After putting everything in the bowl, remove the strainer. If you notice anything in the strainer, like egg lumps or vanilla pod shells, throw them away. Slowly add the heavy cream to the mixture and cool it completely. Leave the cream in the ice bath for about twenty minutes, stirring occasionally. You can also cover the bowl with plastic wrap and refrigerate it for 3 to 8 hours. To enhance the flavor, add your favorite essence, liqueur, or aroma.

### Instruction2:
Refrigerate the ice cream maker bowl the night before. Prepare the base with egg yolks and sugar. Heat milk with vanilla, then temper the yolks with hot milk. Combine and cook until thickened, then strain into an ice bath. Cool and add cream, refrigerating for several hours to enhance flavor.",4.772480249404907
037_46754,"### Instruction1:
Choose a large pumpkin from the supermarket or market. Cut the top off the vegetable, remove the seeds and pulp inside with a spoon, and carve scary faces on one side. When you are satisfied with the result, place a candle inside each pumpkin and put the lid on to give your pumpkin an eerie glow. There are many pumpkin patterns available online if you're unsure how to proceed. Just print one that you like, hold it on the pumpkin with pins or tape before carefully cutting around the dotted lines. Help children with knives, saws, and other potentially dangerous instruments for carving pumpkins, and keep young children away. You should not give sharp objects to young children. If you have some at home, consider choosing pumpkins of different shapes and sizes to decorate with acrylic paint. You can then use them to decorate the dining table, porch steps, or window sills. Ask your children to personalize them with monsters, animals, or characters from their favorite books, movies, or TV shows. Pumpkins decorated with autumn leaves, flowers, and abstract patterns also make excellent decorations in homes without children. Hang cobwebs in dark hallways, stairways, and light fixtures in the corners of the ceiling. Use bits of tape for easy removal later. For a more realistic decoration, stick some spiders in your cobwebs. You can find packs of fake spider webs at supermarkets, decoration stores, and costume shops as Halloween approaches. Ideally, hang the spider webs high enough to prevent your guests from getting caught in them. Inflate and tie several balloons together and place them in white trash bags. Twist the bottom of the bag around the balloons and secure it with rubber bands. Use a permanent marker to draw eyes and other decorations on the bag, then release them to haunt your office, kitchen, or living room. You can save a lot of time and avoid exhausting yourself inflating many balloons at once if you rent a helium tank. Helium is also essential if you want your balloons to float in the air. Wrap strips of white tissue or crepe paper around the front door or a door leading to the room where the party will be held. Cut out two hypnotizing eyes from kraft paper and stick them on the door between two rows of paper. If you wish, you can also place some crumpled green or yellow tissue paper under the strip to give the illusion of deformed skin straight from the grave! Draw small red crisscross lines on the eyes made of kraft paper with a pen, marker, or red pencil to give the appearance of veins. You can also use large plastic eyes that you can find in many supermarkets or craft supply stores. Lay a white sheet on the table, then cut out eyes and a mouth from fabric scraps and secure them with pins on the lower part of the sheet. Finally, place a large bowl in the middle of the table and fill it with candy. The crumpled sheet will give the appearance of a ghost moaning at the table and scare anyone who wants to grab some candy. If possible, use a plastic bowl. A glass bowl could easily break if someone steps on the sheet by accident.

### Instruction2:
To create Halloween decorations, choose a large pumpkin, carve it, and place a candle inside for an eerie glow. Help children with carving and use various shapes of pumpkins for painting. Decorate with cobwebs, balloons, and themed items like ghostly sheets and candy bowls. Use safe materials and avoid sharp objects with young kids while ensuring decorations are visually spooky and fun for the party atmosphere.",4.875647068023682
037_3894,"### Instruction 1:
The circus encompasses many disciplines and offers numerous roles. Additionally, there are different types of circuses, creating even more opportunities. To join a circus, you will need to develop one or more specialties that can be valued in a circus. This could include fabric work, trapeze, acrobatics, juggling, trampoline, tightrope walking, diabolo, clown arts, stilting, or any other remarkable or unique skill. Most circus arts are very demanding, so you won't be able to learn everything overnight. It will require time, investment, and practice to be ready. If performing isn't your thing but you still want to share in the excitement of the circus, there are also tasks that do not require any physical or acrobatic skills, such as working in technical roles, costume management, with animals, or in design and production. However, this article will focus on performance arts. Most circus arts, although they may seem easy to practice, often require months of training before being performed well and safely. If you practice acrobatics or work in aerial arts, you will need to learn how to be very flexible and to know your body well. For trapeze and related arts, you will require a lot of upper body strength to stay upright while swinging. Practitioners are often prone to injuries at some point. The stronger your body, the better it will handle the strain. If you take on juggling or clown arts, you won't need to be built like a marathon runner, but you will still need to be in good physical condition to move quickly or raise your arms to juggle. Some circus performers do not work for just one circus but rather tour multiple shows, similar to an actor appearing in different films. You are not required to stay with the same company always, but you can tour with them for a set period. Conversely, you may also want to be part of an official company. You must always be prepared to perform and do your best at every moment, which can be tiring. There are pros and cons in both cases, making it a personal choice. Do you want to work for a group like Cirque du Soleil? Or something more traditional, like Bouglione? Would you prefer to work on a small scale or tour fairs and festivals? It’s up to you, but remember that working for large shows requires more effort and commitment. Before seeking a circus willing to hire you, you must be able to showcase a sample of your talents to your future employer. Having prior experience in dance, gymnastics, or similar disciplines will help, but it is not necessary. Thus, you can develop a small routine ready to be presented to the future employer. This represents a full-time job. You will need to find a coach, acquire equipment (for your safety, for example), and train every day to become the best in your field. This must be a priority to enter the world of the circus.

### Instruction 2:
To join a circus, develop a specialty like acrobatics or juggling. Training is demanding and requires time and investment. Non-performing roles exist for those not interested in physical performance. Prior experience in related fields can help, and you should prepare a routine to showcase your talent. Finding a coach and training daily is essential for success in the circus world.",4.2855224609375
037_20412,"### Instruction1:
It represents the degree of reliability of the sample mean compared to the mean of the entire population. The larger the sample, the smaller the standard error, and the closer the sample mean is to the original population mean. Divide the standard deviation by the square root of N, where N is the sample size. Standard error = σ/√n. Thus, for the example above, if it was a sample of 5 students from a class of 50. The 50 students had a standard deviation of 17 (Σ= 21), the standard error = 17/√5 = 7.6.

### Instruction2:
The standard error measures how reliable the sample mean is compared to the population mean. A larger sample size results in a smaller standard error. To calculate the standard error, divide the standard deviation by the square root of the sample size. For a sample of 5 students from a class of 50 with a standard deviation of 17, the standard error is 7.6.",1.5863609313964844
037_21973,"### Instruction1:
Next, open the image that contains the watermark you want to remove. You also have the option to use the online version of Inpaint at http://www.webinpaint.com/. It is located on the left in the toolbar at the top of the window. It is represented by a red dot made by a pencil on a piece of paper. To do this, click on the downward arrow next to the red dot in the toolbar at the top of the page. For example, if you want to remove a small watermark or a thin line, you should decrease the size of the marker for better precision. This action will cause Inpaint to process the image and completely remove the watermark from the photo.

### Instruction2:
Open the image with the watermark. Use Inpaint's online version and select the watermark removal tool. Adjust the marker size for precision and let Inpaint process the image to remove the watermark.",1.5346198081970215
037_57985,"### Instruction1:
They control the amount of water that flows through the pipes and can be found under the sink. There should be two, made of plastic or metal, connected to the faucet to separately control hot and cold water. This action will allow you to open them and increase the water pressure. If you have low water pressure, make sure the valves are open. Turn each of them counterclockwise until the arrow points in the direction of the pipes. This means that the water valve is fully open and you should have full pressure. Ensure that both valves are completely open so you can more easily control the water temperature. If the water pressure is too high, turn the valves a quarter turn clockwise to decrease the pressure. If you turn one of the valves, be sure to also turn the other one the same amount. Try closing the valves completely and then operating them again to see if the problem is resolved.

### Instruction2:
The passage explains how to control water pressure by adjusting the valves under the sink for hot and cold water. To increase pressure, ensure both valves are fully open by turning them counterclockwise. If pressure is too high, turn the valves clockwise to reduce it. Always adjust both valves equally and try closing and reopening them to troubleshoot issues.",1.850437879562378
037_34433,"### Instruction1:
Ask friends you have in common with him about his hobbies and favorite pastimes. Visit his social media profile to discover the TV shows, movies, and songs he likes the most. Also, pay attention to the sports he usually plays at university (or school) or with his friends. For example, you could ask his friends questions like, “What does André enjoy doing outside of school?” or “What is his favorite TV series?” Try to find him and follow him on social media platforms like Twitter, Instagram, Facebook, and Snapchat to learn about his interests. If he follows you back, you can start building your friendship from there. You can also use social media to learn more about what interests him and to communicate directly with him. In fact, you might feel more comfortable talking to him online, and from that point, your friendship can begin to develop. People are often drawn to those with whom they share common interests, and it will be easier for him to communicate with you if he notices these similarities. First, think of things you have in common with him. This could be a TV show or a specific sport. Then, use that commonality to break the ice when you have the chance to talk to him for the first time. For example, you might find out he loves action movies or video games as much as you do. However, do not pretend to like something just to befriend him; there’s a good chance you will find at least one thing you both like, so you don’t need to fake it. If you don’t have much interaction with him, you may find it easier to get closer when he is with mutual friends. If you have friends who know him, ask them to introduce you when you are all together. If you don’t have any friends who know him, join a group or club he is a member of. This approach will not only allow you to communicate more often but will also create a shared interest that can feel more natural. In his presence, try to reflect an open and friendly attitude. In other words, avoid aggressive body language, like clenching your fists or crossing your arms. Instead, have open body language, such as relaxing your arms, nodding, and smiling. When you talk together, make sure to establish eye contact to show him you are interested and focused on what he is saying.

### Instruction2:
To build a friendship with him, ask mutual friends about his interests and check his social media for likes. Identify common interests to break the ice when speaking to him. Maintain an open and friendly demeanor with positive body language and eye contact to show your interest. If possible, join clubs or groups he is part of to interact more naturally.",3.728156089782715
037_46756,"### Instruction1:
You should show the recruiter your appreciation for their time and express how happy you were to be considered. Immediately afterward, send a note: this will show that you are interested and keep your name in the running. You will appear professional and polite in addition to the qualities you demonstrated during the interview. In some cases, a call may be acceptable. If you obtained the interview through someone you know, you could call to show your appreciation. If you know someone in the company you can trust, ask them to put in a good word for you. Get information on how the hiring process is progressing and what you can do to improve your standing. Networking should never stop. Always be on the lookout for opportunities for yourself and your network.

### Instruction2:
Show appreciation to the recruiter after the interview by sending a note or making a call. Ask a trusted contact within the company to advocate for you, and stay informed about the hiring process while continuously seeking networking opportunities.",1.4756879806518555
037_27378,"### Instruction1:
This method can be effective for shrinking a stretched wool sweater. Pour 15 ml of mild detergent without bleach into water. You also have the option of using detergents designed for washing wool. Mix the detergent in the water with your hand. Check it every three minutes and move it in the water. You can also dampen the fabric by spraying water on it. Do not crumple or twist the sweater while moving it, as this would damage the material. To do this, press a towel onto the sweater to absorb the excess water. You can also press the sweater against the side of the sink to remove excess water. Another option is to roll the sweater in a towel (like a burrito) to remove more water. Be careful not to wring it out, as this could damage the fabric. Take the sweater in your hands and gently squeeze the parts of the fabric you want to shrink. Firmly place your hands on the sweater and use your fingers to apply pressure to the material. Do this with the entire garment if necessary, or only in certain areas such as the waist or chest. Place a towel to absorb the excess water from the sweater. Lay the sweater on a flat surface while you reshape it. In principle, you should leave it on the surface where you reshaped it to avoid disturbing the work you have done. You can place it on a counter, table, your bed, or on any flat surface where it won't be disturbed. Dry it away from pets if you have any. Keep your sweater away from direct heat and sunlight to avoid excessive shrinking.

### Instruction2:
To shrink a stretched wool sweater, use mild detergent in water, mix it, and soak the sweater. Avoid twisting the fabric and instead press a towel to absorb excess water. Gently squeeze the areas you want to shrink and reshape the sweater on a flat surface. Keep it away from pets and direct heat or sunlight while drying.",2.9849209785461426
037_49191,"### Instruction1:
Depression can seem endless when lethargy takes over and everything feels too difficult. That’s why it’s important to view it as a journey made up of several stages, rather than something that can be cured instantly. At times, your determination will be tested by self-questioning and despair, but it is precisely at these moments that you must do everything in your power to avoid being ""depressed about being depressed!"" The ideas below are good examples to follow. Name your beast. Winston Churchill referred to his depression as his ""black dog."" By personifying it as a small companion, you make this difficult situation more manageable. By naming it, you transform it into a state, rather than something that defines you. You might say something like, ""My black dog is making me irritable today,"" instead of saying, ""I am always irritable; it’s hopeless."" Find a role model. Do you think you are the only one experiencing depression? Go to the library and browse through five biographies. You will likely find that at least one was written by someone who has suffered from depression. Do some online research to find famous people who have gone through depression. Look at how many celebrities have revealed the battle they fight against depression. Read their stories and note that others have managed to overcome their depression, and now you can draw inspiration from their experiences! Be gentle with yourself. Life is neither a race nor a competition. As a person, you matter and you have great value. Making things harder for yourself only results in self-attack. Avoid obsessing over your depression or making it something sacred to hide behind when things seem too difficult. The feedback loop created when you are angry at yourself for being depressed will only amplify that despair. Try again to name your struggle and distinguish it from who you are. Accept that the journey to well-being consists of small steps. Make a list of things that bother you outside of your depression. These could be unpaid bills, a need for a vacation, or a difficult job. In another column, write down practical things you think you can do to address what bothers you. For example, you could find ways to pay those bills, plan a vacation, or look for a new job. This is a vital aspect of overcoming depression. Depressed individuals tend to process information incorrectly. They often select a distorted and negative viewpoint from everything, which further drives them into depression. To progress, it is crucial to combat negative thought patterns. Cognitive-behavioral therapy and other forms of psychotherapy are helpful when you want to unlearn negative thinking and establish thought patterns that promote your self-esteem and increase your confidence. It is best to confide in a qualified person who can guide you in changing your way of thinking, but there are still some important points to keep in mind. Recognize that this feeling will pass. This step may be challenging, but it is essential as it helps you dispel your feelings of despair. Make a list of all your strengths. When you are depressed, you tend to downplay the positive thoughts you might have about yourself. Instead, list everything that is good about you. Don’t forget your past successes and your hopes for the future, even if they seem random. If you can’t write this list, ask a trusted friend or family member to do it for you. You can update this list as you work through your depression. Self-acceptance is absolutely essential to getting out of depression, as it makes you aware that there are positive things in you, but also that you have challenges to face. This will help you stop judging yourself more harshly than anyone else. Make decisions, even small ones, and follow them with actions. This is something that is very difficult to do when you are depressed, but it is essential to combat the feeling of helplessness that afflicts depressed individuals. Small decisions like getting out of bed, calling friends, or cleaning the kitchen will do the trick. Once you act on them, they become successes. Learn to replace negative thoughts by focusing on them. Am I imagining the worst? Am I condemning myself for something bad that happened? Am I focusing on my weaknesses instead of my strengths? It would be helpful to organize negative thoughts in one column and write rationalized thoughts in another column, so you can confront and dismantle the former. In one column, you might write the thought: ""I am a failure,"" and in the second, you could challenge that thought with: ""I made a mistake. I have made mistakes in the past and everything turned out fine. I have also had many successes."" Once you have challenged the hardest aspects of your negative thoughts, learn affirmation techniques. Affirmation techniques will allow you to find a way to stand tall without succumbing to feelings of anger, fear, or helplessness. It is important to be assertive to avoid falling back into depressive tendencies in the future. Sit down and try to identify what is good in your life. Whatever they are, these good things deserve to be found. Regularly revisit this list and update it. In your initial list, there might be one or two things like ""my home"" or ""my spouse."" Over time, the list will grow as you begin to see joyful things in your life again. Replace sad thoughts with happy memories. You can control what you think about. Choose positive and happy memories over sad thoughts. Change your language to begin viewing things more positively. By saying, ""At least...,"" you transform something negative into something positive. You can also ask yourself, ""What have I learned from this experience?"" instead of regretting something and viewing it as a failure. Once you are affected by depression, you are vulnerable, and this condition is more likely to return to your life if you fail to manage its causes. Be aware of the warning signs, and respond constructively to take control of this issue before it truly starts. Aim to reduce its impacts and duration. If you think your depression is returning, speak to your doctor, psychiatrist, or psychotherapist immediately to begin treatment.

### Instruction2:
The passage discusses the experience of depression as a journey rather than an immediate cure. It suggests naming one's depression to make it more manageable, finding role models who have overcome similar struggles, and being gentle with oneself. It emphasizes the importance of recognizing one's strengths, making small decisions, combating negative thoughts, and using affirmations. The text encourages individuals to focus on positive memories and to seek help when depression seems to resurface, ultimately promoting a proactive approach to managing depression.",8.516813039779663
037_29746,"### Instruction1:
Younger or less experienced players will likely have more fun if they can catch the ball before throwing it again. If you have 8 players or more, play a relay variant of ""four squares,"" placing 2 players in each square. When a player hits the ball to another square, they will jump out of the field, and their partner will take their place. When playing with 2 players per square, if one player is eliminated, their teammate will also be eliminated. However, if everyone agrees, the other player can stay in the game until they are eliminated themselves. In Australia, players bounce the ball in their own square, even if the ball has already bounced in that square. The rules also allow hitting the lines with the ball. In Black Jack, if a player catches the ball before it lands in their square, the player who hit it will be eliminated. The game will generally be much faster this way. You will need to outline your own court with chalk, and the rules will remain the same. If you have 3 players, one of you will wait for their turn. Always start by agreeing on the rules!

### Instruction2:
Younger players will enjoy catching the ball before throwing it. For 8 or more players, play a relay version of ""four squares"" with 2 players per square. If a player hits the ball to another square, they switch with their partner. If one player is eliminated, their partner may also be eliminated unless agreed otherwise. In Australia, players can bounce the ball in their own square and hit the lines. If a player catches the ball before it lands, the hitter is out. The game can be faster this way. Draw the court with chalk and agree on the rules before starting.",2.56716251373291
037_10813,"### Instruction1:
Public transport is good for the environment and good for your wallet. Do the math to see if it would cost you less than using your own vehicle. This could help you save money on gas and car maintenance. If your colleagues live nearby, you can set up a carpooling system. Ask them if you can take turns driving to work and picking up your colleagues when it's your turn to drive. This helps save on gas and maintenance. Make sure to participate in the carpool schedule to avoid taking advantage of your colleagues' kindness. Your car tires have an optimal pressure that you should maintain for more efficient gas use. Use a pressure gauge to determine your tire pressure, and then check the owner’s manual to see if it's correct. This will help you save on gas over time. If your tire pressure is low, you can add air at most gas stations. If you don’t use your car often or if you have a vehicle you don’t use, consider selling it to boost your finances and reduce your gas and maintenance expenses. Check your car's value online before selling it to know how much you can sell it for.

### Instruction2:
Public transport is environmentally friendly and cost-effective. Consider carpooling with nearby colleagues to save on gas. Maintain optimal tire pressure for better fuel efficiency, and sell any unused vehicles to cut costs.",2.1588547229766846
037_15965,"### Instruction1:
Video capture is a solution that allows you to download a protected video (such as something from Netflix) for personal use. However, it results in a choppy video and distant sound. You will also need to subscribe to the service in question to access the videos. Go to the OBS website and click on Download Installer on the right side of the page. Next: double-click the OBS Studio setup file, click Next, select I Accept, then Next, uncheck the plugin box if you want, and click Install. This button is found at the bottom right of the window. Click it to finish the installation and open OBS Studio. If OBS Studio doesn't open, click Start, type OBS Studio, and then click OBS Studio at the top of the window. This allows you to accept the terms of service and open the main OBS Studio window. A window will open, and to finish the setup: check the Optimize for recording, I do not stream box, select Next, then Next again, click Apply, and if you prefer to apply your own settings, click No instead. Click the + icon under the Sources header, choose Window Capture or Game Capture, click OK at the bottom of the New Capture window, then OK at the bottom of the window. This option is located at the bottom right of the OBS Studio window. The settings window will open. It is located on the left side of the window. It is at the bottom of the page and allows you to open a dropdown menu. This option is in the dropdown menu. Click on it to set MP4 (the most common video format) as the video capture format. It is located on the left side of the window. Click and drag your mouse along this box at the top of the window. Enter the value indicated in Base (canvas) Resolution into the Output (scaled) Resolution box. For example, if your base resolution is 1920x1080, you will need to type this value into the Output (scaled) Resolution box. You will find it on the left side of the window. Click on each Audio Device Micro/Auxiliary box and then on the name of your computer's microphone. It is located on the left side of the window. Click on the Start Recording text field, press a key combination (e.g., Alt+8), and repeat with the Stop Recording field using a different combination. These two buttons are located at the bottom right of the window. Go to a site like Netflix or Hulu and log in with your account information. Click the fullscreen display icon under the video player. In some cases, you can press F11 to start fullscreen playback. The volume should be relatively high if you want to hear the sound of the video during playback. This is the key combination created earlier. OBS Studio will start recording; however, you will not receive any notification of the recording. If you instead see an error message saying ""Recording failed"" or something like that, follow these steps: click OK on the error message, select Settings at the bottom right of the OBS Studio window, open the Output tab at the top left of the settings window, click on the Encoder dropdown menu, select x264 from the dropdown menu, click Apply then OK. Click the Play button to start the video playback. When the video is finished (or when you have recorded what you wanted to see), press the key combination that stops the recording. Your video will be saved. You will find your video by clicking on File then Show Recordings in the dropdown menu.

### Instruction2:
Video capture allows downloading protected videos for personal use; however, it may result in poor quality. To set up OBS Studio for video capture, download and install it from the official website, then configure the settings such as input source and output format. Begin recording while playing a video on streaming platforms like Netflix or Hulu, ensuring the volume is high. If errors occur, adjust the OBS settings accordingly. Once finished, stop the recording and locate the saved video in the file menu.",5.439687013626099
037_23978,"### Instruction1:
When a garbage disposal starts to smell bad, there's a good chance that a clog is somewhere in the pipe causing it. To eliminate the bad odor, try first to dislodge the clog. Never insert your hand into the pipe, even if the disposal is turned off. To dislodge the clog: unplug the disposer, shine a flashlight inside the pipe to check for large clogs, trapped food, or other items, use pliers, long tweezers, or tongs to remove the clog, plug the appliance back in, let the water run, turn on the disposal, and let it run for a minute, then turn off the disposal and close the faucet. Since the disposal is still running and draining food, it's hard to clean it properly, meaning food particles can remain stuck inside and eventually start to smell. For a deep clean: plug the disposal pipe, fill the sink with at least 10 cm of water, add 2 teaspoons of dish soap, stir the water to foam, unclog the pipe, turn on the garbage disposal and let it suck in the soapy water, and turn off the disposal once all the water is gone. Once the disposal case is clean and food particles are removed, brush the visible parts of the machine to detach stuck crumbs: rinse a dish brush or scrub brush with water, pour a generous amount of dish soap on the brush, scrub the accessible parts of the disposer, including the edges of the sink and the inside of the pipe. Pour 10 ice cubes into the disposer, then half a cup (95 g) of coarse salt. Let a slow stream of water run, turn on the disposer, and push the ice and salt into the pipe. Let the machine run until the ice and salt have dissolved. The ice will dislodge food particles stuck in the pipe, and the salt will clean the blades and eliminate potential sources of bad odors. To remove debris or food remnants, run cold water in a powerful stream directed at the disposer pipe. Turn on the machine and let it run for 1 to 2 minutes. Always let the water run before turning on the disposer and turn it off before closing the faucet.

### Instruction2:
To remove bad odors from a garbage disposal, first check for clogs without inserting your hand. Unplug the unit, inspect with a flashlight, and use tools to remove any blockages. For deep cleaning, fill the sink with water and dish soap, then run the disposal. Clean the exterior parts with a soapy brush, and use ice cubes and salt to help clean the blades. Finally, run cold water while the disposal is on to wash away any remaining debris. Always ensure water is running before starting the disposal.",3.6845500469207764
037_47735,"### Instruction1:
There is no need to position them exactly under the arms; just move your feet toward that area. If you are barefoot, make sure your nails are trimmed unless you want to scratch your opponent. Move your feet to the sides as well. You can then start to tickle the lower back with your hands for maximum effect. Keep in mind that you want to use all four of your limbs, so feel free to use them as soon as possible. Use your big toes and heels to effectively tickle your opponent's sides. Also, try to tickle their legs. If your opponent is wearing shoes, try to take them off to optimize the tickling. Be careful of your opponent's arms, which will be free. You need to start tickling hard enough so that they cannot respond.

### Instruction2:
Position your feet near your opponent's sides and start tickling their lower back with your hands. Use all four limbs to tickle effectively and try to remove their shoes for better access. Be cautious of their free arms and tickle firmly to prevent them from responding.",1.6235332489013672
037_39809,"### Instruction1:
Any surgical intervention comes with certain risks, and you must weigh the pros and cons before deciding to undergo such a procedure. Anesthesia can lead to complications regardless of the procedure, so discuss this with the surgeon or anesthetist. There is a risk of infection at the surgical site and in the surrounding areas, as the lips and mouth are already high-risk zones. Significant bleeding or internal damage may occur. Surgery can also cause permanent or temporary nerve damage, leading to additional surgeries, numbness, or chronic pain. Scarring is also possible, which may require further operations to remove affected tissue. This procedure should be performed by a certified surgeon, who will examine you to confirm that you are a suitable candidate for the surgery. The surgeon will consider your medical history, examine your lips, discuss your concerns, and approve (or deny) the procedure. If approved, they will explain the details, costs, risks, and post-surgery care. The procedure, which should last about an hour, will involve local anesthesia or a more comprehensive oral anesthesia. The surgeon will make an incision along the length of the lip inside the mouth, remove a piece of tissue, and then close it with stitches. The cost of this procedure can range from €1,500 to €4,000, and since it is purely cosmetic, it is typically not covered by health insurance or mutual funds. After lip reduction surgery, you will often feel that your lip is pulling or hurting. You will receive care instructions and pain relief medications. Avoid vigorous exercise. Sleep with your head elevated, for example, by using one or two extra pillows. Avoid very acidic foods or citrus fruits. Eat soft or pureed foods during the healing period. Rinse your mouth with an antiseptic mouthwash to prevent infections. Stitches will need to be removed after seven to ten days if all goes well. At that point, irritations and inflammation should have subsided. If you experience severe pain, bleeding, or unexpected side effects, contact the surgeon or your doctor immediately.

### Instruction2:
Surgical procedures carry risks, including complications from anesthesia and potential infections. Nerve damage and scarring can occur, possibly requiring further surgeries. A certified surgeon will evaluate your candidacy and explain the procedure, costs, and aftercare. The surgery lasts about an hour, involving an incision in the lip and removal of tissue. Costs range from €1,500 to €4,000, typically not covered by insurance. Post-surgery, expect pain and follow care instructions, including diet changes and possibly removing stitches after a week. Seek help if severe symptoms arise.",3.48838472366333
037_32535,"### Instruction1:
Always wash and dry your feet before trying this treatment. Clean your feet thoroughly with soap and warm water. Remove any soap residue. This vinegar solution is more effective when combined with another treatment like tea tree oil. It doesn’t cure athlete’s foot per se, but it keeps your feet dry. Additionally, it kills bacteria and eliminates bad odors. Make sure your feet are completely dry before starting the treatment. Do not use the towel you used for your feet on other parts of your body. Pour 1 cup of vinegar into 4 cups of water. You can increase the amount of solution, but always maintain a 1:4 ratio. This treatment is perfect for pregnant women affected by athlete’s foot, as it has no effect on the fetus. You can also use a bleach solution to soak your feet. Pour ¼ cup of bleach into a bathtub filled with warm water. Avoid this treatment if you are pregnant. Rinse your feet in a vinegar solution twice a day. Shake them off when you're done. Use only the amount of vinegar you need for each treatment and do not reuse the solution. Use a towel to dry your feet and apply another treatment like tea tree oil.

### Instruction2:
Wash and dry your feet before treatment. Use a vinegar solution mixed in a 1:4 ratio with water to keep feet dry and odor-free. This method is safe for pregnant women, while a bleach solution is not. Rinse feet in vinegar twice daily and apply tea tree oil afterward.",2.2242958545684814
037_19446,"### Instruction1:
Immerse the shells in boiling water. Cook them over medium heat until they are ""al dente,"" meaning slightly firm but elastic. Check the packaging for recommended cooking times. Once cooked, drain them well in a colander. Heat them over medium heat until they are hot. Cook for 2 to 3 minutes while stirring regularly. Cook with the carrots for another minute. Set aside. In a large bowl, mix the mozzarella, ricotta, milk, salt, pepper, red chili, and oregano. Stir until you achieve a nice creamy texture. Mix the carrots and mushrooms with the cheese. If needed, add more milk for a less thick filling. Open the shells and generously fill them with the stuffing using a spoon. Place the shells side by side in the baking dish. You can also add a bit of mozzarella on top if you like. Remove the aluminum foil 5 minutes before the end. At the end, your cheese should have melted and the sauce should be bubbling. Serve these delicious shells as they are or with a nice salad.

### Instruction2:
Cook the shells in boiling water until al dente, then drain. Mix cheeses and seasonings to create a creamy filling, combine with vegetables, and fill the shells. Bake until the cheese melts and the sauce bubbles, then serve with a salad if desired.",1.9613745212554932
037_50179,"### Instruction 1:
A true friend is someone with whom you can have truly great moments. You should be able to create your own jokes, laugh together, get into trouble together, and genuinely enjoy each other's company. Regardless of the circumstances, a true friend will always be honest with you, whether it’s about trivial matters, like what clothes suit you, or something that could change your life, such as your partner cheating on you. A true friend will never leave you in the dark. A true friend will always take pride in being loyal to you, whether you are present or not. This means they will stand by you, even if they don’t agree with your choices, and they will always be there for you when no one else is. You can trust a true friend about anything, whether it's feeding your cat while you're on vacation or discussing much more serious topics, like your closely guarded secrets. A true friend is there when you need them, to share your greatest moments of joy or to help you in difficult times in your life. A true friend answers your calls. They will show up for that couple's outing you organized, even if it's not going great. A true friend won’t abandon you during tough times. A true friend will support you and your goals in life. A true friend won’t try to change you, make you feel uncomfortable, or hold you back from your plans (unless it’s truly for your own good). A true friend will encourage you to be the best version of yourself.

### Instruction 2:
A true friend is someone to share great moments with, be honest, and provide support during good and bad times. They will be loyal, trustworthy, and encourage you to pursue your goals without trying to change you. A true friend is there when needed, responds to calls, and stands by you through challenges.",2.5358242988586426
037_6679,"### Instruction 1:
Before going to bed, meditate in a quiet, dark room. You will achieve better results by taking meditation courses, but to start, just pay attention to your breathing or imagine yourself going up or down stairs. The goal is to stop thinking and enter a calm and comfortable state, sliding into a lucid dream from that state. Remember that lucid dreams initiated during wakefulness are rarer and harder to achieve than dreams that become lucid once you are awake. There are many meditation videos available online specifically designed to help you have lucid dreams. A common experience among those who begin to have lucid dreams is waking up due to the excitement of having achieved a lucid dream! Generally, you will be warned when the dream starts to become ""unstable"" or when you have sensations coming from the surrounding world. These techniques can help you continue your lucid dream. Rotate your body in the dream or fall backward. Some people claim that this helps them, although the reason is unknown. In your dream, rub your hands together. This can help distract you from sensations in your real body. Keep doing what you were doing before the dream became unstable and confirm to yourself that you are still in your dream. This is a less effective technique than the one described above. If you send a sound at different frequencies to each ear, your brain will interpret the overlapping sound waves as beats, even if there is no beat in the sound. This sound alters the brain's electrical activity, but scientists are still unsure if it influences lucid dreams. There are many websites that offer a collection of binaural beats, so it may be interesting to try to fall asleep while listening to these sounds if you can tolerate sleeping with headphones. Most lucid dreamers use sounds resembling theta waves produced by the brain during REM sleep, while others swear by gamma or alpha waves or progress through different types. Binaural beats can also come from background music or just the beat itself. Video game players report a higher rate of lucid dreams than the rest of the population. Although further studies need to be conducted, it is possible that even a few hours of video gaming per week increases the likelihood of lucid dreaming. The type of game they play does not seem to make a difference. Galantamine, a drug synthesized from snowdrop, may be the most effective medication for inducing lucid dreams. Take between 4 to 8 mg in the middle of the night for better results. Taking it before bed might reduce sleep quality and cause unpleasant dreams. Due to this possibility and unpleasant side effects, the use of galantamine is only recommended occasionally. Consult your doctor if you have medical issues. Galantamine can worsen existing medical conditions such as asthma or heart problems. This medication can also increase instances of sleep paralysis, which is a harmless but terrifying experience of being awake for several minutes without being able to move. Vitamin B5 or B6 can enhance the vividness, strangeness, or emotional intensity of dreams, potentially leading to lucid dreams. However, you should take a dose of 100 mg to achieve an observable effect. This dose is much higher than the recommended daily amount, and taking it over a long period may cause damage to the peripheral nervous system. Use vitamin B only for lucid dreams occasionally, at your own risk. Check with your doctor if you are already taking medications or have issues related to blood, stomach, intestines, or heart. These medications can sometimes cause waking during the night, which may be contraindicated if you have light sleep.

### Instruction 2:
Meditate in a quiet, dark room before bed to achieve a lucid dream. Focus on breathing or visualizing movement. Be aware that lucid dreams are easier to achieve after waking up. Use online resources for guided meditation. When dreams feel unstable, techniques like rotating the body or rubbing hands can help maintain lucidity. Binaural beats might aid in achieving lucidity, and video gaming may increase lucid dreaming frequency. Galantamine is an effective medication for inducing lucid dreams, but use it cautiously and consult a doctor for health concerns. Vitamins B5 and B6 can enhance dreams but should be used sparingly due to potential side effects. Always check with a doctor regarding medication interactions and health issues.",5.706563949584961
037_62255,"### Instruction1:
Cover a baking tray with parchment paper. Arrange the candies next to each other in small groups on the parchment paper. You can use candies of the same flavor or mix different flavors. The candies in the same group should touch each other so that they form a lollipop when melted. Leave about 8 to 10 cm between two piles of candies to give them room to spread. For small square lollipops, group the candies in pairs. For large rectangular lollipops, group them in threes. If needed, leave them in the oven longer until they melt, but do not let them melt to the point of becoming liquid. To make caramel apple lollipops, follow these steps. Arrange caramels on a baking tray, leaving space for the lollipop sticks. Bake them for 1 to 2 minutes or until they are almost melted. Press hard apple candies into the melted caramels. Return them to the oven for a few more minutes until the apple candies melt. Twist each stick before releasing it. Make sure to insert the stick deep into the melted apple candy. The lollipops will take 25 to 30 minutes to harden. Once the candy is hard, wrap it in cellophane.

### Instruction2:
Cover a baking tray with parchment paper and arrange candies in groups to melt and form lollipops. Use caramels and apple candies for caramel apple lollipops, baking them briefly and inserting sticks before they harden. Wrap finished lollipops in cellophane.",2.253936767578125
037_22520,"### Instruction1:
Make a pile with your books, put your pencils and pens in their case, and organize all sheets of paper into binders or folders before you start filling your bags to get an idea of the space you need and how you will organize them. If your school has provided you with a list of necessary supplies, use it to guide you and ensure you have everything you need. Arrange small items like pencils, pens, and markers in their case to avoid losing them in the bag. Make sure it is completely empty before you start filling it to know the exact space available. By laying your bag flat on a surface like a table, bed, or even the floor, it will be easier to fill when you want to put larger items in first. The backpack should be placed with the front facing up, and the straps underneath. Once the bag is flat, open the main compartment and slide in the large books first. They will rest against your back, so you need to make sure they are flat and that there are no bumps or angles pressing against your back. The padding on the back of the bag will help you carry them more comfortably. If your bag has two or more compartments, place the books in the one closest to the straps, at the back. Stack the books with the heaviest on the bottom and the lightest on top. After you have placed all your books in the bag, add the rest of your supplies on top, arranging them to create an even weight distribution. Start with the largest items like binders and notebooks, then put your folders and the rest on top. Try to form an even layer so that your supplies do not shift when you carry the bag. Use the compartments and pockets on the front to store small items like cases and post-it notes. Any supplies you do not want to crush under the weight of the books should be stored in a separate pocket of your backpack. Expensive and fragile electronic devices like phones and tablets should be placed last, on top of heavier items. If you have medications for emergencies like an inhaler, EpiPen, or insulin, store them last in an easily accessible spot. Keep your medications in a separate bag so you can take them out together if needed. If it’s too heavy, you could injure yourself. Try it on your shoulders and walk around a bit before heading to school. Adjust some items if necessary before leaving for school. If the backpack feels too heavy or the weight seems poorly distributed, consider removing some items like books or binders that you can carry by hand.

### Instruction2:
Organize your school supplies by stacking books, placing small items in a case, and using binders for papers. Lay your backpack flat to fill it, starting with heavy books at the back. Ensure even weight distribution with larger items on the bottom and smaller ones on top. Keep fragile items last and medications easily accessible. Test the weight of the backpack and adjust items if necessary before going to school.",3.9628310203552246
037_8013,"### Instruction1:
During negotiations, your position will be stronger if you already have an agreement for a mortgage loan. That’s why you need to check your credit history and identify any unfavorable information that could delay your process. In France, a bank only grants credit after thoroughly reviewing the applicant’s account. In the United States or Canada, it is possible to obtain a free credit report once a year from one of the country’s credit agencies. Check that your credit assessment does not contain errors, such as an account that does not belong to you, a debtor account, or an incorrect credit limit. This data impacts the amount of your mortgage loan and the corresponding interest rate. Generally, your score should be high enough to obtain a loan, around 620 in the United States. However, if it exceeds a certain threshold (740), you may qualify for the best interest rates. Often, the credit score is indicated on your bank card statement. You can also ask your bank directly or use an appropriate service depending on your location. Indeed, the lender will require you to include a lot of personal information in your application. Therefore, strive to gather your supporting documents well in advance: the last pay slips, tax returns from the last two years, annual salary declarations, proof of other income such as alimony, retirement, or child support, bank statements for the last two months, information about your investments, proof of identity, such as an ID card, passport, or driver’s license, and your social security number. You can approach either a bank or a credit institution. You will need to fill out a form and provide copies of your supporting documents. Inquire with the lender to determine the time needed to review your file. Before submitting your application, take the time to research an institution that offers you the best interest rate. You can also examine offers from online lenders, but it will be necessary to do some research first. Check with the court registry to ensure you are not under any legal action. If your application is accepted, the lender will respond with a letter mentioning the loan amount. This letter is not a contract, as the bank must assess the value of the house you are going to buy before disbursing the granted amount. However, the letter does prove your eligibility for a mortgage loan. Generally, this document is valid for no more than 90 days. So, only apply if you are sure you will complete the transaction. Avoid spending large amounts of money or changing jobs before you have been pre-approved. If you significantly change your financial situation, your loan could be denied.

### Instruction2:
To strengthen your negotiating position for a mortgage, check your credit history for any errors that could delay your application. In the US or Canada, you can get a free credit report annually. Ensure your credit score is high enough (around 620) for loan approval and gather necessary documents well in advance, such as pay slips and tax returns. Research lenders for the best interest rates, and avoid major financial changes before pre-approval, as these can affect your loan eligibility. If accepted, you will receive a letter stating the loan amount, which is valid for 90 days but is not a contract until the bank assesses the property’s value.",4.258473634719849
037_52716,"### Instruction1:
Even if an employee is working remotely, you might bring them into the company for training. This is generally the most practical and least costly training option for remote workers who live near an office or branch of the company. However, if they live too far away, this option may be excluded. Calls and teleconferences add a personal touch to the training process and can help clarify important work-related details. Weekly conversations will allow you to track your staff's progress. 

Video conferences are more effective for remote employees involved in the company’s strategy or marketing, as this channel allows for open discussion of ideas and procedures. If the employee and you are in different time zones, make sure to choose a time that works for both of you. Some great applications for video conferencing include Skype, Zoom, or Slack. For companies whose activities require frequent collaboration and communication among employees, instant messaging appears to be the most suitable option, as it ensures real-time communication for workers. 

If the employee has questions during training, they can refer to you via instant messaging for a quick response. You can also send them real-time feedback and messages related to their work through the same channel. Some free services your company can use include Skype, Google+ Hangouts, and Spark. Instant messaging might not be the best option if your employee does not work the same hours as the rest of the team. Email is a good alternative if the employee does not have the same working hours, is in a different time zone, or sets their own schedule. You can easily send them your notes, training materials, links, and attachments via email. Make sure they know how much time they have to respond to an email.

### Instruction2:
Training for remote employees can be conducted in person if they live nearby, but calls and video conferences are also effective for communication. Weekly check-ins help track progress. Video conferencing is ideal for strategic discussions, while instant messaging allows for real-time communication and quick responses. Email is suitable for employees with different schedules or time zones.",3.3891077041625977
037_49845,"### Instruction 1:
If you have a plastic folder, it should be your first choice. It has a smooth surface and is very thin. This will allow you to have a mousepad that is easier to use on your desk. You can also keep the entire folder if you want a larger mousepad or if you want to reuse the folder later. You need to put something inside the pad to give it more weight and a surface for the mouse to glide on. The weight should be slightly less than half of the envelope. A thin book should do the trick. You can also use a piece of scrap wood or several pieces of cardboard. It should fit inside while leaving a little space at the end so you can close it. Take several pieces of opaque or clear tape to seal the edges of the envelope. This way, the weight won't fall out while you use the pad. If you really need your pad right away, you can skip this step. However, it might be better to ensure that the pad stays in place on the desk while you use it. The simplest way to get a sticky surface is to tape the pad to the desk with pieces of double-sided tape. You can also use regular tape, adhesive putty, or another type of adhesive of your choice.

### Instruction 2:
To make a homemade mousepad, use a plastic folder for its smooth surface. Insert a weight like a thin book or scrap wood inside for stability. Seal the edges with tape to keep the weight secure. If you need it quickly, you can skip some steps, but using double-sided tape will help keep it in place on your desk.",2.5146522521972656
037_57174,"### Instruction1:
Once you have set the traps, check them at least once every 2 or 3 days. Clean them immediately after catching a mouse to prevent the dead mice from scaring others. Your traps may also give off a foul smell as the mouse decomposes, and diseases could spread if you leave the traps unattended for too long. Grab the trap with a plastic bag and dispose of it with the mouse or dispose of just the mouse by throwing it in a trash bin. Avoid touching or handling the mouse with your hands, as dead rodents can transmit diseases. After disposing of the mouse, clean off any fur or blood from the trap if it is still usable. If you used a humane trap and the pest is still alive, release it as far away from your home as possible.

### Instruction2:
Check traps every 2 to 3 days and clean them after catching a mouse to prevent odors and disease. Dispose of dead mice properly using a plastic bag, and avoid direct contact. Clean the trap after use, and release any live mice from humane traps far from your home.",1.622441053390503
037_53614,"### Instruction 1:
In Quenya, the vowels are fixed, and their pronunciation does not change depending on their position in the word. The diacritic (the accent on the letter) indicates whether the vowel is short or long. Memorize the sounds of the vowels and practice pronouncing them. ""Y"" is not a vowel in Quenya; however, it is a vowel in Sindarin. Quenya is written with an alphabet called Tengwar. You speak Quenya but write in Tengwar. Most consonants in Quenya are pronounced similarly to those in French. There are some unique rules specific to Quenya, so learn and practice using them when you speak Elvish. The ""c"" in Quenya is always pronounced hard, like the ""c"" in ""corbeau,"" and never like the ""c"" in ""cerise."" It is pronounced as a ""k,"" which can be a bit confusing, as both letters appear in Tengwar but are pronounced the same way. All ""r""s are rolled like in Spanish. The sounds ""n,"" ""ny,"" and ""m"" are always pronounced softly; they are called ""nasal consonants"" because they are pronounced by letting air pass through the nose. The letter ""y"" is always a consonant, pronounced with a harder sound like in ""yo-yo."" If the Quenya word begins with a vowel, accent the first syllable of the word, emphasizing it and pronouncing it distinctly. Let the other syllables roll off your tongue more softly. The stress patterns in Quenya are universal; if the word starts with ""a,"" ""e,"" ""i,"" ""o,"" or ""u,"" accent the first syllable. When there are only two syllables, the accent always falls on the first, even if it does not start with a vowel. For example, a word like ""umin"" will be pronounced ""OU-min"" and not ""ou-MIN."" For words that do not start with a vowel and contain more than two syllables, always stress the third syllable. This means an Elvish word like ""hyarmen"" is pronounced ""haram-EN,"" with the tone rising at the end. Many Middle Eastern languages have similar stress patterns, which might resemble Arabic or Aramaic initially. You may notice that there is always a vowel in the third syllable of every Quenya word. This is an almost universal pattern in Elvish, contributing to a more elegant pronunciation of these languages. Generally, you can manage to stress Elvish words even if you do not follow the language rules, by following the prosody rules of Italian when you speak Quenya. Native Italian speakers tend to use pronunciation patterns from their mother tongue to pronounce French words, which might give the impression of speaking Elvish correctly even if it's not accurate. For example, if you used an Italian accent, you would place the stress on the first syllable of words like ""ando"" and ""vala,"" which is correct. In Tolkien's world, Quenya is spoken by the High Elves, scholars, and nobles. It is a sort of classical version of Elvish.

### Instruction 2:
Quenya vowels have fixed pronunciations, marked as short or long by diacritics. The letter ""Y"" is a consonant in Quenya, while most consonants resemble French sounds. The ""c"" is always hard, pronounced like ""k,"" and ""r""s are rolled. Nasal consonants include ""n,"" ""ny,"" and ""m,"" pronounced softly. Stress is placed on the first syllable if a word starts with a vowel, and on the third syllable for longer words. This results in a distinct and elegant pronunciation typical of Elvish, making it sound classical.",6.38951301574707
037_6823,"### Instruction1:
It is important to know what makes you valuable independently of your relationship. Make a list of everything that makes you a wonderful person and has nothing to do with your couple's life. You could be very intelligent, athletic, empathetic, compassionate towards animals, or very skilled in cooking. If your self-esteem is closely tied to the health of your relationship, it is possible that at the slightest difficulty, you will doubt yourself. Fight against this by strengthening it. Do this by practicing mindfulness. It is not reassuring to be afraid or uncertain, but some doubts are normal and even beneficial. Start practicing mindfulness to learn to accept or at least endure the uncertainty that exists in your life and relationship. When these feelings arise, be aware of them, but let them express themselves. Breathe in deeply through your nose and then exhale through your mouth. Do not try to change or influence your thoughts. Just try to cope with them. Practicing mindfulness daily will help you be less prone to doubt and have better control over your emotions. Stay away from critical or negative people. The opinions of your coworkers, friends, and family may lead you to doubt your relationship. If someone constantly speaks badly about your partner or relationship, consider distancing yourself from them. Loved ones sometimes tend to give insightful yet biased or selfish advice. Think about what you feel for your partner and how their behavior inspires you before allowing yourself to be influenced by the opinions of others that will only amplify your doubts. Be very careful when deciding to follow people's advice or discuss your relationship with those who are overly critical or categorical. Instead, find open-minded and understanding confidants. Avoid using words like ""should"" and ""must."" If you use rigid language regarding your relationship, you will be more likely to face doubts and uncertainties. By removing these terms from your vocabulary, you will be more flexible and open-minded about the relationship. For example, if you tell yourself, ""she should answer the phone every time I call her,"" know that you might get unnecessarily angry if she is busy when you call. Do not automatically say, ""she must be spending Saturday with someone else"" just because she has made no plans with you this weekend.

### Instruction2:
Recognize your individual value outside of your relationship by listing your personal strengths. Practice mindfulness to manage doubts and uncertainties in your relationship. Avoid negative influences and focus on your feelings towards your partner instead of others' opinions. Use flexible language to maintain a positive outlook and avoid unnecessary anger or assumptions about your partner's actions.",3.5279815196990967
037_47586,"### Instruction1:
This will serve as a border for the logo and give you an idea of the surface on which you will need to draw the bat. The oval should be as wide as the face. The bat will fit into the remaining space. It is possible to draw only the bat; in this case, skip this step. Until 1969, the bat had rounded lines going from its neck to the tips of its wings. After that date, the wings became straight and much more geometric, with sharper points. If you decide to draw it in the oval, it will need to be made of curves. Draw the first half, then copy it exactly by folding the paper.

### Instruction2:
Create a border for the logo and outline the space for the bat. The oval should be as wide as a face. If drawing the bat, remember that before 1969 it had rounded wings, while after that, the wings became straight and angular. If drawing within the oval, ensure it consists of curves. Draw one half of the bat and replicate it by folding the paper.",1.702479600906372
037_11363,"### Instruction1:
To avoid electrocution, it is important to unplug the appliance before cleaning it, especially if it contains water. Fill a small basin or bucket with warm water and add a few drops of dish soap; any type of dish soap will work. Soak a clean cloth in the soapy solution and wring it out. Use the cloth to wipe the stained areas inside the dryer drum, applying medium to strong pressure to scrub the stains. After a few seconds, check to see if the ink starts to come off. If it does, continue scrubbing; if not, you may need to try something stronger. Once you finish scrubbing the stained areas, rinse the cloth under running warm water. Wring it out again and wipe the inside of the dryer to remove any soap residue. When you’re done, you can use the appliance again, but remember to plug it back in after cleaning!

### Instruction2:
Unplug the appliance before cleaning to prevent electric shock. Prepare a soapy water solution, use a cloth to scrub stains in the dryer, rinse the cloth, and wipe away soap residue. Finally, plug the appliance back in after cleaning.",1.7607247829437256
037_28053,"### Instruction1:
Explore the world around you. Discover new areas in your neighborhood or city, or travel farther if your budget allows. It’s not possible to visit every place in the world, but you can highlight certain locations and develop more empathy by traveling to specific places. In addition to finding your vocation and life purpose, you should also have fun! Find hobbies that interest you and incorporate them into your routine. For instance, you might join a knitting group or go rock climbing. By pursuing your passions, you will also meet more people and have a more fulfilling life. Consult ""Choosing a Leisure Activity"" to learn more. Eat fresh fruits and vegetables, and buy whole grain pasta and bread. Also include poultry and fish in your diet (unless you are vegetarian). Beans, dried fruits, and eggs are excellent options too. Don’t consume too much sodium, carbohydrates, or saturated fats. Drink two liters of water a day if you are a woman and two and a half liters if you are a man. Aim for two and a half hours of moderate cardio exercise or one hour and fifteen minutes of vigorous cardio exercise per week. To strengthen your muscles, do weight training twice a week. By doing this regularly, you will have a better chance of leading a healthier and longer life. Your heart, muscles, and bones will thank you. Among moderate exercises, you can walk, do yoga, dance, or swim. For vigorous exercises, choose running or stationary biking. Whether you follow a certain religion or not, find something that gives meaning to your life. Why are you on Earth? What nourishes your soul? Especially when facing difficult moments in your life, your spirituality can help relieve you. It will also help you forgive others. Prayer and meditation can help you relax and refocus. A community that shares your spirituality or religion can also help you in times of need.

### Instruction2:
Explore your surroundings and discover new places. Engage in hobbies that interest you to enhance your life. Maintain a healthy diet rich in fruits, vegetables, and whole grains, while avoiding excessive sodium and unhealthy fats. Stay hydrated and exercise regularly for a healthier life. Seek meaning in your life through spirituality, which can provide comfort and help you forgive. Consider prayer, meditation, and community support for additional guidance.",3.3232877254486084
037_14883,"### Instruction1:
On your Mac's Dock, click on the blue compass icon to open the Safari application. This menu item is located at the top left of the screen and allows you to open a dropdown menu. This option is found in the Safari dropdown menu and opens the preferences window. This hand-shaped icon is located at the top of the preferences window. You will find this box in the Cookies and site data section at the top of the window. Uncheck it to allow Safari to use cookies. If this box is already unchecked, it means that Safari is not blocking cookies.

### Instruction2:
To enable cookies in Safari, open the application from the Dock, access preferences from the dropdown menu, and uncheck the box in the Cookies and site data section. If it’s already unchecked, cookies are not being blocked.",1.7685737609863281
037_22993,"### Instruction1:
The solution to keeping your calm is to stay busy. It will obviously be more difficult to manage your in-laws if you have nothing else to do but to stay in their company and wait for them to annoy or insult you. You could mow the lawn. You might have intended to show your wife's grandfather how the new DVD player works. You may have told your mother-in-law that you plan to help her with baking this year. Finding something to do can help you bond with your in-laws, find common ground, and stay focused on something other than the ambient tension. You will not only be busy, but your in-laws will at least appreciate you a little more for lending a hand at their place. Schedule something for the whole family that doesn’t cause trouble or take hours to explain. You could perhaps play a simple and fun board game together before the family dinner, unless you are all going for a walk after Sunday lunch. As long as your in-laws don’t see this activity as encroaching on their usual plans, they will appreciate that you found something fun and different to do. Just agree in advance with your spouse and your in-laws so you don’t step on anyone’s toes. You might integrate some of your in-laws' traditions into your celebration, whether it’s saying a prayer, preparing certain foods, or listening to Christmas carols. Your in-laws might enjoy watching a show before Sunday lunch. Will you drop dead if you turn on the TV? Your in-laws will feel more included and happier visiting you if you incorporate their customs into yours. You could also share one of your own family customs with your in-laws if you are visiting them, as long as it doesn’t bother them. This could be a small gesture, like bringing a casserole that has been in your family for generations. This is another way to stay busy and active while you are with your in-laws. Your holiday gatherings will be much more enjoyable if you don’t spend all your time with them in awkward silence. Ask polite and kind questions to make your in-laws feel welcome. Ask them about their job, weekend plans, pets, or a recent trip. Don’t make them feel like they are being interrogated, but try to ask questions about their lives while showing genuine interest in their answers. You can also talk to them about one of your own experiences if you’ve exhausted your questions. Consider preparing your anecdotes to ensure they are appropriate. You might know that your head will explode after four hours with your father-in-law. There’s no harm in admitting this before the big day; it’s always better than denying the space you need. So, you should make sure to plan a small activity: going out to call your loved ones, going to the store for some additional groceries or drinks, or taking your kids to the playground. Tell others in advance so it doesn’t seem strange that you are going out alone a little later that day. Remember that there’s nothing wrong with wanting to take some time away from your in-laws. It will be less insulting than staying by their side while seething with anger the entire time.

### Instruction2:
To maintain your composure around your in-laws, keep yourself busy with activities like mowing the lawn or helping with baking. Engage in family-oriented games or traditions that include their customs to foster connection. Ask them polite questions to show genuine interest and avoid awkward silences. Plan small breaks for yourself to recharge, ensuring you communicate these plans to avoid misunderstandings.",4.6656646728515625
037_51728,"### Instruction1:
Now that you have finished the face and beard, you can work on the body and add more details. Go over the outer edges of the circles and ovals you have drawn. You will fill in the body now to give it dimension. Only trace the outer contours. Erase the crossing lines to enhance the outline. Once finished, you should have a Santa Claus that has more dimension but still no clothes. He wears a vest that goes down to his knees, a belt, baggy pants, and gloves. Start with the vest. Draw the bottom by making a curved line on the outer side of each leg. These lines should curve away from the legs until they reach the knees. Then, draw two curves and connect them at the waist. The bottom of the vest has a white fringe like the hat. Add the belt. It is actually a thick rectangle slightly rounded to follow the shape of the belly. The two flaps of the vest meet at the bottom of the belt, near the waist. Add a rectangular buckle and two loops, one on each side. Add one or two buttons in the middle of the vest. Below the vest, you will find the pants that you can easily draw by making a few zigzag vertical lines. He also has boots that rise up to the shins. Finally, draw two cuff wrists where the wrists are and go over the outlines of the hands. Add extra details before doing so, such as lengthening the beard or drawing a more elaborate belt. Erase any unnecessary lines that remain. Then, apply the appropriate colors. His hat, vest, pants, and boots are red. The boots are a slightly darker red than the rest. The fringes on the hat and jacket, including at the cuffs, are white. You can color the gloves and the belt brown or green if you wish.

### Instruction2:
Finish the body of Santa Claus by refining the outlines and adding details such as a vest, belt, pants, and gloves. Use curves for the vest and add a belt with a buckle. Draw boots and cuffs, and erase unnecessary lines. Finally, color the outfit red, with darker boots and white fringes, and optionally color the gloves and belt brown or green.",3.038024663925171
037_61568,"### Instruction1:
You can slide this bar from the top of the screen.

### Instruction2:
You can move a bar down from the top of the screen.",0.8351624011993408
037_27776,"### Instruction1:
The USB drive or external hard drive should connect directly to one of the USB ports on your computer. If you are using a Mac, you may need to use a USB-C flash drive (or a USB 3.0 to USB-C adapter). Your USB drive or external hard drive must be large enough to hold your entire iTunes library. The folder path varies depending on whether you are using a Windows computer or a Mac. If you are using a Windows computer: open File Explorer, click on Music on the left side of the window (you may need to scroll to find it), and look for the iTunes folder. If you are using a Mac: open Finder, click Go at the top of the screen, select Home from the dropdown menu, then double-click on the Music folder. The iTunes folder should be there. Select the iTunes folder by clicking on it once, then press Ctrl+C (if you are using a Windows computer) or Command+C (if you are using a Mac) to copy the entire folder. If you already have music in iTunes on the new computer, first double-click the iTunes folder and then copy the iTunes Media folder it contains. In the left sidebar of File Explorer or Finder, click on the name of the USB drive or external hard drive. If you are using a Mac, you will find a shortcut to the USB drive or external hard drive on the Desktop. In the window of the USB drive or external hard drive, press Ctrl+V (on Windows) or Command+V (on Mac) to paste the folder. Once you have properly ejected the USB drive or external hard drive, you can proceed to transfer your iTunes library to the other computer.

### Instruction2:
To transfer your iTunes library to another computer, connect your USB drive or external hard drive, locate the iTunes folder on your computer (either in File Explorer on Windows or Finder on Mac), copy the folder, and then paste it onto the USB drive or external hard drive. Finally, eject the drive properly before transferring the library to the new computer.",3.2059242725372314
037_52501,"### Instruction1:
For this method, you need half a cup of white glue. Elmer's glue is perfect for this recipe, but you can use any white glue you have available. You will also need a small amount (about 1 teaspoon) of brown paint or food coloring, half a cup of hot water, and a teaspoon of borax powder. You will need two mixing bowls, one of which will be larger. If you don't have brown paint or food coloring, you can use chocolate syrup, but use a little more syrup in that case. Do not follow this method if you are concerned that a person or animal might accidentally eat your fake poop. Borax, while not lethal, can be harmful and cause stomach pains. Start by mixing half a cup of white glue and your brown coloring in your larger bowl. Add the coloring until you achieve the desired shade. In another bowl, mix your borax and water until the borax is visibly dissolved. Once both mixtures are ready, combine them in the large bowl while continuing to mix. You should immediately notice that the mixture begins to thicken and become more viscous, almost like pudding. Once combined, your mixture will quickly become too thick to mix by hand, so it needs to be kneaded like dough. Use your hands to take the borax dough out of the bowl and knead it. You should be able to form small balls without any mixture sticking to the sides of your bowl. The size depends again on your own preferences. You can use all of your mixture or divide it into several pieces. For your prank, it is best for the person to step in it, as the texture you will get with this method will be the most realistic.

### Instruction2:
To make a realistic fake poop, mix half a cup of white glue with brown coloring, and combine with a mixture of borax and hot water. Knead the resulting thick dough by hand to form small balls. For the prank, have someone step in the fake poop for the best effect.",2.837661027908325
037_56563,"### Instruction1:
This will certainly take some time, but it will show this boy that you don’t need him to be happy. He may realize that he has behaved poorly and feel regret for it. Find new activities and new friends. Visit new places and try new things. Post about your new activities on social media, bring your new friends to the parties he will attend, and mention these new things you are doing when you talk to him again.

### Instruction2:
Take time to show the boy that you can be happy without him. Engage in new activities, make new friends, and share your experiences on social media. This may help him realize his past mistakes and regret his behavior.",1.1773552894592285
037_35937,"### Instruction 1:
It is advised to transplant the cabbage outdoors about 2 to 3 weeks before the last frost. Check the long-term weather forecasts in your area to estimate this date. Once you know the expected date of the last frost, plan a date 2 to 3 weeks earlier to transplant the cabbages into the ground. For a fall harvest, transplant the seedlings 6 to 8 weeks before the average date of the first winter frost. Cabbages need several elements for good growth, including sunlight. When transplanting in the garden, look for an outdoor location that receives full sun for at least 6 hours a day. Avoid planting cabbages in the same bed as cauliflower, broccoli, tomatoes, or strawberries. Cabbages grow very well when planted next to cucumbers and beans. Cabbages require very fertile soil. Mix the soil from the bed where you want to plant them with an equal amount of well-decomposed compost or manure. Water the soil to keep it moist before transplanting the cabbages. The ideal pH for cabbages is between 6.5 and 7.5. You can test the acidity level of the soil in your garden with pH test strips, available in most garden centers or hardware stores. If you need to lower the soil's pH, incorporate more compost or manure to make it more acidic. If you need to raise its pH, incorporate powdered limestone. Plant the seedlings at the same depth as in the tray where you sowed the seeds (about 1 cm). Space them 30 to 60 cm apart and plant them in rows spaced about 60 cm apart. For the best possible results, transplant the cabbage seedlings on a cloudy day to avoid shocking them with sudden sun exposure. Lay a 2 or 3 cm layer of mulch on the soil surface. The mulch will retain moisture in the soil while the young plants grow, protect the cabbages from insects, and help maintain a consistent temperature in the soil. Shredded leaves, finely shredded bark, or compost are ideal for mulching cabbages. Cabbages need about 4 cm of water per week. If it does not rain enough, water the soil sufficiently to keep it moist throughout the growth of the cabbages. Continue to water the cabbages until they begin to mature. At that point, stop watering them to prevent the heads from splitting. Do this 3 weeks after transplanting them. When they start to produce new leaves and form a head, incorporate fertilizer into the soil. They need to be fertilized about 3 weeks after transplanting the seedlings by applying a nitrogen-rich fertilizer. Fish emulsions, liquid fertilizers, bone meal, and cottonseed meal are good fertilizers for cabbages.

### Instruction 2:
Transplant cabbages 2-3 weeks before the last frost, choosing a sunny spot and avoiding certain plants. Mix soil with compost and keep it moist. Maintain an ideal pH and space seedlings properly. Mulch to retain moisture and fertilize after a few weeks. Water regularly until maturity, then stop to prevent splitting.",4.141127824783325
037_32825,"### Instruction1:
Among the most common symptoms are a burning sensation, inflammation, white-grey liquid discharge, and an unpleasant fishy odor. You may experience all, some, or none of these symptoms. The exact cause of vaginosis remains unknown, but some women are at a higher risk than others. Many women who have previously suffered from bacterial vaginosis will develop it again within the year. This may be due to some women having naturally lower levels of healthy bacteria. Unlike yeast infections, vaginosis cannot be effectively treated at home. To treat the infection and relieve symptoms, you need to see your doctor and get medication. They may prescribe oral medications like metronidazole or tinidazole, or a cream containing clindamycin. To diagnose vaginosis, your doctor will perform a pelvic exam and take a sample from your vagina to examine the cells under a microscope. They may also ask you to test the pH of your vagina. It is particularly important to receive treatment promptly if you are pregnant, as vaginosis can cause complications. Although there is no way to completely prevent it, you can reduce the risk of vaginosis by following a few simple steps. Avoid douching, as it disrupts the balance of vaginal flora and can lead to infections. Avoid scented products like soaps, tampons, and sprays. Limit the number of your sexual partners. Although the exact cause is not clearly known, women who have multiple sexual partners, have recently started having sex with a new partner, or have sexual relations with other women are at a higher risk of developing vaginosis. Make sure to dry your vagina thoroughly after showering and avoid hot baths. Always wipe from front to back after going to the bathroom to prevent introducing fecal bacteria into your vagina.

### Instruction2:
Common symptoms of vaginosis include burning, inflammation, and a fishy odor. The cause is unknown, but some women are at higher risk. Treatment requires medical intervention, typically with oral medications or creams. Diagnosis involves a pelvic exam and pH testing. Pregnant women should seek treatment promptly. Preventive measures include avoiding douching and scented products, limiting sexual partners, and proper hygiene after bathroom use.",3.0271623134613037
037_23224,"### Instruction1:
Go to your butcher or take it from a supermarket. Select a piece that is large enough for your meal. A quantity of 150 to 250 grams of steak per person should be sufficient. If you are a good meat eater, you can increase the amount. Choose steaks that are at least 3 cm thick and preferably 6 cm. Thin steaks will dry out and harden easily during cooking. Fresh sirloin is a deep red with generous marbling of fat. It is these marbles that will give flavor to your steak. There should be a band of white fat around the steak. Rinse the steak under cold water on both sides, then dry it with paper towels. Good steaks do not require much seasoning, or even none at all. Simply adding salt and pepper on both sides is enough. If desired, add minced garlic or garlic powder, cayenne pepper, chili powder, or Italian spices for variety. Sirloin is a good meat for marinating, as it pairs well with many flavors. Choose your favorite marinade at the supermarket or prepare it yourself by mixing equal parts of oil, vinegar, and spices. Place the steak in a resealable plastic bag and add the marinade. Seal the bag and let the steak marinate for 4 hours to a whole night. When you are ready to cook your steak, take it out of the plastic bag, dry it with paper towels, and move on to the next step. Let the steak sit at room temperature for an hour before cooking. If you cook your steak while it is still cold, it will be more difficult to achieve the desired doneness. With a steak at room temperature, it is easier to choose the doneness: rare, medium-rare, medium, and well done.

### Instruction2:
To prepare a steak, choose a piece that weighs between 150 to 250 grams per person and is at least 3 cm thick. Rinse and dry the steak, season with salt and pepper, and optionally use garlic or spices. Marinate the steak for 4 hours to overnight. Before cooking, let it sit at room temperature for an hour to ensure even cooking.",3.4035532474517822
037_24765,"### Instruction1:
Use the 3.5 mm cable to connect the transmitter to the audio jack of the iPad. If you live in an urban area, an FM transmitter would be difficult to use due to crowded waves. Turn on the radio to the same frequency that you have set on the transmitter. Play any music you want on your car radio.

### Instruction2:
Connect the iPad to the transmitter using a 3.5 mm cable. Set the radio to the same frequency as the transmitter and play music on the car radio.",1.242522954940796
037_32881,"### Instruction1:
In most countries, there are specific laws and regulations regarding fundraising processes. You need to distinguish the different regulations applied in each country, and there may also be taxes that you need to pay depending on the cause for which you are fundraising or based on your location. Before you start planning a fundraiser, consult your country’s government website to review the instructions governing fundraising in your country. For any questions, visit the headquarters of a nonprofit organization in your area and seek advice and information. Knowing your target audience is the key to successfully fundraising. Try to get an idea of which category of donor is most appropriate for which type of fundraising. This will help you understand which fundraising technique to adopt. Check contribution records and donation records for the cause you support. Consider demographic factors: Is the society older, younger, more liberal, or more conservative? You can get an idea of the fundraising technique that might work best based on this data. If you're dealing with an older society, you might revert to traditional fundraising techniques, like bake sales and auctions. A younger society would be more attracted to something more trendy and fun, like a karaoke contest. Young people also tend to be more savvy, so they might be more interested in crowdfunding campaigns. Some charities are more serious and effective than others, so before investing your money, research them online for information. You’ll find that some charities are heavily criticized by those concerned, for example, they sometimes spend significantly more on flashy advertising campaigns than on helping others, like the Cancer League. Only approach organizations that are free from controversy. If you want to organize a fundraiser, it would be difficult to do it alone. Team up with like-minded individuals who support the same cause. Work together to create a successful fundraising event. In most areas, there are groups dedicated to various causes. Try to find an actively operating group in your area, attend one of their meetings, and propose your idea to see if there are people among them who would want to help you organize the fundraiser. Churches also heavily participate in fundraisers. If you attend a church, consider making an appeal there as well. You can post on websites like Facebook and Craig's List announcing that you are looking for volunteers to support your fundraising efforts.

### Instruction2:
Fundraising requires understanding local laws and regulations, consulting the government for guidance, and knowing your audience. Analyze demographic factors to choose effective fundraising techniques. Collaborate with like-minded individuals or groups and consider engaging your church community for support. Always research charities before involving them to avoid controversial organizations.",3.3868443965911865
037_19473,"### Instruction1:
To maintain a positive attitude, express gratitude each day. Gratitude is a good way to keep a good mood and stay positive daily. Before going to bed each night, list three things you are grateful for. Don’t forget to express your thanks to those around you as well. For instance, you can thank the sun for brightening your day or your cat for being affectionate. Incorporate daily affirmations into your routine. These should be simple, short, positive, and impactful phrases that you can repeat at various moments throughout your day. Encouraging yourself with a positive phrase is a good attitude to have, especially at the start of the year. Choose a short phrase that motivates you to move forward. You might tell yourself, for example, ""I can do it"" or ""It's easy"" to encourage yourself to keep going. Say this phrase upon waking and at any other times during the day when doubts arise. Adjust your phrase according to the situation. If you have an important exam at school, encourage yourself by saying, ""I studied well, I will succeed"" as you wake up and as often as necessary until you finish the exam. When the opportunity arises, do a good deed for someone without expecting anything in return. By doing so, you will uplift someone who did not expect it. This attitude is perfect for starting the year positively and full of compassion. Smile at people you pass on the street, even if you don’t know them. Volunteer for charitable causes. Pick up an empty bottle on the side of the road and put it in a trash can. Help an elderly person cross the street. Buy coffee for your coworkers during a break. Leave a generous tip at a restaurant.

### Instruction2:
Express gratitude daily and share it with others. Use positive affirmations to encourage yourself throughout the day. Engage in acts of kindness and compassion towards others, helping to create a positive start to the year.",2.6670000553131104
037_17271,"### Instruction1:
It is similar to the multi-sensory attack mentioned above, but offers many more possibilities. As its name suggests, it allows for the establishment of potential series in seven different directions. To use it, you must arrange your tokens in a very precise way and must control: the central hole of the bottom row, the holes that are separated on both sides of the grid by a space in the second row from the bottom, the three holes in the middle of the third row from the bottom, and the fourth and fifth holes from the bottom in the central column.

### Instruction2:
The method allows for creating series in seven directions and requires precise token placement. Control specific holes in the grid for effective use.",1.259657859802246
037_17982,"### Instruction1:
Determine the stitch length and thread tension needed for the fabric you are going to sew. If you are unsure, read the manual for your machine and adjust it according to the given instructions. Thread the machine with sewing thread that is the same color and strength as the fabric you are about to sew. This is also a good time to plug in an iron so it is warm when you need it. Pin the two pieces of fabric together with the wrong sides facing each other. It may feel counterintuitive to do this, as it is the opposite of what you usually do for basic sewing. A French seam consists of two seams, with the fabric folded over the first so that the final seam is on the right side. Pin the fabric along the edges you are sewing together. This will help keep the fabric aligned. It is advisable to position the pins perpendicular to the edge of the fabric to avoid pricking yourself while guiding the fabric through the sewing machine. They will also be easy to remove as you progress. Sew the two pieces of fabric together, leaving a 5 mm seam allowance. Remove the pins as you go. To maintain a consistent seam allowance while sewing, watch the guide marked on the needle plate of your sewing machine. You can also use a presser foot that measures 5 mm wide on one side. This way, you can ensure that the edge of the fabric stays aligned with the edge of the presser foot. The seam allowance is the strip of fabric located between the seam and the edge of the fabric. Generally, patterns indicate a specific seam allowance to ensure that the finished item is neither too large nor too small. The second seam of the French seam will require about twice the seam allowance you used for the first seam. When cutting the fabric pieces, make sure you have added enough seam allowance to all measurements. You can use a 1.5 cm seam allowance for this seam if you prefer that measurement, but remember that you will also need to increase the seam allowance for the second seam to contain the fabric edges. It is recommended to remove the pins just before sewing over them with the sewing machine. This way, the fabric will stay in place, but the machine needle will not risk hitting a pin and breaking. Once you finish sewing, remember to trim the thread ends and remove any remaining pins. Cut the edge of the fabric outside the seam to leave a 5 mm strip. You can use straight or pinking shears. If you are sewing a delicate fabric, pinking shears may better prevent the edges from fraying. Keep in mind that this seam will not be visible when you are finished. It is okay if the cut edge is slightly frayed or uneven. Ideally, you could leave a seam allowance of only 3 mm to avoid wasting fabric, but on most sewing machines, you need to pass more than 3 mm of fabric under the presser foot so that the feed dogs (the small metal teeth located under the presser foot) can grab it and move it forward. Unfold the two layers and lay the fabric flat on an ironing board. Press the seam on both the right and wrong sides of the fabric to ensure it is flat. Then fold the fabric along the seam with the right side inside (the opposite of what you did for the first seam). Press the fabric, ensuring that the seam you just made is right at the edge, at the fold. Press the fabric very carefully and neatly so that the seam on the outer edge is perfectly straight. Make sure the iron is set to the right temperature for the fabric you are sewing. If it is too hot, you risk burning the fabric.

### Instruction2:
To sew a French seam, determine the appropriate stitch length and thread tension, thread the machine, and prepare an iron. Pin the fabric pieces wrong sides together, sew with a 5 mm seam allowance, and then trim the edges. Press the seam flat, fold the fabric with the right side inside, and sew again, ensuring the seam is straight. Finally, press the new seam carefully.",5.308643102645874
037_28548,"### Instruction1:
Make sure to primarily consume organic products. You should avoid those containing pesticides and other chemicals like hormones or antibiotics that increase the risk of inflammation. You should also limit the amount of processed foods you consume to decrease the preservatives and additives that can also cause inflammation. Thus, consume complex carbohydrates instead of simple sugars that promote inflammation. Prepare and cook your meals yourself as much as possible to preserve the vitamins, minerals, and nutrients found in natural products. A simple rule is to avoid overly white foods like wheat flour, white rice, and regular pasta, which are processed products. Instead, consume whole grain bread, brown rice, and pasta made from whole grains. Whole grains should make up two-thirds of your diet. Fruits and vegetables are rich in antioxidants that help reduce chronic inflammation. Preferably consume fresh products. You can also use frozen products, but you should avoid consuming them with fatty sauces. Avoid fruit-based foods that have added refined sugar, for example, in the form of syrup. Choose brightly colored vegetables and fruits as they are particularly rich in antioxidants. For example, you could consume the following vegetables and fruits: berries like blueberries or raspberries, apples, plums, oranges, lemons, leafy greens, summer and winter squashes, and peppers. They reduce chronic inflammation. You should consume at least 20 to 35 mg of fiber per day. Foods that are rich in fiber include whole grains, vegetables, fruits, and seeds. Here are some excellent sources of fiber: consume bulgur, brown rice, buckwheat, oats, millet, quinoa, apples, pears, dates, figs, all kinds of berries, leafy greens (like spinach or cabbage), carrots, broccoli, Brussels sprouts, bok choy, beets, peas, lentils, all kinds of dry beans, pumpkin seeds, sunflower seeds, sesame seeds, nuts, almonds, pecans, hazelnuts, and pistachios. Choose lean meats as they have a better ratio of omega-3 and omega-6 fatty acids. Avoid eating the skin of poultry. Only choose meats from animals raised without hormones or antibiotics and remove the fat before consuming. By limiting your meat consumption, you will reduce your intake of saturated fats, which should not exceed 7% of your daily caloric intake. You can reduce your saturated fat intake by avoiding cooking your meals with butter or margarine. Instead, use canola or olive oil. Heart specialists recommend avoiding ""trans"" fats. Read the labels of the products you consider buying to avoid those containing hydrogenated fats. In this case, you can be sure that the product contains ""trans"" fats even if the label states that it does not. Fish contains quality proteins and a good amount of omega-3 fatty acids that are beneficial for the heart. By consuming a lot of these omega-3s, you will reduce chronic inflammation. Fish high in omega-3s include tuna, salmon, trout, mackerel, and sardines. Don't forget to stay hydrated by drinking plenty of water. In fact, some herbs and spices can reduce pain associated with rheumatoid arthritis. They can be consumed through dietary supplements after discussing with your family doctor. It is preferable to absorb them through your diet rather than supplements. Some herbs and spices with anti-inflammatory properties include: garlic, turmeric, basil, oregano, cloves, cinnamon, ginger, and chili peppers. Moderate physical activity helps improve overall health by strengthening muscles and bones. A physiotherapist can help you choose the physical exercises that will be most beneficial for you. Remember that relatively low-intensity activities like light weight exercises, aerobics, walking, Tai Chi, hiking, and yoga are quite appropriate. They will help strengthen and stretch your muscles. You need to find the right balance between exercise periods and rest periods. If you experience a flare-up of rheumatoid arthritis during a workout, take a short break rather than completely stop your activity to go to bed. Among these, there are anti-inflammatory agents. Your doctor may also prescribe antibodies that can reduce tumor necrosis factor (""cachectin""). Scientists do not know exactly how this glycoprotein may affect rheumatoid arthritis, but they have found it to be somewhat effective in reducing pain and discomfort associated with this disease when used in combination with anti-inflammatory agents. Your doctor may otherwise prescribe proteins produced through genetic engineering that should also be combined with anti-inflammatory agents. Non-steroidal anti-inflammatory drugs and analgesics (pain relievers) are used in combination with other medications. Disease-modifying antirheumatic drugs like methotrexate can severely alter the liver and make it hypersensitive. Other side effects include fatigue, fever, cough, and respiratory issues.

### Instruction2:
Consume mainly organic foods, avoiding pesticides and chemicals. Limit processed foods and choose complex carbohydrates. Prepare meals yourself to retain nutrients. Focus on whole grains and fresh fruits and vegetables rich in antioxidants. Aim for 20-35 mg of fiber daily from various sources. Choose lean meats and avoid saturated fats, opting for healthier cooking oils. Stay hydrated and consider anti-inflammatory herbs and spices. Engage in moderate exercise with guidance, balancing activity and rest, especially during flare-ups. Your doctor may prescribe medications to manage symptoms and inflammation.",6.7957069873809814
037_55624,"### Instruction1:
Examine your negative thoughts and worries by identifying the types of mental distortions associated with them, meaning you need to pinpoint the partial or false truths your mind is telling you. Here are some examples of cognitive distortions: 

- **Black-and-white thinking**: This type of thinking leaves no room for nuance. You are either good or bad, right or wrong; there is no complexity or middle ground.
- **Overgeneralization**: You take one negative experience and make it a blanket rule. This kind of thinking often includes words like ""always,"" ""never,"" or ""everyone.""
- **Mental filtering**: You filter out all the positive aspects of a situation, only focusing on the negatives. For instance, you may have had a great date but focus solely on the awkward moments in the conversation.
- **Jumping to conclusions**: You make negative conclusions without clear evidence, such as believing you know what others think or what will happen in the future.
- **Catastrophizing**: You fixate on the worst possible outcomes and exaggerate small problems.
- **Emotional reasoning**: You believe that what you feel at the moment is an objective reflection of reality. If you feel bad, it must mean the situation is bad.
- **Arbitrary rules**: You follow strict, often arbitrary rules and create unrealistic expectations about what should or should not be.
- **Labeling**: You label yourself and others based on perceived flaws, even if you have clear evidence to the contrary.
- **Personalization**: You take responsibility for situations beyond your control. For example, if it rains during a party you organized, you blame yourself for the bad weather.
- **Magnification and minimization**: You minimize your positive attributes while idealizing those of others. When someone compliments you, you refute it.

Create a ""thought journal"" for this purpose. When you have a negative thought, find a blank page and follow these steps:
1. Write down the trigger, which could be another thought, an event, or a situation, e.g., ""I argued with my partner this morning before work.""
2. Note the negative thought that came to you during and after the trigger. Ask yourself, ""What was I thinking?"" ""What was I telling myself?"" and ""What was going on in my head at that moment?"" You might have thought, ""I messed everything up. This is the end of the relationship. He is tired of putting up with me; he doesn't love me anymore, and he will leave me.""
3. Note the words that describe how you feel and underline those strongly linked to the trigger, e.g., ""scared, alone, hurt."" Underline ""scared.""
4. Review what you've written and try to identify unhelpful thought patterns, e.g., ""catastrophizing, jumping to conclusions, black-and-white thinking.""
5. Draw two columns under each negative thought: one for evidence supporting the negative thought and another for evidence against it. By filling in these columns, you can determine if your negative thought is based on something real.

Continuing with the argument example, the supporting evidence column might include: ""He really got angry, turned red, and slammed the door. He didn't call me during his break like he usually does."" In the counter-evidence column, you could write: ""We've had worse arguments and always improved the situation by talking. He told me he needs a moment to calm down after getting angry, but when he’s calm, he becomes more rational and ready to compromise. Earlier this week, he said he has appointments all day today and won't be able to call me during his break. He has assured me multiple times that he is committed to making our marriage work, no matter what. We don't argue that often."" This process allows you to view your thoughts objectively, analyze and evaluate them to see if they are based on facts rather than accepting them without question. Ask yourself the following questions about your negative thoughts and write the answers in your thought journal:
- What are different ways to view the situation?
- If I didn't have this kind of feeling about the situation, how would I see it?
- What are the realistic probabilities of this happening?
- How would an outsider see the situation?
- Is it really helpful for me to think this way?
- What are the things I tell myself that are actually useful?

### Instruction2:
Identify and analyze negative thoughts by recognizing cognitive distortions. Use a thought journal to document triggers and negative thoughts, assess evidence for and against these thoughts, and explore different perspectives on situations to evaluate their realism and helpfulness.",6.2999267578125
037_2524,"### Instruction 1:
Caterpillars are sensitive to bacterial infections and can become ill simply by being touched. For this reason, it is important to wash your hands before handling them. Be very careful when touching them, as they are very fragile and you could easily kill them. Take care not to drop them, as they can die even after a small fall. They will cling tightly to the surface they are walking on. If you try to catch one while it is walking, you might pull off its front legs. If you want to move a caterpillar, let it climb onto the transport surface by itself. If you want to lower it from your hand, lower it towards a leaf and let it descend on its own. If you have a caterpillar and want to change its host plant, place the new plant in its container and give it a few hours to move to the new plant before removing the old one. If you find a caterpillar with spikes or hairs, it may sting you if you try to catch it. Most stinging caterpillars also have bright colors. In France, processionary caterpillars are particularly known for their stinging hairs and are easy to recognize, as they form long lines of dozens of individuals when they move. If you get stung by a caterpillar, you can use adhesive tape to remove the small stinging hairs before washing the area with soap and water to eliminate the venom and reduce irritation. You can also try putting ice or baking soda on the area to relieve pain and inflammation. Caterpillar stings are similar to bee stings, meaning they are rarely fatal, but they can lead to serious reactions. If you suffer from asthma or allergies or observe allergic reactions like difficulty breathing and inflammation, consult a doctor immediately.

### Instruction 2:
Caterpillars are fragile and sensitive to infections, so wash your hands before handling them. Be cautious not to drop them or pull off their legs. Allow them to climb onto surfaces by themselves and be careful if they have stinging hairs. If stung, use tape to remove hairs and wash the area. Caterpillar stings are rarely fatal but can cause serious reactions, so seek medical help if you have asthma or allergic reactions.",3.2378504276275635
037_20311,"### Instruction 1:
The player with the three of spades starts the game by playing their best card. For example, they can play a sequence, a triple, a double, or a single card, which must include the three of spades. Once they play, the next player tries to play a better hand. Note that if it’s not the first game, the winner of the previous game starts this new game. To play, you must put down a similar set of cards to the previous player, but of a higher value. If the previous player laid down a double or a triple, you must do the same but with a higher value. Similarly, if they played a single card, you must play a single card of higher value. If you do not have a stronger play in your hand, you must pass your turn. The next player tries, and if they can’t play either, it passes to the next. If no player can play, the last person can lay down any cards they wish. If you have three doubles or a stronger hand like a four of a kind (four cards of the same rank), feel free to play them, as the objective of the game is to get rid of all your cards as quickly as possible. Note that you can play a double sequence of three cards (e.g., 55, 66, 77) or a four of a kind. A four of a kind is stronger than a double sequence of three cards. To beat a four of a kind, you need a four of a kind of a higher rank, such as four kings being stronger than four tens. Generally, when a player lays down such a high hand, the other players are forced to pass their turns. Note that single sequences or double sequences of three, four cards, and more must not include cards of the value two, even though these are the strongest cards. If you have a strong hand, don’t hesitate to play it. It doesn’t matter if the other players cannot respond; go ahead! You can play a four of a kind or even a pair of twos, which are the highest-ranked cards. After playing all your cards except one, you must announce it to the other players. At this point in the game, you will only be able to play one card when it’s possible. However, you do not need to finish with just one card; you can have any other combinations (double, triple, sequence). Regardless of how many cards you have in hand, the goal is to get rid of all your cards as quickly as possible. So, be strategic and envision the game in terms of doubles, triples, etc. The game can end with any combination. Strive to lay down the first cards on the table; it is the first step towards victory.

### Instruction 2:
The player with the three of spades starts the game. Players must play higher-value cards than the previous player. If unable, they pass. The goal is to get rid of all your cards quickly and strategically, using doubles, triples, or sequences. Players must announce when they have one card left and can finish with any combination.",4.224862337112427
037_5637,"### Instruction1:
This recipe requires a larger number of ingredients but allows for the creation of objects that can withstand a fall of one meter. Mix one cup of polyvinyl glue, ½ tablespoon of stearin, 1.5 tablespoons of glycerin, 1.5 tablespoons of petroleum jelly, and ½ tablespoon of citric acid in a non-stick saucepan over low heat. Mix thoroughly. Use the lowest possible temperature to heat your saucepan. Gradually add one and a half cups of cornstarch to the mixture, stirring continuously to avoid lumps. By proceeding gradually, you will prevent clumping. Continue mixing until you can lift the dough from the saucepan. The consistency will become increasingly sticky, then heavy and thick, making it difficult to stir. Keep mixing until you can lift the dough from the saucepan. Place the dough on a work surface covered with parchment paper. The dough should be warm, slightly sticky, and lumpy. Knead it for 20 minutes to eliminate all lumps. The dough should become silky and no longer sticky. Let the dough cool a bit if it is still hot after kneading. Store the dough in a ziplock plastic bag to prevent it from hardening before use. Remove as much air as possible from the plastic bag before sealing. After modeling, this hardening dough can be painted with acrylic paint.

### Instruction2:
This recipe outlines how to make a durable modeling dough that can withstand a one-meter drop. It involves mixing various ingredients in a saucepan, gradually adding cornstarch, and kneading the mixture until it becomes smooth. Once cooled, the dough should be stored in a ziplock bag to keep it from hardening and can be painted with acrylic paint after shaping.",2.3846969604492188
037_14581,"### Instruction1:
The piece must be the size you need for your faux chimney. Make sure to check the edges and don’t worry about the color. Also, remove the screws and rails from the drawers. Now, your dresser should look like an open shelf. Be sure to retrieve the three best boards from the sides of the drawers and remove the handles. If necessary, fill the screw holes with wood filler, plaster, glue, etc., and let it dry. You must do this horizontally at the top of the open front of the dresser. In other words, the drawer front must be in the same position as that of the top drawer. Attach it to the dresser using discreet finishing nails or preferably screw it in starting from the inside of the dresser. Then screw outward through the back of the drawer front. Be sure to take measurements from the bottom of the new board you just nailed down to the bottom of the opening (and not to the floor). Since you will continue to cover the large opening of the dresser by attaching drawer fronts (placed vertically) on both sides of the opening, you will likely need to adjust the size of the boards or the furniture. If the opening you measured in the fifth step is larger than the length of the fronts, you need to cut the bottom of the dresser. Conversely, if it is smaller, you need to cut one end of each front. Do this vertically on both sides of the opening. One of the boards should slightly overlap the right side of the opening, and the other should extend a bit over the left side of the opening. Additionally, the tops of both fronts should rest on the base of the already attached board. If you cut the ends of the boards, be sure to orient the cut edges downward for a more uniform finish. Attach the boards to the right and left sides of the dresser using discreet finishing nails or preferably screw them in starting from the inside of the furniture. Then screw outward through the back of the front. To attach the side drawer to the top one, you will need small pieces of wood. Align them in the space between the drawers (inside the dresser) and screw them to both fronts. Paint the exterior with glossy white paint to give it a modern touch. Be sure to paint the interior black to camouflage the wood. If you cut the bottom of the dresser to fit the fronts, the furniture will look incomplete when placed on the floor. To create a base, simply find a coffee table of the right size, cut its legs, paint it, and place it under the chimney.

### Instruction2:
To create a faux chimney using a dresser, remove the screws and drawer rails, leaving an open shelf. Use the best boards from the drawer sides, fill holes, and attach a new front board. Adjust the size of the boards to fit the opening and attach vertical drawer fronts on both sides. Lastly, paint the exterior white and the interior black, and place a modified coffee table underneath for support.",3.9348390102386475
037_58518,"### Instruction1:
Sperm can survive in your body for up to 5 days. Therefore, if you start having intercourse two or three days before your ovulation date, you should be able to conceive. For added safety, have intercourse every day or every other day during the second and third weeks of your cycle. Artificial lubricants can slow down or kill sperm. Encourage your partner to take time for foreplay. However, if you still need lubricant, choose a natural product, such as mineral oil or canola oil. Stress can disrupt your cycle. Relax and have fun. If your life is filled with unnecessary stressors, consider yoga or meditation. Dedicating even just 15 minutes of your day to stress relief can greatly help.

### Instruction2:
Sperm can survive for up to 5 days, so having intercourse a few days before ovulation can lead to pregnancy. For better results, engage in intercourse daily or every other day during the second and third weeks of your cycle. Avoid artificial lubricants as they may harm sperm; if needed, use natural options. Managing stress is crucial, as it can affect your cycle, so consider stress-relief activities like yoga or meditation.",1.986208438873291
037_62408,"### Instruction1:
You will get a more flattering angle by taking the photo from above. This will highlight your eyes and make your face and neck appear smaller. Photos taken from below can also give an impression of power, but they generally emphasize the chin and nose, which are not always flattering features. It's best not to take the photo too high up to avoid distortion. Hold the camera a bit away from your face and slightly above eye level, then take the photo. Look at your face in a mirror or on the camera (you can also take a selfie) and find the part of your face that looks darker, as it is farther from the light. Take the photo from your shaded side to create an artistic and slimming effect. This method may not work in bright sunlight. Instead of taking a traditional portrait, try capturing the photo in different ways. Here are some methods you could use: a profile photo, half of your face (right or left), a close-up of your eye, mouth, or cheek. The best photographers use a rule called the rule of thirds. This means your eye should be about one-third of the way down from the top of the photo and from one of the sides, making for a more interesting photo with a more flattering angle. The lens will distort anything that is physically close to it. A selfie, usually taken with the camera at arm's length, often makes the nose appear larger than it is, which not everyone likes. If you want to take a close-up photo, zoom in slightly with the camera and hold it away from you, or take a photo from farther away and crop it to give the impression it was taken up close. If your camera has a timer, place it on a stand, set the timer, and step away. The photo you will get will be much better. Even though the front camera is probably more convenient for selfies, there's a good chance the rear camera is of better quality and can take better photos. It's easier to see what you look like in a mirror, so you might place a mirror behind your camera or phone to better visualize the photo you are about to take. Make sure not to smile awkwardly! Although it's not always possible, it's best to ask someone to take the photo for you. You will be more focused on what you're doing and how you pose if you don't worry about holding the camera and taking the photo. Ask a friend to take a picture of you. They might tease you about it, but they might also ask you to take a picture of them. If you find yourself at an event or participating in an activity, ask someone else to take a photo of you (and with your friends if you're in a group). Just be sure that this person is trustworthy so they don’t steal your camera or phone.

### Instruction2:
To take a flattering photo, hold the camera above eye level and slightly away from your face. Explore different angles and positions, such as profile shots or close-ups. Use the rule of thirds for a more interesting composition. Consider using the rear camera for better quality and ask someone trustworthy to take the picture for you for a better result.",4.155299186706543
037_34121,"### Instruction1:
When your dog relieves itself, whether outdoors or indoors, give it a lot of attention and gentle pats. Say ""Good dog!"" Celebrate a little with the animal to help it understand that what it did is commendable and deserves encouragement. Once the dog finishes relieving itself, praise it immediately. Make sure your compliments are directly associated with the action the dog just performed. Otherwise, it might get confused about the true reason for the praise it is receiving. Do not adopt an aggressive tone with your dog while training it at home. You should not make it feel scared or anxious about going outside or relieving itself. Do not yell at your dog if it relieves itself accidentally. Be patient with it, as it is learning to follow your instructions. Do not shove its face into its feces. Do not shout at the animal or hit it either. If you are not kind and patient with your pet, it may eventually associate punishment and fear with the act of relieving itself. If you happen to catch your dog relieving itself accidentally, make a loud noise or clap your hands to startle it. It will stop immediately and you can then lead it to the chosen spot so it can finish.

### Instruction2:
Give your dog attention and praise when it relieves itself. Celebrate its actions to reinforce positive behavior. Be patient and avoid aggression or punishment during training, ensuring the dog feels safe. If the dog has an accident, make a loud noise to interrupt it and guide it to the appropriate spot.",2.2202134132385254
037_23955,"### Instruction1:
Upon your arrival, you will receive a form to fill out. On this form, you will need to provide accurate information about your medical history as well as any illnesses, injuries, or unusual conditions you have recently experienced. Please answer each question honestly and as precisely as possible. Be sure to inform the doctor or nurse of any medications you are taking, as well as any health information that may be important to verify. It would be a good idea to jot down key points of your medical history in advance, especially if there are important things you might forget. After these initial steps, you will undergo a quick examination to confirm that your heart rate, blood pressure, and hemoglobin level are normal. The specialist may also collect additional information such as your weight, height, gender, and age. They will then prepare you for the blood donation by positioning your arm and locating the injection site. A quick check is necessary to assess your physical condition and ensure that the donated blood comes from a healthy person. Let the technician know if you prefer to sit or lie down during the donation process. You will also need to specify which arm will be used for the procedure. Once you are ready, relax and make yourself comfortable. You will feel a small prick followed by a slight cool sensation as the process takes place. The donation process lasts between 8 to 10 minutes, during which a maximum of 480 ml of blood is collected in a bag. Find an activity to keep you entertained while the technician works. A book, smartphone, or MP3 player are excellent options if you want to stay still. If you do not have any of these arrangements, you can pass the time chatting with the technician or mentally going over your tasks for the day. However, the process will be completed before you realize it. Make sure that whatever activity you choose does not cause significant disturbances. You may be asked to keep your arm perfectly still during the blood donation. If you are sensitive to the sight of blood, focus your attention on something else in the room.

### Instruction2:
When you arrive, fill out a medical history form honestly. Undergo a quick examination to check your health, and inform the technician of your preferences for the donation process. Relax during the 8 to 10 minutes of blood collection, and engage in a quiet activity to help pass the time. Focus on something else if you are sensitive to blood.",3.1896462440490723
037_10609,"### Instruction1:
Genetic profiling is the main factor that determines the rate of beard growth (as well as its thickness), and there is nothing you can do to change that. While you can take steps to stimulate the process, you must primarily accept that your beard will grow at its own pace and in its own way. Some people say that regularly trimming the beard makes it grow faster; however, there is no proof that this is true. It is possible that regular shaving before growing the beard may stimulate the hair follicles, but again, the effectiveness of this method is not fully proven. Once your beard starts growing, just avoid touching it! Wet your face with warm water. If your beard hasn’t started growing yet, gently massage a mild facial cleanser onto your face. If it starts to come in, additionally apply a mild shampoo on the hair. Use clean cold water to rinse off the cleanser and shampoo, then pat your face dry with a soft towel. Follow this ritual every morning and evening. Regularly wash your face to remove dirt and oil from the hair follicles. This will promote growth. To determine if a cleanser is gentle enough for your skin, apply a small amount to your chin and wait 10 minutes. If you experience no signs of reaction (such as redness or irritation), you can safely apply it to the rest of your face. With your fingertips, press firmly (but not so hard that it hurts) on your face, then massage the beard growth area in circular motions. Try this technique for 10 minutes, twice a day. Once a week, wash your face as usual with the cleanser or mild shampoo, but rinse this time with warm water and do not dry your skin. Gently apply the exfoliant all over your face (including on all the hair), then rinse it off completely with clean water and pat dry. Exfoliation will help remove dead skin cells that prevent hair follicles from reaching their full growth potential. Before applying an exfoliant to your entire face, put a small amount on your chin for 5 to 10 minutes. If you feel no burning or irritation, it means you can use it safely. Although you should be cautious of products marketed as effective for stimulating beard growth, oils and beard conditioners do have some benefits. A soft and hydrated beard will grow slightly faster. Avoid beard oil if you have acne, as it may worsen your breakouts. In any case, you should use products that will improve the appearance of your beard, regardless of its growth rate. As with most home remedies, evidence of the effectiveness of these tips is at best limited. However, they are unlikely to harm you, and you can try one or both of the following recipes without concern. Prepare a fine paste from 15 ml of freshly squeezed lemon juice and 15 g of ground cinnamon. Apply it in a thin layer on your beard, leave it on for 20 to 30 minutes, then rinse before applying your usual facial cleanser. Use this paste 1 to 2 times a day, but stop immediately if irritation occurs. Mix 45 g of dried mustard leaves with 60 ml of amla oil until you get a smooth paste that you will apply in a thin layer on your beard. Leave it on for 15 to 20 minutes before rinsing and washing your face with your usual facial cleanser. You can store this paste in the refrigerator and use it daily for 2 or 3 days.

### Instruction2:
Genetics primarily determine how fast and thick your beard grows, and while you can encourage growth, acceptance is key. Regular trimming is believed to boost growth, but evidence is lacking. Once your beard starts growing, avoid touching it, cleanse your face with warm water, and use a gentle cleanser or shampoo. Create a daily routine that includes washing, rinsing, and exfoliating to promote growth. Be cautious with products that claim to stimulate growth; instead, focus on keeping your beard soft and hydrated. You can try homemade pastes with lemon juice and cinnamon or mustard leaves and amla oil to improve beard appearance, but watch for irritation.",5.308246374130249
037_9266,"### Instruction1:
Once you have installed Virtual DJ, open the software. You will first be asked to select a skin. Skins vary in complexity and give the program a different look. To start using Virtual DJ, choose the basic skin (default interface). Virtual DJ is a robust software that offers many possibilities, so you will need to familiarize yourself with it and explore its features. It is best to choose the clearest and easiest interface to manipulate. When you launch Virtual DJ for the first time, you will be prompted to select the folder containing your music. Choose the folders you want to add by navigating through your computer using the search bar, or on a Mac, using Finder. If you typically use iTunes, you can click on the iTunes music library file (iTunes.xml) found under My Music, iTunes Library. To begin, you must familiarize yourself with the three main areas of the program before you start playing your sound.

The active waveform. At the top of the screen (just above the decks), you can see a small rectangular window with waveforms (red and blue peaks and troughs) when you have loaded tracks. This window is dynamic, and the track scrolls from right to left inside, showing you the volume peaks. The small squares appearing under the waveform indicate the beats of the track that is or will be played. This way, you can visually follow the progression of the tracks and easily synchronize them when desired. This window is called the CBG (computer beat grid). When you perfectly align the red squares with the blue ones, the two tracks will be synchronized on the same beat (tempo). Load two tracks (one on the left deck and one on the right deck) by dragging them with your mouse from the directory on the left and have fun!

The decks. Called Decks, the virtual turntables represent physical turntables. Imagine you have two physical turntables in front of you. The right deck is red while the left one is blue, corresponding to the blue and red active waveforms you can see just above. The left virtual deck simulates a physical turntable, and when a track is played, a blue line (surrounding the deck) shows you the elapsed time and the time remaining before the end of the track. The right virtual deck is red and has the same functions as the left deck. Start a track, click on the deck playing it with the left mouse button, and move the mouse while holding the button down to listen to the result!

The mixer. The mixer placed between the two virtual decks allows you to make basic adjustments like changing the output volume, input (gain), bass, treble, and midrange, as well as balancing the sound more towards the right or left deck. Choose a folder containing tracks on the left side of the screen and click on it. You will see the tracks in that folder appear. You can select a track to play by dragging it with the mouse onto a deck or by clicking on the track title in the window under the mixer. Generally, the track will be added to the left deck, and the right deck is used for the next track. Click on the gear icon at the top right (settings). Here you can configure and customize Virtual DJ to suit your preferences for playback, mixing, and editing. Click on Settings and observe the available options. You will find options related to remote control, the internet, and skins. Click on Skins to access possible modifications. You can search online for new graphics and custom skins to change the appearance of Virtual DJ. Some skins are very nice, but others can sometimes make the software difficult to manipulate. You will find beautiful skins on the official Virtual DJ website. For Virtual DJ 7, click here, and for new skins for Virtual DJ 8, click here (right-click to open in a new tab). There are labels next to most of the software controls and buttons to make things easier and to make the software more user-friendly.

Play/pause. This button allows you to start a track and also to pause it. Stop. The function of this button is quite easy to guess, right? Beatlock. This feature allows you to lock the tempo of the track and synchronize other tracks to its beat. For example, if you want to scratch with the right (or left) deck, this function ensures that the track being played continues to scroll at the same speed. The beatlock function offered on Virtual DJ allows you to do things that are not possible with physical turntables. Pitch. This function allows you to temporarily or permanently change the tempo of a track. You have two ways to access it: using the two arrows next to the SYNC button (for a quick adjustment) or with the slider above these two arrows (for a permanent modification). This function allows you to perfectly synchronize one track with another in the middle of a mix. The keylock button above the slider allows you to change the speed of a track without changing its pitch. The Virtual DJ software has many users worldwide. Therefore, you will find many tips and valuable information online to learn how to use this program effectively. You will also find resources on YouTube and other websites.

### Instruction2:
To use Virtual DJ, begin by selecting a skin and loading your music folder. Familiarize yourself with three main areas: the active waveform for visual synchronization, the decks for playing tracks, and the mixer for adjusting sound settings. Load two tracks onto the decks, use the play/pause and stop buttons to control playback, and explore features like beatlock and pitch for advanced mixing. Customize the software settings and find additional skins online to enhance your experience.",7.352705955505371
037_22868,"### Instruction1:
If you want to change your relationship with your mother, don't be afraid to take the first step. If both of you wait for the other to make the first move, nothing will ever change. Sometimes, a change in a relationship requires personal change. For example, if your relationship with your mother is complicated because you have betrayed her trust, make an effort to become more responsible and regain her trust. The longer you wait to resolve conflicts, the worse the situation will get, which is why you need to address your problems as quickly as possible. Some things are not worth arguing over; don’t let them harm the healthy relationship you are trying to build. If you feel like starting an argument with your mother, take a moment to ask yourself if it would be better to let it go. This is usually the best strategy for small, inconsequential matters. For example, if you and your mother disagree on the type of celebration you want to organize for your father's birthday, you should simply let it go. Don’t just dismiss issues that aren’t important to you. For instance, if you and your mother disagree about your college studies, you should not disregard her opinions to avoid conflict. Whatever the issues between you and your mother, try to see the situation from her perspective and understand how she might feel. Empathy will help you move past your past disputes and let go. Always take the time to ask why your mother feels the way she does. Remember that her different life experiences may have influenced her opinions. You will feel more empathy for your mother by trying to understand her point of view. It is important not to forget that your mother is a human being who makes mistakes, just like you. Don’t expect her to be perfect. Whatever has happened between you and your mother in the past, you have the power to forgive her. This doesn’t mean you accept what she did, but rather that you want to move on and not let those past mistakes interfere with your present relationship. If you want your mother to know that you forgive her for something she did, tell her directly. For example, you could say, “I want you to know that I felt really hurt when you said those negative things about my boyfriend, but I forgive you, and I’d like us to move on.” Try not to bring up past disputes during current arguments. You can also encourage your mother to forgive you. If your mother says or does something that hurts you, it's important to tell her how you feel. This allows for discussion and resolution before it escalates into a major argument. When doing this, avoid insulting her or accusing her of anything. By using first-person phrases, you will keep the focus on your feelings rather than her actions. For example, you could say, “I feel like I disappoint you when I say such things,” instead of saying, “You never appreciate the things I do for you.” If your mother explains that something you said or did hurt her, it is important to understand that and try to correct the problem. If you and your mother cannot repair your relationship on your own, you should consider consulting a therapist together. A neutral third party can help you understand the obstacles preventing you from having the relationship you desire with your mother.

### Instruction2:
To improve your relationship with your mother, take the initiative to communicate and resolve conflicts. Personal change may be necessary, especially if trust has been broken. Address issues quickly to prevent them from worsening, and practice empathy by understanding her perspective. Avoid arguing over trivial matters and focus on meaningful discussions. Communicate your feelings without accusations, and if needed, seek professional help to navigate your relationship effectively.",4.778085947036743
037_55885,"### Instruction1:
To create roses, cut large circles out of your piece of felt. Choose the color you want and consider using some shades of green felt to make the leaves of the flowers.

### Instruction2:
Cut large circles from felt to make roses, selecting your desired color and possibly green felt for the leaves.",0.7798459529876709
037_21908,"### Instruction1:
Use a small amount of water to facilitate the process. This baking soda method allows you to dip the colored strands directly into the solution, instead of pouring it over the hair. Therefore, make sure you have enough water to submerge the hair in a container. Heat the water until it reaches boiling point. The water will fizz vigorously when the baking soda starts to dissolve, and this reaction is completely normal. Place it on the countertop near the sink. Do not dip your hair into the pot while it is still on the heat. Let it sit for about a minute. The water will continue to fizz and will take on the color of the Kool-Aid you used for your hair. Pour the baking soda solution down the sink and rinse immediately. Also, rinse your hair with hot water under the tap. If your hair becomes too tangled or continues to fizz, wash it in the shower with shampoo. At this stage, the Kool-Aid is completely removed.

### Instruction2:
Use a small amount of heated water with baking soda to remove Kool-Aid from hair. Dip colored strands into the solution, let it fizz for a minute, then rinse hair thoroughly with hot water or shampoo if necessary to eliminate any remaining color.",1.8234636783599854
037_31351,"### Instruction1:
Volunteering is much better when done with people you love. Have a good time and be aware that your good deeds help the planet. This will help you feel good while having fun. Do it for a few hours each week at a shelter. You can play with the animals and help them. Get involved and become a Big Brother or Big Sister with your friends to do activities with your little brother or little sister and their family. Provide some services at the soup kitchen or food bank with your friends. If possible, try to make a donation as well.

### Instruction2:
Volunteering is more enjoyable with loved ones, and it contributes to the planet's well-being. Spend a few hours weekly at a shelter, play with animals, and engage in community activities with friends and family. Consider helping at a soup kitchen or food bank, and make donations if you can.",1.4519245624542236
037_50768,"### Instruction1:
The default theme examples you will find on your Xbox are ""Spectrum,"" ""Day,"" and ""Night."" Your Xbox will now display the new theme.

### Instruction2:
The Xbox has default themes called ""Spectrum,"" ""Day,"" and ""Night,"" and it will display the selected new theme.",0.757286548614502
037_42405,"### Instruction1:
For example, you might think that ""you can't accomplish something"" and you tell yourself ""I will surely fail"" or ""no one will pay attention to what I say."" This discouraging and unnecessary inner voice will prevent you from having confidence and a high opinion of yourself. When a negative thought crosses your mind, turn it into a positive thought. You can achieve this by using positive affirmations, such as ""I will try,"" ""I will certainly succeed if I put in the necessary effort,"" or ""people will want to listen to me."" Start by examining a few positive thoughts each day. Also, strive to give positive thoughts more space in your brain than you do for negative thoughts. This exercise will become increasingly natural over time. To maintain a good morale, stay connected with your loved ones, meaning family members and friends. Additionally, avoid demoralizing people or situations. A so-called friend can have a bad influence on you if they continually make negative comments or unjustified criticisms. A family member, even if well-intentioned, can also undermine your self-confidence if they give you advice on what you should have done in a given situation. When your attitudes become more positive and you take the necessary steps to achieve your goals, you will find that these defeatists will redouble their efforts to demoralize you. As much as possible, limit your contact with these people while you build your self-confidence. Take time to reflect to enrich your life and surround yourself with comforting and encouraging people. Avoid dwelling on things that can undermine your joy of living. This can include bad memories, clothing you can no longer wear, or places that do not foster your self-improvement. If you can't eliminate the negative sources that spoil your life, at least think about how to limit the damage. This way, you will develop your self-confidence more easily. Give yourself time to examine all the elements that demoralize you, including friends, a job that no longer interests you, or almost unbearable living conditions. Everyone excels at something. Therefore, determine the activities in which you are exceptional, and then strive to improve your talents. Allow yourself to be proud of your accomplishments. Be imaginative, whether in art, music, writing, or dance. Find an activity you love and cultivate a talent related to that activity. Additional activities and interests will make you more confident. Moreover, they will increase your chances of meeting true friends. By engaging in your favorite activities, you will gain confidence, as you will benefit from a therapeutic effect and feel satisfied and happy. Don't hesitate to be proud of your talents or skills and think about the things that promote your growth. This can include your sense of humor, your empathy for others, your listening skills, or your ability to overcome fatigue. You probably think you have nothing admirable, but if you dig deep, you will realize that you have several exceptional qualities. Write them down so you can reflect on them later. Many people with low self-esteem struggle to accept a compliment. They think that the person is mistaken or lying. If you respond to a compliment by rolling your eyes and saying ""yeah, okay"" or shrugging, you will need to rethink how you react. Take the compliment you receive to heart and respond positively. A good attitude is to thank with a smile. Show your interlocutor that you appreciate their compliment and strive to fully value it. You can include the compliment among your qualities and use it to strengthen your self-confidence. Studies related to what is called facial feedback have shown that facial expressions can actually prompt the brain to register or reinforce certain emotions. Thus, by looking at yourself in a mirror and smiling every day, you can feel happier and more confident in the long term. This will also help you be more content with yourself and accept your appearance. Other people will likely return your smile. So, in addition to your happiness, the reaction you receive will also help strengthen your self-confidence.

### Instruction2:
The text discusses the impact of negative thoughts on self-confidence and offers strategies for fostering a positive mindset. It suggests using affirmations to counter negative thoughts, maintaining relationships with supportive individuals, and avoiding demoralizing influences. The text emphasizes the importance of recognizing personal strengths and talents, engaging in enjoyable activities to boost confidence, and accepting compliments positively. By cultivating a positive attitude and surrounding oneself with uplifting influences, individuals can enhance their self-esteem and overall happiness.",5.850448846817017
037_55938,"### Instruction1:
Cricket requires specific and appropriate equipment to play properly. The minimum requirement includes six stumps (posts), four bails (wooden pieces that sit on top of the stumps), two cricket bats, and a ball. Most teams also wear appropriate uniforms and safety equipment for the wicketkeeper. The stumps and bails are wooden pieces assembled together to create what is called the wicket, one of the most important objects in cricket. The setup of the wickets is explained in detail at the end of this section.

The cricket bat is a large willow bat, flat on one side and rounded on the other to ensure its strength. The ball should be struck with the flat side of the bat for more power.

The cricket ball resembles a baseball in size and composition, but it is divided into two hemispheres stitched together, similar to a tennis ball. It is traditionally red, with a white seam. Nowadays, it can also be white for better visibility during important matches.

The cricket uniform consists of long trousers, a shirt (short or long-sleeved), and a pair of shoes. Most cricket players wear spikes for better traction on the field, although this is not mandatory. In matches with a traditional red ball, the uniform is generally white or cream, while colored uniforms are reserved for matches with a white ball.

The wicketkeeper (a ball catcher) can wear safety equipment similar to that of baseball catchers: a pair of gloves, leg pads, and a helmet. Other field players are not allowed to wear safety gear.

Cricket is played on a large oval-shaped field. At the center of the field is a rectangular area called the pitch. The boundaries of the field should be clearly marked by a line. The pitch is where the bowler delivers the ball to the batsman of the opposing team. The length of the pitch must be 20.12 meters with a width of 3.05 meters.

A cricket field is typically oval, although no specific shape is mandated by the rules of the game. The pitch is divided into several segments by lines called creases. There are four in total: The popping crease, sometimes called the batting crease, marks the limit from which the batsman is no longer safe and can be out (for example, when one of the wickets is broken by the opposing team during a run, this is called a run out).

The two return creases are parallel lines along the longest side of the pitch, located on each side from a popping crease to the end of the pitch. The white lines closing the pitch are called the bowling creases. They are parallel to the popping crease and are located between the two return creases, dividing the playing area into two rectangles on either side of the popping creases. The bowler may stand on or behind this line before delivering the ball. Each end of the pitch is marked by lines (creases), leaving a rectangular area between them at the center of the pitch. Outside these ground limits, the rest of the cricket field is unmarked. A wicket consists of a structure made of three wooden posts, called stumps, driven into the ground, with two small sticks called bails sitting on top of each pair of stumps (left-middle and middle-right). In most cases, if a bowler's ball hits a wicket and knocks off a bail, the batsman facing the delivery is out. Defending the wickets is therefore an important part of the offense. The three stumps must measure 71.1 cm in height (above the ground) and are spaced 22.86 cm apart.

The wickets are positioned so that the central stump is at the center of the bowling crease, and the other two stumps are equidistant from each other along the line. A wicket is placed in each bowling crease, totaling two wickets on the pitch. The batsmen stand in front of the wicket they are defending during the game.

### Instruction2:
Cricket requires specific equipment, including stumps, bails, bats, and a ball, along with appropriate uniforms and safety gear for the wicketkeeper. The game is played on an oval field with a rectangular pitch in the center, where the bowler delivers the ball to the batsman. The pitch has designated creases that define safe areas for the batsman. Each wicket consists of three stumps and two bails, with the stumps measuring 71.1 cm in height. Players must defend their wickets during the game.",5.983656406402588
037_10843,"### Instruction1:
Benzoyl peroxide is similar to hydrogen peroxide in that it acts as an antibacterial agent and reduces excess sebum. Salicylic acid reduces inflammation and unclogs pores, which helps to combat and eliminate pimples. Benzoyl peroxide and salicylic acid are the main active ingredients in topical treatments (like creams or lotions) or cleansers specifically designed to treat acne. You can find these products over the counter at your nearest pharmacy. Be patient, as it may take 6 to 8 weeks before the treatment effects become visible. If nothing changes after 10 weeks, try something else. Lemon juice acts as an antibacterial and an exfoliant. It not only eliminates the bacteria responsible for acne but also removes excess sebum and dead skin on the face. Lemon juice also acts as a natural bleach that, over time, lightens acne scars. After washing your face as usual, apply 1 to 2 teaspoons of pure lemon juice to the affected areas using a cotton ball or swab. Leave it on for 30 minutes. If you apply lemon juice before bed, let it dry and go to sleep. If you do it during the day, rinse the juice off with cold water. Once your face has dried, apply your usual facial moisturizer. Be careful when using lemon juice on open wounds, as it may cause stinging on your face. Due to the lightening properties of lemon on the skin, you should avoid this method if you have naturally dark skin. Tea tree oil is an effective natural substance against the bacteria responsible for acne. It is gentler compared to most other acidic treatments. You can apply pure tea tree oil directly to your pimples after washing your face, or you can mix it with either aloe vera gel or honey to create a cream to apply to the pimples. Make your own exfoliant by mixing ½ cup of sugar, 1 tablespoon of honey, ¼ cup of olive oil or sesame oil, and 10 drops of tea tree oil. Once mixed, apply it to your skin and scrub for 3 minutes to exfoliate. Finish by rinsing with hot water. For some acne-prone individuals, tea tree oil can be very irritating. Test it first on a small area of skin before applying it to the rest of your face. Do not use it if it causes irritation. Baking soda is a very effective and particularly affordable natural exfoliant. You can mix it with hot water to create a paste that you will apply to your face as a mask for 15 minutes. Before rinsing, gently scrub your skin to remove excess sebum and dead cells. You can also add a teaspoon of baking soda to your non-exfoliating facial cleanser before washing your face. Baking soda will give exfoliating properties to the cleanser.

### Instruction2:
Benzoyl peroxide and salicylic acid are effective in treating acne by acting as antibacterial agents and unclogging pores. Products containing these ingredients are available over-the-counter, but it may take 6-8 weeks to see results. Lemon juice can also help by eliminating bacteria, reducing excess oil, and lightening acne scars. Tea tree oil is another natural treatment for acne, while baking soda serves as an affordable exfoliant.",4.318091154098511
037_51468,"### Instruction 1:
This conversation will not be easy, and you would do well to note the reasons why you want to end this friendship or even write a script for the discussion. Since you will want to hurt this person as little as possible, make sure to present these reasons tactfully and not to accuse them of how your relationship has turned out. You might also want to discuss what you will say with another close friend, a parent, or a sibling. Just ensure it is someone who can keep a secret. If your friend hears from someone else that you no longer want to be their friend (or worse, from multiple people), they will be very affected. If this person was one of your close friends, you owe them an explanation and should also give them the chance to respond, rather than just cutting ties via email or text. Be direct (without being unkind) and don’t make up a flimsy excuse, or this person will always wonder what went wrong. Choose a calm and private enough place for your friend to react without embarrassment (they might want to cry, for example). Avoid having this discussion in the cafeteria, for instance. It’s very easy to misinterpret a letter or an email. Therefore, try to talk to your friend in person or at least over the phone. Additionally, they might show your letter or email to others. Try to be kind while remaining firm. Don’t say, ""You know, you’ve become a real nuisance, and our friendship is over."" Instead, say something like, ""Our friendship has become a very negative energy in my life, and I think it would be best if we are no longer friends."" Your friend may have grievances or questions for you. They might become defensive, shout, get angry, or cry. They have the right to express their feelings (unless they become violent, in which case, leave immediately). In the end, both of you will feel better after having said what you needed to say, even if it is difficult at the moment. Your friend may feel terribly guilty for acting as they did and may want to do everything possible to save your friendship. If you want, you and your friend could still patch things up. If your friend tries to start an argument, don’t fall into the trap. Don’t get involved in a dramatic scene. Even if they call you names, don’t respond. Stay with your friend until they feel better. Your friend may take your announcement very hard, and you might need to stay by their side until they have regained enough composure to be alone.

### Instruction 2:
Prepare for a difficult conversation about ending a friendship by noting your reasons and possibly scripting the discussion. Approach the conversation tactfully, avoiding blame. Choose a private setting and communicate directly, allowing your friend to express their feelings while remaining calm. Be kind but firm in your message, and stay with them until they feel better.",6.6800456047058105
037_23334,"### Instruction1:
Bloating is caused by the accumulation of gas in the stomach and intestines. This leads to various symptoms, ranging from excess gas to frequent belching and abdominal rumbling. You may notice swelling or distension in your abdomen. You might also experience abdominal pain, which can vary from mild to intense or dull to sharp. Sometimes, passing gas or having a bowel movement can relieve this pain. Many factors can cause bloating, such as excessive air and gas ingestion, smoking, constipation, lactose intolerance, or overeating. Generally, most of these factors can be managed without medical intervention. If you are unsure of the cause of your bloating, consult your doctor. Common conditions that often cause bloating include irritable bowel syndrome (IBS), gastroesophageal reflux disease (GERD), celiac disease, and small intestinal bacterial overgrowth. Other rarer conditions can also lead to bloating. Serious disorders that can cause bloating include ascites, tumors, celiac disease, dumping syndrome, ovarian cancer, and pancreatic insufficiency. For these conditions, your doctor may prescribe medications that will vary depending on the issue and its severity. Always follow your doctor's instructions regarding prescription medications. Your bloating should subside after 1 or 2 days with appropriate food or medical treatment. If it is not a serious case, it will eventually resolve on its own. However, some situations require medical attention. If your symptoms do not improve within 2 weeks following medical treatment, consult your doctor immediately. Do the same if you experience intense pain that prevents you from resuming daily activities or persists for days; you have acute diarrhea; you are vomiting; you see blood in your stool or notice a significant change in the frequency or color of your stool; you experience unexpected weight loss; or you feel chest pain.

### Instruction2:
Bloating is caused by gas in the stomach and intestines, leading to symptoms like abdominal swelling, pain, and gas. Various factors, including poor eating habits and certain medical conditions, can cause bloating, which is usually manageable without medical help. However, if symptoms persist for more than 2 weeks or if severe symptoms occur, medical attention is necessary.",4.888190269470215
037_47952,"### Instruction1:
Do not let your leg bear your weight and walk as little as possible. Keep your knee above the level of your heart while lying down. Raise your knee and foot by placing them on pillows or on the armrest of a chair. Use crutches if you feel pain when extending your leg or bearing weight on it. If you need to use the crutches for more than a few days, consult a professional, as it may be a problem requiring specific care. Apply ice directly to the swollen part of the knee for 10 to 20 minutes. Do this three times a day to reduce swelling. You can also use an ice pack or a bag of frozen vegetables like peas instead of ice. If you have an injury that caused swelling, avoid applying heat. This includes warm compresses, hot showers, and saunas. Wrap your knee in an elastic bandage to compress it. This will help reduce swelling. Try an elastic bandage with a fastening that keeps the bandage in place without using clips. You can get a compression bandage at any pharmacy. However, be careful not to wrap it too tightly. If you experience numbness, tingling, increased pain, or if your knee changes color, the bandage may be too tight. A gentle massage may help increase blood flow to your knee. If it hurts, avoid massaging that area. You can try an anti-inflammatory medication such as aspirin, acetaminophen, naproxen, or ibuprofen, which are non-steroidal anti-inflammatory drugs (NSAIDs). When taking these types of medications, make sure to follow the recommended dosage. You can also try applying a local analgesic. Ask your pharmacist for advice on how to apply it correctly. You might try using a lidocaine patch for pain relief.

### Instruction2:
Avoid putting weight on your leg and limit walking. Keep your knee elevated. Use crutches for pain relief. Apply ice to the swollen area and wrap the knee with an elastic bandage for compression. Consider anti-inflammatory medications for pain management and consult a pharmacist for proper application of topical analgesics.",5.045516014099121
037_24500,"### Instruction1:
Pornography and sex are complex topics, and there is no consensus among psychologists and medical experts on whether the effects of porn or a pornography-related habit can be classified as an addiction. That said, the warning signs below will alert you that your pornography habit should be taken seriously: you find it difficult to stop watching pornography, you lie about the number of pornographic films you watch, your relationships, job, or studies are neglected in favor of pornography, and you prefer watching a pornographic film rather than having sex. Keep a journal to note every time you have a strong urge for pornography or have watched it. Describe the scene that preceded this urge, including your mood, what you were doing, and how you felt that day. Stress, lack of sleep, friends who use or talk about it, or easy access to pornography are among possible triggers. Avoid all triggers as much as possible. If watching a suggestive advertisement on TV is your trigger, avoid programs that might contain such content. If your route to campus is a trigger, take a different way. If you cannot reasonably avoid a trigger, think ahead about how to counteract its effects on you. If the trigger is unavoidable, make a psychological plan in advance for what you can do in that situation. Imagine yourself ignoring the trigger, think about what to have for dinner instead, or leave the computer and go outside. Have distraction items with you like a good book or a collection of puzzles. If you are sexually frustrated or bored with a romance, try to start a new relationship or have more casual sex. If you are attempting to stop watching porn due to its unrealistic representations of sex and bodies or how it teaches you to treat sexual partners, consider watching unconventional porn that addresses these concerns, such as videos that have won awards at the Feminist Porn Awards. If your attempt to stop watching porn proves difficult or causes too much stress in your life, seek the advice of a professional therapist and read the 12-step method. Therapy is particularly important if you have experienced past sexual or physical abuse or have suffered from depression or anxiety. If you have an unsatisfying sexual relationship with a partner, consider attending support meetings to find a solution together. A study has shown that even ordinary relationship counseling can improve sexual relationships.

### Instruction2:
The text discusses the complexities of pornography and its potential addictive nature. It highlights warning signs that indicate a problematic habit, suggests keeping a journal to track urges, and identifies triggers that should be avoided. Strategies for counteracting these triggers are provided, including distraction techniques and considering unconventional porn that addresses unrealistic portrayals. It emphasizes the importance of therapy, especially for those with past traumas or mental health issues, and suggests seeking support for improving sexual relationships.",3.654468297958374
037_10329,"### Instruction1:
A Tornado Detector is used to detect a tornado. Build it using your crafting table: In the first row, from left to right, place Iron, Redstone, Iron. In the next row, place Redstone, Gold, Redstone. In the last row, place Iron, Redstone, Iron. A Tornado Siren will alert you when a tornado is about to occur. To build a Tornado Siren, open your crafting table and place the following items. In the first row, from left to right, place Iron, leave empty, Iron. In the next row, place Redstone, Gold, Redstone. In the last row, place Iron, leave empty, Iron.

### Instruction2:
To create a Tornado Detector, arrange Iron and Redstone in a specific pattern on a crafting table. For a Tornado Siren, use Iron, Redstone, and Gold in another specific arrangement. The siren will warn you of an impending tornado.",2.5355308055877686
037_42042,"### Instruction1:
Clear the room. Keep only what you use. If you haven’t touched something in over a year, throw it away. Add wall shelves to free up floor space and use tables or ottomans with storage compartments. Add shelves or hooks in the closet. Place small items in baskets or boxes on the shelves. A desk may not be necessary. Add a hook to the back of your door for coats and accessories. Buy a bed with storage. A bed with alcoves or high enough to store boxes underneath is perfect for saving space. If you want, you can add a bed skirt to hide the boxes. Either keep your wall shelves and pictures near the floor or move them closer to the ceiling. Don’t place anything in the middle, as it will divide the height of the room. If you place pictures on the walls near the floor, they will make the ceiling appear taller. Alternatively, placing wall shelves nearer to the ceiling will have a similar uplifting effect. The ceiling is one of the largest spaces in your home and the least used. Although it’s not always possible, you can hang objects or paint your ceiling to create more open space. If you have bicycles, you can hang them from your ceiling using a pulley system, which will free up a lot of floor space. Choose a color slightly darker than the rest of the room to draw attention to the ceiling. Wallpaper on the ceiling creates an illusion that draws the eye upward and makes the room feel larger. Minimize hanging lights. A hanging light can attract attention, but too many lights will make your ceiling feel lower. Opt for more floor lighting.

### Instruction2:
To maximize space in a room, declutter by keeping only essential items and discarding anything unused for over a year. Utilize wall shelves and furniture with storage. Organize small items in baskets and avoid unnecessary desks. Install hooks for coats and choose a bed with storage options. Position shelves and artwork to enhance the room's height perception, either low or high, and consider using the ceiling for storage. Hang bicycles with a pulley system, opt for a darker ceiling color, and minimize hanging lights for a more spacious feel.",5.044284343719482
037_39836,"### Instruction1:
If there is a red underline under a word, it means that the word is misspelled. If there is a green underline under a phrase, it means that the expression or phrase is grammatically or syntactically incorrect. You are not required to run the Grammar and Spelling tool. These markers should appear automatically if you make a mistake. Many versions of Word automatically correct misspelled words, but you may need to correct mistakes yourself. There should be a small book-shaped image at the bottom of the page, near the lower left corner. If there is a check mark on it, it means there are no errors in the document. If there is a red X, click on the book. The program will display the various errors and suggested corrections. When you right-click on the word underlined in red or the phrase underlined in green, a menu appears to offer you actions and suggestions. You should see a list of ""correct alternatives"" for your word or phrase. You will also have the option to Ignore or Ignore All. For example, if you write ""lavion,"" Word will suggest correcting the word to ""l'avion,"" but also to ""lavions"" and ""avion."" Click on the suggestion that seems correct, and the program will automatically replace the misspelled word with its correct counterpart. If you have doubts, do an online search to find the correct spelling of the disputed word. Take note of the words you often struggle to spell. Try to learn from your mistakes to make fewer errors. Make the decision to improve your spelling and try to catch up when you make mistakes. If you find it difficult, use flashcards or an app with flashcards to practice spelling words correctly.

### Instruction2:
Red underlines indicate misspelled words, while green underlines signal grammatical errors. You don't need to run the Grammar tool; errors will be marked automatically. A book icon at the page's bottom shows the document's error status, with a check for no errors and a red X indicating issues. Right-clicking an underlined word provides correction options. You can choose suggested alternatives or ignore them. Track frequently misspelled words to improve your spelling and practice using flashcards or apps.",4.680016994476318
037_32144,"### Instruction1:
When a counselor seeks advice from one of their colleagues, they must not share any personal information about the client. The details shared should not allow for the identification of the client. Furthermore, only necessary and relevant information for obtaining advice should be provided. When discussing cases with family or friends, alter the details that could identify the clients. Change the facts so that the client remains unidentifiable. All discussions regarding clients should take place in a private setting. If you need to take an urgent call, make an effort to go to a secluded place where you can speak freely. The client may not want everyone to know that they are consulting you. Do not approach them in public unless they signal you first.

### Instruction2:
Counselors must keep client information confidential and not disclose identifying details when seeking advice from colleagues. Any discussions about clients should occur privately, and if urgent communication is necessary, it should happen in a secluded location to protect the client's privacy. Avoid public approaches to clients unless they initiate contact.",2.265814781188965
037_61521,"### Instruction1:
You already have his number, congratulations! The hardest part is over. Leave a simple yet intriguing first message. Inquire about him. People appreciate those who show interest in them. Ask him how his day went, if he watched the latest episode of a series you both follow, if he finished his English homework—all the things you know he might be thinking about. If you know what you have in common, talk about it! Do you both play a sport or an instrument? Do you share a common circle of friends? This way, you’ll have something to respond to, which will fuel the conversation. Use emoticons. With text messages, it's hard to be sure of someone's intentions. Emoticons soften whatever you choose to say. A smiley indicates that you mean your words in a positive sense, while a wink is a definite sign that you’re flirting. Responding within seconds to all his texts can make it seem like you're just waiting for his messages. While it's okay occasionally, it's better to keep yourself busy with other things as well. Go about your day normally. It’s not a good idea to make him wait. Don’t leave him hanging; just reply to his texts as you would to any of your friends. After the conversation has started, find a moment when it feels natural. “Did you talk to David? Did he tell you that I like you? Well, it’s true.” “Haha! I really like you. Are you going with someone to the game on Friday?” Whatever his response, don’t jump to conclusions. Breathe first and then respond. If he seems hesitant, don’t press him. He might need a moment to think. Continue the conversation; don’t suddenly drop it. If a few days go by and he doesn’t make any move to explain, bring it up again in a similar way. If he says no, try to lighten the mood. He probably feels uncomfortable too. “Oh, that’s cool. I just wanted to make sure you knew. But you can’t borrow my highlighter anymore!” “I understand. I have a lot to do too. I just started a new activity!” If he says yes, find a moment to hang out. Don’t jump in your car to go to his house or start looking for names for your future children. Just arrange to see each other over the weekend.

### Instruction2:
After getting his number, send a simple and engaging first message asking about his day or shared interests. Use emoticons to convey friendliness and avoid responding too quickly to maintain interest. When the conversation flows, express your feelings casually and gauge his reaction without pressure. If he hesitates or declines, keep the atmosphere light and friendly. If he agrees, plan a casual meet-up for the weekend without rushing into anything serious.",3.7447640895843506
037_17648,"### Instruction1:
Do not hit the ""snooze"" button, do not linger in bed, and do not watch television at the start of your day. You probably did not allow for 10 to 15 extra minutes in bed when you decided what time you needed to get up to be on time for your appointment. By getting up late, you initiate a chain of delays throughout your day. Those few extra minutes in bed will push all of your tasks later. Therefore, get up as quickly as possible. Stretch, splash cold water on your face, and brush your teeth right away to wake up your body. If you find it hard to get up on time, it may be because you are going to bed too late. Try going to bed earlier than usual and see if that helps. Going to bed early often makes it easier to wake up in the morning and be productive throughout the day. Unless you are sure otherwise, assume you need 8 hours of sleep per day. For example, you might think it takes 15 minutes to shower and assume that if you start at 6:30 AM, you will be done by 6:45 AM. But what about the time before and after the shower? It’s quite possible you actually spend 20 or even 30 minutes in the bathroom, which is why you never leave on time. Think about the things you do every day and try to estimate as accurately as possible how long they take. Time yourself over several days for the duration of certain tasks. Use a timer and record your times throughout the week. Then average them to know how much time you will need to prepare in the morning. What activities prevent you from leaving home on time? You might not even realize how much time you lose when you open your email, spend too long fixing your hair, or stop for coffee on the way to work. Once you identify the time-wasting activities, try to change your habits. For example, if you stand while checking your email, you will avoid browsing the internet for an hour. If it’s 8 PM, set your watch to 8:05 or 8:10, so you always have a bit of leeway. Forget this detail, because if you think about it, you might say to yourself, ""I can wait 5 more minutes..."" For instance, if you need to leave home at 8 AM, tell yourself, ""At 7:20, I start showering."" ""It’s 7:35, I need to brush my teeth."" This will help you stick to your allotted time. Establish a detailed schedule to develop these good habits. Consider printing this schedule so you can refer to it in the morning. Post it in your bedroom, office, kitchen, and other places where you can easily see it. You might often be late because you plan to back-to-back appointments without giving yourself time to get from one place to another. Review your schedule and ensure that activities are separated by several minutes, so you have time to rest, eat, move around, and accomplish everything you need to between appointments. If you tend to daydream and lose track of time, you probably need more clocks in your life. If you don’t like wearing a watch, keep your phone handy at all times. Wall clocks easily catch your attention and help keep you on track. Ensure all your clocks and watches are set to the same time to avoid confusion. Use timers, alarms, and reminders throughout the day. For example, you could set your phone to vibrate or ring 10 minutes before you need to leave for your next class or appointment. Some people intentionally set their watches a few minutes ahead to always be on time. You might try this technique and see if it works for you. However, many of these people eventually realize that by knowing their watch is ahead, they grant themselves extra time and still end up being late. Knowing the actual time will help you stay grounded and be on time.

### Instruction2:
Avoid hitting the snooze button and getting distracted in bed. Get up quickly, stretch, and refresh yourself. Analyze your daily routine to estimate how long tasks take. Change habits that waste time and establish a precise schedule. Use timers and alarms to help with time management.",9.074025392532349
037_25657,"### Instruction1:
The image set of a quadratic function, whose graph is a parabola, is of the type ]−∞,s] or [s,+∞[, where s is the y-coordinate of the vertex. The image set of a rational function is of the type ]−∞,r[ or ]r,+∞[, where r is the x-value that nullifies the denominator (x=r is the equation of the asymptote). For a root function, its image set is of the type [c,+∞[, where c is a constant of the function. Not all parabolas have their vertices on the x-axis. Nevertheless, the image set is always determined by the y-coordinate of that vertex. If a parabola has its vertex at y=-4 and opens upwards, its image set is [-4,+∞[. It is quite useful to use a curve plotter or a graphing calculator to quickly obtain the graph. If you do not have a graphing calculator, make your coordinates on a sheet, plot the curve by placing some points. If two or three points are not enough, add more until you can guess the general shape of the curve. Your graph is drawn, and normally, you should clearly see what the lowest point of the graph is. If this is not the case, then the function tends towards −∞. The image set of a rational function is often ℝ minus the root (r) of the denominator polynomial and is presented in the form ]−∞,r[ ∪ ]r,+∞[. Your graph is drawn, and normally, you should clearly see what the highest point of the graph is. If this is not the case, then the function tends towards +∞. The notation of the image set follows exactly the same presentation rules as that of the domain of definition, with inclusive or exclusive brackets, commas, and the symbol ∪ (union) in the case of distant intervals. The image set [-2,10[ ∪ ]10,12] means that f(x) can take any value in these intervals, including 2 and 12, except for f(x)=10. For limits at +∞ and −∞, the brackets are always exclusive (]−∞ and +∞[).

### Instruction2:
The image set of a quadratic function is determined by its vertex, while a rational function's image set excludes the root of the denominator. A graph can be plotted to visualize the function, and the notation for the image set follows specific rules, indicating which values are included or excluded.",5.1298627853393555
037_58710,"### Instruction1:
Your garland is made up of an alternating pattern of two characters. You can create a more complex garland by drawing more elaborate characters and shapes while ensuring that all your elements are connected to each other.

### Instruction2:
A garland consists of two alternating characters, but you can make it more complex by adding intricate designs and ensuring all parts are connected.",1.2994654178619385
037_33400,"### Instruction1:
You should perform this operation twice a year. By regularly renewing the joints, you reduce the risk of mold settling in your bathroom. Use a penetrating sealing product that covers the cement between the tiles while allowing moisture to escape. With this type of product, you will protect the cement from cracking. Remove any impurities that may be embedded on the surface of the cement to apply the sealing product directly onto it. Clean the cement well before applying the sealing product. You can use bleach to whiten it as mentioned earlier. Make sure to let the cement dry well after cleaning it. Ensure that the bathroom is well-ventilated. Open a window or skylight, leave the door open, or run a fan if necessary. Apply the sealing product with its applicator brush or a sponge. Coat the cement with the product moving from left to right and from top to bottom to always know what has already been done. Remove any excess sealing product within 10 minutes of application, before it dries.

### Instruction2:
Renew bathroom joints twice a year to prevent mold. Use a sealing product that allows moisture to escape and protects against cracking. Clean the cement thoroughly, potentially using bleach, and ensure it dries well. Ventilate the bathroom and apply the sealing product methodically, removing excess within 10 minutes.",3.3711743354797363
037_24252,"### Instruction1:
Proper cleaning after use will eliminate stains that moths seek. Wash all your clothes, including synthetic ones. Remove lint from your pockets, as well as sweat, perfume, and drink stains during your usual washing routine. Then, dry them in a dryer to kill any larvae or eggs present in the garments. Do not apply starch to the clothes before storing them, as it can serve as food for moths. Moths cannot enter sealed boxes or plastic bags, regardless of the stains on the clothes. Storing clean outfits in these containers is an excellent way to protect them without relying on toxic mothballs. Some people claim that cedar scents and chests are effective. However, scents do not work, and chests are only effective because they act as airtight containers. Take out clothes that you haven’t stored in containers once or twice a month. Place them in the dryer. Alternatively, expose them to sunlight for a few hours. The heat will neutralize moth eggs. After exposing them to heat once or twice a month, remove any remaining insects. Shake the clothes well or brush all sides to remove any hidden larvae and eggs.

### Instruction2:
Clean clothes properly to prevent moths. Wash all garments and dry them to eliminate larvae. Store in sealed containers, avoiding starch, and expose clothes to heat or sunlight regularly to neutralize eggs. Remove any remaining insects by shaking or brushing the clothes.",3.739673614501953
037_4351,"### Instruction1:
What does financial security mean to you? If your answer is being rich, your dream may not be very realistic. However, if it means being able to pay off debt, save for your child’s education, or prepare for retirement, then your goal is realistic and achievable. Having a clear idea of what you want and why you are saving money will help you stay motivated and make progress. After defining clear financial goals, consult a financial advisor to find ways to invest or save money. If you want to feel financially secure, you need to assess your current situation to determine if anything needs to change. Start by analyzing your finances, including your expenditures and savings. Consider your income and any savings you may have. Keep track of daily, weekly, and monthly expenses. Carry a small notebook in your purse or pocket and write down each of your expenses, including purchases, bills, as well as the date and time of those expenses. If possible, also note how you felt when making the purchase. Analyze your spending habits. Do you usually buy things when you are sad or stressed? Do you purchase unnecessary items on a whim, or can you find the same item at a lower price elsewhere? Make sure not to spend more than you earn. If that happens, you will be in debt. Restoring finances will be difficult under those circumstances. Find out how to reduce spending. You don’t have to deprive yourself of everything that makes you happy, but it’s essential to set limits. Don’t go shopping when you feel like it and avoid buying things you don’t need. Some expenses cannot be avoided, such as rent, groceries, electricity, water, and gas bills. However, even with these basic expenses, you can still find ways to spend less money by being smart about shopping and avoiding unnecessary fees. Make a list before you go shopping and stick to it. Buy generic, on-sale, or bulk items whenever possible. You can save a lot of money while getting the same product at a better price. Buy second-hand products as much as possible. Compare prices before making a purchase. If you see an ad online and in newspapers, you are likely to find the same product at a lower cost in another store. Prepare meals at home. Avoid eating out as much as possible. Bring your lunch and coffee thermos to work every day. This way, you can save a lot of money and use it for other expenses or savings. Look for cheap entertainment options. Many movies are available online for free or at low cost (on legal streaming sites), or you can borrow CDs, books, and movies for free at the library. Adjust the thermostat during the day when you are not home and at night when you sleep. Don’t leave the heater or air conditioner running when you are not home or when you are sleeping. However, if you have a pet, remember it needs a comfortable temperature day and night, even when you are not at home. Avoid buying on credit or with a credit card. Save money until you can make your purchase and avoid stress and debt. If you have a part-time job, look for another part-time or full-time job. Even those who work full-time can find small jobs to earn a little extra money. If you can pay bills with your current salary, the second job can be used to save money. Keep an eye on classified ads in newspapers and job sites. Look for small, easy jobs that won’t interfere with your daily schedule. You might find small jobs as a dog walker, babysitter, or even occasional freelance work. There’s nothing wrong with taking some time to save money. Saving requires planning and hard work for most people, but its impact on financial security is enormous. A great way to start is by opening a savings account. Start modestly, for example, by setting aside €20 per month or each time you receive your paycheck. Over time, these deposits will accumulate and become substantial savings. Many banks offer automatic transfer options so that a portion of your paycheck is automatically deposited into a savings account. Some banks offer programs where small purchases made with a debit card or check are rounded up to the nearest whole number, and the difference is deposited into a savings account. This is a simple and quick way to build savings without even noticing the difference. Avoid withdrawing money from your savings except in emergencies. If you can wait until your next paycheck to make a purchase, do so and keep your savings account intact.

### Instruction2:
Financial security means different things to different people. It could be about being debt-free, saving for education, or preparing for retirement. To achieve financial security, it’s important to set clear financial goals, track expenses, and analyze spending habits. Spend within your means, reduce unnecessary expenditures, and consider cheaper alternatives. Preparing meals at home and finding low-cost entertainment can help save money. Look for additional income opportunities, and start saving by opening a savings account with modest regular deposits. Avoid using credit, and try to maintain your savings for emergencies only.",6.555847406387329
037_3580,"### Instruction1:
Formatting your boot disk will erase your operating system and all files stored on it, so be prepared to reinstall the operating system on the drive. Having a backup copy of your important files will make the transition easier. Refer to this guide for more details on how to back up your data. You can also use a boot disk or a LiveCD. This will allow you to boot from this disk instead of using the hard drive, enabling you to format it. You will need to set the boot order in the BIOS to start from the disk. Refer to this guide for more details on configuring your boot order. To open your BIOS, restart your computer and press the setup key. It is usually ""F2"", ""F10"", or ""Delete"". You will need to start the installer and skip the initial pages until you reach the screen with a list of your installed drives. You will begin a custom installation of Windows. You will see a list of all your hard drives and the partitions they contain. Select the drive you want to format, then click the ""Format"" button at the bottom of the list. The hard drive will be formatted to NTFS. You can only format your boot disk to NTFS. Now that the disk has been formatted, you can reinstall Windows or install Linux on it. You will need an operating system on your computer to be able to use it. Reinstall Windows 7, Reinstall Windows 8, Install Linux.

### Instruction2:
To format your boot disk, be aware that it will erase your operating system and files. Backup important files first. Use a boot disk or LiveCD to format the drive, adjusting the BIOS settings to boot from it. After starting the installer, select the drive to format and proceed with the Windows or Linux installation.",4.036100625991821
037_3044,"### Instruction 1:
Allergies can become severe enough to threaten life due to their effects on breathing and blood circulation. This is referred to as anaphylactic shock, a condition considered an emergency by the Red Cross due to the speed and seriousness of the reaction. If there are others nearby during the reaction, ask one of them to call emergency services while you attend to the problem as explained below. If you are alone and observe severe symptoms (see below), seek treatment as soon as possible. Depending on your allergy, your reaction may start with mild symptoms and then progressively escalate into a more serious issue. It is also possible for severe symptoms to appear immediately. If you exhibit any of the symptoms listed below, you are experiencing anaphylactic shock which requires immediate treatment. Severe symptoms may include swelling of the lips, tongue, or throat; shortness of breath; difficulty breathing; coughing; low blood pressure; weak pulse; difficulty swallowing; chest pain; nausea and vomiting; dizziness; and loss of consciousness. The EpiPen is a device used to inject epinephrine to treat anaphylactic shock. Take the EpiPen by holding it firmly in the middle and pointing the orange end down. Remove the safety cap, which is usually blue. Place the orange end on the outside of your thigh. You do not need to remove your pants as the needle will go through your clothing. Firmly press the orange end against your leg to release a needle that will inject the dose of epinephrine. Keep the device in place for about ten seconds to ensure the entire dose is injected into your body. Remove the EpiPen and keep it with you so that medical teams know what dose you received. Massage the injection area for about ten seconds to help the medication spread throughout your body. Even if the expiration date on your EpiPen has passed, you can still use it, though its effectiveness may be significantly reduced. Call emergency services immediately, clearly stating to the operator that you are having an allergic reaction. Do not risk driving to the hospital, as the responders will likely already have epinephrine to administer to you. Even after receiving the dose of epinephrine, you will still need medical assistance. The effects of the medication wear off after 10 to 20 minutes, and the allergic reaction may reoccur. Go to the hospital immediately or call emergency services for further medical care. After receiving medical treatment and once the allergic reaction has subsided, make an appointment with an allergist. They will conduct tests to identify your triggers and prescribe medications, an EpiPen, or immunotherapy injections to help better manage your symptoms.

### Instruction 2:
Allergies can lead to life-threatening conditions like anaphylactic shock, which requires immediate medical attention. If you experience severe symptoms, use an EpiPen to inject epinephrine, then call emergency services. Even after treatment, seek further medical assistance, as symptoms may return. Follow up with an allergist for ongoing management.",6.564466238021851
037_37270,"### Instruction1:
In the morning, this gesture helps to wake up and refresh oneself. In the evening, it is essential as it allows you to remove impurities and excess oil accumulated during the day. Wash your face using a hypoallergenic cleanser suitable for your skin type. Spread it over your entire face using small circular motions. Work the product for thirty to sixty seconds depending on your skin's sensitivity. Then rinse thoroughly with lukewarm water. If you are wearing makeup, first remove all residues with a gentle product. Prefer lukewarm water for rinsing your face. Indeed, water that is too hot tends to dilate the pores and relax the skin. In contrast, cold water tones the skin but does not clean it. Gently pat your skin dry with a clean towel. Do not rub your face, as this may irritate and dry out your skin. Skin dryness can be due to water quality, work conditions, or lifestyle. Chemical compounds, fragrances, alcohol, and other additives in cosmetic products irritate and dry out the skin. From cleansing to makeup removal, choose gentle products with clear and minimalist compositions. Weather conditions such as wind, cold, or sun can aggress the epidermis and dry out the skin. This effect is worsened when you squint your eyes for protection, as it puts more strain on the surrounding muscles. Exposure to dust or pollution generally dries, irritates, and dulls the skin. The area around the eyes is particularly sensitive to this factor, as the skin there is very thin. Rubbing your eyes seems like a trivial act, but it is extremely harsh on the eye contour. The skin almost directly rubs against the bone, as the subcutaneous tissue is poorly developed. This prematurely damages your skin, especially since it is particularly thin. Instead of rubbing your eyes when tired or upon waking, blink several times. Chlorine, especially in swimming pool water, has a generally drying effect. It is particularly aggressive for the delicate skin around the eyes. To limit its impact, wear goggles while swimming and rinse off with clear water after a swim. The muscles around the eye cavity are generally very engaged, as we blink on average 10,000 times a day! This tension in the area is increased by certain activities such as long-distance driving or screen work. Take care of your eyes by imposing regular breaks. Lack of sleep, smoking, or a diet high in sugars and fats are lifestyle habits that affect the overall appearance of the skin and mark the eye contour. Since the skin is made up of 70% water, it is essential to drink enough to maintain its hydration levels. Drink at least 1.5 liters of water daily in small sips throughout the day. Adjust this amount based on the climate and your level of physical activity. Whether at the office, at home, or outdoors, always keep a bottle of water within reach. Dryness around the eyes can be a symptom of a more significant issue. If accompanied by redness, inflammation, or small spots, consult your doctor immediately. Dehydration of the eye contour may be due to a localized dermatological disorder such as blepharitis, contact dermatitis, or eyelid eczema. In this case, a specialist will know how to prescribe the appropriate treatment. A dry and marked eye contour may also result from a medication treatment. If you are taking a new product, read the leaflet carefully to anticipate side effects.

### Instruction2:
Washing your face in the morning refreshes you, while in the evening it removes impurities. Use a hypoallergenic cleanser, massaging it in circular motions before rinsing with lukewarm water. Avoid hot water, as it can irritate the skin. Gently dry your face and avoid rubbing it. Choose gentle cosmetic products to prevent irritation. Weather and pollution can dry out your skin, especially the delicate eye area. Avoid rubbing your eyes and instead blink if tired. Protect your eyes from chlorine while swimming, and maintain hydration by drinking enough water. If dryness around the eyes occurs with other symptoms, consult a doctor, as it may indicate a dermatological issue or a side effect of medication.",10.179390668869019
037_30652,"### Instruction1:
A positive outing could really help him feel better. Suggest taking him out for ice cream or going to see a movie he really wanted to watch. You could also arrange to spend time together. You might write him: ""Hi, I know you've had a bad day. How about we have pizza and a movie later?"" If you live too far apart, you could talk on the phone or via webcam. Ask him if you can help with cleaning or shopping, or if there’s anything else you can do to assist him. For example, you could help him with his homework or study for the upcoming history test. By giving your time and energy, you show that you care about him, and you also have the chance to lift his spirits in person. If you don’t live close, ask him how you can help from a distance. Text him and ask if he wants to help build a blanket fort or watch bad movies at your place. Invite him to swing at the park or suggest a silly costume contest. Choose something fun and unexpected to make sure it brings a smile to his face. You could also challenge him to a foam noodle fight in the pool or organize a treasure hunt. If you’re not close enough to do these things in person, you could arrange similar competitions via video call. If your friend is really depressed, your texts may not have much effect. If he doesn’t feel better after several weeks, he should probably reflect on what’s really going on. Consider discussing the situation with his parents, partner, family members, or a counselor for additional help. If there’s no one to contact, you might consider talking directly with him about the situation. You can start the conversation like this: ""I’m worried about you. Have you thought about talking to a specialist about how you feel?""

### Instruction2:
Suggest a fun outing to help your friend feel better, like ice cream or a movie. Offer to spend time together, help with chores, or assist with homework. If distance is an issue, communicate via phone or video. Engage in fun activities to lift their spirits, and if they remain depressed, encourage professional help.",4.635671138763428
037_12139,"### Instruction 1:
Adopting a strategy to cope with rejection will help you avoid fearing it, as it allows you to build self-confidence in your ability to face it effectively. Instead of reflecting on the situation, we tend to react under the influence of our emotions and feelings. Your emotional state and physical health significantly affect your cognitive state, and you are likely to instinctively let your feelings and emotions take over. However, it is essential to remain calm and listen to what the person rejecting you has to say so that you can respond rationally and appropriately. For instance, how would you react to someone interrupting you in traffic while you were tired and sick, compared to someone interrupting you just after you learned you got a promotion? In the first case, you might be enraged, while in the second, you might let it go. The situation remains the same, but circumstantial factors, like your mood and physical state, influence your reactions differently. 

For another example, while you might want to yell at a recruiter for not hiring you, it is crucial to stay calm and respond appropriately in a professional setting. You do not have to appreciate their decision, but you should respond with respect. Keeping a journal can be very helpful for personal development and cognitive reflection, as it gives you a place to write down your doubts, fears, thoughts, ideas, and feelings. This way, you can better release them and avoid dwelling on things you cannot change (such as a breakup, a rejection letter from your university, or a scholarship application rejection). Writing can thus be a useful way to rid yourself of feelings of fear. The act of transforming your floating feelings and ideas into written phrases can help you understand them better. Regarding the fear of rejection, writing down such feelings can help you dominate them by evaluating them from a neutral and less emotional perspective.

Here are some examples of things you might note about rejection: the object of your fear of rejection (e.g., I fear being rejected by this person if I ask them out), how you will feel if rejected (e.g., worthless, unpleasant), the most likely reasons someone might reject you (e.g., because they recently broke up with someone), the positive aspects of rejection (e.g., I will have more time for myself and can seek new partners), what you might miss if you don’t try (e.g., if I didn’t make a move on this person, I would always wonder what it would have been like if I had). Have you ever thought something like, “if I don’t get into this school, it means I’m worthless and will never achieve anything?” or perhaps, “if this person rejected me, it means no one else will ever love or accept me?” These are examples of naive and black-and-white thinking. Such statements are incorrect generalizations from a single case to justify or explain your entire personality or nature. It is crucial to abandon such rigid thinking in favor of a deeper understanding of the meaning of rejection. Rigid and all-or-nothing thoughts are typically the results of strong emotional states like extreme sadness or anger. Being able to identify and master such feelings or thoughts will allow you to be resilient, stronger, and thus reduce your fear.

Here’s a process to follow: identify the all-or-nothing statements and write them down. For example, “if I don’t get this job, it means I’m worthless and will never achieve anything.” Identify all components of the all-or-nothing attitude. For example, “getting this job makes me useful, and not having it makes me useless.” Refute any fixed ideas. For example, “I didn’t have this job before, and my life has never been that useless.” Stay positive. For example, “I’ve applied for other jobs in the past and been hired. Now I have an excellent cover letter thanks to these jobs. I have very good interview skills.” Rejection is part of life, and one way to cope with your fear is to understand that it can happen, that it happens to many people, and that it does not mark an end, but in fact a new beginning. Have you applied for a job? Good, hundreds of people have too. Did you make a move on someone? There’s a 50% chance they’ll say no (and a 50% chance they’ll say yes!). Be aware that you can only control yourself, not anyone else. For example, if you apply for a scholarship, you won’t know what other candidates included in their resumes or applications. However, make sure you did your best. You can only control what you do, not what others do. Understanding that rejection is a normal thing will prepare you to face it effectively. You’ll see that it happens to everyone and that the world is not against you. Moreover, the more it happens, the more normal it becomes, and the less you will fear it. This may be easier said than done when you feel upset about your situation, but learning to accept it gracefully will benefit not only your mindset but may also be beneficial in the future.

Instead of lashing out, show understanding and empathy. On one side, you’ve probably already rejected someone in the past, and you know how it feels to break someone’s hopes. As the rejected person, here’s a situation where you’ll want to be the strongest without responding hurtfully or arrogantly. The more you can face it, the easier it will be to control the fear it evokes in you. For example, suppose you applied for a job you weren’t hired for. Most of us would stop there, but it may be more advantageous to go further by sending a letter to the recruiter thanking them for the time they took to review your application and respond. Such a note can help you close the chapter on that rejection and rid you of negative feelings. It is also vital not to burn bridges, as you may need to apply for another position at the same company someday. You might also accompany your thank-you note with a question like, “what aspect would you advise me to improve?” to know what the recruiter thinks would make you a better candidate in the future. For another example, if your crush rejects your advances, accept the rejection graciously by saying something like, “I understand and respect your decision. I hope we can always be friends.” You will appear as mature as respectful, which could earn anyone’s admiration. Although the person may not want to date you romantically, they might be happy that you left the possibility of friendship open.

Rejection happens, but you will not be rejected from everything. You will not be able to achieve your goals and dreams or even meet other people if you do not put yourself out there to create opportunities. Since you dared to try, it is normal to expect a bit of rejection sometimes. This is entirely normal because these opportunities were not necessarily meant for you, and it simply means that better opportunities await you. Remember that your life is not made up solely of rejection, and you still have more time ahead to experience success just as you do rejection. It is crucial to maintain a broader perspective that goes beyond the exact moment of your rejection situation. Look at your past and your future. If you find yourself overwhelmed by a particular situation in which you were rejected, ask yourself this question: “will this moment I am currently experiencing matter to me in a week, a month, or a year?” Being rejected by your crush may seem like the end of the world today, but a few days later, you might remember it as a minor incident. It may hurt you now, but with time, you will forget it and be able to move on. At 40, you will barely remember your crush, even though it is painful right now. Look to the past. Sure, you may not have landed that job you cared so much about. Yet, you have successfully applied to others. You know you can be hired because your resume proves it! One rejection should not dictate your entire life. Do not fear what has not yet happened. We often think there is a direct link between our feelings and the situation at hand. Note that rejection simply means you did not get something you were seeking. Feelings such as fear, doubt, sadness, and any other weakness are caused by yourself. Try to spot those moments when you assign intense feelings to neutral situations. For instance, suppose someone denies you a particular position. We sometimes react on impulse by thinking negatively like “he rejected me intending to hurt me.” However, what is more certain is that the person who rejected you was not even thinking about the rejection that deeply. For example, in the case of a job, the recruiter is much more focused on finding the ideal candidate than passing personal judgment on your abilities. They did not fail to hire you intending to hurt you, but because you do not seem to be the ideal candidate for the position. It is essential to make the effort to identify not only the objective meaning of rejection but also the feelings you assign to that reality. For example, “I was rejected for this position, which means I will never work for this company. This rejection provokes feelings of doubt about my skills. I feel sad because I felt very competent for this position.” Being able to identify the feelings you assign to the situation will help you become aware of your personal worries and doubts that you will examine in the next steps.

### Instruction 2:
Develop a strategy to cope with rejection by building self-confidence. Stay calm and listen to the person rejecting you. Use journaling to reflect on your feelings about rejection and identify all-or-nothing thoughts. Understand that rejection is normal and happens to everyone. Maintain a broader perspective, recognizing that one rejection does not define your entire life. Accept rejection gracefully, and keep opportunities open for the future.",21.734073162078857
037_56944,"### Instruction1:
This is the dark blue application with a white ""f"" on it. Press it to open the login page if you no longer have access to your account. This link is located under the fields for the email address and password. It allows you to open a menu. If you see “Forgot Password?” on this page, skip this step. This option is in the menu and redirects to the Facebook password reset site. Tap on the text field at the top of the page and type the email address or phone number you use to log into your Facebook account. If you have never added a phone number to Facebook, you will need to use your email address. This is the blue button under the text field. Your Facebook account will be displayed. Tap on one of the account recovery options at the top of the page. 

By email: Facebook will send a reset code to the email address associated with your account.  
By SMS: Facebook will send a reset code to the phone number listed on your profile. This is the dark blue button under the account recovery options. Tap it to request Facebook to send you a code via email or text message. Depending on the chosen reset method, the process may vary. 

By email: open your inbox, look for a message from Facebook, and note the 6-digit code listed in the email subject.  
By SMS: open the SMS app on your phone, look for a message from a 5 or 6-digit number, and find the 6-digit code in the message. Tap on the text field ""Enter the code"" and type the 6-digit code you received by email or text message. Do not wait more than a few minutes between receiving the code and entering it, otherwise, the code will be invalid. You can tap on ""Resend the code"" to get another code. This option is below the text field and allows you to submit your code before redirecting you to the next page. Then, tap on ""Continue."" This will log your Facebook account out of all computers, tablets, and phones where it was active. It will also log out the hacker. You will enter your new password in the text field at the top of the page. This will replace your old password with the new one. From now on, you will be able to log into your Facebook account with this new password, and the person who hacked your account will no longer be able to access it.

### Instruction2:
To recover your Facebook account, open the app with a white ""f"" on a dark blue background. If you can't access your account, press the link under the email and password fields to open the recovery menu. Enter your email or phone number, then choose to receive a reset code via email or SMS. Follow the instructions to enter the 6-digit code, and then set a new password to secure your account against unauthorized access.",6.174505710601807
037_60860,"### Instruction 1:
You need something to change your mind right now. If you stay alone at home, you will only encourage a flood of thoughts that will lead you nowhere. So, get your social network moving. Call friends and organize something together for the weekend. Go have lunch with your mom; you've missed her anyway. Fill your schedule to the brim so that you can't think about her. You might find nothing more interesting than staying at the bottom of your bed, eating gummy bears, and not leaving your pajamas for several days in a row. While this is very tempting, you won't realize how good it feels to get up until you do it. Force yourself to do something, even if you don't feel like it. You will thank yourself later for having done it. This may not be the best advice to give, and if it’s not to your liking, you don’t have to subscribe to it, but a fling can be the best distraction you can offer yourself. Just make sure it’s also a fling for the girl! There’s no need to go around breaking hearts; karma rarely forgives. Protect yourself. You don’t want to turn into a cynical and heartless seducer. It’s fine to have a fling, but not to the point of haunting bars every night and waking up every morning with a stranger. So find a girl who just wants to have some fun and take advantage of it. This will simply prove to you that you have more than one arrow in your quiver. When you were in a relationship, you probably left a lot of things pending. You didn’t have the time and couldn’t do everything you loved before. Rediscover them! What have you dropped recently that you would like to do again? You will be much happier doing what you love and becoming a master at it. You will feel fulfilled, renewed, and in full possession of your means. Don’t know what you’re passionate about? Find it! Use your free time to step out of the ordinary and discover what suits you. When was the last time you were fascinated and felt in your element? Talk about a distraction! Do you know what would do you good? Knowing that you are even sexier than when you were with her. So get back into sports and start lifting weights. Not to mention that it will give you a rush of endorphins! You feel good when your blood circulates, and when you release endorphins. It's great if your arms are literally buzzing with endorphin rushes. So pay attention to your body and exercise. You will be healthier, happier, and you will also look good. It’s easy to forget how wonderful it can be to live solo. You do what you want, when you want, as many times as you want, and with whom you want. You can get up whenever you please, change your plans, and be adventurous. It’s great! Go out on the weekends and stay at your friends' until three in the morning. Walk around the area on a whim. Spend all your savings to treat yourself. Indulge in fries without remorse. Apply for an international job. Tap into your potential, take risks, and do something just for you.

### Instruction 2:
Find distractions and avoid staying home alone to prevent negative thoughts. Engage socially by calling friends, spending time with family, and keeping busy. Explore past interests, discover new passions, and stay active to boost happiness and health. Embrace the freedom of being single to enjoy life, take risks, and pursue personal interests.",7.533467769622803
037_15987,"### Instruction1:
If there are other people in the elevator, help them to exit.

### Instruction2:
Assist others in exiting the elevator if it is crowded.",0.7421274185180664
037_45133,"### Instruction1:
Most recycling centers accept all types of glass containers that previously held beverages and food. However, some may require you to sort clear glass from colored glass, so check the recycling rules before starting. Look for sorting guidelines in your country for more information. Your local website may provide details about different glass recycling programs for containers or drop-off sites. Read the labels on the various collection bins. If there is no recycling container or curbside glass collection near you, find the nearest drop-off site online and contact them to find out what types of glass are accepted. Many drop-off sites ask you to rinse your food glass containers, but you do not need to wash them thoroughly. The facility prefers not to deal with very dirty jars, which is often the case. This saves about half a liter of water compared to making a new glass bottle. Furthermore, the energy saved and the reduction in pollution greatly outweigh the costs associated with washing the glass. Remove plastic or metal caps, aluminum collars from wine bottles, and any other non-glass materials. A single non-glass item can spoil an entire container or limit its recyclability. The recycling center typically removes paper labels itself. Check your local recycling regulations if you have any doubts. Ceramic cannot be recycled, and a single flower pot can ruin an entire glass container. Many recycling centers ask you to sort glass by color, as each color contains different ingredients with specific characteristics. Containers with mixed-color glass are less desirable since their recyclability quality is unpredictable. Most recycling programs accept clear and brown glass, and green glass is also accepted. Some areas (at least in France) have containers that accept all types of glass, including those with metal and plastic elements. A study showed that this could reduce the glass recycling capacity from 90% to 60%. If possible, switch to a more efficient program. Recycled glass is crushed into flakes and then heated again to form new objects. An unsuitable type of glass can ruin an entire batch by melting or combining at the wrong time. You should not recycle the following with regular glass: glass cups and dishes, frosted glass, Pyrex and other heat-resistant glass (like baking dishes and lab equipment), windows, mirrors and glass panels, light bulbs, prescription glasses, glass exposed to hazardous materials or biological contaminants (like blood), and broken glass (to protect employees).

### Instruction2:
Recycling centers accept various glass containers but may require sorting by color. Rinse food glass containers but do not deep-clean them. Remove non-glass materials and avoid recycling unsuitable items with regular glass to ensure proper recycling processes.",3.5689187049865723
037_59683,"### Instruction1:
Forgiveness is something that helps you first. Holding a grudge against people who have hurt you will only harm yourself. It might be more beneficial to your happiness and well-being to forgive those who have wronged you, even if they do not apologize. Try writing a letter that you do not send. In the letter, you can explain how you felt after being rejected and that you forgive them to feel better. If you have a group of friends who regularly exclude you, you might consider finding others. True friends will not reject you. Find people who will appreciate your personality and want to avoid hurting you, such as by excluding you. Try joining a club or a sports team to meet people with whom you have things in common. You can also take control and invite people to do activities with you to avoid being rejected. Invite your friends to spend an afternoon at the mall or to watch a movie with you over the weekend. You can also throw a party and invite everyone, even those who have excluded you. It is difficult to be rejected, but sometimes it can also be tough to spend time alone, which is why you should make the most of it whenever possible. If you are rejected and have nothing else to do, you can do things you enjoy doing alone. For example, you might read a book you have wanted to read for a long time, finish a self-portrait you started, take a long bath, or even watch one of your favorite movies.

### Instruction2:
Forgiveness helps you heal from hurt. Holding grudges harms you, so forgiving others can improve your happiness. Consider writing a letter to express your feelings about rejection, even if you don't send it. If your friends exclude you, look for new friends who appreciate you. Join clubs or teams to meet new people and invite others to hang out with you. Embrace alone time by doing things you enjoy, like reading or watching movies.",4.499690532684326
037_47550,"### Instruction 1:
Do not lower yourself to their level. Continue to go about your business casually and peacefully. Do not be nervous or threatening. If they have nothing better to do than watch you all day, it’s their time they are wasting, not yours. If you are busy and don’t have time to care about the curious onlookers, pretend to listen to music on your phone or iPod. Put on your headphones when you pass through common areas (halls, elevators, parking lots, and places where you might encounter others) to discourage nosy neighbors: they will see that you are busy and turn to an easier target. This trick is more effective if your headphones are large enough to be visible from a distance. If someone approaches you and doesn’t see the headphones, they might still try to talk to you. There will always be people who, despite your headphones, will try to ask you questions. Mute your phone or put it on vibrate if silent mode is not available. When your neighbors approach, hold your phone to your ear and pretend to answer an important call. Don’t forget to smile and nod at them while you’re “talking” on the phone. This shows them that you don’t want to avoid them, but that you are too busy to talk. Here are examples of what you could say: “Yes, it will be done; I’ll send it to you tomorrow for sure.” “How is the situation looking? I heard there was a problem?” “There has been an issue we are trying to resolve.” You can also slip in simple “yes, yes,” “huh?,” and “oh, okay.” These expressions will be more appropriate if you doubt your acting skills. Stay in your backyard or go somewhere they can’t see you. This is possible for certain activities since you can host an outdoor gathering or play with your kids behind your house instead of in front. It’s not a permanent solution, but just a technique to avoid the curious. If your neighbors are very nosy, they will always find a way to spy on you despite your efforts. Staying in the backyard will spare you their curiosity for some time, but you must prepare for them to find you sooner or later. If you spend your life avoiding your neighbors, you are bending to their rules. Therefore, you must either address them directly or act as if they do not exist if the issue is serious. You will waste your energy unnecessarily if you spend your time running away from them. Your neighbors will have fewer reasons to spy on you. If they keep asking questions about what you are doing and why you are doing it, the simplest solution is to do nothing at all. Do nothing interesting and return to your activities when your neighbors are gone. Keep in mind that if you act like someone with nothing to do, your neighbors may think they have the chance to chat with you. If you are unsure this solution will work, it’s better to avoid them than to wait for them to leave. It may be a wise decision if you think your neighbors are lurking around your home. Lock your house, and if you go on vacation, install a security system or surveillance cameras. Ask others in the neighborhood to watch your property in your absence in case nosy neighbors start spying around. Also, consider getting a guard dog. Note that in some cases, this solution borders on paranoia. Perhaps your neighbors really do enter your property when you are away, but maybe you are just imagining things. If you firmly believe your neighbors are entering your property without your knowledge, address them directly and firmly ask them to stop. Warn them that the next time they act in such a way, you won’t hesitate to call the police. For example, you can call them “activities” or “spiders” to signal to your loved ones that they need to change their behavior. When signaled, you can all quietly move behind the house or start making a lot of noise. If you want your neighbors to stop spying on you, put up a barrier around your house. Check the legal requirements for installing such equipment. If your fence separates your houses, you will need to ask your neighbors for permission to build it. Make sure it doesn’t encroach on their property, or you risk giving them another reason to bother you. Dogs or young children are good reasons to build a large fence around the house. Just say that you don’t want your dog to escape. If you don’t want to build a fence around your home, try planting a hedge, bushes, or a row of trees. However, be aware that such barriers take years to grow. Ask yourself if you really want to be enclosed because of nosy neighbors. A fence may solve your problem, but it can also lead your neighbors to use other tactics. If they go out, go home and come back out after five minutes. Greet them enthusiastically by saying, “Hey, how are you?” Ask them if they can lend you a cup of sugar or a lawnmower. If you keep asking them for things, they will likely start to avoid you.

### Instruction 2:
Avoid engaging with nosy neighbors by appearing busy and distracted. Use headphones or pretend to be on an important phone call to dissuade their curiosity. If they approach, act uninterested and do mundane tasks. Consider staying in your backyard or installing barriers for privacy, but be aware of the potential for paranoia. Ultimately, you may need to confront them directly if their behavior becomes problematic.",7.363305568695068
037_61752,"### Instruction1:
As your baby moves and grows, your belly will be greatly affected. Get rid of belts and bands that often constrict your waist. Opt for maternity leggings. Buy leggings that are twice your normal size or a pair of maternity leggings. They look great when worn with long sweaters and shirts. Avoid stiff fabrics. Instead, choose soft materials. Yoga pants are highly recommended because they are loose and very practical. Avoid clothes with zippers and buttons. It is essential that you wear pants or skirts with elastic or ties instead of zippers or buttons. Knitted clothing and other soft garments are both comfortable and easy to wash and wear. Do not wear overly tight outfits. You should not wear clothes made of Lycra. Although these tight tops perfectly hug your belly, you will feel like a sausage in a casing right now. Additionally, by buying clothes designed for pregnant women, you will look slimmer than if you wore an enormous shirt two sizes too big for you. For some people, satin is not a good fabric to wear when pregnant, nor is wearing bright-colored clothing. Avoid overly loose tops shaped like tents, unless you prefer that style. Choose outfits that elegantly conceal the extra pounds you have gained and highlight your silhouette. Tunics are also a beautiful option. They perfectly hug your shoulders and arms while harmoniously covering your bust, thus camouflaging the weight you have gained. V-neck or low-cut shirts are perfect as they draw attention to the neckline. Exceptionally, you can wear tank tops and other panel-shaped garments. This can help you effectively contain the volume of your breasts or manage their growth. Layer a soft tank top or cardigan over them. Buy these outfits in sufficient quantities. Wear them under tops that you cannot completely button. You can layer one or two under an oversized cardigan or jacket. You need work clothes that you can wear throughout the week and that will help you look good. You may wear a wrap dress if it suits your workplace, or a solid color or patterned wrap dress that perfectly hugs your silhouette. This will allow you to dress appropriately for work and help you feel comfortable and elegant for weekend shopping. As your belly grows, simply change the position of your belt by transforming your dress into an empire waist garment. This will highlight your bust and belly. Another must-have and practical item to add to your collection is a pair of dark denim maternity pants with built-in stretchy fabric at the waistband, worn with maternity boots and black jeans. The style and color will enhance your look throughout your pregnancy and allow you to work, regardless of your professional or social situation. Besides wrap dresses, wearing skirts and dresses can be very tricky during pregnancy. You should especially avoid overly short skirts. Skirts and dresses designed to accentuate the back (like men's suits) are very fashionable, and as your belly grows with your baby, these will still maintain their original appearance. Wear a maxi dress or a straight dress. If you choose to wear a skirt, make sure it is slightly fitted and a bit loose. You can wear thin, lightweight skirts, especially oval, pencil, sarong, godet, or gypsy styles. High-waisted skirts made with good quality fabrics are highly recommended, especially those that hit the knees or just below. Wrap dresses are ideal for pregnancy. They are comfortable, cover the belly, and are relatively attractive. Maternity pants are primarily elastic waistband pants designed for easy wear. You can find them in many department stores. There are blue maternity jeans with elastic waistbands. Do not deprive yourself of maternity jeans under any circumstances. They can indeed be the perfect choice for a first pregnancy garment. Avoid any clothing with zippers or buttons.

### Instruction2:
During pregnancy, wear comfortable clothing such as maternity leggings and avoid tight fabrics. Opt for soft materials and elastic waistbands instead of zippers and buttons. Choose outfits that highlight your silhouette and provide comfort, such as wrap dresses and tunics. Maternity jeans are a great choice, as they are designed for easy wear. Avoid overly tight or short clothing to ensure comfort and style throughout your pregnancy.",8.33786678314209
037_2743,"### Instruction1:
If you do not already know how to measure your waist (you may have needed it to buy pants, for example), it is very easy to do. Take a measuring tape and wrap it around your natural waist, which is usually located at the top of your hips, just below the navel. Look at the number where the tape overlaps: this is your waist measurement. Some women's belts are designed to be worn at the hips rather than at the waist. In this case, place the measuring tape a few centimeters lower so that it rests naturally at the top of your hips, then take the measurement as usual. The next step is to find fabric for your belt. If you do not have fabric on hand, you should be able to find some at a relatively low price in a craft store (or even online). Almost any type of comfortable and sturdy fabric is suitable for your belt. Whatever type of fabric you choose, you will need a strip measuring 17 or 18 cm longer than your waist measurement, with a width of 12 or 13 cm. Here are some fabrics that work well for belts: cotton (plain or patterned; cotton canvas is particularly durable), polyester, rayon, bamboo fabric, wool (it can be expensive). 

When your fabric is ready, lay it flat on your work surface lengthwise (so it goes from left to right) with the pattern facing down. Fold the long edges of the fabric over about 1.25 cm. Use a hot iron to press the folds well. Use thread and a needle or a sewing machine to sew the folded edges, leaving a seam allowance of about 75 mm. You need to do this so that none of the raw edges of the fabric are exposed once you finish your item. This is a golden rule in sewing: raw edges fray much faster than folded edges, so they should be avoided at all costs. Fold the ends of the fabric over about 1.25 cm and press them to mark the folds, as you did in the previous step. Then, fold the entire strip of fabric in half lengthwise to have a long, thin strip (with the pattern now visible). Press this fold, then sew along the bottom edge and the top edge (the one created by the fold you just made), leaving a seam allowance of about 75 mm. At this point, you are more or less finished. For this simple belt style, all you have to do is tie the belt around your waist and wear it. If you want, you can even add a decorative knot to personalize your belt even more! If the raw ends of your belt bother you, you can sew them just like you sewed the other edges of the fabric. Keep in mind that this type of belt might be too wide to fit through the loops of some pants. You can remedy this simply by folding the belt again in half lengthwise and sewing the two edges together again. However, be aware that if you sew multiple times along the same edge, the belt may end up looking less neat.

### Instruction2:
To make a belt, start by measuring your waist with a tape measure. Cut a strip of fabric that is 17 or 18 cm longer than your waist size and 12 or 13 cm wide. Fold and sew the edges to avoid fraying. Then fold the strip in half lengthwise, sew the edges again, and tie it around your waist to wear. Optionally, you can add a decorative knot and adjust the width if needed.",7.868166923522949
037_3546,"### Instruction 1:
The workplace is by no means a place for flirting. It is too easy to get caught, and while many French companies treat this neutrally, in some cases, it can justify dismissal. Therefore, keep love stories away from the office. For example, in some companies, you can be fired, while in others, one of you may be transferred to another department, suspended from duties, or receive a negative note in their personal file. Occasionally invite the rest of the staff to dinner with you. People will notice if you leave and come back together all the time, and they might start to suspect something if you do not spend time with other colleagues from time to time. Of course, it may seem tempting to go on vacation together, but if you always go at the same time, people may start to guess your relationship. If you want your story to remain secret, choose different times for your vacations. You are certainly not reckless enough to post your relationship status on social media and tag a specific person, especially if you have colleagues following you. However, it would also be wise not to post pictures of your couple. If your colleagues constantly see photos of you two, they may suspect something. Remember that social media posts, even those shared only with friends, can be reshared and made public. If you are alone with your partner at the end of the day, seize that opportunity! Go out to dinner at a restaurant and enjoy the evening together. The key is to prepare well and bring a change of clothes to work in the morning in case you didn’t plan to spend the night at home. If someone asks you questions about your relationship, tell them the truth; at least you won’t get into too much trouble for lying. After all, if someone has asked you suggestive questions, there are probably more people who suspect you are a couple. So, it’s better to be honest.

### Instruction 2:
Flirting in the workplace is discouraged and can lead to dismissal. It's advisable to keep romantic relationships out of the office and to socialize with other colleagues occasionally. Avoid going on vacation together too often to maintain secrecy, and refrain from posting relationship details or pictures on social media. If questioned about your relationship, it's best to be honest to avoid further suspicion.",5.031846523284912
037_30816,"### Instruction1:
The ideal temperature can vary depending on the type of oven. If you are using a convection oven, it is recommended to preheat it to 190 °C. If you are using a gas oven, start at a lower temperature (170 °C). After that, add the sausages and grease them by rolling them briefly before placing them in the oven. Line the baking dish with aluminum foil if you want to avoid making a mess. Turn them over 2 or 3 times during cooking. Make sure to turn the sausages at least halfway through the cooking time. This will allow them to cook evenly and give them a light golden brown color on the outside. They may have a lighter or darker color as they brown and may not brown at the same time. Use a thermometer to check if the thickest part of the sausages has reached 70 °C. When you cut one open, it should not be pink in the center, and the juices should run clear. If you are unsure whether they are fully cooked, put the baking dish back in the oven and cook them for another 5 minutes and check again.

### Instruction2:
Preheat the oven to the appropriate temperature based on the type (190 °C for convection, 170 °C for gas). Grease the sausages and place them on a lined baking dish. Turn them a few times during cooking to ensure even browning. Check their internal temperature to confirm they are cooked through and ensure the juices run clear when cut. If needed, cook for an additional 5 minutes.",3.575554132461548
037_22156,"### Instruction1:
Heating pads activate by exposure to air and are invisible under clothing. Using a heating pad can reduce cramps and relieve pain without resorting to absorbent paper methods. Some patches release constant heat for up to 8 hours, and they can be applied directly to the abdomen or back to alleviate discomfort. Keep a patch in your car or bag so you always have one on hand in case you need it. Over-the-counter pain relievers, like ibuprofen and acetaminophen, can help reduce pain and discomfort. For optimal results, take these medications as soon as cramps appear and during the onset of symptoms. It is generally more effective to take the medications when the pain is mild rather than waiting until it is very strong. The dose of ibuprofen is 200 to 400 mg orally, taken every 4 to 6 hours as needed. The recommended dose of acetaminophen is 500 to 1,000 mg, taken every 6 hours as needed. If you are at a hotel or restaurant for a business meeting, you can also ask the concierge or waiter for a pain reliever. Most restaurant and hotel staff keep a stock of over-the-counter medications for employees and will be happy to provide them to guests. If you start to have cramps and did not bring medication with you, ask a friend if they have any. While sanitary pads are very convenient, they can irritate the cervix in some women and worsen cramps. If your cramps are very painful, it may be helpful to use sanitary towels for a day in case topical irritation increases discomfort. Most public restrooms in schools and businesses have towels available in feminine hygiene product vending machines. Potassium can help stay hydrated and soothe muscle cramps caused by dehydration. If cramps occur when you are not home, grab a banana as a snack. It is an easy-to-carry food that can temporarily relieve your discomfort.

### Instruction2:
Heating pads can help relieve cramps and pain. They can be applied to the abdomen or back and provide heat for up to 8 hours. Over-the-counter medications like ibuprofen and acetaminophen are effective for pain relief. It's best to take them early when pain starts. Additionally, if you're away from home, you can ask for pain relief at restaurants or hotels. While sanitary pads are convenient, they may irritate some women. Staying hydrated with potassium-rich foods, like bananas, can also help with muscle cramps.",4.225414276123047
037_29686,"### Instruction1:
If you are brave, ask her directly if she is in a relationship. If you take an open approach, she might suspect your true intentions. Therefore, avoid this if you want to keep your feelings secret. Naturally ask her this question: ""Hi, I was wondering if you are in a relationship. Just out of curiosity!"" If you have already had the courage to ask her if she has a boyfriend, move on to the next step and find out if her relationship is serious. If it is serious, it will be harder to convince her to go out with you, but if it's just a fling, she might be open to dating you. Ask this: ""Are you truly committed to a relationship, or is it just a fling?"" Again, she might suspect your intentions, so be careful. Be direct but considerate. Try asking her this question: ""How is it going with your boyfriend? Are you happy?"" Be very careful when bringing up this topic; she might actually take offense or become defensive since you are asking about her private life. Her reaction will entirely depend on her personality. Therefore, assess her previous answers to see if there is room for such intimate questions. If your initial questions make her uncomfortable, ask her friends or find out the information you need in another way. Asking her directly about her relationship can be a bit dangerous for you because she might be offended. Private questions might embarrass her, and she might understand where you are going with all this. Instead, ask indirect questions like: ""What are you doing tonight?"" ""What do you enjoy doing in your free time?"" She might spontaneously talk about her boyfriend and spare you the trouble of having to ask for explicit information. Look for signs of flirting. Although some girls naturally flirt whether they are single or not, in most cases, when a girl seems attracted to you, it likely means she is probably single. Try to reciprocate her advances. If she reacts positively, she is surely single. Pay attention to the things she buys. If you are lucky enough to meet a girl in a store rather than at school or work, you might get some clues from her purchases. See if she buys food in large quantities, items for men, or baby products. Her friends probably know more about her relationship and might help you. Even though they might reveal your interest, this method gives you a better chance of hiding your intentions. Ask them how serious her relationship is. You might get a more honest answer with this tactic. Her friends can analyze her relationship from the outside, which means you will get more information about her dating situation. Ask her friends if she is happy. This option is undoubtedly better than directly asking the girl in question. In fact, her friends are likely to be less offended and will give you more objective information about her relationship. If they spend a lot of time with her and her boyfriend, they might have already seen or heard about small arguments or disagreements between them. Although this method feels a bit like spying, it is the best way to get an idea of her romantic situation without revealing your game. To get a sense of her romantic situation, check the ""Relationship"" section on her Facebook profile or pay attention to her posts on Twitter or Instagram. Don't get too discouraged if you see photos of her with other people. They could be her ex-boyfriends or close friends. See if she seems happy. Checking her profiles might not indicate whether she is in a serious relationship or not, but it can help you understand how happy she is. Look for signs of arguments or disagreements with her boyfriend in her profiles. Use this method as an indication and not as proof. Do not mention a specific post you saw because she might realize you are spying on her.

### Instruction2:
To find out if a girl is in a relationship, ask her directly or indirectly about her romantic status. Be cautious when asking personal questions, as she may become defensive. Look for signs of flirting and consider asking her friends for insight on her happiness and relationship seriousness. Check her social media profiles for clues about her relationship status, but avoid drawing attention to your inquiries.",6.645408391952515
037_39677,"### Instruction1:
This may seem like the hardest step, but it’s a necessary one! If she gives you her number, you can assume she is open to you texting her. Here are some tips on how to go about it. Don’t get her number in a weird way. You shouldn’t appear to be someone who is spying on her, so try to avoid secretive methods to get her number. This includes obtaining her number through her friends, online, or any other sneaky way. Her phone number is private information and she should have the right to give it to whomever she chooses. Find an excuse. Don’t worry, she will likely know it’s a thin disguise to get her number, but she might still be willing to give it to you! If you are with a group, ask for her number so that everyone can coordinate plans. If you are in the same class, ask if you can exchange numbers to keep up with assignments. Swap numbers. Give her your number, then say, “And what’s yours?” or “Sorry, I don’t have your number yet.” Ask her directly. If you don’t have an excuse, don’t worry—you can just ask her. Stay casual and start with something like, “Hey, can I message you one of these days?” or the classic, “Can I have your number?” This should work well if you accompany it with a fun date suggestion or an interesting conversation that is going well. Timing can make all the difference between a good call and a bad one. Choosing the right moment can make you seem confident yet interested, increasing your chances of getting it at the right time. Wait a day or two. There is a subtle limit—if you call too quickly, you’ll seem desperate; if you wait too long, you’ll appear disinterested. Give her a day or two to wonder if you will call, creating interest in her. Call her in the evening. If you call her in the middle of the day or at a time when she could be at school, it will make things awkward; she’ll be stressed about turning off her phone, and it will be hard to know if she is interested. So, try calling her in the evening, around 7 or 8 PM. She may have finished dinner or homework and be ready to chat a bit. Before picking up the phone, take a few deep breaths and try to calm down. Don’t risk mumbling and stumbling over words because you’re too nervous. Practice speaking and keeping a clear and bright tone of voice. Find a bit of privacy. If you’re really nervous, try calling her from a closed space. You’ll be less worried about others overhearing what you say or ruining your focus. How you speak to someone who answers the phone says a lot about your manners and your nervousness. If someone else answers the phone, say, “Hello, is Anabelle available?” The other person may ask who is calling. To respond, simply state your name or your name along with some context (“It’s Arthur; I’m in her Spanish class”). If she’s not available, handle it calmly and ask if you can leave your number for her to call you back later. When she answers, say something like, “Hey, Sophie, it’s Arthur; you gave me your number on Tuesday.” Introducing yourself again may seem odd, but it’s an important step for her to know right away who is calling. Questions about how her day went, her homework, her job, friends, and interests are perfect and easy topics to focus on. Don’t worry too much about discussing deep and complex subjects at first; what you really want to show her is that you’re interested in what she thinks and want to get to know her better. Keep the conversation focused on her. Most people are comfortable talking about themselves because it’s a subject they know well, so ask questions about her interests, what she thinks about something that happened recently, how her day went, etc. Make things easier by asking her about a topic she loves; say something like, “I know you’re into watercolor; I’d love to know more.” Ask about her day. She may need a listening ear to talk about something that happened. Bring up something you discussed the last time you saw her. It could be a joke, a shared interest, or simply picking up the conversation where you left off. Think of it like listening to popcorn in a microwave: if you only hear silence for 3 seconds, it’s time to stop. Ending the conversation while it’s still lively and interesting can help you avoid awkward silences and create anticipation for the next time. End with a compliment. Saying something like, “That was great! We should chat again sometime” lets her know you’re not hanging up because of something wrong she might have said. Even if you’re eager to talk to her as soon as possible, wait a little bit. Expecting her to talk to you every day puts a lot of pressure on you because that level of intimacy is usually reserved for people in serious relationships. But you can call her once or twice a week and see if she starts calling you back!

### Instruction2:
Getting her phone number can be challenging but is necessary for future communication. Avoid sneaky ways to obtain it and find a casual excuse to ask. Timing is crucial—wait a day or two to call, and do so in the evening. Practice speaking clearly and find a private space to avoid distractions. When you call, introduce yourself again and keep the conversation focused on her interests and daily life. End the call on a positive note with a compliment and don’t rush into daily contact; gauge her interest over time.",7.33418607711792
037_61126,"### Instruction1:
This is a simple and fun recipe that bunnies and other small animals will enjoy. You will need a handful of Cheerios, a handful of sunflower seeds, rabbit pellets, and a handful of oats. Mix the ingredients and serve them to your rabbit. This recipe should only be an occasional treat. If your rabbit eats it regularly, the sugar in the Cheerios could cause health problems. Your rabbit will love these little sweet treats. You need four tablespoons of crushed Weetabix, four tablespoons of oats, honey, five tablespoons of crushed rabbit pellets, and one chopped carrot. Mix all the ingredients except for the honey. Then add honey gradually until the ingredients just stick together. Take small balls of dough about the size of a €2 coin and give them to your rabbit. Rabbits rarely eat sugar in the wild, even naturally sweet ingredients like honey, so if your pet eats it regularly, it may have dental problems and develop diabetes. These treats should remain occasional. This is a healthy treat that your rabbit will enjoy. You will need a leaf of cabbage, five blueberries, four small carrots, two cherries, and three grapes. Place the cabbage leaf at the bottom of a bowl. Slice the carrots very thinly. Remove the pits from the cherries and chop them. Cut the grapes. Finally, add the blueberries. Serve this to your rabbit. You can make fruit and vegetable salads for your rabbit by trying different combinations of ingredients. Determine which foods your rabbit likes or dislikes and create treats that suit its tastes.

### Instruction2:
The text provides simple recipes for making occasional, healthy treats for rabbits. It includes a mix of Cheerios, sunflower seeds, rabbit pellets, and oats, and cautions against overfeeding sugary foods. Other recipes involve crushed Weetabix, honey, and fruits and vegetables, encouraging experimentation with different combinations to find out what the rabbit enjoys.",4.315641164779663
037_43934,"### Instruction1:
The worst thing you could do would be to let an unwanted guest know that you have a guest room available. Therefore, you should not boast about being able to host people. Only talk about your guest room with close friends or family. Do not invite anyone to stay at your home, not even suggest it, unless you truly want to. Don’t brag or talk about your house to people you don’t want to host someday. Let them know that your home is not comfortable or relaxing. The best way to deter an unwanted guest is to tell them that your home is not really welcoming. By informing them that you live in an unkempt house, they will be repelled and won’t want to stay. Make it clear that your children are very noisy. Tell them how messy your house is and that it needs a big cleaning. Mention that you have a very aggressive dog. Do not make yourself or your house available when they are in town. If you know someone who is coming to town and might try to invite themselves to your home, make yourself scarce. If you are not there, it will be very difficult for them to settle in. Tell them that you will be out of town. Let your family know that you will not be in town or that you will be traveling during the holidays. Plan activities to keep yourself busy when they are around. If you meet someone from out of town, consider doing so in a completely neutral place, like a restaurant or café. Do not invite them to your home; they might want to stay. If you agree to let someone stay with you for a certain period, clearly communicate the conditions of their stay in your house before they begin their stay. For example, set a specific deadline for them to leave. Tell them they can only stay for two days and must leave the morning of the second day before 11 a.m.

### Instruction2:
Avoid telling unwanted guests about your available guest room. Only discuss it with close friends or family. Do not invite anyone unless you genuinely want to. Make your home seem unwelcoming by mentioning noise, messiness, or an aggressive dog. If someone is visiting, keep yourself busy and meet them in neutral places. If you allow someone to stay, set clear conditions for their stay beforehand, including a specific time for them to leave.",5.980337619781494
037_5531,"### Instruction1:
Your supporters should sign a petition to support the creation of your community center. On this petition, you should include their names and email addresses. It is possible to present this petition to potential donors and politicians to demonstrate interest in your project. You can also use it to create a mailing list to inform members of your progress. You may ask volunteers to stand outside shopping malls to request pedestrians to sign the petition. You can also collect names and email addresses from all the mailing campaigns you have launched. It is also possible to circulate your petition during a neighborhood meeting, such as a public assembly, a parent-teacher meeting, or a community representatives meeting. You should try to gain support from your municipality. Contact councilors, municipal officials, and the mayor. Inform them of your plan to create a community center and ask if they can assist you. They could grant you financial aid or help promote your organization within the community. After finding some supporters, you can present your project to the public. Organize a public assembly in a city space where citizens can come to hear your speech. Consider inviting donors, decision-makers, and local media. During this meeting, you need to present your project. At the end, allow members of the audience to provide their own ideas and suggestions. Suitable venues for holding public assemblies include schools, places of worship, or government buildings like city hall. Call in advance to make a reservation. At the beginning of the meeting, clearly state your objectives for the evening. Ask several speakers to present different aspects of your project, including financial support, the services that will be offered to the community, and government support. You can take advantage of this meeting to solicit donations from the public.

### Instruction2:
Supporters should sign a petition for the community center, including their names and emails. This petition can be shown to potential donors and politicians and used for a mailing list. Volunteers can collect signatures outside malls or at neighborhood meetings. Engage with municipal officials for support and organize a public assembly to present the project, inviting stakeholders. Clearly outline goals at the meeting and solicit public donations.",2.8610310554504395
037_16828,"### Instruction 1:
Everyone has their own way of expressing themselves, but certain communication styles prevent you from saying what you think, believing in what you say, and can make you appear rude. Those who are passive tend to avoid speaking to avoid confrontation. They easily give in when intimidated and have trouble saying ""no"" for fear of being mean. Typically, they are emotionally sincere, but express their honesty inappropriately. They tend to overreact and belittle others during interactions. They raise their voices, make accusations, and do not want to hear the opinions of others. Those with a passive-aggressive personality are unclear about what they really want, what they think, and what they seek. They are not direct, make promises they cannot keep, ignore others, and are sarcastic. They may come off as judgmental. Think of situations where you usually struggle to express yourself. Imagine what you would like to say to someone. Take the time to gather your thoughts. Write down what you want to say. Practice with a trusted friend. Simulate a real situation with a professional, like a psychologist, who can provide honest and objective feedback. Phrases like ""I want..."", ""I am..."", and ""I need..."" help illustrate what you feel in a clear and direct way without blaming the other person. They are especially useful when you want to express negative feelings or have a difficult conversation. You can use the following formula in almost any situation: ""When you do (action), I feel (...) and I need (action)."" If you want to resolve an issue with a colleague, try saying this: ""When you leave the office to go to lunch and don’t come back for three hours, I feel uncomfortable having to do all the research for our project alone. I need to spend more time with you so we can do it together."" If you want to express your concerns to a friend, try saying: ""When you keep canceling our appointments at the last minute, I feel sad and disappointed. I need to be notified earlier when you plan to change our schedule."" If you also express yourself correctly through your body language, your intentions will be better understood by your conversation partner. Standing confidently makes you appear more assured. Start by looking your conversation partner directly in the eyes. Maintain eye contact with the other person. Do not look down, look elsewhere, or give angry glances. Stand tall or sit up straight. Avoid putting your hands on your hips, clenching your fists, or pointing at the other person. Do not fidget. Do not raise your voice, shout, or be hesitant.

### Instruction 2:
Different communication styles can hinder your ability to express thoughts clearly and may come off as rude. Passive individuals avoid confrontation, struggle to say no, and may overreact or belittle others. Passive-aggressive personalities are unclear in their desires and often use sarcasm. To improve expression, gather your thoughts, write them down, and practice with trusted individuals. Use clear phrases to communicate needs and feelings without blame. Good body language, such as maintaining eye contact and standing confidently, helps convey intentions effectively.",4.195971727371216
037_55180,"### Instruction1:
If you have a sum in parentheses affected by a factor, you can use distribution (also known as ""expanding the expression"") while paying close attention to keep the negative sign. Let's recall the rule of signs with multiplication: minus (-) times minus (-) gives plus (+), minus (-) times plus (+) (or the reverse) gives minus (-). To better understand, let's take the following example:

−4(9−3x)=48 (starting equation),
−4(9)−(−4)(3x)=48 (multiply -4 by each term in parentheses),
−36−(−12x)=48 (do the calculations),
−36+12x=48 (note that -(-12) equals +12). 

To find x, you need to group like terms. Group and add all constants, and do the same with the terms of power 1. Grouping means putting the unknown on the left side of the equation and the constants on the right, resulting in the following calculations: 

−36+12x=48 (starting equation),
−36+12x+36=48+36 (add 36 on each side),
12x=84 (add the constants and isolate 12x on the left). 

To find x, you will need to divide the constant by the coefficient of the unknown. After performing the operation, you will have your unknown on the left and its numerical value on the right: the equation will be solved. The calculations are as follows:

12x=84 (starting equation),
12x/12=84/12 (divide each side by 12),
x=7 (this is the solution). 

To do this, you will factor by -1. In algebra, whenever you see a negative sign, imagine, even if it may not help you, that it is + (-1). From there, you will be able to develop the product to have a sum. Then, you can solve the equation normally. 

Let's take the following equation: 4x−(x+2)=4. You have the negative sign which you will transform for the sake of the cause into + (-1): 4x+(−1)(x+2)=4. Use distribution to develop and solve the equation: 

4x+(−1)(x+2)=4 (reformulated equation), 
4x−x−2=4 (do (−1)(x) and (−1)(2)), 
3x−2=4 (group the like terms), 
3x−2+2=4+2 (add 2 on each side), 
3x=6 (isolate 3x), 
3x/3=6/3 (divide each side by 3), 
x=2 (this is the solution).

### Instruction2:
To solve equations with parentheses affected by a factor, use distribution while keeping the negative sign in mind. After applying distribution, group like terms and isolate the variable. In the example, the solution for the first equation results in x=7, and for the second equation, the solution is x=2.",7.79800271987915
037_48532,"### Instruction 1:
Consent must be expressed freely. An unconscious person or someone who is intoxicated cannot give consent. It is advisable to regularly check that your partner agrees with what you are doing. Of course, if you are practicing bondage, it is more difficult to check. That’s why it’s important to establish limits in advance. If you want to be an effective dominatrix, you need to identify with your partner the prohibited acts or those that might be. You must consider several criteria, such as pain, stress, or psychological discomfort. It would be helpful to create a list of desired, prohibited, or mandatory acts to frame both your partner’s and your behavior. This list includes acts you enjoy, those you will do on request, and those you will not do. Establishing a contract can be a fun way to create this list. This contract has no legal value, but it helps clarify the limits of the play itself. It is important to observe your partner’s body language. In a bondage relationship, there is almost always a victim. Normally, you should be able to notice a refusal in such interactions, especially if your partner is gagged. Watch their eyes and body for signs of rigidity or faintness. These are indicators that your partner may not be enjoying the situation. In any case, you should set the components of the play in advance. To ensure consent during the play, partners should agree on two words or gestures: a safe word and a caution word. The caution word serves to express doubt or concern about danger. The safe word means a complete and immediate withdrawal of consent. Examples of safe or caution words may include terms like stop, gently, red, and yellow. The definition of a gesture depends on various factors, including whether the face is visible and which body parts can move. However, caution gestures may include blinking, nodding, and head movements. Sometimes during play, ropes can tighten or slip to dangerous places. That’s why it’s essential to have scissors on hand when using rope. Even if they are not needed, they can help your partner relax and enjoy the moment instead of worrying about potential asphyxiation. Like any intense exercise, it is necessary to stay hydrated. This is particularly important if you are wearing thick clothing or leather accessories. Water can also be part of the play and serve to tease your partner. It is a great way to familiarize yourself with the complexity of this play, where many accessories carry risks. Therefore, learning to handle ropes or how to be a dominatrix can help you practice safely when you are in your dungeon. Check with your sex shop to enroll in a course, but make sure in advance that it is constructive and emphasizes consent and safety.

### Instruction 2:
Consent must be given freely, and it's important to regularly check with your partner, especially in bondage scenarios. Establish limits and create a list of desired and prohibited acts, possibly via a non-binding contract. Observe your partner's body language for signs of discomfort, and agree on a safe word and a caution word to ensure consent. Have scissors handy for safety, stay hydrated, and consider taking a course to learn more about safe practices in bondage play.",4.1880223751068115
037_4475,"### Instruction1:
If you are sending the invitations yourself, it will take a lot of time to write the addresses, gather the mail, and prepare the shipment. Set aside some time to fully dedicate to this task. It is recommended to use the same address for sending and receiving confirmations to avoid confusing your guests, who might respond to the wrong address. The address to use is the one you use most frequently. The inner envelope should remain open and positioned facing the flap of the outer envelope. The text of the invitation should also face the flap of the inner envelope. This way, the guest will come across the invitation as soon as they open the envelope. Before putting stamps on the invitations, go to the post office to get an idea of the postage costs. This way, you will know if you need to pay extra fees for the invitations to reach their destination.

### Instruction2:
When sending invitations yourself, allocate time to write addresses and prepare the mail, using the same address for sending and receiving confirmations to avoid confusion. Keep the inner envelope open facing the outer envelope flap, with the invitation text also facing the inner flap. Check postage costs at the post office before stamping the invitations to ensure they can be sent without extra fees.",3.2691211700439453
037_21740,"### Instruction 1:
Even though there are no hard and fast rules about the structure of your letters, many people choose a three-part format. A well-written letter includes a greeting, a body (with paragraphs), and a conclusion. The greeting should start with the words ""Dear (name of your correspondent)."" You should place it at the top of the page. After the greeting, you can develop the body of the letter, which is the main part where you will write what you want to say to your correspondent. To conclude, you should summarize or wrap up the letter. Generally, this consists of a final paragraph and a closing phrase, such as ""Sincerely,"" followed by your signature. You will have plenty of time later to share more things with your correspondent as you get closer.

Be precise. For example, don’t just say you like movies, arts, and exercise; instead, say you love Marvel movies, sewing, and cycling. As you get to know each other better, you’ll be more equipped to respond to their viewpoints, sense of humor, and ideas in the body of the letter. You will feel more comfortable expressing yourself and confiding in your correspondent. The more you write to them, the easier it will be to find topics that interest both of you.

If you’re writing to a correspondent in prison, do not include information that could incriminate you. Letters in and out of prison are scrutinized, and you could get into trouble if prison staff discover your secrets. If you are an undocumented immigrant, do not mention it in your letters, as you never know who your correspondent may share that information with. You should also keep your financial information private.

Don’t reveal too much too soon. You might want to rent a post office box if you don’t want a stranger to have your address. Show interest in their life by asking about their work, hobbies, and family. Invite them to share their opinions on various topics. Develop a genuine curiosity about their life, and don’t be shy while writing. For example, if they mention they run, ask how fast they run, if they’ve participated in a race, or what the longest distance they’ve run is. While you may have many questions, avoid asking for too many details.

If you are writing to a correspondent abroad, assume they have a different level of comfort with you. They may struggle to speak openly about certain topics. If you sense reluctance on their part, avoid prying into their habits and life. If they don’t answer certain questions, do not ask them again later and assume it’s a sensitive topic. Conversely, if they are more direct and insist on certain boundaries, respect that. For example, if they ask you not to talk about their sexuality or family, don’t insist. Similarly, don’t feel obligated to answer their questions if you’re not comfortable doing so. If they try to bring up a topic or issue you don’t want to discuss, you don’t have to talk about it. Let them know there are subjects you prefer not to address. Like any other friend, your correspondent should respect your boundaries and consider your feelings.

The last part of the letter wraps it up. Say goodbye and leave them with a thought or question they can respond to. For example, if you mentioned in your letter that you’re looking forward to summer, you might write: ""Hopefully, the weather will clear up soon. I’d really love to go swimming. What will you do this summer? Do you like swimming too? Is there another summer sport you enjoy? I hope to hear from you soon."" Leave two lines and write ""Sincerely,"" ""Take care,"" or ""Until next time,"" followed by your signature below.

The envelope should have the recipient’s address and a return address (yours). Write your address in the top left corner of the envelope. Write your name first, then your address below, and on the third line, write your city, postal code, and country. Follow the same format for the recipient's address but place it in the center of the envelope. Don’t forget the stamp. You should take your letter to the post office the first time you send one to find out how many stamps you need, especially if your correspondent lives abroad. If they live in France, you can use regular stamps and weigh the letter to know how many to use. Slip it in the mailbox or take it directly to the post office.

Your correspondent, just like you, is likely busy. Don’t expect a reply the next day. Wait at least two weeks. If they don’t write back within two weeks, send them another letter or, if you have their email address, send them an email. Many people prefer instant messaging technologies like emails, texts, or other apps because they consider letters a waste of time. However, one advantage of a letter is that it takes more time and requires more patience.

### Instruction 2:
A well-structured letter typically consists of a greeting, a body, and a conclusion. Start with ""Dear (name)"" at the top. In the body, express your thoughts clearly and ask your correspondent questions to show interest in their life. Conclude with a closing phrase and your signature. Ensure the envelope has both addresses, and don’t forget the stamp. Wait patiently for a response, understanding that your correspondent may be busy.",6.953139781951904
037_26543,"### Instruction1:
Indeed, it is necessary to clean these components thoroughly. The flap can be easily removed by pulling it upwards, while the strainer usually needs to be unscrewed with a suitable screwdriver. The strainer and the flap should be cleared of soap and hair deposits. You only need a few centimeters of water at the bottom of the bathtub to use the plunger. It is this water that will allow you to create a pressure phenomenon to unblock the clog. Place the rubber part over the drain opening, then press down on the plunger. Lift it immediately after. Sometimes, you will need to apply some pressure. Be careful not to splash yourself! After a few pumps, you will see dirt rising, which was clogging your pipe. After about ten pumps, check if any dirt has risen in the bathtub. If nothing has come up, you will need to push harder on the plunger. You must pump until the water drains fairly normally. If you cannot clear your drain, you will need to resort to another method.

### Instruction2:
To clear a clogged drain, remove the flap and unscrew the strainer to clean out soap and hair. Use a plunger by placing it over the drain with a little water in the tub to create pressure. Pump until dirt rises and water drains properly; if not, apply more pressure or try a different method if the clog persists.",3.217474937438965
037_7119,"### Instruction1:
Siphoning wine involves using a few relatively simple instruments, most of which are part of the basic equipment for anyone making wine at home or are available at any winemaking supply store. To siphon wine correctly, you will need: one or more sterilized carboys or buckets, a tube, and an airtight stopper for the wine. To sterilize your tube, you can use potassium metabisulfite or sodium metabisulfite diluted in water. You can find this type of solution commercially or mix it at home. Generally, one tablespoon of this solution should be diluted in about 4 liters of water. Everything that will touch the wine must be sterilized using the metabisulfite solution. Typically, you should pour a bit of the solution into the bucket or through the tube before disposing of it in a place where it won't cause problems. The metabisulfite solution is very harsh, so it is best to use it in a well-ventilated area while wearing a respirator mask and gloves when handling it. Follow the instructions on the package. Take the container with the wine and the sediment and open it, then place it on an elevated surface. Depending on how much wine you are going to produce, you may need a substantial surface area or just the surface of your table and the kitchen floor. Make sure your tube is long enough to reach the point from which you will siphon the wine. Siphoning relies on gravity, so it is essential that the barrel or tank filled with wine is positioned higher than the highest point of the clean bucket or carboy you will use to collect the wine; otherwise, it won't work. Place the cut end of the tube in the barrel, ensuring you do not touch the sediment at the bottom. It is better if you can see the sediment layer clearly at the time you are ready to siphon the wine, and it should be dark and thick enough. Let the tube go deep enough into the wine, but leave a space of at least 2 to 5 cm above the sediment layer. Insert the other end of the tube into the clean receptacle or let it hang above the receptacle. You will need to start siphoning before quickly inserting it into the receptacle. Make sure beforehand that the tube is long enough to reach the receptacle. It’s not very complicated: start sucking from the other end of the tube like you would with a straw until the wine begins to flow, then place the tube into the clean receptacle as quickly as possible. It takes a bit of practice to do this without ending up with a mouthful of wine or spitting it out. But hey, there are worse things in life than having a mouthful of wine... Once the wine starts to flow, quickly insert the tube into the receptacle and try to maintain a ""steady"" flow. Keep an eye on the sediment, ensuring it does not get resuspended or that neither of the tubes splashes and introduces too much oxygen into the wine. When the second receptacle is full or if the sediment begins to move, pinch the tube to stop the flow of wine and halt the siphoning. Making wine is as much an art as it is a science, and you will lose some wine during the operation. When have you siphoned enough wine? You will probably estimate this visually and make that decision for yourself. It's part of the job. Don’t complicate your life by trying to siphon just to the edge of the sediment layer. Just remove as much wine as possible and eliminate the sediment. If you are making wine yourself, there will always be a bit of sediment left at the end. Once you have transferred all the wine into the new container, install the airtight stopper, which you should screw tightly and lock. There are different types of airtight stoppers, each with its own instructions, so it is important to follow the manufacturer's instructions for your specific model. Most of them simply fit directly into the opening of the carboy.

### Instruction2:
To siphon wine, gather sterilized equipment including containers and a tube. Sterilize the tube with a potassium or sodium metabisulfite solution. Position the wine container higher than the receiving container. Insert the tube into the wine, avoiding sediment, and start siphoning by sucking until the wine flows, then place the tube in the receiving container. Maintain a steady flow and stop when the second container is full or sediment rises. Seal the wine with an airtight stopper according to the manufacturer’s instructions.",11.386080265045166
037_31735,"### Instruction1:
Bourbons can be enjoyed straight (neat), with water, on the rocks, or mixed in a cocktail. In fact, bourbon has gained popularity as a base spirit for cocktails. The Manhattan is probably the most well-known bourbon-based cocktail. Don’t be surprised if you feel like a gangster while drinking this classic. Alternatively, you can try the Mint Julep, a very refreshing classic from the southern United States. However, if you prefer basic cocktails to fancier preparations, just try a bourbon and coke. This mixture is easy to drink (and will save you money at bars). Bourbon is not only for drinking; it can also add delicious flavor to your dishes. Bourbon chicken is a classic dish where the chicken is infused with a delicate bourbon flavor. You might also try a bourbon and brown sugar sauce, which would be delicious on salmon.

### Instruction2:
Bourbon can be enjoyed in various ways: straight, with water, on the rocks, or in cocktails like the Manhattan or Mint Julep. For simplicity, a bourbon and coke is a good option. Bourbon can also enhance dishes, such as in bourbon chicken or a bourbon sauce for salmon.",2.9457080364227295
037_54352,"### Instruction1:
If you suffer from thyroid disorders, you should maintain a healthy and balanced diet. This usually means your diet should consist of whole, unprocessed foods. Adopting a healthy lifestyle will help enhance your thyroid function. By following an appropriate diet rich in whole, unprocessed foods, you avoid consuming inflammatory foods that negatively impact the thyroid. Most people with thyroid issues are sensitive to gluten. Therefore, try to limit or completely eliminate gluten from your diet. To promote the proper functioning of the thyroid gland, you should avoid caffeine, alcohol, and tobacco products. These substances increase stress hormone levels, which can affect the thyroid and lead to hormonal imbalances. If you do not want to completely give up alcohol and caffeine, at least limit their intake for a few weeks and then consume them in moderation. In fact, some studies suggest that black coffee may even be beneficial for neurological health. Certain foods can help stimulate and regulate thyroid activity. If you have a thyroid condition, make sure to include these foods in your diet. Here are some examples: berries, especially blueberries, gooseberries, raspberries, elderberries, strawberries, and blackberries. These fruits are very high in antioxidants that boost the immune system and reduce inflammation. Fresh vegetables of all colors (green, red, orange, yellow, and purple) and different forms (leaves, stems, tubers, and flowers) are also important. Certain fish species like salmon, mackerel, and tuna are rich in omega-3 fatty acids. Other sources of omega-3 fatty acids include nuts, flaxseed oil, and borage oil. Omega-3 fatty acids play an important role in the production of anti-inflammatory substances naturally produced by the body. Foods that contain vitamin D, such as fish, mushrooms, or fortified dairy products, are also beneficial. You can also expose yourself to the sun for 10 to 15 minutes. High-quality proteins should be included in every meal, with poultry, beans, eggs, nuts, and legumes being excellent sources. You should increase your intake of nutrient-rich foods that boost thyroid function, aiming for at least one serving every day. Consume more vitamin A-rich foods, including vegetables (sweet potatoes, spinach, other greens, carrots, pumpkins, broccoli, red peppers, and zucchini), fruits (melon, mangoes, and apricots), legumes, meat, liver, and fish. Tyrosine is an essential amino acid for improving thyroid function, found in turkey meat and egg whites. Selenium is also involved in regulating thyroid function, with Brazil nuts being the best source, though it can also be found in tuna, beef, halibut, mushrooms, sunflower seeds, and soy. Check your iodine intake. In developing countries, increasing iodine intake with iodized salt can improve thyroid function. However, there is a risk of excessive intake, which could cause chronic lymphocytic thyroiditis. Consult your doctor about the recommended iodine intake and whether you need to adjust yours. If you suffer from hypothyroidism, the thyroid operates slower than usual, but certain foods can interfere with its functions, inhibiting and worsening the disorder. Limit the consumption of certain vegetables like cabbage, Brussels sprouts, rutabaga, broccoli, and Chinese cabbage, as these can affect iodine absorption by the thyroid gland. However, if you still wish to consume them, steam them instead of eating them raw. It is also recommended to limit the consumption of peanuts and peanut butter, as these can also affect iodine absorption in the body. Furthermore, avoid foods high in mercury, such as swordfish, shark, mackerel, and almost all types of tuna, as these can harm the thyroid gland.

### Instruction2:
Maintain a healthy diet rich in whole foods if you have thyroid issues. Limit gluten, caffeine, alcohol, and tobacco to improve thyroid function. Include foods like berries, fresh vegetables, omega-3-rich fish, vitamin D sources, high-quality proteins, and foods high in vitamin A and selenium in your diet. Check your iodine intake and limit certain vegetables and high-mercury foods that may harm thyroid function.",5.339285135269165
037_32747,"### Instruction1:
These street festivities usually include shows featuring DJs or musicians, fireworks, and confetti. Some of these require tickets to be purchased in advance, while others are completely free. On New Year's Eve, several events take place in historic locations around the world, attracting national attention: for example, Times Square in New York, Central London in England, the Eiffel Tower in Paris, Sydney Harbour in Australia, and the Brandenburg Gate in Berlin. Many cities organize street parties and outdoor celebrations that you can attend. If your city or municipality doesn’t yet host an outdoor celebration, you can organize one. Websites like Meetup are great starting points. If you really want to party while celebrating the New Year, simply go to a nightclub with your friends. Nightclubs will likely hire top DJs and offer special drinks at competitive prices. Many luxury restaurants and hotels hold galas on New Year's Eve, which feature performances by orchestras, jazz bands, or professional musicians and singers. Attending such events typically requires purchasing tickets in advance. Note that most official events require guests to dress in formal attire or wear a black tie. Additionally, casinos usually host events on New Year's Eve where they provide dinner and entertainment by bands, comedians, and professional singers, while also allowing patrons to play slot machines and card games. Depending on the laws in your country, you must be at least 18 to 21 years old to enter a casino. Besides the numerous events held throughout France, Las Vegas also hosts a celebration where all casinos collaborate. Some people participate in a midnight New Year's Eve service, marked by worship songs, shared meals, and a message delivered by the church leader.

### Instruction2:
Street festivities for New Year's Eve typically involve DJs, fireworks, and confetti. Events can be ticketed or free and are held in iconic locations worldwide. You can attend street parties or organize your own celebration. Nightclubs offer parties with top DJs, while luxury venues host gala events requiring formal attire. Casinos provide dining and entertainment, but entry age varies by location. Las Vegas features a collaborative casino event, and some individuals attend church services to celebrate the New Year.",4.961841106414795
037_40462,"### Instruction1:
Find a quiet place away from the noise and chaos of the house to study or do your homework. Put your phone in a drawer or far from you so you won't feel tempted to check it. Some people find it easier to concentrate while listening to music. If it helps you get into your zone, listen to classical or instrumental music. Your brain cannot stay focused for long periods. Take a quarter of an hour to get up, stretch, go to the bathroom, snack on something, or do an activity that allows your brain to rest. Try to take regular breaks between each assignment or section instead of getting up in the middle of a problem you are working on. Keep a notebook handy while doing your required readings. Summarize each chapter of the book by writing the section header, summarizing the main ideas, and defining key concepts. You will be better prepared for classes and will appreciate your notes when it comes time to review for an important exam. Generally, it is less effective to highlight or underline text while reading. It might be helpful to highlight the thesis of a paragraph or a major argument. However, if you highlight a large block of text, you won’t help yourself remember that information. Instead, try making flashcards. Studies have shown that flashcards are more effective than other memorization techniques. A study group will help you and your friends stay focused and motivate each other. Plus, everyone learns and understands information differently. A particular concept might be difficult for you, and you could help another student who is struggling with a concept that you understand. Ask three or four students to form a study group with you after class, on the weekend, or during breaks.

### Instruction2:
To study effectively, find a quiet space away from distractions, put your phone away, and consider listening to instrumental music for focus. Take regular breaks to rest your brain, and keep a notebook to summarize readings. Flashcards are more effective than highlighting, and forming a study group can help motivate and support each other in understanding different concepts.",4.651152610778809
037_52395,"### Instruction1:
Exposure to UV rays is one of the most common causes of hyperpigmentation. While this won't change the hyperpigmentation you already have, it will help prevent further discoloration. Always wear sunscreen. When exposed to direct sunlight, wear a hat and long sleeves. Do not use tanning beds. Limit the time spent outdoors and avoid sunbathing. In many cases, you may not be able to stop taking a medication just because it causes hyperpigmentation. Hyperpigmentation is a common side effect of the contraceptive pill and other hormone-based medications. If changing or stopping your treatment is a feasible option, then consider it. Hyperpigmentation can also result from trauma to the epidermis, which can be caused by plastic surgery or other professional skin treatments. Be sure to conduct thorough research before opting for plastic surgery. Ensure that your doctor or surgeon is highly qualified.

### Instruction2:
To prevent further hyperpigmentation caused by UV exposure, always use sunscreen, wear protective clothing, and limit sun exposure. If medication is causing hyperpigmentation, consider discussing changes with your doctor. Be cautious with skin treatments and ensure any surgery is performed by a qualified professional.",2.7574472427368164
037_25823,"### Instruction1:
You can stand, but if you are a beginner, it will be easier to sit down. An accordion is heavy, and after 8 hours of playing the instrument, you will be tired. Well, you don't have to play for 8 hours, but if you want to become a pro, you will have to practice seriously. Your body position is important both for playing the instrument and for your health. If you stand incorrectly, you will have back problems and won't play properly. Stand up straight and find a position where you feel comfortable. When you take your accordion in your arms, you will immediately feel the need to find the right balance between you and the instrument. To control your new friend perfectly, you need to be comfortable with it. Moreover, to produce a good tone, you must control your accordion well and not be hindered by its sometimes heavy weight. Your right hand will play the notes on the right keyboard, while your left hand will slide under the strap that allows you to open and close the bellows to achieve sound and play bass and chords. The instrument rests on your shoulders thanks to specially designed straps. Generally, there is a small knob placed on the left that allows you to adjust the tension of the strap for the left arm. When you move, the instrument should move with you, staying close to your body and not drifting away. A back strap is a piece of leather (sometimes plastic) that connects the two shoulder straps, bringing the accordion closer to your chest. Do not place this strap too low, as it would shift the weight of your shoulders downward, causing the instrument to slide on your shoulders while you play. Position the back strap higher on your body or hold it diagonally in place. Follow this simple principle: when the straps are well adjusted, the instrument is as well. There is a small strap at the top and bottom of the bellows that keeps it in place. To be able to open and close the bellows to produce the air that generates sound, you need to release these two straps.

### Instruction2:
When playing the accordion, beginners should sit for comfort. Proper body posture is essential to avoid back pain and to play correctly. Hold the accordion to find balance, ensuring it feels comfortable and controlled. The right hand plays the melody, while the left operates the bellows for sound. Straps should be adjusted to keep the instrument close to the body; the back strap connects the shoulder straps for stability. Avoid placing the back strap too low to prevent the accordion from sliding during play. Adjusting the straps properly ensures better control of the instrument.",5.458138942718506
037_33475,"### Instruction1:
To draw a graph, you need two scales: one for the x-axis (abscissas), which often can be linear, and another for the y-axis (ordinates), which can be logarithmic or linear depending on the situation. Generally, the phenomenon is represented on the y-axis, but you can also place it on the x-axis for clarity. The curve will be the same in both cases, just oriented differently. The choice of scale depends on the data being represented and the type of analysis you plan to conduct. The x-axis usually represents the independent variable, which you control, like age groups in a study. An independent variable is not influenced by the phenomenon being studied and has a single relationship with it, such as a change over time. Examples of independent variables include specific dates (years, months, etc.), time spans, age groups, or increasing dosages of a medication. For extreme data that does not vary too much, use a linear scale (1, 2, 3… or 10, 20, 30…). For large gaps (e.g., between 4 and 1,000,000), use a logarithmic scale. Examples of exponential data include population explosions, rapid price inflation in a crisis, or compound interest investments. Examine your data closely to see if you must start from 0. If the lowest data point is in the millions and the highest in the billions, start your scale at 10^6. Subsequent increments would be 10^7, 10^8, and so forth. 

Once you have your pairs of data in the form (independent variable, dependent variable), plot the first point. Locate the first independent variable on the x-axis, such as a date or age. For beginners, it’s best to mark it lightly with a pencil, which can be erased later. Find the corresponding dependent variable on the y-axis for the provisional point you just plotted. If you’re using a decimal logarithmic scale, identify the two gradations between which your value falls, and place it on one of the ten intermediate gradations. For instance, between 10^6 (one million) and 10^7 (ten million), each fine line represents 1,000,000 units. Thus, the value 4,000,000 would be positioned between 1,000,000 and 10,000,000, specifically at the fourth small graduation above 10^6. With a logarithmic scale, 4,000,000 is in the upper half of the range, while it would be in the lower half (below 5,000,000) on a linear scale. The phenomenon of points clustering towards the upper end of the interval is consistent across the entire scale: this is the exponential effect. At the intersection of the two lines drawn from your points, place a dot. Proceed in the same manner with the other coordinate pairs, ensuring you do not confuse the gradations. When finished, simply connect the points in order, and your curve is complete.

### Instruction2:
To create a graph, use two scales: one linear for the x-axis and either linear or logarithmic for the y-axis. The independent variable is usually on the x-axis and is not affected by the dependent variable. Plot data points by marking the independent variable on the x-axis and finding the corresponding dependent variable on the y-axis. For large ranges, use a logarithmic scale. After plotting all points, connect them to complete the graph.",8.825866222381592
037_42663,"### Instruction 1:
Visitors should be welcomed as soon as they park in the church parking lot. Visiting a new church can sometimes be an intimidating experience, so it’s important to make visitors feel as comfortable as possible. Some churches assign friendly members to greet visitors in the parking lot, helping them know where to go and easing any fears before they even enter the building. For this task, choose warm and friendly members of your church, which could include dynamic young members before the service or older members who would appreciate the role. Ensure that those in charge avoid accusatory phrases like ""What are you doing here?"" or ""What do you want?"" Instead, assume that everyone belongs. Say, ""Hello! Welcome! How are you?"" Listen and offer assistance. Don’t put the burden on visitors to introduce themselves first; take the initiative to make contact. Visitors should feel relaxed and free to sit quietly or chat and make new friends if they wish. Alleviate the pressure on visitors by introducing yourself and your family, and asking for their names. Treat visitors simply as people rather than ""visitors,"" as no one likes to feel categorized. Ask them questions and learn to make them feel comfortable. Look for common ground with them and help them feel at home in your community. Many community members have forgotten what it’s like to visit a church for the first time. Most visitors are not looking to be educated on doctrine or preached to; they primarily want guidance on where to park and sit to listen to the service. They just want to feel welcomed. So do your best to ensure that your visitors are comfortable and have a pleasant time with your community. Make sure visitors know where they can park, grab a cup of coffee, and leave their coats. Provide them with a brochure outlining the day’s service and be available for any questions. If you have time, give them a quick tour of the building, showing them where the service will take place and other points of interest. You could also inform visitors about the history of your community. Different churches often operate in different ways, so don’t assume that your visitors know how to navigate a church. Be attentive to visitors' questions, but don’t make them feel pressured. Ask visitors if they would like more information by asking questions and determining what they are looking for. If a visitor is only in your church because they are passing through town and live elsewhere, there’s no point in trying to involve them in your community. Welcome them properly, but don't try to incorporate them into church life. This can be delicate, as you'll need to discern which visitors might be willing to join your community. The best way to learn more is to invite visitors to sign the guest book and leave their contact information for follow-up. Each person is different, and some visitors may simply want to attend the service and be left alone. If they enjoy the experience, they will return, and you can get to know them better then. Don’t assume that quiet or less social guests dislike your church or feel uncomfortable; they might just want to attend the service to get a sense of your church. When you think you’re dealing with such visitors, maintain your distance. Go introduce yourself so they know who to approach if they have questions, then let them enjoy the moment.

### Instruction 2:
Welcome visitors immediately upon their arrival at the church parking lot. Assign friendly members to greet them and help them feel comfortable. Avoid accusatory language, and instead, engage them positively. Treat them like regular people, introduce yourself, and ask for their names. Make sure they know where to go for parking, coffee, and coats. Provide service information and offer to give them a tour, while being attentive to their needs without pressuring them. Understand that some might just want to observe and may return if they feel comfortable.",8.284404516220093
037_49101,"### Instruction 1:
You have about three days during which the oil paint remains slightly wet on the canvas. During these three days, you can correct any mistakes or completely remove them using a damp cloth. Before finishing, take a step back and look at your painting as a whole to see if any changes need to be made. If you have a lot of paint left on your palette at the end of your session, you can reuse it the next day: scrape the colors with your knife or spatula to form a small pile of paint. Then take a clean cloth, coated with turpentine, to clean the rest of the palette. Seal your leftover paint tightly with plastic wrap and store it away from light and heat. Do the same for all the brushes used. Under warm running water, wash the brush directly on the soap with a mild soap, as if you were painting literally on the soap. Rinse the brush in the direction of the bristles until no more paint flows from it. Gently stroke the bristles between your index finger and thumb under running water, ensuring that none of the hairs are bent, twisted, or broken. This may be tedious, but it is the only way to keep your equipment in good condition. Oil paint will ruin poorly washed brushes. Another tip: make sure to tightly close the lids of turpentine and medium jars until the next use, even if these products look cloudy. When turpentine works, the paint pigment slowly settles at the bottom of the bottle, and the turpentine rises to the surface. During your next session, you will have clean turpentine. Just pour it into a clean container and wipe out the pigments left at the bottom. You can, of course, pour the turpentine back into its original bottle. This saves a lot of money! For oil paint to dry completely, it takes a total of 2 to 3 months. Allow your work to dry in a protected place so that it does not get damaged, touched, brushed against, or stained. This place should not be too hot or too humid. Do not let your canvas dry in complete darkness, as it can yellow in the dark; linseed oil yellows in the dark and deposits a fine layer on the canvas. Be cautious of any insects that might hover around your canvas; they can leave unsightly stains if they get their legs in your paint. Once your painting is completely dry, add a layer of varnish to protect it and preserve the colors. When the varnish is dry, you are finished! Hang your painting somewhere for everyone to see your beautiful work.

### Instruction 2:
You have three days to make adjustments to your oil painting while it is still slightly wet. After your session, save leftover paint for reuse by scraping it into a pile, cleaning the palette, and sealing it. Wash your brushes with soap and water to keep them in good condition. Allow the painting to dry in a protected area for 2-3 months, avoiding darkness and insects. Finally, apply a varnish layer to protect your work, and then display it for others to admire.",6.848585605621338
037_39967,"### Instruction1:
It will be difficult to be consistent if you have no idea what you need to do. When starting on this new path, you should set simple goals with specific and measurable outcomes. Begin by defining what consistency means for you. Do you want to be more consistent in your physical exercise? Do you want to achieve better quality in your work? Do you want to be more available and reliable in your relationships? Once you have identified the goal that interests you, you can break it down into smaller steps to achieve it. For example, if you want to get fit, you might start by deciding to exercise five times a week or join a fitness class. Be specific. Instead of telling yourself that you will appreciate your partner's efforts more consistently, you need to say that you will thank them when they do the dishes, make dinner, or help with household chores. It can be easy to accumulate tasks and promises, but with a calendar, planner, or schedule, you will know exactly if you are following your plan. A schedule will help you manage your day to ensure you do everything you want to do. It will also help you understand if you have time to take on other tasks. Use a paper calendar or a desk calendar. Alternatively, you can download an app on your phone like Google Calendar or Outlook. Reserve a realistic time period to accomplish each task. If you are not sure how much time you will need to complete something, give yourself a little extra time to finish it. For larger goals, such as writing a book or trying to lose weight, you need to set smaller daily tasks that will help you move toward your goal. For example, you might set a certain number of words to read each day or plan your meals to stick to your diet. Don't forget to take breaks! Don't accept other tasks for the day. Sometimes, it can be easy to forget the goals you set, your habits, your commitments, or your promises, especially if they are things you haven’t discussed with anyone. To remember them throughout the day, you need to set reminders in visible places. Write them on sticky notes that you can stick to your mirror, computer, refrigerator, car dashboard, or planner. Slip a piece of paper with your written goals into your wallet, desk drawer, or bag. If you are trying to establish a new habit, set a reminder on your phone. Create an alarm or use an app to remind you to do it. Consistency often involves commitments you make to others and that you must keep. However, it is easy to get overwhelmed if you make too many promises. If you think it will be difficult to keep your promise, say no. For example, if you tell your partner that you will take care of half of the household chores, you need to ensure you have time to do it after work. In some cases, you might negotiate a promise that you can keep. For example, if someone asks you to help them move, you can say, ""Okay, but I can't come until three o'clock, and after that, I'm free. Does that work for you?"" This also includes promises you make to yourself. If you know you won't be able to write ten pages a day of your new novel, you should promise yourself to write at least a little bit every day. If you accomplish one of your goals, you can reward yourself. Even small goals deserve a small reward to help keep you motivated. For example, if you manage to finish all your work by five o'clock every day for a week, you can take an evening to relax. Go see a movie or treat yourself to your favorite dinner. If you are training for a marathon and have met your daily exercise goals, you can sign up for a 5k race to give yourself a sense of achievement. If you have improved your relationships by being more consistent, your friendships will be the reward. If you are proud of yourself, you can invite your friends over for dinner or host a meal at your place.

### Instruction2:
To be consistent, set clear, achievable goals related to different aspects of your life. Break these goals into smaller tasks and use a calendar or app to manage your time effectively. Establish reminders to keep your commitments visible. Avoid overcommitting yourself, and if necessary, negotiate the promises you can realistically keep. Reward yourself for achieving your goals to maintain motivation.",10.325242757797241
037_47291,"### Instruction1:
If you start to notice that he is no longer communicating with you as frequently as he used to, you should take a step back and avoid contacting him. When you are the only one texting, calling, or trying to make plans without any reciprocity, it is clear that he does not want to see you. Try this approach for a week and see if he starts to change. Don’t contact him at first and see if he initiates conversations with you. He will notice that your conversations have stopped and may reach out to you, or he may not contact you at all, which will confirm that he no longer wishes to pursue a relationship. You might have mutual friends with the boy you are interested in. If possible, ask his friends if he is interested in someone else or if he still plans to see you. Conversely, observe if he asks you for advice about his romantic relationships with other people. This clearly shows that he is interested in someone else and only sees you as a friend. If he starts asking questions like, ""How do I get this girl to notice me?"" or ""What kind of date should I plan for her?"", it is certain that he does not have romantic feelings for you. This is the best way to know if he is still interested in you. Speculating about how he communicates with you, his behavior, or his attitude can help give you some idea of what he feels, but you will never know for sure until you have a discussion with him. It may seem scary and anxious; no one wants to feel rejected, and it's a vulnerable position to put yourself in. However, you might be misinterpreting his signals or not seeing signs that he thinks are quite obvious. You have the option to approach the topic directly or indirectly. You can ask him the question: ""Do you still want us to continue seeing each other, or do you think it’s better that we just remain friends?"" This gets to the heart of the matter and gives him the opportunity to share how he feels. This is very important because losing a man you care about can be very hard to handle emotionally. Whether the man who has lost all interest in you is your boyfriend, someone you have feelings for, or an ex, you need to take care of yourself and be kind to yourself. Do things that make you happy. You can go out with friends, cook your favorite dish, take a walk, paint a picture, or watch a new movie. Accept, with dignity and grace, that he may no longer be interested in you. Keep your distance from him and try not to unload your frustration or anger on your mutual friends. It is normal to regret the outcome of this relationship. You might also have some regrets thinking about what your future together could have looked like. Once you have dealt with all this sadness, move on by focusing on the other positive aspects of your life. Keep the big picture in mind. Certainly, this situation is difficult for you, but know that there are many wonderful men looking to build a relationship.

### Instruction2:
If he stops communicating frequently, take a step back and don’t contact him. See if he reaches out first. Check with mutual friends about his interest in others. Ask him directly if he still wants to see you. It’s important to care for yourself and stay positive, focusing on your happiness and moving on if he’s no longer interested.",7.141382694244385
037_17810,"### Instruction1:
Meditation can be very beneficial for your brain. Practicing meditation can help you become more attentive without much effort, as it will become one of the parameters of your brain. Learn more about meditation and find a method that suits you. Meditation becomes more effective when you train your mind to practice it. Try to find a book or audio recordings to guide you in your meditation. You can also take classes offered by professionals. To begin, find a quiet place to meditate. Close your eyes and sit comfortably. Choose a mantra to focus on. A mantra is a word or sound that you repeat, either out loud or to yourself. Common choices include ""ohm"" or ""love."" Your romantic relationship affects all aspects of your life. Research has shown that more attentive couples are happier and physically healthier. Ask your partner to join you in becoming more attentive together. Try meditating with your partner. The simple act of wanting to become more attentive at the same time and place can help you form a bond. You can also become more attentive by improving your communication skills with your partner. Focus on truly listening to one another. One of the best ways to be more attentive is to really listen to what the other person is saying. Often, when talking with someone, your inner voice is active while they speak. Sometimes, you judge what they say or think about something else. To be more attentive, you must really pay attention to what the other person is saying. If possible, hold important conversations face-to-face. Look the other person in the eyes. This will help you create a bond with the person you are listening to and absorb what they are saying. It is important to be aware of your health to be truly attentive. Pay attention to your body, energy levels, hunger, and pain. By tuning into your body’s signals, you will enhance your overall well-being. Practice being more attentive by being aware of the foods you choose to eat. You should think not only about what you like and dislike but also about the nutritional value of what you eat. Additionally, be mindful of the act itself and notice how your senses (sight, smell, and taste) respond to different foods.

### Instruction2:
Meditation helps improve attention and can benefit your brain. To start, find a quiet place and choose a mantra. Practicing with a partner can strengthen your bond. Focus on truly listening and engaging in face-to-face conversations. Be mindful of your health and the nutritional value of what you eat to enhance overall well-being.",6.397500038146973
037_17676,"### Instruction1:
Sometimes in a couple, one partner or even both may have doubts about the relationship. This person may tend to distance themselves, usually without providing an explanation to their partner. You might not know what’s wrong and wonder if you did something wrong. You might feel tempted to approach your girlfriend to determine what the problem is. However, this behavior may irritate the person who has doubts and push them to take action. If you find yourself in this situation, do your best to give her the space she needs. While this approach is not guaranteed to work, by stepping back for a few days or weeks, you might help your girlfriend realize that she values your relationship and feels lonely without you. Even if things don't go as you hoped, distancing yourself will also help you realize that you had a life before meeting your girlfriend, that you were happy, and that you can still live a fulfilling life without her. If you genuinely feel you cannot live without your girlfriend, you can take certain steps to try to save your relationship. However, it is important to understand that if your girlfriend is unhappy and does not want to be with you, both of you will be unhappy. Try to identify what aspect of your relationship makes her unhappy. The sad truth might be that she simply does not love you anymore. Other aspects could also be the root of her unhappiness. Try to identify these issues and work on resolving them. Surprise her. If you’ve been together for a long time, you might not be making much effort to keep her happy. Surprise her with something special, such as a candlelit dinner or taking her dancing at her favorite place. Even a small gesture, like bringing her favorite candies or flowers, can show her you’re thinking of her. Try to remind her of the good times. There is a reason you and your girlfriend got together, but during tough times, those reasons may seem distant. Try to revisit those reasons by recalling your first date or a shared laugh. You need to make her relive the positive feelings from the beginning of your relationship. Write her a love letter. This approach is simple, but many people love receiving love letters. It doesn’t mean you should be cheesy or overly sentimental; just write a straightforward letter reminding her how much she means to you. You could mention a fond memory you share or a common future project. Try to be more open and vulnerable. During this difficult time, you may be inclined to close off and share less with your girlfriend, which could worsen the situation. Instead, try to open up more to her. Share when you’re having a bad day, express your fears, and let her see this more vulnerable side of you. Encourage your partner to be independent. One reason your girlfriend may not be happy with you is that she feels smothered and unable to be independent. Encourage her to pursue her desires rather than doing everything to keep her by your side. For example, if she wants to apply to a prestigious school, offer to help with the admission process. If she wants to travel, encourage her to go for it. It may not be what you want, but sometimes the best solution is to let her go. If it is evident that she is unhappy with you but cannot leave for one reason or another, be brave and show her how much her happiness matters to you by deciding to break up with her yourself. You can do this gently by being honest. Tell her you realize she is no longer happy with you and that you know she doesn’t want to hurt you, but it’s time to end the relationship. This won’t necessarily make the breakup less painful, but at least you will have control over the situation. You may even feel relieved after being unhappy in your relationship for a while. When you end your relationship with your girlfriend, it’s important to let go of any anger you feel towards her. Dwelling on your anger and resentment will only make the situation harder. To move on, you will need time. If you feel sad after the breakup, know that you will feel better with time. You might adopt various strategies to feel better, but in any case, you need to give yourself time. There is no set duration for this process. You might need a few days, weeks, or even months. Try to see each passing day as a step in the right direction. The day after the breakup, you might be tempted to call your girlfriend or send her an email or text. However, this will only prolong your sorrow. If necessary, delete her number and remove her from all your social media. If she tries to contact you, ignore her call or message. If she sends you an email, delete it without reading it. This doesn’t mean you can never talk to her again; however, you will likely regret anything you might say immediately after the breakup, and it won’t do you any good. If you don’t want to completely get rid of her contact information, write it down and give it to a trusted friend, who will return it only when you are over the breakup. If you don’t want to get rid of certain items completely, such as by throwing them away or giving them away, put them in a box or bag and store them out of sight. If you fear being tempted to revisit memories with these items, either get rid of them completely or ask a friend to keep them for a while. While you have the right to spend an evening crying and feeling sad after the breakup, try to remain active. Make plans with friends and engage in things you enjoy. Participate in events where you can meet new people. If you have fun with people you love, you won’t have time to dwell on the loss of your girlfriend. Also, try to stay physically active. It is widely proven that being physically active helps with both mental and physical well-being. After the breakup, you may feel tempted to do nothing, but instead, try to go for a walk or run. If you enjoy team sports, join a club. While the end of a love story is always sad, you can still learn from it. Take the time to reflect on the relationship as honestly as possible. Your ex-girlfriend likely made many mistakes during your relationship, but you probably made just as many. Instead of dwelling on her faults, think about what you could have done better. For example, in your future relationships, you could work on better communication, so that your future girlfriends feel comfortable telling you when something bothers them. If in your last relationship you tended to get angry or defensive when your partner raised an issue, make an effort to be more open and calm when facing problems. It can be difficult to be honest with oneself about our own flaws. Keep in mind that hiding behind your pride won’t serve you well.

### Instruction2:
In a relationship, one partner may have doubts, causing them to distance themselves without explanation. If you're in this situation, give them space to realize they value the relationship. If you feel you cannot live without them, try to identify what is making them unhappy and resolve those issues. Surprise them with gestures and remind them of the good times. Communication is key, so be open and vulnerable. Encourage their independence, and if they are still unhappy, consider ending the relationship yourself. After a breakup, allow yourself time to heal and avoid contacting them immediately. Stay active and focus on self-improvement while reflecting on the relationship to learn for the future.",10.305078744888306
037_52505,"### Instruction1:
The most important expense categories often include housing, services, entertainment, clothing, food, travel, and healthcare. Start by reviewing your accounts from the past few months. Calculate the money you have spent in each expense category and other relevant features. Some banks provide a summary of your expenses over a period based on where you used your debit card. If you pay more often in cash, keep your receipts to help you track your spending. After gathering this information, compare each expense category. Do they seem reasonable to you (think in terms of a percentage of your salary)? Set a limit for each expense category that you should not exceed. Don't forget to allocate part of your salary for your retirement and savings. Start by setting aside 1% of your salary for your retirement and gradually increase this percentage. The more you save for retirement, the more you can enjoy your later years. Don't think this period won't be expensive, and talk to retirees in your circle. Experts recommend spending less than 30% of your salary on housing. In some cities, this goal may not be realistic, so consider changing neighborhoods. In addition to your retirement, also set aside money for emergencies. For example, save the equivalent of 6 months' salary in case you lose your job or are injured. Once you have established your budget, you can determine which expense categories you need to reduce. Start with the most significant categories. If your rent is 900 euros and you spend 300 euros per month on food, it is advisable to find a lower rent. If you have taken out a loan to buy your home, look for a loan with a better rate. After that, you can address your food expenses by avoiding restaurants and buying cheaper ingredients.

### Instruction2:
Identify key expense categories such as housing, food, and healthcare. Review past spending, set limits for each category, and allocate funds for retirement and emergencies. Aim to spend less than 30% of your salary on housing, consider adjusting your living situation if necessary, and gradually increase your retirement savings. Focus on reducing significant expenses first, such as finding lower rent or cutting food costs.",3.2344157695770264
037_27545,"### Instruction 1:
About fifteen days after the funeral, or when you feel most ready, invite friends and close family to a dinner in honor of your child. Make it clear that this gathering is to share the good memories everyone has. Ask each person to bring photos of your son or daughter. You can organize this at your home or choose a place your child loved, such as a park, playground, or community center. Some companies provide online spaces where you can share photos and videos of your child, or even tell their story. You can create a Facebook page in memory of your child and restrict access so that only family members and friends can see it. Gather photos of your child, their drawings, excerpts from their notebooks or diary, and compile them into an album. Add a caption or a little story to each image. You can open this album whenever you want to feel close to your child. It’s also a way to help younger children learn more about their older sibling. You might invest money in a project in honor of your child. For example, you could donate to your local library and ask them to buy books in your child's memory. Depending on their policy, they may place a special label on the book cover with your child's name. Think about activities and organizations that represent the things your child loved or cared about. You can contact your university's development office or work with a foundation to establish a scholarship. Depending on the country, you might need around 20,000 to 25,000 euros, assuming a scholarship of 1,000 dollars per year, but each institution has its own rules. A scholarship is also a way for your friends and family to honor your child's memory by making a donation. Depending on the circumstances of your child's death, you could get involved with an organization that advocates for a particular cause or calls for changes to our legislative system. For example, if your child was killed by a drunk driver, you might join the ""Ferdinand"" association, which fights against drunk driving. Take inspiration from John Walsh's story. After the murder of his 6-year-old son Adam, he fought for stronger legislation against individuals guilty of violence against children and hosted an investigative show on violent criminals. October 15 is World Perinatal Bereavement Awareness Day, a day to honor the memory of babies who died before term or shortly after birth. That evening at 7 PM, participants around the world light a candle and let it burn for at least an hour. Because of time zone differences, the result has been described as ""a wave of light spreading across the globe."" Initially, anniversaries can be painful dates, and at first, you will do your best to cope with that day. However, some people feel good about this celebration. There is no right or wrong way to handle it. If it brings you comfort, don’t hesitate to organize an event to celebrate the joyful, good, and funny personality of your deceased child.

### Instruction 2:
Fifteen days after the funeral, gather friends and family for a dinner to share memories of your child. Ask attendees to bring photos and consider creating an online memorial. Compile an album of memories with captions. You can also invest in a project or scholarship in your child's honor. Participate in causes related to your child's interests, and consider celebrating their memory on significant dates. There’s no right way to grieve; celebrate their joyful spirit if it brings comfort.",4.794877290725708
037_28613,"### Instruction1:
The professional will examine your skin for papules and rashes, which will help determine the substances your body is reacting to. They have the knowledge to know if you are experiencing merely irritation from the substance or if you are genuinely allergic to it. If the allergen has caused large papules, it is possible that you are very sensitive to the substance or food in question. The doctor will inform you of the substances for which you tested positive. Sometimes, the initial test can yield false positives or negatives. If you want to be more certain, ask the doctor to repeat it. Generally, if the test has been positive for an allergen more than once, it means that the person is allergic. You might also need to change your lifestyle to avoid any contact with allergens. Once you have determined the substances that trigger allergic reactions in your body, you must do everything possible to avoid them. This may involve eliminating certain foods from your diet or replacing beauty products to avoid exposing your skin to allergens. The doctor will inform you of the severity of your allergies to certain substances so that you do not jeopardize your health. For example, if you have a mild allergy to cats, the doctor might recommend avoiding contact with the animal or taking a specific medication before interacting with it. If you suffer from a severe allergy to peanuts, they may recommend avoiding consumption and ensuring that the foods you plan to eat do not contain them before ingesting. Some allergens can cause minor reactions, such as a rash or skin irritation. However, if you continue to expose yourself to these allergens, the reactions can worsen over time. Therefore, try to avoid them to stay healthy.

### Instruction2:
A professional will examine your skin for reactions to identify allergens. If you test positive for an allergen multiple times, it indicates an allergy. You should avoid allergens, which may require dietary changes or switching products. The doctor will inform you about the severity of your allergies and recommend ways to avoid exposure, as continuing contact may worsen reactions.",4.370868444442749
037_1542,"### Instruction 1:
You may realize that you are constantly thinking about diapers. If your thoughts about diapers interfere with your daily life, it could indicate a problem. Persistent thoughts about obtaining something specific may suggest an addiction to that object. You might find it difficult to accomplish certain tasks because you are preoccupied with diapers. Has your productivity at work decreased, or do you find it harder to do household chores? You may notice that your focus is lacking because you think about diapers too often. If you struggle to maintain normal and functional behavior (such as getting up, going to work, grocery shopping, or cleaning) due to your thoughts about diapers, this could also be a problem. Interfering behaviors can be emotionally painful, and it is important to regain control before they spiral out of control. If you have trouble connecting with others due to your use of diapers, this could be an issue. You might have problems with your family or partner because you wear diapers, but continue to do so despite the social issues it causes. When your habits and lifestyle interfere with your social life without preventing you from continuing to use them, it may be a sign of addiction. Reflect on whether your relationships have declined since you began regularly using diapers. Ask yourself if your relationships with friends, family, colleagues, or partners have suffered due to your habit of wearing diapers. Declining relationships may be characterized by limited or stopped contact, increased tension, or difficulties connecting with others. If you have noticed changes in your behavior since you started wearing diapers, consider their impact on your life. If you realize that you cannot do without diapers, spend a lot of time on diaper-related activities at the expense of your daily activities, and have little interest in anything else due to your fascination with diapers, this could indicate an addiction. You might try to reduce your use of diapers only to find it difficult. You may continue to wear diapers even when it likely leads to negative outcomes, for example, if you cannot afford to keep wearing them. You might also try to stop wearing diapers only to find it extremely challenging. If they make you happy and are just a satisfactory part of your environment (or the one you share with your partner), there’s nothing to worry about. If diapers make you sad, isolate you socially, or make you feel depressed, you should consider changing your usage. If you have developed a dysfunctional emotional response to wearing diapers, it could indicate an addiction. Examples of dysfunctional responses include extreme anxiety when you run out of diapers or in situations where you cannot wear them, relief that can only be provided by diapers, and strong emotional dependence on them. Reflect on how diapers make you feel, both when you wear them and before you put them on. Ask yourself if you have negative thoughts about diapers. Wearing diapers at home can create a sense of safety but can also generate fear when you leave the house. If you tend to feel too shy to go out with diapers on, consider wearing them only at home. Isolation leads to more isolation, to the point where social interactions can become strange and awkward. Before reaching that point, ensure that you arrange regular meetings with others. Create a schedule to know when you can wear diapers and when you cannot. Do not let them interfere with how you live your life and spend time with your friends. If you have relationship issues because of your diapers or want to change your habits, it may be helpful to discuss it with a therapist. They can help you understand how to manage the emotions related to wearing diapers. You can start to gradually stop wearing diapers or create a healthier relationship with them if you struggle to find a balance between your life and diaper use. Consulting a therapist can help you with the conflicting feelings you experience due to your passion for diapers or your embarrassment in discussing them with your partner.

### Instruction 2:
If you find yourself constantly thinking about diapers to the point it disrupts your daily life, it may indicate an addiction. Difficulty performing daily tasks, decreased productivity, and strained relationships due to diaper use are signs that may point to this issue. If your emotional responses to diapers are extreme, whether positive or negative, it may be time to reflect on their impact on your life. If you feel unable to manage your usage or if it causes distress in your relationships, consider seeking help from a therapist to establish a healthier relationship with diapers.",8.691516637802124
037_26606,"### Instruction1:
In a bowl, pour 240 ml of baking soda into a cup of warm water. Stir well to create a paste. Apply the paste to the stain using your cloth or a sponge. Wait for it to dry. Take a clean, soft cloth and use it to wipe off the paste. Check if the stain is completely gone. Mix vinegar and warm water in equal proportions. Pour the mixture into a spray bottle (if possible) to cover the stain with an adequate and even amount of product. Spray the mixture onto the stain. After 5 minutes, return and prepare to finish with a thorough rinse. Dip a soft cloth in warm water. Rub the cloth in the direction of the grain of the metal over the stained area. Make sure to remove all the vinegar. Dry with a soft cloth. Ensure no water remains, as this could also damage the countertop.

### Instruction2:
Create a paste with baking soda and warm water, apply it to the stain, and let it dry. Wipe off the paste, mix vinegar and warm water, spray it on the stain, and wait 5 minutes. Rinse with a warm, damp cloth, ensuring all vinegar is removed and dry thoroughly.",2.1146764755249023
037_58194,"### Instruction1:
The dye will only add to the color already present. If you use a colored rose, the dye may give it a different color or may not even show up! For best results, use a fully open flower. This method works for both fresh and dried roses. Use a sharp knife to cut the base of the stem at an angle. Next, remove the leaves, thorns, and buds. Place the rose in a vase filled with clear water while you prepare the dye in the next step. Keep the stem underwater while you cut it. This helps avoid air bubbles that can clog the stem and prevent the rose from absorbing the dye. The preparation of the dye depends on the type of dye you are using. For instance, you can try with ink, food coloring, or fabric dye. If you find flower dye, you will achieve better results. Choose your preferred dye, and then prepare it using one of the following methods. Mix the ink or food coloring in four liters of water. Add 1 tablespoon of alum. Mix the fabric dye in four liters of water. Pour in enough dye to achieve the desired color. Prepare the flower dye according to the instructions on the package. Hold the flower upside down by the stem, then dip it into the dye. Stir it a little in the liquid to cover all the petals. You should only leave it in the dye for two or three seconds. This method is different from other dyeing techniques. You will only dip the rose in the dye, not the stem. Hold it upside down over the bucket to let the excess dye drip off. Gently shake it if necessary, but be careful not to let droplets fall on surfaces you don’t want to stain. Shake it again to remove the excess water. If the color is too dark, you can rinse it under water for longer. Remember that the color may lighten as the rose dries. If the color is not dark enough, let it dry completely, then repeat the dyeing steps. If necessary, you can dye other roses while this one dries. However, be patient; if you use the rose while the dye is not dry, you could leave stains on your skin, clothing, or other materials. If you are dyeing a fresh rose, you must fill the vase with water to prevent it from wilting. However, dried roses do not need water. If you are using fresh roses, you should add a packet of preservatives to the vase water. This helps the flowers last longer. Since you will only be dyeing the rose, you need not worry about the dye diluting in the water through the stem. You can then use a clear vase without worrying about the water changing color.

### Instruction2:
To dye a rose, use a fully open flower and cut the stem at an angle while keeping it underwater. Prepare the dye according to the type you choose (ink, food coloring, or flower dye) and dip the flower upside down in the dye for a few seconds. Let excess dye drip off and shake gently. If the color is too dark, rinse it; if too light, repeat the dyeing process after it dries. Fresh roses need water to prevent wilting, while dried roses do not.",7.597601890563965
037_44105,"### Instruction1:
Do not fast if you suffer from certain illnesses. In fact, fasting may worsen some of them and put you in danger. Therefore, unless expressly approved by your doctor, do not fast with water if you suffer from any of the following conditions or are in one of the situations described below: an eating disorder like anorexia or bulimia, hypoglycemia (low blood sugar), diabetes, an enzyme deficiency, end-stage kidney or liver disease, an alcohol addiction, thyroid insufficiency, tuberculosis, an infectious disease or acquired immunodeficiency syndrome (AIDS), advanced-stage cancer, lupus, vascular disease or poor blood circulation, a heart condition including heart failure, arrhythmia (especially atrial fibrillation), a heart attack, a heart valve problem, or cardiomyopathy, Alzheimer's disease or an organic mental disorder, having undergone an organ transplant, paralysis, being pregnant or breastfeeding, or taking essential medication. Consider starting with a one-day fast. Limit the period to 3 days if you are fasting without medical assistance. This short period has been shown to be beneficial for your health. A longer period requires medical supervision, like during a food fasting retreat. This short period is a safer choice, which may offer less risk and more benefits to the body. Consider fasting with water for one day at most during the week. Choose a relatively free period when fasting will not affect your daily routine. As much as possible, avoid working and try to rest physically and mentally. A multi-day fast can be intimidating. Discuss the matter with your doctor, read books on the subject written by well-known authors, and talk to people who have already tried the experience. Think of fasting as an adventure. It is better to follow steps rather than abruptly stop eating. At least 2 or 3 days before the fast, start eliminating sugar, processed foods, and caffeine from your diet, and eat mainly fruits and vegetables. You might also consider reducing your food intake a few weeks before the big day to help your body transition more easily. You can also fast intermittently before committing to strict water fasting. Such a plan can be spread over a month: 1st week: skip breakfast; 2nd week: skip breakfast and lunch; 3rd week: skip both breakfast and lunch and decrease dinner portions; 4th week: begin your water fast.

### Instruction2:
Avoid fasting if you have certain health conditions unless your doctor approves. Start with a one-day fast, and limit to three days without medical help. Prepare for fasting by gradually eliminating unhealthy foods and reducing portions before the fast. Consider a month-long preparation plan to ease into a water fast.",3.847956895828247
037_36937,"### Instruction1:
If you want to end a relationship gently, it's important to choose the right place and time. If you want to break up with someone while being considerate of their feelings, you need to take the moment and location into account. For difficult conversations, it's best to do it in person. Humans have evolved to understand non-verbal language, which can reassure them during tough talks. For example, a spontaneous pat on the shoulder can comfort someone and show them they can still be loved even if the relationship didn’t work out. The visible sadness on your face can help your partner see that you genuinely care about their feelings, even as you end the relationship. If possible, choose a place where your partner feels comfortable, such as going to their home for the discussion. While this may make you uncomfortable, it gives them a sense of control during this tough conversation, which will help them process the bad news. If you think the conversation will last a while, try to have it when you won’t be interrupted by external factors. For example, don’t break up with your partner an hour before they go to work. Instead, visit them at home in the evening. This allows you to discuss all the issues. If you are gently breaking up with someone, you must take responsibility for your decision. Sometimes, people think it would be easier if their partner made the decision to break up. However, it is your feelings that have changed, and it is your responsibility to initiate the breakup conversation. If you try to lead your partner toward the breakup using hints, you will be dishonest and create a confusing situation. Your partner might not understand the message and may start questioning themselves as you subtly distance yourself. For instance, if you show less physical affection to indicate you’re no longer interested, they might wonder if you still find them attractive. If you want to break up gently, you must take responsibility for your decision. It is important to be honest when ending a relationship. While you don’t need to list all the reasons that led you to this conclusion, you should be direct about your expectations. Clearly state that you want to end the relationship, and briefly explain why to your partner. The most important message summarizing most breakups is: ""You are not what I am looking for."" You are entitled to express this opinion. It will help your partner feel the end of the relationship because they will understand the logic. You can kindly say: ""I’m sorry, but I don’t love you anymore. Now I need something different, and I think it’s best for us to go our separate ways."" If the relationship was less serious, you can be more brief, for example: ""I’m sorry, but I don’t feel anything special between us; I think it’s better if we stay friends."" Honesty is important, but it shouldn’t be brutal. You shouldn’t dwell on your partner’s past mistakes or current issues. If you’re breaking up because you are no longer attracted to your partner, it’s best not to mention it. If you feel resentment due to past arguments, you might feel better expressing it, but it’s painful for your partner to hear. If you want to gently end a relationship, keep the reasons for the breakup general and avoid detailing your partner’s flaws. Again, while you should be honest, you also need to be direct. You’re not doing your partner any favors by beating around the bush and avoiding the subject. Start the conversation with a direct statement of what you want, for example: ""I wanted to talk to you because I don’t feel this relationship is working."" From there, keep the conversation brief. It can be hard to break up with someone, but it’s important to remain calm and composed. This way, you can express what you want concisely. Showing too much emotion can create a confusing situation and obscure your message. Try to spend some time mentally preparing for the conversation by rehearsing it in your mind. You might write down what you want to say. It may be better not to memorize your words, as you could come across as cold. However, you should have a general idea to keep you focused. Practice repeating your words several times before the confrontation. You might ease the pain of the breakup by offering some form of consolation. If possible, propose your friendship to your ex. For instance, you could say: ""I hope we can stay friends."" However, keep in mind that many people struggle to remain friends, especially right after a breakup. If you don’t think you can stay friends with your ex, don’t offer it.

### Instruction2:
To gently end a relationship, choose the right time and place, preferably in person. Show empathy through non-verbal cues. Be honest and direct about your feelings and the breakup. Avoid detailing your partner's flaws, and keep the conversation concise. Prepare emotionally by rehearsing what to say, and consider offering friendship if appropriate, but be mindful that this may not be feasible for everyone.",11.380517959594727
037_12706,"### Instruction1:
Japanese indigenous numbers tend to be simpler than those in the Sino-Japanese system and are only used for counting from 1 to 10. This group of numbers is considered universal. However, you cannot use indigenous Japanese numbers to count money, time, or people. There are no quantifiers in the indigenous Japanese system, which makes it easier to use in daily life, for example, when ordering a coffee or three sushi. Use flashcards or a similar method to learn the first five numbers in the indigenous Japanese system. If you already know how to read hiragana, you can practice reading the numbers. One (1) is said as ひとつ (""hitotsu"", pronounced ""hi-to-tsou""). Two (2) is said as ふたつ (""futatsu"", pronounced ""fou-ta-tsou""). Three (3) is said as みっつ (""mittsu"", pronounced ""mi-tsou""). Pause between the syllables. Four (4) is said as よっつ (""yottsu"", pronounced ""yo-tsou""). Five (5) is said as いつつ (""itsutsu"", pronounced ""i-tsou-tsou""). Once you master the numbers up to 5, you can move on to the next five using the same method to remember them. Now, you can count up to 10 using the indigenous Japanese system or Wago. Six (6) is said as むっつ (""muttsu"", pronounced ""mou-tsou""). Seven (7) is said as ななつ (""nanatsu"", pronounced ""na-na-tsou""). Eight (8) is said as やっつ (""yattsu"", pronounced ""ya-tsou""). Nine (9) is said as ここのつ (""kokonotsu"", pronounced ""ko-ko-no-tsou""). Ten (10) is said as とう (""tou"", pronounced ""to-ou"").

### Instruction2:
Indigenous Japanese numbers are used for counting 1 to 10 and are simpler than Sino-Japanese numbers. They cannot be used for money, time, or people. There are no quantifiers in this system, making it easier for daily use. The first five numbers are: one (ひとつ, ""hitotsu""), two (ふたつ, ""futatsu""), three (みっつ, ""mittsu""), four (よっつ, ""yottsu""), and five (いつつ, ""itsutsu""). After mastering these, you can learn six (むっつ, ""muttsu""), seven (ななつ, ""nanatsu""), eight (やっつ, ""yattsu""), nine (ここのつ, ""kokonotsu""), and ten (とう, ""tou"").",6.165318250656128
037_20455,"### Instruction1:
If you are a first-time parent, your life changes radically and you are constantly learning how to juggle the different aspects and needs of your life. Keep in mind that your children's grandparents must also adjust to their new status. Before confronting the grandparents about their attitude, first determine whether you are in the middle of an adjustment period or not. Do you think that with time and patience, the discord could resolve? If you prefer to nip it in the bud, for example, if you can no longer tolerate unannounced and frequent visits, make a list of the behaviors that bother you the most. If you have read the first part of this article regarding relationships with grandparents, you will find many parallels in the following points. Even though the relationship between your children's grandparents and the grandchildren is different from that between the grandparents and their own children, there are always commonalities. We live in interpersonal family relationships, and whenever we are in conflict, it can help to consider the situation from the other party's perspective. 

It is very likely that you and your partner will need to have a frank conversation with your children's grandparents, but before that, ask yourself why they are acting the way they are. For example, you might be annoyed by your mother's constant concern about how and how often you feed your child (which you may perceive as criticism), but she might be worried for you because she herself faced difficulties regarding this when you were a baby. Similarly, you may feel extremely irritated by unplanned visits, but you could see things differently by realizing that you have not often invited them either. Most likely, the grandparents are eager to spend time with their grandchildren. This step naturally follows the previous one: you are doing your best to consider the grandparents' point of view. Nothing good will come from only seeing the worst in their motivations.

You may think that your mother-in-law has always been waiting for a chance to catch you out, which explains why she constantly brings prepared dishes (does she think you are incapable of feeding your family?), but do not dismiss the possibility that she is only trying to lighten your daily load. If your parents have not called or visited you much, you might think they are not interested in your newborn and thus in their grandchild. Even if that is a possibility, start by telling yourself that perhaps they do not want to invade your space. They might be eagerly awaiting you to take the first step. You have your own relationship with your children's grandparents, but you may not know much about their experiences with their own parents or in-laws. Their attitude is likely shaped by their experience as parents, and they probably have different expectations about the investment they should make with your children.

Ask them specific questions about their relationship with their parents and in-laws, such as, ""Mom, how often did you see Grandma when I was a baby?"" or ""Did you ask her for advice often?"" Similarly, ask them about their parenting experiences, ""Was John difficult when he was a baby?"" or ""How did you manage?"" By learning as much as possible about your children's grandparents, you will discover them as individuals and this will help you identify how to improve your relationship. It is challenging enough for you to navigate through conflict and ever-changing advice on the best way to raise a child. Understanding how norms have evolved (sometimes drastically) over the years will help you understand where the grandparents are coming from.

You might feel frustrated hearing your mother-in-law constantly talk about introducing various foods for your baby, but once you discover that this is also recommended by pediatricians, you will understand her better. Similarly, there was very little information regarding sudden infant death syndrome and the fact that babies should sleep on their backs is a recent guideline. If this point is non-negotiable, you can understand that the information they had at their time was different, which will help you explain certain things clearly regarding your expectations. Rather than sidelining them or imposing an inflexible list of rules, find areas where you can solicit their advice and involve them. 

You have good reasons for wanting to establish a strict sleep schedule for your child, but consider the grandmother's talent for soothing and putting the baby to sleep: if she can rock and lull the baby to sleep in minutes, ask her for advice. When the grandparents take care of the baby, you can ask them to rock the child and get them ready for bed at 7 PM sharp. It is important to remain as flexible as possible with the grandparents. There will obviously be some issues, especially concerning safety, where you need to be firm, but decide what behavior is least acceptable. For example, if it is important for your child to have a balanced diet, a few candies when the grandparents come to visit will not ruin your efforts. On the other hand, if you do not trust them to lay the child on their back without pillows and stuffed animals in the crib, you will not let them take care of the child for a nap or overnight.

Grandparents cannot read your mind or guess what you expect from them. You have spent a lot of time creating the routine that works for your children, after hours of research and consultations with your pediatrician. When your children are entrusted to their grandparents, make sure you are very clear and specific in explaining your expectations. Likewise, while you want them to be an integral part of your children's lives, you may not have anticipated that they would come to see you every other day. Be clear if you wish to reduce the frequency of visits: ""Mom, Dad, weekdays are a bit complicated; maybe we can see each other on Saturday or Sunday this week?"" Above all, you must protect them. If at any point you believe your child is harmed by an interaction with anyone, including the grandparents, you must take the necessary steps to protect them. There is no rule that says we must maintain ties with abusive individuals simply because they are family. However, the relationship between grandchildren and grandparents is potentially one of the most important, filled with love and recognition. It is also your duty to surround your children with love and protect them. Improving your relationship with their grandparents will help strengthen the bonds between them and their grandchildren.

### Instruction2:
First-time parents face significant life changes and must learn to balance various aspects of their lives. Grandparents also need to adjust to their new roles. Before confronting them about issues, consider if you are in an adjustment phase and if things might improve over time. If you feel overwhelmed by frequent visits, list the behaviors that bother you. Understand that grandparents may have different perspectives based on their past experiences. Communicating openly and asking them about their parenting experiences can help improve relationships. It's essential to involve grandparents in the children's lives while also being clear about your expectations regarding parenting practices. Flexibility and understanding can foster better interactions, but boundaries should be set for safety. Ultimately, protecting your child is paramount, and nurturing the relationship with grandparents can strengthen family bonds.",14.292067527770996
037_9474,"### Instruction1:
This type of equipment is very effective for sterilizing and cleaning all types of tiles and grout. Indeed, no chemicals are involved. You will find this kind of device in all hardware stores, and some retailers may even rent one to you. Make sure your steam cleaner includes the necessary accessories for cleaning grout: a steam suction hose and a small brush. Refer to these instructions to properly assemble and fill your device. This precaution will help you avoid damaging it. Do not add any chemicals or soap to the steam water reservoir of your cleaner. The user manual should tell you how long to wait after turning it on for your device to be ready for use. Start at one end of the room and continue to the other end. It will be the steam that loosens the grime and dirt from your grout. It will also kill any mold that may have taken up residence. Steam cleaning will eliminate the grout coating! Therefore, only use steam if there is no coating. If it is old, you can take the opportunity to replace it.

### Instruction2:
The equipment is effective for cleaning tiles and grout without chemicals. Ensure you have the necessary accessories and follow assembly instructions carefully. Do not add chemicals to the steam cleaner. Wait for it to be ready as per the manual, then clean from one end of the room to the other. Steam will remove dirt and mold, but only use it if there's no grout coating, as it will eliminate it. If the coating is old, consider replacing it.",3.389228105545044
037_3218,"### Instruction 1:
Based on the current arrangement of your furniture, it might be easier to simply pivot and move each piece in one motion. If you want a change but don't want to move mountains, this technique might be right for you. For example, if your bed is parallel to the door or window, just turn your bed to place it along the perpendicular wall. A simple pivot in either direction should suffice. Choose the angle of each piece of furniture that will be the axis. Then, visualize the arrangement of each piece after you pivot it around that axis. Some people hate being woken up by direct sunlight, while others love it. Some people will want to avoid the sun in their eyes later in the day when sitting at their desk, while others will seek it out. It’s all about your preferences and choices, but you must consider how light enters your room when deciding how to arrange your furniture. You could mark sunny areas in the morning and afternoon with tape on the floor or walls, so you can move your furniture based on the light, even if the sun isn't shining in when you move it. You can also move your furniture according to the spacing of your windows. For instance, you could align your bed, shelves, and other furniture with your windows, or place them directly against the wall between each opening. By smartly positioning your furniture, you can create space in your room or even divide a large room into several areas. If you have a desk or dresser, you can save space by placing that piece at the foot of your bed. This option is ideal for a small room where you need to combine sleeping and working space. If you have a large room, use your desk or storage furniture to separate the area where your bed is from the area where you place your desk. Curtains, tapestries, or drapes can also help isolate your sleeping space from the rest of your room. Hang the textile from the ceiling and wall with thumbtacks for a test and see if the result pleases you. How do you enter and exit your room? Which spaces and elements need to remain easily accessible? When rearranging your room, it's important to consider both the aesthetic aspect and the practical one. To move freely, you must allow enough open space. Thinking about this space is just as important as considering how you will arrange your furniture. If people regularly come into your room, place the bed as far away from the door as possible so you don't have to sit on your bed or around your sleeping area with guests. If you have a shoe cabinet, do you have space to place it near the door? This way, you can easily access your shoes when you need them to go out. Where are the clutter areas in your room? For example, you could slide storage boxes under your shelves, under your bed, and in your closets to avoid leaving things lying around and to free up space. Ensure that walkways and items you need regular access to are not blocked. Can the windows be opened, are the curtains and shutters closed, and are the doors easily used? Make sure that the new arrangement of your furniture allows you to use each piece properly and to open drawers and doors without difficulty. It is common to place chairs and desks facing the door so that you are facing anyone who enters the room. This way, you will feel more comfortable and aware of your surroundings, and you can easily welcome anyone who knocks at the door. When considering how you want to move your furniture, take the opportunity to clear new storage solutions. For example, see if you could incorporate one of the following solutions: new shelves, plastic storage bins, decorative baskets, trash cans and laundry baskets, glass jars on your windowsill. Installing new curtains is an easy way to change the color palette of your room or refresh your space. This can subtly alter the light entering the room and allow you to see your room in a new light without making too many changes. You could also simply remove your curtains to let more light into your room.

### Instruction 2:
To rearrange your room, consider pivoting your furniture instead of moving it entirely. Adjust the position of your bed and other pieces based on natural light preferences. Ensure accessibility and create clear pathways. Use storage solutions effectively, and consider aesthetics alongside practicality when arranging your space. You might also refresh the room's look by changing curtains or allowing more light in.",6.302968740463257
037_37269,"### Instruction1:
These bacteria are naturally present in the body. They are involved in the functioning of the digestive system as well as in skin beauty. Food sources of probiotics mainly include yogurts, sauerkraut, and fermented products. Note that there are also dietary supplements and even cosmetic products based on probiotics. It is advisable to choose those containing vitamins, minerals, and trace elements essential for the beauty of your skin. For example, you can consume: yogurts, fruits like kiwi or mango, nuts, grains such as quinoa, eggs, fatty fish, and spices like turmeric. Beta-carotene, vitamins A, C, and E, selenium, or polyphenols are antioxidants. They participate in cell regeneration and the elimination of free radicals responsible for premature aging of the skin. You can find them in abundance in fresh fruits and vegetables as well as in green tea. They will help reinforce the action of the compounds present in your daily diet. However, know that they do not replace them. Fish oil, vitamin mixes, or fatty acids should be prioritized for caring for and maintaining the eye area as well as overall health.

### Instruction2:
Probiotics are beneficial bacteria found in the body that aid digestion and skin health. Food sources include yogurt, sauerkraut, and fermented products, while supplements and cosmetics with probiotics are also available. It’s important to consume vitamins and minerals for skin beauty, with recommended foods like yogurt, fruits, nuts, quinoa, eggs, and fatty fish. Antioxidants such as beta-carotene and vitamins A, C, and E help with cell regeneration and combat skin aging. They can be found in fresh produce and green tea, enhancing the effects of your diet but not substituting it. Fish oil and vitamin mixes are recommended for eye care and overall health.",2.6628475189208984
037_47485,"### Instruction1:
Hold the bulb so that it rests on its base (where the leaves are gathered). Cut it into 2 pieces on the cutting board while holding the knife with your dominant hand. Always use a sharp kitchen knife to avoid the risk of injury. Try to cut your vegetable as straight as possible by holding the knife firmly. Now cut each half into 2 pieces on the cutting board. Cut them from top to bottom with a firm and decisive hand. Always hold one bulb with your non-dominant hand so it doesn't move when you cut it. Remove a good portion of the heart from each piece of fennel, but be careful not to cut too deeply so that it retains its character and flavor. You can keep the heart to make delicious soups, broths, or vegetable bases. Place a quarter of your bulb flat on your cutting board. Always place the cut side of each piece of fennel against the cutting board, as this flat side will make it much easier to cut the fennel into pieces without it sliding. If you place the rounded side on the cutting board, the piece of fennel will move when you try to cut it, and you risk injuring yourself by cutting a finger! Make a continuous and steady motion. No, you are not going to play 421, not yet. It’s simply about cutting your fennel into small dice-shaped pieces. Use a sharp kitchen knife to minimize the risk to your fingers. To create small pieces, form equal dice measuring just under half a square centimeter. You can achieve medium-sized dice by cutting them to measure just over half a square centimeter. Large pieces measure just under 1 square centimeter. These proportions vary depending on your preferences and the recipe you are following. Protect your fingers. Always keep the fingers of your non-dominant hand (holding the vegetable) away from the knife blade while firmly holding the piece of fennel on the cutting board to prevent it from slipping. Always be very careful when handling a sharp kitchen knife, as it cuts very well and without distinction!

### Instruction2:
Cut a fennel bulb into pieces by holding it securely and using a sharp knife. Cut it into quarters first, then into smaller dice-shaped pieces, ensuring your fingers stay clear of the blade. Adjust the size of the pieces according to your preference or recipe, while being cautious with the knife at all times.",4.880774736404419
037_38076,"### Instruction1:
When you enter the main screen of the application, it asks for permission to allow auto-import. Enable or disable this option according to your preference. Whether from the ""Gallery"" app or from the file explorer app, select a file or image you want to import. Tap on the file or image and share it. Choose the folder where you want to import the file.

### Instruction2:
The application prompts for permission to enable auto-import when opened. You can choose to enable or disable it. Select a file or image from the Gallery or file explorer to import, then share it and select the desired folder for import.",1.4626245498657227
037_14480,"### Instruction1:
Look at the result in the mirror. If the chain is too tight, slide the cuff a little lower on the edge of your ear. If the chain hangs too low, you can slightly raise the cuff on the edge of your ear. Make sure that the chain is not tangled in the earring and that it falls outside of the cuff and the earring. Make the final adjustments with your fingers.

### Instruction2:
Check the appearance in the mirror. Adjust the cuff on your ear if the chain is too tight or too loose, ensuring the chain is not tangled and falls correctly. Make final adjustments as needed.",1.404738187789917
037_53009,"### Instruction1:
It will be very versatile. Dark jeans are very practical when you want to transition easily from day to evening. You can wear them to work and effortlessly adapt your outfit for the evening after a long day. Dark jeans are a very dark blue. Sometimes, they appear almost black. They will be perfect for spring or summer. Light blue jeans are nice for spring or summer days. This fabric can range from very light sky blue to the classic blue of traditional jeans. These pants pair well with lightweight tops suitable for warm seasons. You can also wear light jeans with a sweater in the fall or winter. Wear them in the evening. High-waisted black pants are always ideal for a night out in the city. Choose a pair for going to a nightclub or for a romantic dinner at a restaurant. You can also wear one of these pants on days when you want a polished look but don't want to put too much effort into your outfit. Choose fabric that contains elastane. Some jeans are completely cotton. Others are made from a blend of cotton and other textiles like elastane. Those made entirely of cotton look great but stretch very little, if at all. Therefore, it can be uncomfortable or painful to sit for long periods while wearing them. If your pants contain elastane, they will stretch slightly when you sit down and move. Read the information on the clothing label and ensure it contains elastane. Some high-waisted jeans with an elastic waistband already contain this material.

### Instruction2:
Dark jeans are versatile for transitioning from day to night. Light blue jeans are suitable for spring or summer, pairing well with lightweight tops. High-waisted black pants are perfect for evenings out. Look for jeans with elastane for comfort, as 100% cotton can be uncomfortable for long wear. Always check clothing labels for elastane content.",3.19919490814209
037_57865,"### Instruction1:
Stress leads to an increase in cortisol, which is the hormone responsible for fat accumulation in the body, particularly around the belly. It also encourages emotional eating, which is the act of eating for comfort rather than to satisfy a biological need. If possible, eliminate stressful people or things from your life. You can also combat daily stress and anxiety by improving your time management. This will help you avoid rushing to complete tasks on time. If you are often stressed, take a few minutes each day to sit quietly, close your eyes, focus on your breathing, and clear your mind of thoughts and worries. Studies show that lack of sleep can wreak havoc on appetite and body fat. If you don’t get enough sleep, you are more likely to gain weight and accumulate fat around your belly. Adults should sleep between 7 and 9 hours per night, not only to stay healthy but also to feel well-rested. Turn off all lights and avoid electronic devices (phones, tablets, or computers) at least 2 hours before bedtime.

### Instruction2:
Stress increases cortisol levels, leading to fat accumulation, especially in the belly, and promotes emotional eating. To manage stress, eliminate stressors and improve time management. Take time daily to relax and focus on breathing. Lack of sleep negatively affects appetite and body fat, making adequate sleep (7-9 hours) essential for health. Avoid electronics before bedtime to improve sleep quality.",2.2820329666137695
037_33059,"### Instruction1:
Employers have the option to conduct a screening test before hiring (pre-employment), annually if they have reasonable suspicions, after an accident, or randomly. Your right to refuse the test will largely depend on when it is conducted. Depending on your place of residence and the timing of the test, your rights may vary significantly. For example, in some U.S. states like California, random drug testing is illegal as it is considered discriminatory. However, pre-employment tests are allowed. An employer can terminate your contract or deny you a promotion if you test positive. In some countries, the state may also deny you unemployment benefits, daily allowances, or disability benefits. This should be your first step in contesting the test results. The Human Resources Department will be able to inform you about the procedures for conducting a new test. They will provide you with the documents you need. Present them with relevant documents and medical forms you filled out before taking the test. The duration of handling your case will largely depend on your employment situation within the company. Don’t forget to bring a list of everything you have eaten and your medical prescriptions. As mentioned earlier, a false positive can be triggered by foods, vitamins, over-the-counter medications, and dietary supplements (for athletes). However, it can also be due to human error, which justifies the need for a new test. It is possible that the laboratory conducting the tests confused the results or did not follow current standards. Testing methods may not be updated or may be outdated. Samples may have been contaminated. If you believe your test results were skewed or that your rights were not respected during the process, you must directly contact a labor law attorney near you. The attorney is more knowledgeable about the laws and regulations related to screening tests and will be able to inform you about possible legal remedies.

### Instruction2:
Employers can perform pre-employment drug tests and random tests if there are suspicions. Your right to refuse depends on the timing and location of the test. In some states, random tests are illegal. Positive test results can lead to termination or denial of benefits. If you contest results, consult HR for procedures and necessary documents. A false positive could result from food, medications, or errors. If your rights were violated, contact a labor law attorney for guidance on legal options.",4.214434862136841
037_43131,"### Instruction1:
But be subtle. Don’t say ""I spent the whole weekend with Marc, he’s so handsome,"" or he will quickly understand that you are just trying to annoy him. Instead, say something like ""Have you heard of the Arctic Monkeys? Marc burned me their latest album and I’m listening to it all the time."" Mentioning a boy subtly will make him much more jealous than if you were gushing about every boy you know. Also, don’t mention too many names. Just mention the name of one or two boys during the conversation. To make a man jealous, you can’t be the sweetest person in the world to him. But don’t go too far either. If you are openly mean, talk too often about the boys you hang out with, and behave tactlessly just to make him jealous, you can be sure that you will cool him off and others around you will also be annoyed by your behavior. You can be a little unpleasant, especially if you are trying to win back an ex, but don’t lose sight of who you are. If you have to talk to the boy you’re trying to make jealous, don’t give him all your time. Chat with him for a few minutes, then tell him you have to go, that you’re going to class, meeting friends, or that you have nothing to do at all. If he thinks he can talk to you for hours until he has to leave, who will have the power in this relationship? Not you! Even if you are crazy about him and lost in his big blue eyes, force yourself to keep your distance. Don’t give him 100% of your attention when you talk to him. Show him that you have other things on your mind. If he asks if you had a good weekend, just say ""It was... just too good!"" Let him guess what you mean by that: he will probably think you had a great time with another boy at the movies, even if you were at your Aunt Flo's 50th birthday party. If you have to leave, don’t say ""I have a dentist appointment!"" Instead, say ""I’m late for this... thing I have to go to."" He might think you have a date with a boy, and why would you deny it? To make him jealous, don’t be an open book. Let him guess what you might be doing and invent his own scenarios that he will be jealous of! If your goal is to date him, don’t try to make him jealous for too long. If you want to make jealous a boy who broke your heart and seek revenge, then fine. But if you want to spark the jealousy of a boy you like and attract his attention, then know the limits. You can flirt a little with other men at first, but if you go too far, he will think you are not interested in him, that you are not a nice person, or that you are an ""easy girl."" As soon as you and this boy develop a real connection, limit your jealousy tricks. If you date this boy, you can keep his attention, but there are better ways to do that than to make him jealous! If you want to start a relationship with this boy, you will need to build it on foundations of trust and not doubt and suspicion.

### Instruction2:
Be subtle when trying to make a boy jealous. Instead of bragging about time spent with other boys, casually mention one or two boys in conversation. Avoid being overly nice to him, but don't be mean or tactless. Give him limited time and attention, and create intrigue by being vague about your activities. If your goal is to date him, don’t prolong jealousy tactics; instead, focus on building trust and a genuine connection.",4.961112976074219
037_45098,"### Instruction1:
You have been told before, breakfast is the most important meal of the day. A healthy and balanced breakfast kick-starts your metabolism after a long night of fasting and prepares your body to face the day. Breakfast will give you more energy to be active throughout the day, which in turn will increase your appetite. An example of a healthy and balanced breakfast includes whole grain cereals, yogurt, muesli, and fresh fruits, as well as a fruit smoothie. If you are trying to increase your caloric intake, try peanut butter on a slice of whole grain bread. It is delicious and full of healthy fats. Eating regularly in small portions rather than the traditional three meals a day is a great technique for increasing appetite. People with a small appetite can often be discouraged by the large portions offered at lunch or dinner. On the other hand, smaller meals can be less daunting and less filling, and eating them frequently allows you to consume the same amount of food overall. Eating smaller portions can also help you feel less bloated and sluggish after meals, which explains why many individuals with small appetites dislike large meals. Try to consume 4 to 6 small meals a day to avoid feeling too full. Don’t be afraid to break with tradition and eat when it suits you best. If you prefer to have your biggest meal in the morning rather than in the evening, go ahead. If you prefer to split dinner into two small meals, that’s fine too. Eating healthy snacks can help if you struggle to eat a lot at the table. The small amounts they represent are less intimidating, and eating frequently can help you reconcile with food. Try placing small bowls of your favorite snacks around the house, like on the kitchen counter or on the coffee table in the living room, to encourage you to snack throughout the day. Choose foods rich in sugars and healthy fats, like bananas, avocados, and nuts, as well as delicious spreads and dips like hummus or cream cheese, or savory treats like popcorn or pretzels. Remember that snacks should not replace meals but should be an addition. So, avoid snacking close to mealtime, or you won’t have an appetite. It’s easier to eat more when you’re enjoying food. Take your time to shop for and prepare dishes and snacks that you enjoy, so you don’t find yourself not eating just because there’s nothing to your taste in the cupboards. If you’ve reached your ideal weight, you shouldn’t worry too much and force yourself to have a super healthy diet. If you love chocolate cake and pizza, treat yourself and allow yourself to eat your favorite sweets or dishes. However, you may feel bloated or sick if you eat too much fatty food, so consume it in moderation. You can also try eating small comfort dishes or foods you associate with home or childhood, like beef stew or chicken pot pies. Foods associated with good memories may be easier to eat. The smell of certain foods can be overwhelming and may put you off eating a dish entirely, especially if you weren’t particularly hungry to begin with. Avoid foods like tuna or stinky cheese (unless you love them) or anything whose smell disgusts you. Remember that hot dishes smell stronger than cold ones, so try to eat more sandwiches, salads, or cold meats if you are bothered by odors. On the other hand, dishes with a pleasant or fragrant smell can be very appetizing and make you feel hungry. Try adding herbs and spices to your favorite dishes to create delicious aromas and make them even more interesting. Soon, you won’t be disappointed by bland and boring dishes. Cinnamon is considered an appetite stimulant. Add it to pastries, sprinkle some on buttered toast, or stir a little into a cup of hot chocolate to enjoy its warm and spicy aroma. Herbs like basil, oregano, thyme, rosemary, and fennel can all add interest and flavor to many dishes. Try these herbs in different dishes until you find combinations you enjoy. Fiber, a nutrient found in fruits, vegetables, and whole foods, is an essential component of any healthy diet. However, high-fiber foods can be very filling, so it may be better to eat these foods in moderation if you are trying to increase your appetite. Your body takes longer to process high-fiber foods than any other type of food, which is why fiber is particularly recommended for people trying to eat less while maintaining their energy throughout the day. But if you are trying to increase your appetite, reducing high-fiber foods like brown rice or whole grain pasta and cereals can help you feel hungrier. This should only be used short-term, as fiber is essential for the natural and healthy functioning of your body.

### Instruction2:
Breakfast is the most important meal of the day, providing energy and kick-starting metabolism after fasting overnight. A healthy breakfast includes whole grains, yogurt, fruits, and smoothies. Small portions and frequent meals can help increase appetite, especially for those who find large meals daunting. Snack on healthy options throughout the day, but avoid snacking too close to meals. Enjoy food that you love, and consider your preferences for meal timing. Incorporating herbs and spices can enhance flavors and stimulate appetite. Finally, while fiber is essential for health, it can be filling, so manage its intake if trying to increase appetite.",9.23751974105835
037_41961,"### Instruction1:
By doing this, you can begin personalizing your evening starting from the invitations. Additionally, if you need guests to bring something to match the theme, you can inform them on the invitations. For instance, if your theme is an awards ceremony, you can create awards and try to find a red carpet. You can also tell your guests to wear their most elegant and feminine outfits. Even if there is only one guest attending your party, you can still have fun by following these different steps. A good idea would be to limit the size of the group you invite. Once you exceed 6 girls, it becomes a bit chaotic, and you will struggle to ensure that each participant is having a good time. Furthermore, you need to determine where all your guests will stay and sleep. Do not hand them out while you are at school; otherwise, you will make others jealous. Instead, send them via email. If you cannot use email and have to distribute the invitations at school, do it at a time when it will go unnoticed. Make sure you have listed everything that your guests need to bring, such as CDs, pillows, or sleeping bags, among others.

### Instruction2:
To personalize your sleepover, start with the invitations, and inform guests if they need to bring items for the theme. If it's an awards ceremony theme, suggest elegant clothing and create awards. Limit the guest list to avoid chaos, and plan accommodations for everyone. Distribute invitations discreetly at school or by email, and list necessary items for guests to bring.",3.8836123943328857
037_25554,"### Instruction1:
It is important to eat enough to manage your symptoms. When you skip a meal, your blood sugar level drops, negatively affecting your mood. Try to have at least three meals a day. If you don’t like having three large meals, you can have six small meals throughout the day. A low omega-3 level can affect depression. Docosahexaenoic acid (DHA) and eicosapentaenoic acid (EPA), which are omega-3 fatty acids, increase serotonin levels, a neurotransmitter that regulates mood in the brain. There is no correlation between an increase in omega-3s and a decrease in mania. To get enough omega-3s, consume a portion of fatty fish like salmon, mackerel, or sardines, a tablespoon of olive, canola, or soybean oil, or a handful of flaxseeds or nuts each day. If you prefer to take omega-3s as supplements, it is recommended to take fish oil that contains 6.2 grams of EPA and 3.4 grams of DHA. When buying fish oil, make sure to read the label to check if these two ingredients are present to effectively combat bipolar symptoms. People with bipolar disorder have lower serotonin levels. This neurotransmitter affects your mood and your cravings for carbohydrates and sugar. Consumption of sugar activates the reward centers in the brain, releasing dopamine and making people feel good. Carbohydrates are an important part of your diet. However, some carbohydrates are better than others. Try to avoid carbohydrates that contain refined sugars, as they spike blood sugar levels before crashing it, which makes you feel more tired and depressed. Complex carbohydrates release energy over the long term and can impact your serotonin levels. Consume more complex carbohydrates like sweet potatoes or whole grains. Eat less sugary carbohydrates like white bread, pasta, and white rice. Add lean proteins and fiber for a healthier diet. For example, eat peanut butter with apples or hummus with carrots. Magnesium has a similar effect to lithium in reducing mania and rapid cycling. Magnesium also helps improve sleep. Consume more beans, sunflower and pumpkin seeds, spinach, soybeans, cashews, and Swiss chard to add magnesium to your diet. Adults should consume up to 200 mg of magnesium per day, although this amount may vary depending on the form magnesium takes, such as when it is combined to form magnesium chloride. Check with your doctor to ensure you are consuming the appropriate amount if you are taking it as a supplement. Whole foods are foods that have not been cooked or processed in any way. Fruits and vegetables are whole foods that contain many nutrients needed for good physical health. Vitamin C can help you control your cortisol level, reducing stress. Vitamin B9 is essential to prevent a rise in homocysteine, a hormone that is very common during depression. Folic acid has been shown to be present in lower quantities during states of depression and mania. Consume vitamin C by eating citrus fruits, berries, peppers, kale, spinach, broccoli, and cauliflower. It is recommended to consume between 75 and 90 milligrams of vitamin C per day. Obtain B vitamins from beans, spinach, asparagus, mangoes, and whole-grain bread. If you take supplements that contain folic acid, you should take 200 IU per day if you are bipolar. Caffeine and alcohol can both affect your mood, stress levels, and depression, so it’s important to avoid these substances as much as possible. This is especially important if you are taking medication for your bipolar disorder. You could create serious drug interactions, experience sleep disturbances, and mood changes. Instead, drink tea or sparkling water with lemon. Comorbidities are additional diseases or disorders you may have alongside bipolar disorder. People with bipolar disorder can also have other comorbidities such as diabetes, obesity, metabolic syndrome, migraines, back pain, asthma, ulcers, and others. By eating well to manage your symptoms, you will also lessen the effects of these comorbidities on your life. People with bipolar disorder are more often affected by obesity due to their sedentary lifestyle, psychological mechanisms related to their illness, and the medications they take.

### Instruction2:
To manage symptoms of bipolar disorder, it is crucial to eat enough, ideally three meals a day or six smaller ones. Ensure sufficient intake of omega-3s, complex carbohydrates, lean proteins, and magnesium. Avoid refined sugars and limit caffeine and alcohol. Consuming whole foods rich in vitamins C and B9 can help regulate mood and reduce stress. Maintaining a balanced diet can also mitigate the effects of comorbidities commonly associated with bipolar disorder.",6.3129942417144775
037_1022,"### Instruction 1:
Does the shape of your body resemble more of a pear, an apple, or an avocado? Everyone tends to gain weight as they age, and body shape, especially the waist-hip ratio, is a quick method to estimate fat distribution, which can indicate potential health risks such as high blood pressure, diabetes, heart attacks, and certain forms of cancer. To calculate this ratio, divide the waist circumference by the hip circumference. Ensure you measure your waist about 5 cm above the navel and your hips at the widest point. In this measurement, a ratio of more than 1.0 for men and more than 0.85 for women indicates that you have more belly fat than is healthy. Add one year if you exceed the recommended ratio. The Body Mass Index (BMI) is another way to measure your body status by dividing weight in kilograms by height in meters. A high BMI can indicate a significant amount of fat, which may expose you to obesity-related issues. To calculate it, simply multiply your height by itself (also known as squaring it) and then divide your weight in kilograms by your height squared. You now have your BMI. If you are above 25, you are overweight. For those not good at math, there are also websites that can do the calculation for you, such as this one. Add one year if your BMI is below 18.5 (underweight). Add two years if you are between 25 and 29.9 (overweight), and three if you are beyond 30 (obesity). Subtract one year if your BMI is between 18.5 and 25 (healthy weight). The most accurate way to assess your body composition, in addition to the waist-hip ratio and BMI, is to analyze your body fat percentage. The most accurate way to achieve this is through bioelectrical impedance. During this test, which you can do with a fitness trainer, you will lie down and place two electrodes on your foot. Then, a weak electrical current will be sent through your body. You will not feel this current. The test will then produce an accurate result of the proportion of fat and lean tissues like bones or muscles in your body for comparison with an average result. To obtain an exact result, you should not have exercised, used a sauna, or consumed alcohol in the hours preceding the test. Women also have more fat than men. For women, do nothing if the percentage is between 15 and 24%, and add half a year if it is between 25 and 33%. Add one year if you are below 15% or above 33%. For men, do nothing if the percentage is between 6 and 17%, and add half a year if it is between 18 and 24%. Add one year if you are below 6% or above 25%.

### Instruction 2:
Body shape can indicate health risks related to fat distribution, particularly waist-hip ratio and BMI. Calculate the waist-hip ratio and BMI to assess body fat. A waist-hip ratio over 1.0 for men and 0.85 for women indicates excess belly fat. A BMI over 25 signals overweight. Accurate body fat analysis can be done via bioelectrical impedance testing.",4.903959274291992
037_2752,"### Instruction1:
Mix 2.5 tablespoons (about 30 g) of plaster with 1.5 tablespoons (about 20 ml) of water. Incorporate 1 cup (240 ml) of latex paint. Combine 2 tablespoons (25 g) of calcium carbonate with 1 tablespoon (15 ml) of water. Pour this mixture into 1 cup (240 ml) of latex paint. This paint is easy to use in sprayers and is perfect for painting furniture, which can then be aged with sandpaper. Calcium carbonate powder can be found online or in health food stores. Just use calcium carbonate, plaster, and latex paint. Mix 2 tablespoons (25 g) of powdered calcium carbonate, 2 tablespoons (25 g) of plaster, and 2 tablespoons (30 ml) of water. Add 2 cups (475 ml) of latex paint and stir well. You will get a permanent paint that cannot be easily scratched or aged. This substance is easier to find than plaster of Paris and calcium bicarbonate. However, the result is very gritty. If texture does not matter, you can prepare paint with baking soda by incorporating ⅓ cup (60 g) of baking soda and ⅔ cup (160 ml) of paint. For thick paint, dissolve ½ cup (90 g) of baking soda in 3 tablespoons (45 ml) of water and add this mixture to 1 cup (240 ml) of latex paint.

### Instruction2:
To create a durable paint, mix plaster, calcium carbonate, and latex paint in specific ratios. This paint is suitable for furniture and can be aged with sandpaper. For a grittier texture, baking soda can also be used.",4.216631889343262
037_56221,"### Instruction1:
Although there is still doubt about the effectiveness of eye exercises for improving vision, some eye doctors recommend them for individuals with significant eye issues. These issues include difficulty focusing, amblyopia, and strabismus. Consult your doctor to see if these eye exercises are suitable for you; they may also suggest others not listed here. Blinking isn't really an exercise but is necessary for eye health. A common problem when working on a computer or watching television is that people don't blink enough, which can lead to dry eyes and visual fatigue. Take breaks when working and try to blink every three to four seconds for two minutes. This will help lubricate the eyes and alleviate symptoms of visual fatigue. Tracing patterns with your eyes can strengthen the eye muscles and improve vision. Start by drawing a figure 8. Once you can do it in one direction, try it in the opposite direction. Next, lie the 8 down to form an infinity symbol and trace this shape back and forth. When you tire of the 8, you can also try tracing other shapes. This exercise can help your eyes stay focused when looking at objects at different distances. Hold your finger about 25 cm from your face and focus on it. Then shift your gaze to a distant object about 6 m away. Alternate between these two focal points every two seconds for about three minutes. This will help maintain clarity of vision when focusing on moving objects. Extend your arm in front of your face with your thumb raised and focus on it. Move your thumb toward you until it's about 8 cm from your face, keeping it in sight. Then extend your arm again while remaining focused on your thumb.

### Instruction2:
Eye exercises are recommended by some eye doctors for serious issues like focusing difficulties, amblyopia, and strabismus. It's essential to blink regularly, especially when using screens, to prevent dryness and fatigue. Exercises include tracing shapes like a figure 8 or infinity to strengthen eye muscles and improve focus. Other exercises involve alternating focus between near and far objects and moving your thumb closer to your face while maintaining sight.",5.689532041549683
037_8041,"### Instruction1:
Before attempting your split, stand up straight with your feet shoulder-width apart. Lean forward onto your dominant foot (the one in front). It’s best to practice your splits on a soft surface, such as a classic or yoga mat. Avoid practicing on tile or hard floors if possible. Keep your front leg straight and gently slide forward, directly in front of you. Hold this position and do not let your body return to its original position or slide back. Try to take off your socks to prevent your feet from slipping. Another option is to do this exercise on a mat while keeping your socks on. As you stretch your front leg, do the same with your other leg, stretching it back while maintaining your position. When you feel a pull in your thigh, stop stretching your leg. Forcing your body to continue this exercise beyond that point can cause pain or injury. If necessary, use a small chair or table for balance as your body approaches the ground. When both legs are stretched as far as possible, take a pause and hold your position. Try to count to 15 or even 30. The goal is for your body to learn to relax while holding the stretch. Rest your arms on the small chair, table, or the ground if needed. Remember that stretching can create discomfort but should never cause pain. If you feel pain in this position, stop the exercise immediately. Once you have held your position as long as possible, gently return to your starting position. After resting for a moment, you can try the exercise again if you feel your body is ready. Take your time and focus on technique while practicing this exercise. Most people naturally lack flexibility. Mastering this exercise may take several months of practice. Be patient and don’t give up if you feel that your flexibility isn’t improving. Depending on your age, it may take longer.

### Instruction2:
To perform a split, start by standing straight with feet shoulder-width apart and lean onto your dominant foot. Practice on a soft surface, avoid hard floors, and keep your front leg straight while sliding forward. Hold the position, using a chair for balance if necessary, and count to 15 or 30. Stop if you feel pain, and return to the starting position after holding as long as possible. Flexibility takes time to develop, so be patient and persistent.",5.5478668212890625
037_28028,"### Instruction1:
There are two main types of tire swings: vertical and horizontal. The horizontal model has three attachment points to keep the tire horizontal, while the vertical model is attached at a single point. Both types are made in a similar way but with some minor differences. Generally, vertical swings are easier to install and require less time. It should have roughly the same characteristics needed to hang a traditional swing. Look for a sturdy hardwood tree, such as an oak, with a strong branch of the right size. The main difference from a traditional swing is that a tire swing needs to be placed further from the trunk of the tree, as this model swings much more side to side. Allow at least 1.5 m between the swing's attachment point and the trunk. If the branch is over 3 m high, you may need to leave even more distance. The main element of this swing is the tire. You can find inexpensive or even free tires at recycling locations, such as a dump or dealership. A completely worn-out tire is too dangerous for a car but perfect for a swing. Whether you plan to position the tire vertically or horizontally, you will need a cordless drill. To make a horizontal swing, take four chains of the same length, four stainless steel quick links, a swiveling safety hook, and three U-clamps. The chains should have a diameter of at least 1 cm and a length of 1 to 1.5 m. To make a horizontal swing, aside from the tire, you only need a strong rope. Since it is likely recycled, it may be very dirty. Even new tires can stain clothes and skin. Use a pressure washer to clean the tire before making it into a swing. If you don’t have a pressure washer, try using one at a car wash. When it rains, water needs to drain to prevent accumulation inside the tire, which could get you wet or dirty. Make a few holes in the part that will be closest to the ground. If you are making a horizontal swing, drill holes in the center of one of the side faces of the tire. If you are making a vertical swing, make one or two holes in the tread. Before installing the tire, ensure that it will be hung from a sturdy support. Attach the suspension rope or chain to the branch you have chosen. If you are making a horizontal swing, simply pass one of the four chains over the branch and attach both ends together using a quick link to form a closed loop. Hang the swiveling hook onto the quick link with the hook part facing down. To make a vertical swing, pass the rope over the branch and tie a slip knot (for example, a bowline) at one end. Pass the other end through the loop and pull so that the knot rises to the branch and securely ties the rope. Attach it to the rope or chain you have installed. When you are finished, the swing should be ready to use. If you are making a horizontal swing, start by drilling three pairs of holes in the side of the tire where you have not made a drainage hole. Space the three pairs evenly so that they define three sections of equal size. Space the two holes in each pair to allow for a U-clamp to be inserted. Pass each clamp through the link at one end of the remaining chains before inserting its legs into one of the pairs of holes in the tire. Secure the clamps in place with the accompanying plates and nuts. When you are done, attach the last link of each chain's free end to the swiveling hook. Once the safety hook is locked, the swing should be ready to use. If you are making a vertical swing, simply attach the ends of the rope to the tire opposite the drainage holes you drilled. Make a flat knot and ensure that the rope is tied very tightly. All that’s left is to try it out.

### Instruction2:
There are two types of tire swings: vertical and horizontal. Horizontal swings have three attachment points, while vertical swings attach at one point. Both types are made similarly, but vertical swings are easier to install. A sturdy hardwood tree is needed for hanging the swing, positioned at least 1.5 m away from the trunk. Tires can often be sourced cheaply or for free. Clean the tire before use and ensure it has drainage holes. The installation involves using chains or ropes to securely attach the tire to a tree branch. Once set up, the swing should be tested for safety before use.",9.668527126312256
037_2728,"### Instruction1:
In fashion, the “true BCBG” (Bon Chic, Bon Genre) people are aware of certain rules and they follow them. If you want to convey this image, avoid going against these rules as well. If you make certain faux pas, people will not identify you as belonging to this social group. Never wear loafers with socks. Never wear an outfit without any color. If you wear a black dress, add earrings, a scarf, or a necklace that brings a touch of color to the overall look. True BCBG individuals are recognized by their natural ease in society. Therefore, do your best to always be polite and elegant. You will then be seen as one of them. Smile and look your conversation partners in the eyes. Remember good manners: say thank you, please, excuse me. Respect social codes. Send a thank-you card when someone gives you a gift. If you are invited to someone’s home, don’t go empty-handed. Swimming, horseback riding, tennis, and golf are, for example, chic and elegant activities. Try to sign up for a club for one of these sports. You could learn to ride horses or join your university’s swimming team. Being clean and neat is indeed an essential aspect of a BCBG person's image. Make sure to wear deodorant, shower every day, and wear a small touch of perfume. Always be well-groomed, and if you wear makeup, touch up your nose throughout the day. Take care of your nails. You are not obligated to paint your nails if you don’t want to, but ensure that your toenails and fingernails are always well-trimmed and clean.

### Instruction2:
True BCBG individuals follow fashion rules to maintain their image. They avoid wearing loafers with socks and outfits without color. Politeness and good manners are crucial, as is participation in chic activities like swimming and golf. Personal grooming is essential, including wearing deodorant and being well-groomed. Keep nails clean and trimmed, and consider adding a touch of color to outfits.",4.878447771072388
037_38294,"### Instruction1:
Carefully read the guidelines for your writing assignment or any instructions you have received for your project. Make sure you fully understand the assignment's requirements and the expected outcomes. With all this information in mind, it will be easier for you to understand what type of research you need to conduct, the question your thesis should answer, and the objectives you should achieve. If you have any doubts about the assignment's requirements, approach your teacher. Meet with them after class when they are free, or send them an email. If you choose to email them, remember to include your name and the class time in the subject line. Once you have chosen a topic, start writing everything you know. During this process, make connections between the ideas you already know and try to ask questions that you may not yet be able to answer. A true brainstorming session is simply writing everything that comes to mind without paying much attention to organization, the time you've spent, or the expected results. However, there are many more structured brainstorming methods you might consider.

Practice freewriting. Freewriting is a technique where you set a timer (usually for 5 to 10 minutes) and write continuously until that time is up. Don't worry about punctuation, grammar, aesthetics, etc. The most important thing is to keep writing. At the end of the exercise, you should find that you know more than you thought. Then, you should start making connections between your ideas. Create a mind map. This technique involves making a kind of map by noting some of your ideas and visually connecting (using colors or drawing lines between connected elements) items that share similar characteristics. This will help you visualize more clearly the ideas that are related to each other. Start with preliminary research. Remember to choose reliable and reputable sources and focus on areas you are already familiar with. The most reliable research sources are scholarly articles and books found in libraries and academic databases such as World Cat or Google Scholar. Choose websites that end in .gov or .edu, which will be more reliable than .com or .org sites. Avoid sources like Wikipedia, personal blogs, and non-academic sites in general. A great way to determine if a source is reliable is to check the author's credentials. If the author has a PhD in a related field, then they are an expert. On the other hand, if the author is a blogger or journalist, they may have less stringent fact-checking requirements. Some non-academic sites may contain reliable information or point to other reliable sources. They can also be useful for getting basic information on a topic. Among many other things to consider, a strong thesis must be interesting. A topic that seems uninteresting to you will also be uninteresting to your readers. Try to focus on an idea that you are genuinely interested in understanding, as this will help make your paper more engaging for your readers. Keep in mind that it is not always easy to find information on a topic that interests you. If your preliminary research does not yield anything valuable, simply choose another topic.

### Instruction2:
Read the assignment guidelines carefully, clarify any doubts with your teacher, and start brainstorming ideas through freewriting or mind mapping. Conduct reliable preliminary research, focusing on credible sources, and choose an engaging topic for your thesis. If you struggle to find information, consider changing your topic.",5.061781644821167
037_27432,"### Instruction1:
Smiling makes you appear happier and more attractive to others. Simply smiling can also make you feel happier, as it triggers the release of neurotransmitters like dopamine and serotonin in the brain, which improves your mood. Additionally, when someone sees you smile, their brain perceives it as a reward, making them associate positive emotions with you. Smiling at someone encourages them to smile back, creating a joyful interaction and helping you to stand out. A reserved person is less likely to attract attention. By being open and generous, you can get noticed, but be careful not to overdo it—people will notice your efforts. Volunteering is a great way to appear generous and meet new people. It can boost your self-esteem and confidence, which are more attractive traits than physical beauty. However, be cautious as there is a fine line between confidence and arrogance. Confidence is recognizing your strengths without boasting. Your behavior will reflect your confidence without needing to speak about it. To build confidence, list your strengths, successes, and qualities, focusing on the positives. If unsure where to start, ask a friend for help or recall compliments you've received. Also, stop speaking negatively about yourself; instead of saying ""I feel awful,"" try ""I don’t feel very attractive today, but I’m grateful to be healthy and enjoy life."" Pretend to be confident if you can't genuinely feel it; your presentation matters. Speak clearly, maintain an appropriate volume, and make eye contact. Stand tall, as slouching conveys a lack of confidence. Taking care of your appearance also contributes to attractiveness. Good hygiene is essential—shower regularly, brush your teeth, floss, and keep your nails clean. A messy appearance is off-putting. Use deodorant and cologne, and take care of your hair by getting regular haircuts and styling it properly. Choose clothes that fit well and make you feel comfortable.

### Instruction2:
Smiling enhances your attractiveness and happiness. It triggers positive brain responses and encourages others to smile back, fostering positive interactions. Being open and generous, such as through volunteering, helps build confidence and self-esteem, which are attractive qualities. Confidence should be balanced to avoid arrogance and can be developed through self-reflection and positive self-talk. Presentation is key; good hygiene and grooming improve attractiveness. Overall, caring for your appearance and being confident is essential for making a good impression.",5.672737121582031
037_61665,"### Instruction1:
Even if you suspect that you suffer from obsessive-compulsive disorder, never try to self-diagnose. Psychiatric diagnoses can be quite complicated and are meant to be made by a mental health professional to treat patients. If you find yourself unable to manage obsession and compulsion problems on your own, consider consulting a psychologist or mental health professional for diagnosis and treatment. Ask your doctor for a referral if you don’t know where to start. Psychotherapy for treating this disorder involves discussing your obsessions, anxieties, and compulsions during regularly scheduled sessions. Although psychotherapy cannot cure the illness you suffer from, it can be effective in managing OCD symptoms and making them less noticeable. Therapy can help treat this disorder in 10% of cases, but it can improve symptoms in 50 to 80% of patients. Therapists and psychologists use different techniques during their sessions to help their patients overcome this disorder. Some therapists use exposure therapy, where patients are gradually exposed to anxiety-provoking external situations, like deliberately choosing not to wash their hands after touching a doorknob. The therapist collaborates with the patient until that anxiety begins to decrease. Some therapists use imaginary exposure, which involves a short narrative intended to simulate situations that often provoke anxiety in the patient. The goal of this imaginary exposure is to teach the subject to control their anxiety arising from a situation and to desensitize them to anxiety triggers. There are also several medications that have proven effective in the short-term treatment of obsessive thoughts or compulsive behaviors associated with OCD. Keep in mind that such medications treat symptoms without actually curing the disorder. Therefore, it is preferable to combine medication treatment with therapy sessions rather than using just one of these treatments. Among these medications are:
- Clomipramine (Anafranil)
- Fluvoxamine (Luvox CR)
- Fluoxetine (Prozac)
- Paroxetine (Paxil, Pexeva)
- Sertraline (Zoloft)
Although many people see this condition as a problem caused solely by a dysfunction of the individual's brain, it is important to remember that the onset of OCD is often preceded by a series of stressful or even traumatic events. Being in situations like the death of a partner, losing an important job, or being diagnosed with a terminal illness can cause stress and anxiety in the individual. In some people, this stress and anxiety may gradually push them to control certain aspects of their life that may seem less important to others. Work to establish a strong support system, where your past experiences will be respected appropriately. Surround yourself with people who will show support for you. Feeling supported by a group has proven to be important for improving mental health in general. Find ways to spend more time with people you care about. If you do not feel sufficiently supported by all these people you are in contact with, consider going to a local support group for people suffering from OCD. These meetings are generally free and can be an excellent way to start talking about your disorder with others who are both supportive and somewhat familiar with what you are experiencing.

### Instruction2:
Do not self-diagnose OCD; consult a mental health professional if needed. Psychotherapy can help manage symptoms, and various techniques like exposure therapy are used. Medications may also help but should be combined with therapy. Build a support system with understanding people and consider joining a local OCD support group for additional help.",7.771532297134399
037_40749,"### Instruction1:
This will allow you to reset your iPod without needing this code if iTunes asks you to enter it and you do not remember it or if you have never synced the device with this software before. By using recovery mode, you will not be able to back up the content of your device. This means that you will lose all your personal data. It is necessary to start this procedure from a completely powered-off iPod. Press and hold the power button, then slide the power switch to completely turn off the device. Since you have never synced it with iTunes before, the only way to put your iPod into recovery mode is to connect it to your computer and use iTunes. If it is not already installed on your PC, you can download the latest version of iTunes for free from apple.com/itunes/download before installing it. Hold the button down until the Apple logo appears, and only release it when the iTunes logo appears on your iPod's screen. If the home button on your iPod does not work, download and install the ""TinyUmbrella"" app from firmwareumbrella.com, launch it, and then click on Enter Recovery Mode to continue. This command will initiate the restoration process for your iPod. If this recovery procedure is unsuccessful, refer to the next section to use DFU mode. When the recovery procedure is complete, you will be prompted to set your iPod back to its original state. You will be able to restore a backup if you have one.

### Instruction2:
To reset your iPod without a code, turn it off completely, then connect it to your computer and open iTunes. If iTunes is not installed, download it first. Enter recovery mode by holding the power button until you see the Apple logo, then release it when you see the iTunes logo. If the home button is faulty, use ""TinyUmbrella"" to enter recovery mode. After recovery, you can restore your iPod to its original state and re-upload a backup if available.",4.742720365524292
037_57994,"### Instruction 1:
A warm and welcoming smile will put everyone at ease, and you will appear to be having a good time. People will notice your smile and find you friendly, pleasant, and open to conversation. Studies have shown that smiling can help reduce your anxiety, blood pressure, and heart rate, making you more comfortable in social situations. When people do not feel comfortable, they tend to physically close off from those around them. Be aware of your posture. If you feel nervous or are in a bad mood, remember to stand up straight, keep your arms at your sides, and lean towards the people you are talking to. By maintaining this posture, you will improve your mood and help others come towards you. Show that you are interested in what others are saying by leaning toward them while they talk. Turn your feet, legs, and body to face your conversation partner. This shows that you are actively listening and engaged in their story. Do not cross your arms in social situations, as this may project a negative attitude that suggests you are too busy or do not want to be disturbed. Others will observe your body language for cues about your disposition, so it is important to pay attention to what you project. In social situations, people will look around the room and start conversations with those whose gaze they meet. Do not look down at the ground or your feet. Look up and be aware of your surroundings to attract the attention of others. When someone approaches you, smile and maintain eye contact throughout the conversation. If it is a one-on-one discussion, look the other person in the eyes for seven to ten seconds. In a group discussion, make eye contact with others for three to five seconds. This shows others that you are trustworthy and interested in the topic. It is normal to feel nervous, bored, or unhappy, but you want to appear approachable, which is why you need to manage any negative emotions you project. Fidgeting, playing with your hair, or gesturing too much shows others that you are bored, stressed, or nervous. Be aware of these habits and take a deep breath when you feel the urge to fidget. Avoid touching your face too often, as this indicates anxiety. Tapping your foot can also signal impatience or boredom, making others feel that you are not interested in what they are saying. When conversing with someone at a party or event, pay attention to their gestures, posture, and attitude, and try to mirror them. If that person maintains an open demeanor, adopt the same. If they use their hands a lot while telling a story, try to do the same. By mirroring someone’s body language, you can build better trust and connection if done correctly. In good conditions, this can create a positive rapport and show the other person that you enjoy their company. Consider your relationship with the person before imitating their body language, and avoid doing so with superiors. For example, mimicking your boss's body language during a meeting could come off as rude and forced.

### Instruction 2:
Smiling creates a welcoming atmosphere and makes you appear friendly. Good posture and body language help reduce anxiety and encourage conversations. Show interest by leaning in and maintaining eye contact. Avoid crossing your arms, fidgeting, or touching your face, as these indicate discomfort. Pay attention to others' body language and mirror it to establish connection, but be careful not to imitate superiors.",7.6779515743255615
037_54171,"### Instruction1:
Even though the default ""assisted"" controls are convenient for getting into the game, you lose a lot of control and finesse by using them. Switch to manual controls to have full control over your players. This will allow you to manipulate the ball more dynamically and manage your defense more effectively. Although it may be tempting, try to avoid jumping straight online. You will find many good players there, and if you don't practice at least a little, you will get crushed. Play an offline season to get used to the controls and use ""Training Mode"" to practice different formations, corners, and penalties. Training Mode is also a great way to work on your offensive play. When you start online, you need all the help possible. While you're still in the adaptation phase, use one of the strongest teams to match up against your opponents. Barcelona, Man. U., AC Milan, and Real Madrid are good choices. Once you have mastered the game, avoid using these teams as many players consider them ""easy"" choices. In your first online matches, focus on defense rather than scoring goals. You can work on your attack later; a good defense wins matches. Passing is incredibly important when playing online, as you will likely face tougher defenses than when playing against the computer. Don't always bring the ball down the same side of the field. Avoid using the same player for every action. Fake one move and then do another. One of the keys to winning an online match is to constantly surprise your opponent. This applies to shooting as well. Don't always use the same shot power or type of shot. Vary your shots to keep the opposing defenders on their toes. You can change your shot type using the ""shoulder"" buttons in your controls. Use different shots for different situations. Scoring opportunities can be rare in FIFA, so you need to maximize your chances. There are a few factors to consider before shooting. Space: shooting in an already occupied space rarely works in your favor. Make sure the path is clear in front of your player. Positioning: ensure you are inside the penalty area before shooting. A shot from midfield is doomed to fail. Angle: if you are too far to one side of the field, your shooting angle will be very limited. In such cases, pass to one of your teammates. If you have a particularly tall striker, send him more balls at head level. If your opponent is good at dribbling, take advantage of that and try to trick them. Try to avoid having players run the length of the field for both attack and defense. Let the formation do the work and pass to a better-placed player depending on the situation and position on the field. Take time to discover the strengths and weaknesses of all the teams that may be chosen by your opponents. Knowing which team your opponent is likely to choose will help you organize your defense and neutralize their best players. If you take your FIFA ranking seriously, warming up online will help you blend into your online game more easily. Play a quick match to warm up, then log on to find a real opponent. Use offline mode to practice setting up your favorite moves or those you think you will use in online competition.

### Instruction2:
Practice manual controls for better finesse in gameplay. Play offline seasons and use training mode to practice formations and skills before going online. Focus on defense in initial matches and avoid using the strongest teams to challenge yourself. Vary your passing and shooting techniques to keep opponents guessing, and pay attention to factors like space and positioning when shooting. Learn the strengths of different teams to improve your online strategy. Warm up with quick matches before competing online.",8.01463770866394
037_55288,"### Instruction1:
Many men experience a decrease in libido due to stress, depression, anxiety, relationship issues, and fatigue. Physical problems preventing erection also cause anxiety that worsens the issue. Seriously ask yourself if underlying emotional troubles may be responsible for your decreased libido. Sex therapy is known to be effective against libido disorders in 2 out of 3 cases. A sexologist can identify the causes of your problem and recommend appropriate treatment. Involve your partner, if you have one. It is important that both of you make efforts to achieve the same goal and understand how to do so. Stress significantly decreases libido, as do work and children, which hinder the development of a healthy relationship. Try to find time to relax and enjoy your partner. You are not obligated to have sexual intercourse at night when you are tired and stressed. Look for free time during the day, if possible in the morning or in the shower. Even if you don't have time to be intimate with your partner, you can take a few minutes to kiss, hold hands, or massage their shoulder. Sprinkle your day with physical interaction whenever you see each other to keep the excitement alive.

### Instruction2:
Stress, depression, anxiety, and relationship issues can lower men's libido. Emotional troubles may be at fault, and sex therapy can help in many cases. It's important for partners to work together towards improving their relationship. Stress and daily life can interfere with intimacy, so finding time to relax and connect physically throughout the day can help maintain excitement.",3.737748861312866
037_12270,"### Instruction1:
These symptoms occur at a more advanced stage of HIV, sometimes several years after the virus has been contracted and remained latent in the body. This seemingly harmless symptom can easily be ignored at first, especially if it occurs during allergy season or during flu or cold season. If you have a dry cough that you cannot combat with just medication, it may be a symptom of HIV. They can be red, brown, pink, or purple. People at an advanced stage of HIV often have rashes, more commonly on the face and chest. They may also be present in the mouth and nose. This is a sign that HIV is developing into AIDS. Peeling skin and red skin are also signs of advanced HIV. The spots may also resemble bumps. A rash is usually not accompanied by flu or cold symptoms, so if you have these symptoms at the same time, see a doctor immediately. Pneumonia often affects people who have an immune system that is not functioning properly for other reasons. People at an advanced stage of HIV are prone to developing pneumonia from a microbe that normally would not cause such a severe reaction. At an advanced stage of HIV, patients generally develop a yeast infection or fungus in the mouth known as thrush. This appears as white spots or other unusual spots on the tongue and inside the mouth. This is a warning sign that means the immune system is not properly fighting an infection. Nails that are yellow or brown and split or cracked are common among patients at an advanced stage of HIV. The nails become more susceptible to fungi, whereas normally the body is able to fight them off. In the early stages of HIV, this can be caused by excessive diarrhea; at an advanced stage, this is called ""wasting."" This is a strong reaction of the body to the presence of HIV in the system. This includes memory loss, nervous depression, or other neurological diseases. Advanced HIV affects the cognitive function of the brain. These symptoms are serious and must be treated in all cases.

### Instruction2:
Advanced HIV can lead to serious symptoms, including persistent dry cough, skin rashes, and infections like thrush. Patients may experience peeling skin, changes in nails, and cognitive issues. These symptoms indicate a weakened immune system and should be treated promptly.",3.164057731628418
037_2231,"### Instruction1:
Mix half a cup of plain yogurt, half a cup of mayonnaise, and an egg white. You might be disgusted by the idea of using a condiment as a conditioner, but mayonnaise is excellent for giving your hair a healthy shine. The egg white contains proteins that help repair damaged hair, while the yogurt helps restore a balanced pH to your scalp. This mixture spreads easily and can be used like a regular conditioner. Simply mix the ingredients in a bowl and apply them as usual. Do not wash your hair with hot water, as the egg white could cook on your head. You can replace plain yogurt with vanilla yogurt for a slight vanilla scent to your hair. Mix a tablespoon of honey, 125 ml of whole milk, and a few drops of olive oil in a bowl or glass. Mix the ingredients well before applying them to your hair. Add a teaspoon of cinnamon to give the mixture a delightful spicy scent. Some people believe you can also make your hair less brittle by adding a mashed banana. Mix aloe vera gel or shea butter with two or three tablespoons of olive oil so that the product spreads easily. Distribute the mixture in your hair after shampooing. You can also apply aloe vera or shea butter without olive oil for a simple and effective leave-in conditioner. You don’t need to apply much; just take a bit of the mixture on your fingertips and apply it to your ends to treat split ends. Leave the oil on overnight. Oil is essential for hair health, and this overnight conditioner is great for keeping your hair in good shape. Consider covering your hair with a shower cap to avoid getting oil on your sheets. This method is particularly useful for dry and damaged hair. Repeat the process two to three times a week or as often as needed to maintain your hair. Heat the oil until it is warm to the touch but not hot. Distribute the oil throughout your hair from roots to ends. Rinse your hair to remove the oil the next morning. This will serve as a deep-cleaning conditioner. The following recipe combines many properties of homemade conditioners to produce a deep-cleaning conditioner that fights dandruff. Use a blender to mix the following ingredients and enjoy all their benefits: one ripe avocado; 2 or 3 teaspoons of honey; a teaspoon of coconut oil; 4 tablespoons of aloe vera juice (available in most health food stores or specialty grocery stores); a teaspoon of fresh lemon juice; if the mixture is too thick, add more aloe vera juice or water. Add herbs, oils, or scents to the mixture according to your taste. The basic principles of conditioning are quite simple: you need a base (like yogurt, avocado, honey, etc.), an ingredient to balance the pH (like vinegar, lemon juice, etc.), and an oil (like olive oil, coconut oil, mayonnaise, etc.). From there, you are free to mix the ingredients of your choice to find a balance that works for you. Try adding ingredients like: ground flaxseeds; extracts of lavender, lemon, sage, bergamot, or rosemary; milk or cream to dilute the mixture and make it easier to apply.

### Instruction2:
Create a hair conditioner by mixing yogurt, mayonnaise, and egg white for shine and repair. You can also use honey, milk, and olive oil for softness, and add scents or other nourishing ingredients as desired. Use aloe vera or shea butter for a leave-in option, and apply oils overnight for hydration. Adjust mixtures with additional ingredients for better results and experimentation.",5.007182359695435
037_19606,"### Instruction 1:
If you are just an acquaintance who has heard some bad news, you may not be the best person to share that information. However, if you are related to the person affected, you are likely the right person to deliver the news. For example, it is inappropriate to share personal or sensitive information on social media just because you have it. If the information pertains to a death or another significant event, allow the family and close friends time to contact or visit people before you start posting about it. The worst thing you can do is announce the information in a public place where the person cannot turn or sit down to cope with the news. Choose a place where they can sit or rest, and opt for a location where you won’t be disturbed. To have a good conversation, consider the following points: turn off all electronic devices that might distract you, such as the TV, radio, or music. Draw the blinds or curtains if you think it will enhance your intimate conversation, but do not block too much light during the day. Close the door or draw the curtains to create a private space for both of you. If you think it will help, bring along a family member. Sometimes it is impossible to wait because the information must be shared immediately before rumors start circulating. However, if possible, delay the announcement of the sad news until the recipient is available and receptive. In other words, telling someone bad news right after they've come home from work or school, or after a fight with their partner, is certainly not the best way to do it. Although there is no right time to share bad news, you should at least let the person return home calmly and rest. If the news is so important and urgent that you cannot wait for the ""perfect moment,"" take a deep breath, stop any activity, and say something like, ""I need to talk to you, Jeanne; this cannot wait, and I am afraid."" The sense of urgency may also apply to a phone call, but it’s better to ask if you can meet as soon as possible to share the information in person with the recipient. If that’s not possible, or if the person wants the information right away, you should advise them to brace themselves, as what you are about to tell them will not please them. If you are afraid of how they will react, suggest they have someone nearby for support. It is also important to know what the person already knows to avoid repeating the same things or prolonging an already difficult situation. This step is crucial because it will help you tailor the words and approaches you use to begin revealing the information. Consider trying to understand if the person seems to have a sense that something terrible has happened. Try to find out if they feel fear, anxiety, or apprehension, and whether this news comes as a surprise (like a death from a car accident) or if it pertains to an inevitable situation that was expected but hadn’t occurred yet (like the failure of cancer treatment). Think about the content of the bad news. How bad is it? Are you trying to tell someone that their cat has died, or that you lost your job? Are you telling someone that a family member or close friend has passed away? If the news relates to you (like losing your job), the impact will not be the same as if it pertains to someone else.

### Instruction 2:
When delivering bad news, it's important to consider your relationship with the person and choose an appropriate time and place. Avoid public announcements and distractions, allowing the person to sit and process the information. If necessary, bring a family member for support and gauge the recipient's prior knowledge to avoid repeating information. Understand the urgency of the news and prepare the person for the impact based on the severity of the situation.",8.569986581802368
037_31393,"### Instruction1:
What is a solar eclipse? It occurs when the Sun, Earth, and Moon are perfectly aligned. The Moon is positioned between the Sun and the Earth, causing the revered god Ra of the Egyptians to vanish from our view. There are four types of solar eclipses: Total eclipse: the Sun is completely obscured. Annular eclipse: when the size of the Moon is smaller than that of the Sun. Hybrid eclipse: an intermediate between the two previous types. Partial eclipse: the Moon only obscures part of the Sun. A solar eclipse can last from a few seconds to several minutes, with a total eclipse lasting up to about 8 minutes. The solar disk is replaced by its silhouette, and most of the solar corona becomes visible. This phenomenon is possible because the distance between the Sun and Earth is 390 times greater than the distance between the Earth and the Moon. The diameter of the Sun is 400 times larger than that of the Moon, making the ratios approximately the same (~0.5 degrees (~30') of angular arc). If you, your children, or friends want to admire a beautiful solar eclipse, there are certain things you should NEVER do, as it would put your health in serious danger. Do not observe a solar eclipse with a telescope or binoculars. Do not look directly at it, even with polarized sunglasses or protective film. The Sun's rays are powerful and can quickly damage your eyes. Even if you think your fancy Ray-Ban sunglasses provide total protection, that is not true in many cases, especially when looking directly at the Sun. Infrared and ultraviolet waves are invisible but can significantly harm your eyesight. To safely watch the eclipse, you can create a pinhole projector using a needle (or punch) and a piece of paper or cardboard and another sheet. The image will pass through a small hole and be projected onto the paper or the ground a few meters away. You will then see the image of the Sun appear as a crescent obscured by the Moon. You will need to find the right balance between the size of the hole and the projection distance, which may require several tries. Take a piece of cardboard and pierce a hole in the center with a pin or needle. Now place a second sheet on the ground; it will serve as a screen for when the show starts. Stand upright and turn your back to the god Ra. Hold the perforated cardboard above the ground next to your body or just above your shoulder. Make sure your head doesn’t block the view. The cardboard you hold must be placed between the Sun and the sheet on the ground. When your pinhole projector is perfectly positioned, you will distinctly see a circle on the sheet of paper on the ground. The edges of this circle may appear a bit blurry, which is normal. To fix this, simply move the pierced cardboard closer to or further from the ground (toward the screen sheet). Once the Sun is obscured by the Moon, the point you see on the ground will transform into a kind of zero (0) for a total eclipse or a small crescent for a partial eclipse. To watch a solar eclipse comfortably, you can also use a modified camera. To observe the eclipse without projecting its image onto a surface, you can use a telescope, spotting scope, or binoculars, but you must place a solar filter to protect your eyes. Amateur and professional astronomers use them when they want to look at the Sun. They serve two purposes: filter out ultraviolet and infrared rays and reduce light intensity. Solar filters have a fine layer of chrome, aluminum, or silver on their surface. They have a large diameter but are generally quite expensive. If your budget is limited, you can make a Mylar filter. Mylar is a thin aluminized metal sheet and is highly effective. It reduces light intensity by a factor of 1,000,000 while perfectly filtering UV and infrared radiation. You must use perfectly flat sheets that are not wrinkled. Since they are easy to cut, you can easily adapt them for viewing the phenomenon. Cut them and attach two pieces to a pair of glasses! You cannot use Mylar filters on observational instruments, and you must respect the usage deadline. NEVER look at the Sun without protection, and be cautious at the beginning and end of the eclipse if you remove the protection during a total eclipse. You can also protect your eyes with a maximum index glass plate for welding masks or several layers of completely opaque black and white negatives that have been fully developed and contain a silver emulsion. Be careful, as some negative films do not contain this, such as color films. If you have a telescope, spotting scope, or binoculars, you can safely enjoy the show by projecting the image captured by your instrument onto a screen, wall, or the ground. Without a filter, you must NEVER look at the eclipse through the instrument (it would permanently damage your eyes) but simply project its image somewhere. Start by covering one side of your scope (preferably the side you would normally look through) or binoculars with their protective cap or a piece of cardboard. Turn your back to the Sun and hold or position your observational instrument so that the uncovered side points toward the god Ra. Align your binoculars, telescope, or spotting scope using its shadow. Position the instrument about 30 centimeters from the surface onto which you will project the image. This can be a large sheet of white paper on the ground or attached to a wall, a screen, a white wall, or a white sheet held with one hand. The further the surface receiving the image is from your instrument, the larger the projected image of the Sun will be. Practice well before the eclipse so you are ready when the show starts! To ensure the projected image is perfectly stable and you are free to move, place the observational instrument on a table, chair, or tripod. You can use this method to observe the Sun even when there is no eclipse. You should place the instrument in the shade after about a minute of observation to avoid damaging it, as it will heat up quickly. Let it rest for several minutes before trying again. You can look at the Sun directly while protecting your lovely eyes with a maximum index glass plate used for welding masks. This way, your eyes should be fully protected (even on the sides) throughout the show. This system also works when using a spotting scope, telescope, or binoculars. If the plate can only cover one side of your binoculars, cover the other side with the plastic cap or thick cardboard. If you live in (or near) a big city, there is likely at least one specialized store for astronomical observation instruments! You will find all kinds of filters suitable for different devices like binoculars, spotting scopes, or telescopes. Their prices generally range from 25 euros to 600 euros, depending on your instrument. By purchasing a solar filter from a specialized store, you can be assured that the filter is effective and that your eyes will be well protected from ultraviolet and infrared rays. You obviously need to buy a filter that is perfectly suited to the type of instrument you are using, but if you go to a reputable store, it should not be a problem, as the seller will assist you. If there is an amateur astronomer club in your area, contact them online or by phone, and don’t hesitate to meet with members who will share their knowledge and advice, as they are enthusiasts. If there is an observatory, check what public open days are available and go there. Make sure the filter you wish to use is not damaged. Mylar, for example, is fragile and ineffective when the sheet has been bent or if it is punctured. The filter you use must be securely attached. If it moves slightly, you should ensure it won't fall by securing it with tape. NEVER use filters that must be mounted on the inner end (the side you look through) of an observational instrument. They can be easily damaged by the rays of the Sun concentrated by the lenses or mirrors, putting your eyesight at risk. Only use filters that mount on the outer end (the side opposite to the one you look through).

### Instruction2:
A solar eclipse occurs when the Sun, Earth, and Moon align. There are four types of solar eclipses: total, annular, hybrid, and partial. Observing a solar eclipse can be dangerous without proper protection; you should never look directly at the Sun or through telescopes without filters. Safe viewing methods include using a pinhole projector or specially designed solar filters. Preparation is key, and practice with your equipment before the event. If purchasing filters, ensure they are appropriate for your device and check for damage. Always prioritize eye safety when viewing solar eclipses.",19.098596811294556
037_38925,"### Instruction1:
Going for a walk and getting some fresh air can work wonders for a headache, especially if it’s caused by stress or if you’ve been staring at a screen for too long. Find a quiet place, breathe deeply, and let your mind wander. Your headache will be forgotten in no time. Get as close to nature as possible. A peaceful country road or a secluded sandy beach are ideal, but if you’re stuck in the city, a local park will do. Increase your pace and go for a light jog if you want. Studies have shown that aerobics can help decrease the intensity of pain, and regular exercise can reduce the frequency of headaches. Apply an ice pack to the painful area of your head. Try placing it on your forehead, temples, or the back of your neck. The cooling effect of the ice pack will help relax your muscles and relieve pain. Headaches caused by stress or tension can often be easily relieved by giving yourself a moment to relax. A warm bath scented with soothing essential oils can work wonders, but even a quick shower can help you shake off the stress of the day. Apply gentle, consistent pressure to the painful area of your head with your index or thumb. Hold the pressure for seven to fifteen seconds, then release. Repeat if needed. Alternatively, ask someone to massage your neck and back, or treat yourself to a massage. Force yourself to take a nap, and your headache might miraculously disappear upon waking. Find a quiet room, close the curtains, lie down on a bed or couch. Close your eyes and try to release the tension in your back, neck, and shoulders. Clear your mind, focus on your breathing, and try to drift into a peaceful sleep. Headaches are often caused by hunger. Try eating a small healthy meal, then wait half an hour to an hour for the pain to dissipate. Try to eat your meals at the same times every day to avoid headaches. Don’t delay or skip meals significantly. Remember to eat slowly; you wouldn’t want to end up with a stomachache in addition to your headache!

### Instruction2:
Walking in fresh air can alleviate headaches, especially those caused by stress or screen time. Find a quiet natural setting, breathe deeply, and relax. Exercise, including jogging, may reduce headache intensity and frequency. Use an ice pack on painful areas for relief. Relaxing in a warm bath or shower can also help. Apply gentle pressure to headache areas or get a massage. Taking a nap in a quiet room may help. Eating regular, small healthy meals can prevent headaches caused by hunger.",6.545131683349609
037_26387,"### Instruction1:
Click on the Windows logo in the bottom left corner of the screen. This will open the Start menu. This program allows you to modify the internal options of your computer. To open it, follow this procedure: type regedit; click on the blue regedit icon at the top of the Start menu; click Yes when prompted. To access the Windows Defender folder, you need to expand all the necessary folders in the left column of the Registry Editor. To do this, follow this procedure: expand the ""HKEY_LOCAL_MACHINE"" folder by double-clicking (you can skip this step if it is already expanded); expand the SOFTWARE folder; scroll down and expand the Policies folder; expand the Microsoft folder; then click once on the Windows Defender folder. Right-click on the Windows Defender folder, a dropdown menu should appear. If your mouse does not have a right-click button, press the right side of your mouse or click it with two fingers. If your computer has a trackpad instead of a mouse, press it with two fingers or press the bottom right corner. The link is located at the top of the dropdown menu. By selecting it, a popup menu will appear. This option is found in the menu that just appeared. By clicking on it, a blue and white icon will appear in the Windows Defender window on the right side of the page. Name it DisableAntiSpyware. When the DWORD file appears, type DisableAntiSpyware and then press Enter. Double-click on the DWORD file DisableAntiSpyware. A popup window will then appear. Replace the number in Value data with 1. This will activate the DWORD value. The button is located at the bottom of the window. Click on Start, then on Power, and select Restart from the menu that appears. When your computer restarts, Windows Defender will be disabled. If you decide to reactivate Windows Defender, you will need to change the value again. Return to the Windows Defender folder in the Registry Editor. Click once on the Windows Defender folder. Open the value editor for DisableAntiSpyware by double-clicking on it. Replace the value 1 with 0. Click OK, then restart your computer. You can delete the value DisableAntiSpyware if you no longer wish to use it.

### Instruction2:
To disable Windows Defender, click the Windows logo, type ""regedit,"" and navigate to the Windows Defender folder in the Registry Editor. Right-click to create a DWORD named ""DisableAntiSpyware,"" set its value to 1, and restart your computer. To reactivate it later, change the value to 0. You can delete the DWORD if it is no longer needed.",5.498270273208618
037_57503,"### Instruction1:
The amount to use is approximate, but you will need at least one cup (or 180 g). If necessary, use a funnel to introduce the powder into the drain. This method works best in a dry drain and sink. You can wipe the sink with a towel. Hot water will help the baking soda reach the clog and dissolve it, especially if it is made of grease. If you find it useful, pour more water. Wait a few minutes before proceeding. Then pour 250 ml of vinegar. Pour the baking soda into the drain. As soon as you pour the vinegar, place the sink stopper so that the foam goes down instead of up. You will hear bubbling sounds due to the chemical reaction of the vinegar and baking soda. Use distilled white vinegar. Once the bubbling stops, remove the stopper. Add 500 ml to 1 L of boiling water. The water will remove debris, as well as any vinegar and baking soda residues.

### Instruction2:
To clear a clog, use about one cup of baking soda and a funnel if needed. Start with hot water to help dissolve the clog, then wait a few minutes. Pour in 250 ml of vinegar, followed by the baking soda. Use a sink stopper to direct the foam down. Once bubbling stops, remove the stopper and add boiling water to clear any remaining debris.",3.3266372680664062
037_14639,"### Instruction1:
Think about what you want and why you want it. Is it an object or an adventure? Once you've determined this, ask yourself a series of questions to prepare for the discussion. Here are some questions to consider: Why do I need this thing? Why should my parents give it to me? If you can't come up with good answers to these questions, it's probably not the right time to approach your parents. If you don't know why you want something, it's unlikely that you'll be able to get it.

To discover what might constitute a ""good"" reason for your parents to give you what you want, try to understand what they value. Depending on cultural and family differences, this could vary widely. Helping out with the family business or taking care of your siblings may impress some parents, while others might be more impressed by your efforts in school and extracurricular activities. Remember times when they praised you and appreciated your actions; these are the ""good"" reasons you might have for wanting something.

It is also possible that some parents are swayed by logical arguments. Prepare a few good arguments to justify why you want this object, trip, or adventure. This will demonstrate that you are not acting impulsively and that you have thought things through before presenting your request. You might argue that it will help you progress in school, prepare you for adult life, or support your growth. You can also mention that it will fuel your imagination, provide relief from life's difficulties, or be useful for the whole family or community. Self-centered or irrational desires will be unconvincing. Avoid saying you want something just because your friend has it; for parents, that suggests you are just following others and don't truly value the gift you want. Phrases like ""I just want this,"" ""I deserve it,"" or ""I have to have it"" are poor arguments you shouldn't use. Additionally, telling them they are bad parents if they do not fulfill your request will likely be ineffective.

Check eBay, Amazon, and other online marketplaces for the lowest prices. If it's a trip, look for the cheapest options and affordable accommodations. When you approach your parents with all this information, they will see that you care not only about what you want but also about their financial resources. Determine how long it will take to save half or even all of the amount needed. If your parents are willing to cover part of it, they will let you know during the discussion. If you almost know you won't get what you are asking for, try to accept that possibility. If you get what you want, you will be more satisfied, but if your fears are confirmed, it will prevent you from resenting your parents.

If your parents refuse your request, it might be because they believe you don't deserve it. Face this directly by offering to work in exchange for what you desire. They will likely respect your effort and dedication. Even if they do not agree with your proposal, maintain your offer to do extra work. This may impress them over time, and you might eventually get what you asked for. You need to prove that you are becoming a responsible person. For example, you can offer to do laundry, clean the kitchen and bathrooms, sweep the floors, care for pets, mow the lawn, pressure wash outdoor surfaces, and tidy up anywhere there is a mess.

Your parents might not have enough money to provide what you want. They might even have the money but feel uneasy about spending it on something perceived as too expensive. Offering to contribute will show them that you are committed and willing to fight for what you want. Look for a part-time job to earn money. If you're not old enough to work, ask them if you can do small jobs for them. Save any money you earn until you can pay for half of what you want (or the fuel for a trip). Only approach your parents when you have everything together. Showing them that you can plan, work, and save on your own may convince them.

### Instruction2:
Consider what you want and why. Prepare arguments for why your parents should give it to you. Understand their values and impress them with your efforts. Offer to work for what you want and demonstrate responsibility. Research prices and save money to show you care about their finances, and only approach them when you're ready.",9.490588426589966
037_13730,"### Instruction 1:
Thus, for the majority of your body, your skin will be protected from sunburn and will breathe better. Avoid dark-colored clothing, as they absorb more sunlight than light-colored clothing. Wear garments made of lightweight natural fiber textiles that allow air to pass through (which is not the case with many synthetic textiles). Wear a wide-brimmed hat that provides shade to your face. Take breaks to rest when you need to work or engage in physical activity in hot weather. If possible, avoid physical activities or outdoor work during the hottest hours, which are between 11 AM and 3 PM. If you wear loose and light clothing, you should apply a layer of sunscreen on the skin that is covered to protect it from ultraviolet rays. If you feel thirsty, your body has already begun to dehydrate. Drink small amounts of liquid regularly while exposed to heat, even if you do not feel thirsty. In a temperate climate, a man should drink about 12 glasses (approximately 3 liters) of liquid per day, and a woman should consume about 9 glasses (approximately 2.2 liters). If you are urinating only a small amount or if your urine is dark, you probably have not consumed enough liquid. Do not drink beverages that contain alcohol, high amounts of sugar, or large doses of caffeine. Avoid drugs such as amphetamines, cocaine, or ecstasy, which can increase the body’s sensitivity to heat. Amphetamines and cocaine can even cause a direct increase in body temperature. If you settle in a new area with a climate very different from that of your home region, it may take months for you to acclimatize and reach the energy level and endurance of the locals. Heat can produce a significant state of fatigue, and you are likely to feel much weaker than expected. Avoid strenuous activities during the hottest hours of the day (between 10 AM and 2 PM). Plan to take many breaks to give yourself opportunities to cool down. Here are the main categories of people who are particularly vulnerable in high heat conditions: the elderly, children, pregnant women, people who work outdoors, those who have just moved to a warmer climate than their original area, people with health problems such as those suffering from asthma, high blood pressure, diabetes, lung disease, or obesity, individuals particularly prone to dehydration such as those with digestive disorders, and those taking medications that increase sensitivity to heat, such as certain diuretics, antihistamines, beta-blockers, tranquilizers, and antipsychotics. This will give you enough time to prepare for a period of intense heat. Be aware that on days when the air is very humid, your body sweats more slowly, making it harder for it to cool down naturally. Also note that it can take only a few minutes of exposure to extreme heat for thermal shock to occur, but it can also happen gradually after prolonged exposure to heat over several days.

### Instruction 2:
To protect your skin from sunburn and ensure better breathability, wear light-colored, loose-fitting clothes made of natural fibers. Use a wide-brimmed hat for shade and take breaks during hot weather, avoiding outdoor activities between 11 AM and 3 PM. Regularly apply sunscreen and drink fluids to prevent dehydration. Monitor your hydration levels and avoid alcohol and certain drugs that can increase heat sensitivity. Be cautious of high temperatures, especially if you are vulnerable, and acclimatize slowly to new climates.",4.852846622467041
037_4374,"### Instruction 1:
Prices vary greatly from one store to another. Find retailers with good customer service, as computer components can be defective even when new. It is better to buy from a store that facilitates returns or exchanges of items. For a multimedia PC, you won’t need the latest and most expensive processor unless you are using it for video games. You will need one that can play High Definition (HD) videos. A mid-range four-core processor should be sufficient. Try to find a low-power processor, as this will reduce your cooling needs and consequently the noise emitted by your machine. The choice of your motherboard will largely depend on your processor. USB 3.0, Ethernet, and Wi-Fi connectors are essential for any good motherboard. It is also preferable that it has HDMI and DVI connections, depending on the TV you will use. The HDMI connection transmits both video and audio signals, but if you use another type of connection, you will need an audio cable such as SPDIF. If you plan to acquire a Solid State Drive (SSD), ensure that the motherboard is compatible with SATA III technology. The size of the motherboard will depend on the case you choose and vice versa. RAM is one of the easiest components to choose for building a multimedia PC. Since RAM is prone to manufacturing defects, check the manufacturer's reputation before purchasing. The number of pins on the RAM sticks must match the number of pins on your motherboard. Make sure the type of DDR and frequency are compatible with your motherboard. Currently, RAM is DDR4. Since RAM is relatively inexpensive, opt for the highest frequency supported by your motherboard. For capacity, you will need at least 4 GB, with 8 GB being recommended today. You will only need a video card if you plan to play games on your multimedia PC. Most motherboards are sufficient for video playback and streaming. If you add a video card, ensure that your case and power supply are suitable. Your storage space needs will depend on the intended use of your multimedia PC. If you stream videos and watch movies on DVD and Blu-ray, you won’t have significant storage needs. However, if you archive video and music files, you may require several terabytes. In any case, you will need a hard drive of at least 60 GB to install your operating system (OS) and multimedia software. Today, the recommended standard is one terabyte (TB). Consider using an SSD for your operating system. They are silent, consume little electricity, and are significantly faster than traditional hard drives, allowing for quicker boot times. However, SSDs are more expensive and may not be the best choice for storing large amounts of data. You could also have a 128 or 256 GB SSD for the operating system and a traditional 1 TB drive for data storage. Every modern multimedia PC should have a Blu-ray drive. This will provide the best image quality for watching movies in HD. Most Blu-ray drives offer a reading speed of 12x. Since disk drives are prone to manufacturing defects, make sure to buy a reputable brand. Blu-ray players also read DVDs and CDs. Look for a specific case for multimedia PCs: they are usually ""towers,"" meaning vertical cases. You will need effective and quiet cooling; do not skimp on cooling, especially if you play a lot. Ensure that the case is large enough to accommodate all your components. When purchasing the motherboard and case, ensure they are compatible. Check that the case has a ventilation system; otherwise, you will need to add one or two 120 mm fans, which are generally the quietest. Your wattage needs will depend on your components, but if you do not have a video card and your hard drive is an SSD, you should not need more than 300 watts. Look for a modular power supply case, allowing you to connect only the components you need. This will reduce space and noise due to its low power consumption. Having a wireless mouse and keyboard will be very practical for using your computer. There are also several remote control options via Bluetooth or infrared. You will need video and audio cables to connect your multimedia PC to your TV and audio equipment (optional).

### Instruction 2:
When building a multimedia PC, choose components wisely based on your needs, focusing on good customer service and return policies. A mid-range processor, sufficient RAM, a compatible motherboard, and storage options should be prioritized. Consider using SSDs for speed, and ensure the case offers effective cooling and compatibility with your components. Additional peripherals like wireless keyboards and mice can enhance usability.",9.545665502548218
037_17737,"### Instruction 1:
This is more important than creating a quality control department. Depending on the size of your business, you may already have one. This department tracks and documents quality issues and works to resolve them. However, relying on such a department can lower your company's performance, as it may lead other employees to think that quality is not their responsibility. Investing in training for all your employees at all levels, rather than in a single department dedicated to quality control, will show your employees that they are also responsible for improving the quality of your services, regardless of their role in the company. Look for gaps in your employees' training. Have your employees attended seminars on customer service, online or in-person, to improve their performance? Organize training sessions targeting the gaps your team is experiencing, such as customer service at the checkout or how to address a consumer in a meeting. For instance, if you want to improve checkout service, organize a training session on this topic. You can show them how to greet customers, process transactions quickly and efficiently, and handle cash or card transactions. You can also set up role-playing scenarios, with one employee acting as a cashier and another as a potential customer. Don’t stop training after the first few days or weeks of your employees' work. Teach them to always seek improvement and learn more about their work, their company, and the best ways to serve your customers. This program will teach new employees the importance of quality and service in your business before they start working. It should be a well-structured program presenting the products, services, and also the strategy of your company. It should reinforce its approach to customers and your commitment to quality customer service. The program should also include a presentation of your service approach. Provide examples of past and current customer service issues and the solutions you have implemented to address them. This will help your new recruits understand your approach to the system and how you solve problems. Encourage cooperation between your old and new employees. More experienced workers can share their experience and advice to help improve their performance in certain positions or roles. Your former employees can also give them tips on providing quality service to your customers. When possible, personally conduct the orientation of your new employees. Lead one of the training sessions to show them that you are seriously committed to this program. This will also give you the opportunity to instill your company’s values in them before they take their positions and set them on the path to success. A simple rule states that employees should greet customers within their first 30 steps or 30 seconds in your store. This attention will ensure that your customers feel welcomed and wanted, giving them a better impression of your business. Ensure your employees are trained to communicate this welcome with their body language as well as their words. A “Hello” will not have the same impact if your employee does not make eye contact with their customers, does not smile, or does not stand upright. If your business is fully digitized, set up an automated response system so that your customers know their message has been received and that you are acting to resolve their issue. This means you need to show them that what they do daily in their workplace has a huge impact on customer satisfaction. Linking individual employee behavior to a broader system will help instill the importance of quality service on a daily basis. One way to do this is to challenge your employees to commit to providing the best possible service to your customers for a whole month. At the end of this month, show them proof of improvement in sales performance and a decrease in customer complaints. Encourage your employees to view customer service as a story of your business. Your employees are the main representation with which your customers will know your business. Generally, their behavior helps create the culture of your company or store. By understanding that these interactions with customers are not limited to just the checkout interaction but are primarily about how customers feel in-store, you can more easily motivate your employees to improve the quality of your service. For example, the Trader Joe's chain of stores in the United States is regularly ranked as one of the best companies in terms of customer service because its employees are trained to recreate a relaxed atmosphere in-store and offer personalized recommendations on their products. This approach makes the in-store experience more enjoyable, encouraging customers to return even though their stock may be more limited than other stores. Goals should represent a challenge while remaining achievable. Research has shown that having specific and challenging goals leads to better performance. Avoid overly simple or vague goals like “Do your best.” Focus on specific actions and attitudes, such as greeting all customers with a smile, assisting them in the fitting room, and ensuring that the checkout transaction is quick and pleasant. For example, the team of a Las Vegas casino had to meet the goals set for each position within the company, as well as those established for the group in the area. The manager worked with each employee to ensure that the goals were challenging but attainable. The company used a combination of goals and rewards to motivate each team member. Motivate your employees by recognizing their accomplishments and their ability to meet or even exceed customer service goals. There are two main ways to reward your employees. Financial rewards: one of the simplest ways to implement financial rewards is to increase your employees' salaries and bonuses. But if you are not in a position to give your employees more money at once, you can enhance their finances in other ways. For example, grant them the time off they request, offer better social security, and be flexible with childcare or eldercare. Non-financial rewards: create a reward program that shows your employees how much you appreciate their work and attention to customer service. Focus on a program that recognizes their length of service, positive feedback from customers, and employee accomplishments. Use rewards such as plaques, certificates, products from your company, gift cards, or giveaways. Although these rewards are not monetary, they will give your employees a sense of pride and accomplishment, which is necessary to keep them motivated. Another way to motivate your employees and empower them in their position is to give them the opportunity to advance within your company. Create management positions for the more senior employees or those who demonstrate a high level of performance. Encourage new recruits to aspire to a higher position and give them the opportunity to prove their skills. You may decide to hold an annual performance meeting so that your employees can assess themselves and know how to improve their performance for the coming year. These meetings are also a great way to encourage positive employee behaviors and show them the direction their career is taking in your company. It is crucial that you show your employees that they can be as helpful as they are friendly. A polite and pleasant salesperson who knows nothing about the goods they are selling will not satisfy your customers. Likewise, an employee who knows about an issue but cannot resolve it will not impress your consumers. If your employee cannot provide an immediate solution, train them to establish an action plan to resolve the issue as quickly as possible. For example, if a customer reports a problem with one of your lawnmowers, but your store is about to close in 5 minutes, you could promise them that you'll send a salesperson to their home the following morning to repair their model. This is how you will establish extremely high-quality customer service. Every customer who enters your store or business should leave happy. Even if you or a member of your team makes a mistake, the customer should leave satisfied. Do not act defensively or accuse your customer of making a mistake. Listen patiently and offer your sincerest apologies. Then, explain how you plan to resolve their problem. The politest employee in the world will not make excuses for their incompetence or inability to meet a customer’s needs. For example, let's say a customer returns to the store with a blouse that has been damaged in the washing machine and they have kept the receipt from two days ago. They then ask to be refunded because the item was not cheap and did not hold up in the wash. The employee calls you to discuss the best way to serve this customer. Start by apologizing to the consumer for the poor quality of your inventory. Then explain that although you cannot refund them (as indicated on their receipt), you can offer them a gift card to your store equal to the amount of the defective item, as well as a discount on their next purchase. This way, your customer will recognize that you have addressed their request and want them to be satisfied with your services. You can also assure them that you will investigate with your manufacturer and remove the remaining stock from your shelves. Customers who are dissatisfied with your services should be encouraged to return to your store. This will allow you to satisfy them, much more than simply contributing to solving their problem. Your employees can provide you with very interesting insights into possible improvements you can make to your customer service. Listening to their feedback will also show them that you care about what they have to say and that you take their opinion seriously. Conduct a quality survey at least once a year. Send your employees a questionnaire via email and set a deadline for their return. You can also attach bonuses or prizes to motivate them to submit their feedback. Maintain an open dialogue with your employees by starting each day with a motivational speech before the doors of your store open. Present the expectations for service quality for every customer who enters your establishment. Present specific behaviors that will show customers that your team wants to provide them with quality service, such as greeting them as soon as they step through the door, engaging them at checkout, and offering assistance in selecting their size or trying on items in the fitting room. Use concrete examples to show them, rather than just explain, how to provide quality service.

### Instruction 2:
Focus on training all employees in quality service rather than relying solely on a quality control department. Identify training gaps and implement targeted sessions. Foster collaboration between new and experienced employees, and establish a welcoming customer atmosphere. Set achievable goals and recognize employee achievements, offering both financial and non-financial rewards. Encourage open communication and regular feedback to continually improve customer service quality.",20.844102382659912
037_4895,"### Instruction1:
Most birds make noise, either by singing or squawking. Their voices are most often heard in the morning and before dusk. Some birds are noisier than others, but you should know before bringing one home that you cannot prevent them from making noise. Cockatoos are considered one of the bird species that use vocal communication the most. Their voices are usually heard only in the morning and evening, but they are universally recognized as the loudest birds. Macaws are also very noisy, but their calls are typically heard in the morning and evening, similar to cockatoos. Conures emit high-pitched, piercing sounds but only make noise to ""call"" their owner, not to ""chat."" Cockatiels, budgerigars, lovebirds, and parakeets make noise throughout the day. If you're looking for a quiet bird, avoid these species. Whenever you respond to your bird's incessant squawking, regardless of the species, it will think that this annoying behavior helps attract your attention. Bird owners often react to squawking by showing affection or even running into the room and yelling for the bird to be quiet. Ignoring these noises will be difficult at first, but that is the only way to get the bird used to not seeking attention this way. Leave the room when your bird starts making noise and only return when it has stopped squawking or screaming. Only return if the bird has been quiet for at least 10 seconds. Praise your bird and reward it with a treat when it is quiet. It will understand that it only gains your affection by being quiet. Praise your bird when it whistles or murmurs, especially when it is not screaming. This method is particularly effective with parrots, as it is easier to teach them words at a low volume than sounds. Do not raise your voice if your bird screams or sings loudly. Speak softly whenever you address your bird or are in its presence. Always praise your bird immediately when it lowers its volume to mimic yours. If your bird begins to make acceptable volume sounds, give it food or a toy every time it behaves this way. Over time, it will associate this vocal range with what you choose to reward it with. Make sure to praise it immediately; if there is a delay between its action and your reaction, it will not make the connection. Whenever your bird screams or talks loudly, stop showing it affection and leave the room immediately. Use a specific treat as a reward. Try to find out what your bird enjoys most and use its favorite treats for training sessions. Your companion will be more inclined to comply with your requests.

### Instruction2:
Birds are generally noisy, especially in the morning and evening. Cockatoos and macaws are among the loudest species, while conures and other birds make noise throughout the day. If you want a quiet bird, avoid those that are naturally noisy. Responding to their noise can reinforce the behavior, so it's essential to ignore it and leave the room until the bird is quiet for at least 10 seconds. Reward and praise your bird when it is quiet, and use treats for training. Speak softly to your bird and praise it when it mimics quieter sounds. Consistency in training will help the bird associate quiet behavior with positive reinforcement.",7.146461725234985
037_14693,"### Instruction 1:
If you come home from school and dive straight into your studies, you'll feel drained of energy and struggle to concentrate. Take half an hour to prepare your body and mind for studying to be more effective. Go for a short walk before studying. Stretching your muscles with a little walk will help your body relax and clear your mind before you start revising. If you're hungry, eat something before studying, but opt for a light snack or small meal. Eating too much beforehand might make you feel tired and hinder your concentration. Your mindset when starting work can affect your efficiency. Work on maintaining a positive mindset every time you begin studying. Think positively whenever you study. Remember that you are acquiring new skills and abilities. Don't get discouraged if you find something difficult. Remember that you study to improve, so it's normal not to understand everything. Avoid catastrophic thinking or black-and-white thinking. Catastrophic thinking includes thoughts like: ""If I don't understand now, I will never understand."" Black-and-white thinking sounds like: ""I never pass my tests."" Instead, try to be realistic. Think: ""I'm struggling with this information for now, but if I persist, I'm sure to understand it."" Don't compare yourself to others. Focus on achieving a good outcome for yourself. The success or failure of others shouldn't matter. Mnemonic devices are ways to remember information by creating associations. This can be extremely helpful when you want to study smart. Many people remember topics by stringing words together to create phrases and giving those words a meaning that relates to the information they need to remember. For example, the phrase: ""I love to teach a useful number to the wise! Immortal Archimedes, artist, engineer, who can appreciate your judgment?"" helps remember the first thirty decimals of π by counting the number of letters in each word (i.e., 3.14159265358979323846264338379). Make sure to use mnemonic methods that you can easily recall. If you create one, choose words or phrases with personal significance that you can easily remember later. If you took notes, rewrite them. By rewriting your notes and slightly changing the words, you will engage more with the material. You're not just repeating the information; you're trying to re-explain it to yourself. This can help you process the information and remember it more easily later. Don't just copy the information. Try to condense it to its simplest point. Then, try to condense it further until you get to the essential points.

### Instruction 2:
To study effectively, take time to prepare your body and mind. Go for a walk and eat a light snack if hungry. Maintain a positive mindset and avoid catastrophic or black-and-white thinking. Use mnemonic devices for memory aids, and rewrite your notes to engage with the material better. Condense information to its essential points for better retention.",6.307162523269653
037_59469,"### Instruction1:
Varicose veins are those unsightly spider-web-shaped veins that some women may develop at a certain age. While it is not always possible to prevent the appearance of varicose veins, you can take some measures to stop them from developing. Engage in regular physical activity to improve leg muscle tone and blood circulation. Use sunscreen to protect the skin on your legs. Cross your ankles instead of your legs when sitting. Limit foods high in salt and its derivatives. Your body continuously sheds dead skin cells, and your legs are no exception. Shaving your legs, walking, and wearing pants can irritate your skin. Therefore, you should help it regenerate by removing dead skin cells. Use a washcloth, loofah, or exfoliating product, and gently wash your legs every time you shower. Try a sugar scrub for even better results. Apply some moisturizer to your leg skin every night before bed to keep your skin radiant and healthy. A moisturizer prevents the skin from cracking, damaging, or forming patches. Most people find hairy legs unappealing. That being said, you should never feel obligated to shave your legs to impress someone. You should find a way to remove hair if you are going to a fancy party, want to have star-perfect legs, or simply find the hair unappealing. Shave your legs. The most common way to remove hair is to shave your legs in the shower. It is easy and quick, but the effect is not long-lasting. Wax your legs. This can be quite painful at times, but waxing keeps your legs smooth longer than shaving. Use an epilator. These small devices work similarly to waxing, except they pull out each hair one by one. Unlike waxing, these epilators are clean and reusable, but many women find them painful.

### Instruction2:
Varicose veins can develop in some women, but there are preventive measures. Regular physical activity and sunscreen can help, as well as crossing ankles instead of legs and limiting salty foods. Keeping skin healthy by exfoliating and moisturizing is essential. Hair removal options include shaving, waxing, or using an epilator, but personal comfort should guide the choice.",5.020391464233398
037_57129,"### Instruction1:
Rabbits love routine. The best way to encourage your rabbit to play with you is to set regular playtimes. Rabbits are generally most active early in the morning. If possible, try to play with your pet during this time of day. If that’s not feasible, many rabbits are also very active in the late afternoon. Do not start a play session at just any time. Rabbits prefer to be left alone when they are eating, using the bathroom, grooming, or sleeping. If you see your rabbit engaged in any of these activities, let them finish before you start playing. However, it is best to open your rabbit's cage or pen before they finish so they understand it’s playtime and can come out when they are ready. To help your rabbit feel comfortable and safe with you, make sure they do not perceive you as a giant. Lower yourself to your rabbit’s level. You could sit, squat, or lie on the floor. Allow your rabbit the opportunity to come onto your lap or physically interact with you. Some rabbits enjoy cuddling and will readily sit on your lap. However, most rabbits prefer to remain independent during playtime. Rabbits can be fearful, especially at first. Do not force your rabbit to play certain games or with specific toys if they do not seem interested. Let the rabbit explore at their own pace. Do not roughhouse with a rabbit like you would with a cat or dog, as they are naturally skittish and you might frighten them. Cheerfully greet your rabbit before opening their cage, saying their name and a positive phrase like “hello.” This way, the rabbit will associate you with a joyful feeling and will be more inclined to interact with you. Pet your rabbit while saying kind things and giving them some treats. This will help your rabbit associate your physical contact with joy and safety.

### Instruction2:
Rabbits thrive on routine and prefer specific times for play. They are most active in the early morning and late afternoon. Avoid disturbing them during eating or resting. Open their cage before they finish these activities to signal playtime. Lower yourself to their level to help them feel safe. Allow them to approach you, as they may enjoy cuddling or prefer independence. Be gentle and do not force them to play. Establish a joyful connection by greeting them cheerfully and offering treats.",5.59769344329834
037_39415,"### Instruction1:
You will need: a French press, freshly ground coffee beans suitable for espresso, a spoon for dosing, a stick for stirring, and 50 cl of hot water. Remove the lid and the mesh filter connected by a metal rod. The filter and piston will press the ground coffee into the hot water. Make sure its edges are raised when you remove it. Use a kettle or pot on the stove. When the water begins to heat, pour a little into the French press to warm it, preventing the glass from breaking due to sudden temperature changes when you pour in boiling water. The grind size is crucial for an espresso-like drink. If you purchase pre-ground coffee, look for espresso blends. If grinding your own, choose beans labeled for espresso. There isn't a strict type for this drink, but professional roasters often use specific beans for espresso to achieve the desired flavor and texture, as they are roasted to enhance the espresso's taste. To grind your coffee, use a grinder with an espresso function. Burr grinders crush the beans between two burrs, producing a uniform powder, while blade grinders chop the beans, which can lead to an uneven grind. A very fine grind is necessary for espresso, finer than regular coffee for a French press or percolator. The fine powder enhances flavor and integrates better with the hot water under pressure, but it shouldn't be so fine that it passes through the filter. The issue with a French press is that the holes in the filter are larger than those in an espresso machine. Aim for a sand-like consistency for your ground coffee. You can grind the beans slightly finer than usual for your French press, but not too fine unless you're okay with some sediment in your cup. Pour about 35 g of ground coffee into the container. This step is delicate, as the goal is to make an espresso. When prepared in a machine designed for it, approximately 16 to 21 g of coffee is needed for 25 cl of water. Since a French press is larger, try doubling the amounts. You'll have leftover coffee, but that's fine. Pour a little nearly boiling water over the coffee, wait a few seconds, then add the rest of the 50 cl of water. The water should not exceed 93 °C; around 90 °C is perfect. Before adding all the water, pour a bit over the coffee grounds to ""bloom"" and release the flavors. Briefly stir the mixture with a long spoon to avoid clumping and achieve a frothy consistency. Next, place the lid on and push the filter down just to the surface of the liquid. Do not push it all the way down yet; let the coffee steep until the water is very dark (about 3 to 4 minutes). The longer you steep the coffee, the stronger it will be, but don't steep too long hoping for stronger espresso flavor. It may take some experimentation to find the right steeping time. Remember that this time controls the extraction: if too short, the coffee will taste sour; if too long, it will be bitter. Hold the lid in place and slowly and steadily push the piston down until it stops. You can experiment by pushing the piston halfway, pulling it back, and then pushing it down fully to create a fine foam layer. Let it rest briefly before serving. If you want to catch very fine grounds, pour the coffee through a coffee filter or a clean cloth. If using a paper filter, it may slightly alter the taste and texture, as it will retain some foam that contributes to the espresso's texture and could make the coffee taste slightly oily as it passes through.

### Instruction2:
To make espresso with a French press, gather the necessary items: a French press, freshly ground espresso beans, a spoon, a stirring stick, and hot water. Warm the French press with hot water, then add coffee grounds (around 35 g). Pour nearly boiling water over the grounds, stir briefly, and let steep for 3 to 4 minutes. Slowly push the piston down to separate the grounds, let it rest, and then serve, optionally filtering to catch fine grounds.",8.952471256256104
037_18434,"### Instruction1:
You can find these plants in a natural products store or bulk goods store. They need to be ground or powdered. ½ teaspoon of marshmallow root (to soothe inflamed tissues), ½ cup of red elm bark powder (to calm irritated mucous membranes), ¼ cup of hot water, 2 tablespoons of honey. Pour 2 teaspoons of honey into a glass measuring cup and add enough warm marshmallow liquid to make a total of half a cup. Pour the mixture into a bowl and discard the rest. Create a well in the middle of the powder. Pour the honey or marshmallow solution into the hole formed in the red elm bark powder and, using clean hands, mix the ingredients together. Shape small oval forms the size of a grape (the size of a lozenge). You should end up with 20 lozenges. Roll the lozenges in the red elm bark powder to make them less sticky. Place them on a plate to dry for at least 24 hours. Once dry, wrap the lozenges in wax paper or parchment paper. Store them in a cool, dry place away from light. They will last for 6 months. You just need to unwrap them and let them dissolve slowly in your mouth. These lozenges are intended for adults, but they can be given to children who are old enough to take them safely (generally from 5 years old). For children under 5 years old, the lozenges may pose a choking hazard.

### Instruction2:
To make lozenges from marshmallow root and red elm bark, you will need to grind the ingredients and mix them with honey and hot water. Shape the mixture into lozenges and let them dry for 24 hours. They are suitable for adults and children over 5, but caution is advised for younger children due to choking risk. Store in a cool, dry place for up to 6 months.",3.205181837081909
037_12759,"### Instruction1:
She really cares about your well-being and would like to know what is going on in your life. The fact that she spends time with you will help her understand you better and trust you more. This will be useful when you ask her to let you go out. Make an effort to talk to her about your feelings, your friends, school, etc. Ask her for permission to go to the movies, the mall, or take a walk. As a teenager, your main responsibility is to do well in school. If you aren't doing that yet, your mother will find a way to decline your requests. Study to show her that you take your education very seriously. If you get a good grade, be sure to show it to her! If you're not performing well in school, still demonstrate how hard you're trying by doing your homework in places where she can see you or by participating in study groups. If tasks have been assigned to you, don’t wait for reminders to do them. Do them even before your mother expects you to. This will show her that you are hardworking, responsible, and that she can trust you. It’s better to surprise your mother with your diligence than to tell her how well you’re doing in your chores. Let her discover it by herself. Go beyond her expectations. If your mother asks you to do something, obey her and do even more. For example, if she asks you to tidy your room, also vacuum. This shows that you take initiative and she will appreciate the gesture. This applies both at school and at home: if you want to earn your mother’s trust so that she will let you go out, behave respectfully and maturely. You don’t have to be perfect; no one can be, but you should do your best. Show politeness and say thank you and please. Don’t fight at school. Respect your mother’s friends by listening to them when they talk to you and by starting small conversations with them in a polite manner.

### Instruction2:
To gain your mother’s trust and earn permission to go out, communicate openly about your life, show responsibility in school, and perform chores proactively. Demonstrate respect and maturity, and go beyond expectations in your tasks.",3.6640193462371826
037_21406,"### Instruction1:
One reason your phone might not turn on is that the battery is dead. In this case, plug your phone into the charger that came with it when you purchased it. You also have the option of powering your phone by connecting it to a computer via a USB cable. On LG slider phones, the power button is usually located on the front of the phone at the bottom right. The button is represented by a curved line with a circle underneath. To turn on the phone, press and hold the power button until the screen lights up, then release it. To turn off the phone, press and hold the power button until the screen goes dark.

### Instruction2:
If your phone won't turn on, it might be due to a dead battery. Charge it using the provided charger or connect it to a computer with a USB cable. For LG slider phones, locate the power button on the front bottom right to turn the phone on and off by pressing and holding it.",1.7091567516326904
037_53961,"### Instruction1:
Take the hose in your hands and bend it in all directions along its length. This helps to loosen clogs and even resolve smaller ones. If you feel unusual resistance while bending it, it is probably because there is a clog. Focus on those areas in particular. While twisting it, keep one end above the bucket to avoid spilling anything that might come out. A direct jet of water into the hose could help to unclog it. Hold the hose at one end of the drainage pipe and turn on the water at the faucet to flush out the clogs. You can use a faucet with the same pressure as the garden hose for rinsing. Keep one end of the hose under the faucet and turn the water on fully to push the clogs through. Use pliers to straighten a hanger. When it's completely straightened, insert it into the hose and push everything inside to get it out the other side. This technique is particularly effective against large clogs. You need to ensure the hanger is well-straightened. The bent ends could get caught in the folds of the corrugated hose and damage it.

### Instruction2:
To unclog a hose, bend it in various directions to loosen clogs. If you find resistance, focus on those areas. Keep one end over a bucket to catch spills. Use water pressure to help unclog. Straighten a hanger to push debris through the hose. Make sure the hanger is straight to avoid damaging the hose.",2.3626458644866943
037_26150,"### Instruction1:
It is clear that accidents or spills can happen, but if you have spilled water or any other type of liquid on your engineered hardwood floor, you need to clean it up promptly. If you leave the liquid sitting on the material for a long time, it could seep inside and damage the plywood or the hardwood itself. It could also leave a permanent stain. When cleaning up spills on the floor, you should gently blot to wipe them up. Avoid scrubbing or applying strong pressure to clean the area. If you do, you risk warping the hardwood plywood or pushing the liquid into the wood and damaging it. Although these abrasive liquids will clean some surfaces, there is still a high chance they will damage your engineered hardwood floor. Vinegar and ammonia could erode or damage the surface of the plywood beneath the top layer of hardwood. You should refrain from using a steam cleaner on engineered hardwood floors. Although a steam cleaner can be a useful tool for cleaning carpet, it is not recommended for engineered hardwood at all. In fact, steam may damage the surface of the wood by forcing water to seep into the top layer and into the plywood. A steam cleaner can potentially cause more damage than other cleaning techniques that use excess water (like a very wet mop). Since a steam cleaner forces moisture to penetrate the wood, it could damage the lower layers of the fiberboard or plywood. It is highly discouraged to use abrasive and harsh cleaning products (like a metal brush or steel wool) on hardwood floors. There is a strong chance these products will cause scratches or otherwise damage the plywood beneath the hardwood. Although engineered hardwood floors are more resistant to liquids than standard models, you still should not leave water or any liquid cleaner on your material. Dry the floor by patting it with a towel if any excess liquid cleaner remains after you have finished cleaning. Similarly, if you use a damp mop, you risk damaging the top layer of the hardwood. If the wood absorbs a significant amount of water, it could warp. Therefore, you need to ensure all water is removed after cleaning the floor.

### Instruction2:
Clean spills on engineered hardwood promptly to prevent damage. Blot spills gently instead of scrubbing. Avoid using vinegar, ammonia, or steam cleaners. Do not leave liquids on the floor and dry it thoroughly after cleaning to prevent warping.",5.3202598094940186
037_36917,"### Instruction1:
To make your gel nails perfect, start by properly preparing your natural nails. Take the time to cut, file, and shape your nails correctly. Before cutting, decide on the shape you want for your nails. Cut the basic shape first, then file the tip of the nail. Finally, finish by polishing the nail surface with a buffer. You can choose from rounded, square, pointed, almond, or oval nail shapes. Since gel nails are based on your natural nails, this is the step where you will give them the desired shape. This is different from applying acrylic nails, where you can alter the shape during or after the application.

### Instruction2:
Prepare your natural nails by cutting, filing, and shaping them. Decide on the desired nail shape and cut it, then file the tips and polish the surfaces. Choose from various shapes like rounded, square, or oval. Gel nails follow the shape of your natural nails, allowing you to define them before application.",4.625291347503662
037_10575,"### Instruction1:
Use the fabric of your choice, as long as your piece is at least 2.5 cm wide and 12 cm long. Spray a little starch on your scraps to stiffen them and make the knot easier to tie.

### Instruction2:
Choose a piece of fabric that meets the size requirements and apply starch to make it easier to tie a knot.",1.2742936611175537
037_23884,"### Instruction1:
Your contact lists will be presented to you. Select the list to which you want to add the contact. It is located in the upper right corner of the screen and looks like a silhouette with a + next to it. You can search the Skype directory, save a phone number, or import from an iPhone. Searching the Skype directory allows you to look for users by their names, Skype usernames, or email addresses. After entering the search, a list of search results will be presented to you. Click on the contact you want to add and then click the Add Contact button. You will be able to customize your invitation text. Saving a phone number allows you to enter a person's name and phone name and then add them to your contact list. You can then call them using your Skype credit. Importing from an iPhone allows you to import contacts from your iPhone and add their numbers to your Skype contacts. This will only add their names and phone numbers and will not add the person as a Skype user.

### Instruction2:
To add a contact in Skype, choose the desired contact list. You can search for users in the Skype directory by name or email, save a phone number, or import contacts from an iPhone. Click on the desired contact from the search results and customize your invitation before adding them. When saving a phone number, enter the person's name and number. Importing from an iPhone will only transfer names and numbers, not add them as Skype users.",3.287405014038086
037_14159,"### Instruction1:
Your final height is largely determined by genetic laws (about 70%), while health, diet, and environmental factors account for the remaining 30%. Therefore, if you find yourself taller or shorter than you expected, you can only blame your genes for that. Additionally, it is pointless to rely on suspension scales to increase height! A simple online search can provide you with thousands of sites offering foolproof methods for height increase, but most of them are useless. ""Special"" pills won't make you grow... On the contrary, they will only make you sick and waste your money! There are several sites that suggest exercises aimed at stretching the body. While stretching is beneficial and might increase your height slightly for a short period, this method won't provide long-term changes. Remember that gravity always wins. That said, physical movements that improve posture and make you stand straighter can at least help you appear taller. When we sleep, our body produces growth hormones. Therefore, peaceful and deep sleep increases your chances of maximizing your genetic growth potential. Regarding emotional, mental, and physical health, a growing teenager should aim for 8 to 10 hours of sleep per night, preferably following a regular schedule for good biological clock balance. There is no magic food that can help you grow taller, but a balanced diet can assist in the growth process initiated by your body. You know the healthy eating procedure: consume more fruits and vegetables, less saturated fats and refined sugars, lean proteins, more fresh foods, and fewer processed foods. Certain nutrients like calcium, which strengthens bones (and thus improves posture), can be beneficial in making you appear and feel taller. Other essential nutrients such as vitamin D, zinc, and niacin, which you should include in a varied and healthy diet, can also provide other benefits regarding bodily growth. You should not focus on movements that claim to make you grow taller. Instead, concentrate on a healthy regimen that includes strength training and aerobic exercises. Good health gives your body a better chance to develop. As mentioned earlier, stretching is beneficial for the body, but stretching movements that claim to provide permanent height increases only have temporary effects. Focus on fitness and health, and let the growth process unfold normally (as long as your genetics predispose you to it). An hour or more of physical activity each day can help teenagers look and feel good, which can have other benefits, even if you haven't gained height. You have the option to research online to access recommended types of physical activities.

### Instruction2:
Height is mostly determined by genetics (70%), with health, diet, and environment accounting for the rest (30%). Relying on methods to increase height is largely ineffective, as pills and stretching exercises offer only temporary benefits. Good sleep (8-10 hours) and a balanced diet rich in fruits, vegetables, and essential nutrients like calcium, vitamin D, and zinc can support growth. Focus on fitness and healthy habits rather than quick fixes, as maintaining good health is key to natural growth. Regular physical activity can help you feel better, regardless of height changes.",7.153258323669434
037_38525,"### Instruction1:
One approach at this level is to start by releasing the gelatin trapped under the licorice as soon as possible and begin removing the chocolate. The catch with this approach is that you have less space to make combinations in the right grid due to its small size. However, once you break the licorice barrier, the chocolate is free to spread throughout the grid, thus reducing your area of action to just a few squares. This approach works best if you have several potential combinations in mind and can envision what the board will look like a few moves later. One of the easiest ways to eliminate chocolate is to create two horizontal striped candies in the left grid and activate them once they reach the bottom rows. Remember that since the two grids are not the same size, this move will only work with rows 2 and 3 from the bottom of the left grid. You can also use a striped candy to clear all the squares in the right grid with a single move. This move requires planning and the ability to create striped candies. Once the chocolate is free, it begins to invade adjacent squares. Keep in mind that if you eliminate a piece of chocolate, the chocolate does not progress on the next move. So, continue making combinations near the chocolate and attack it with special candies to slow its spread.

### Instruction2:
Start by releasing the gelatin under the licorice and removing chocolate. Be aware of limited space for combinations in the small right grid. Once the licorice barrier is broken, chocolate spreads, reducing your area of action. Create horizontal striped candies in the left grid to eliminate chocolate efficiently. Remember, this works best in rows 2 and 3 from the bottom of the left grid. Use a striped candy to clear the right grid in one move. Plan ahead and create striped candies to deal with spreading chocolate effectively.",4.194190740585327
037_51423,"### Instruction1:
By thinking of yourself as shy and reserved, you use that as a crutch. Why aren’t you going to the party on Friday? Exactly. You have no reason. When you stop thinking of yourself in a certain way, the world opens up to you. You are constantly evolving. If you label yourself as a geek, you might start to embody those characteristics. But if you realize that you are always evolving and changing, you might open yourself up to opportunities that inspire your growth, opportunities that would usually intimidate you. In the same vein as labels, stop thinking in black and white. Boys are not scary, authority isn’t evil incarnate, and textbooks can be quite helpful. Once you realize that it’s your perception of things that determines what they are for you, you will see more possibilities and, from there, more options for your evolution. Some people think characteristics are unchangeable, which greatly influences their behavior. In contrast, a mindset of constant evolution allows one to view characteristics as malleable and perpetually developing. These mindsets develop during early childhood and can significantly impact personality. If you think things are fixed, you won’t try to change. How do you see the world? This can determine how you see yourself in your relationships, how you resolve conflicts, and how quickly you recover from failures. Just stop. The power of your brain lies in the fact that it is yours and, therefore, you control it. If you catch yourself thinking, “Oh Lord, I can’t, I can’t, I can’t,” you probably won’t be able to. When that little voice starts to speak, don’t pay attention to it. It’s of no help to you. Wear a rubber band around your wrist and snap it as soon as negative thoughts start. When that voice kicks in, give it the tone of Donald Duck. It will be much harder to take it seriously. Keep your chin up. Literally. Changing your body language can actually change how you feel, and from there, how you think.

### Instruction2:
Thinking of yourself as shy limits your opportunities. You should stop labeling yourself and realize that you are constantly evolving. Your perception shapes your reality, and believing characteristics are unchangeable can hinder personal growth. To change your mindset, control negative thoughts and replace them with positive ones. Changing your body language can also help improve your feelings and thoughts.",3.6019790172576904
037_21232,"### Instruction1:
When she talks to you about the things she wants to achieve in her life, career, or future in general, pay attention to what she says to see if she includes you in her plans. If she does, there’s a good chance she is interested in a relationship and sees you as part of her long-term life. If she doesn’t, don’t worry. She may feel too nervous to include you in her plans before discussing them with you. Women are very good at getting to know others because they know exactly what questions to ask. Notice the moments when she asks you about your career plans, your ideal family, your hopes, and your dreams. These are signs that she would like her vision of the future to be compatible with yours. She might ask questions like, “How many children do you want?” or “Do you want to get married?” She may also ask about your relationships with your family, your past romantic relationships, or your beliefs in general. Questions lead to answers! If she has shared her beliefs, past relationships, and family with you, she is probably comfortable with you and sees you as someone she can trust. Even if it’s normal among friends, it can indicate that she desires a deeper relationship. This is especially true if she has shared stories with you that are important to her or even painful. If she feels comfortable enough to discuss topics that evoke certain emotions, it’s a good sign that she sees you as someone who can support her emotionally. Sometimes, you can tell if she likes you by paying attention to how she speaks, as well as what she says. If she stutters while looking at you or seems restless, it likely indicates that she likes you. If she tells you an embarrassing story or a funny joke, she might blush while looking at you or forget what she was saying.

### Instruction2:
Pay attention to whether she includes you in her future plans, as this may indicate her interest in a relationship. Notice if she asks about your goals and beliefs, which suggests she wants compatibility. If she shares personal stories and seems comfortable with you, it may indicate she sees you as a supportive figure. Her nervousness or blushing when speaking to you can also be signs that she likes you.",5.042347431182861
037_42671,"### Instruction1:
Start with your favorite music genre and add your preferred sounds from various artists that most closely resemble your favorite style. A playlist that is 100% hip-hop, 100% classic rock, or 100% baroque can be a great way to organize yourself. You can also choose a single artist to start with. For example, if you have the entire discography of Bob Dylan, you will have a multitude of songs to choose from. Pick your 50 favorite songs from this singer and arrange them in a list. Another option would be to choose several music genres. Try to vary the musical styles. Experiment with progressive jazz or a mix of gothic metal, folk, and classical music. Why not? No rules apply: you are free to choose what you like. Playlists are a great opportunity for you to put yourself in the shoes of a museum curator or a DJ who tells a story through songs. Choose a mood, theme, or idea from which you will organize your music list. For example, you could create a list of songs that only talk about love. Be creative. Here are some possibilities: breakup songs, songs to listen to on Monday mornings, songs for work, songs to listen to with headphones, songs with aggressive lyrics, songs that make you feel high. Another way to create a playlist is to think about the situations in which the songs will be played. Generally, music lovers enjoy listening to different music styles for each situation, such as when going to the gym, on a date, or when they want to sleep. Create playlists and select songs that fit each situation. You can create a great playlist to listen to during your workout sessions, daily commutes to work, at a barbecue, during a dance party, for meditation, or to relax. Try creating a playlist made up of songs you listened to during your early school years or childhood. Choose songs that always remind you of your father's favorite tracks or the songs you used to listen to on your way to extracurricular sports activities. Select pieces that remind you of your best friend. Creating a playlist is a great way to stay connected with the past. Try to tell a story through your list. How could you summarize your four-year college experience in ten songs? Give it a shot! Many teenagers have impressed their dates by dancing to love songs, and many amateur DJs have successfully filled their dance floors by playing dance hits. Consider your audience's reference points, tastes, and opinions. If you are trying to compose a playlist just for you, stick with what you enjoy! Organize your musical selections around a specific theme or era. For example, you could create a playlist of the 100 most played songs in France in 1967 or a selection of Beatles songs. If you want, you could create a massive list of all the songs featured in Rolling Stone magazine's list of the 100 greatest albums of all time. For fun, you might create your own musical ranking.

### Instruction2:
Begin by selecting your favorite music genre and creating a playlist based on that. You can focus on a single artist or mix various genres. Organize songs around themes or specific situations, such as workout music or nostalgic tracks from your childhood. Aim to tell a story or evoke memories through your playlist, considering your audience's preferences if sharing. Create themed playlists, such as the most popular songs from a specific year or artist, and enjoy the creative process of curating your musical selections.",7.309076547622681
037_38516,"### Instruction1:
If you enjoy long-range combat, then sniper rifles are your preferred weapons. These weapons inflict the most damage and have the best accuracy and range of all rifle categories in CoD Ghosts. According to their in-game description, the sniper rifles are: USR. Bolt action. Fatal shot above the waist, particularly maneuverable. The compensator reduces recoil with each kill. L115. Bolt action. Fatal shot above the knee. The compensator reduces recoil with each kill. Lynx. Semi-automatic. Slowed movement, fatal shot above the knee. VKS. Semi-automatic. Integrated silencer, highest rate of fire and magazine capacity in its category. There are several techniques for those who want to become professional snipers. Snipers are primarily independent players who kill at their own pace in their own territory. That being said, it is useful to know methods to prepare to become a sniper. Use the Variable Zoom and Chrome attachments to maximize your damage, range, and accuracy. These attachments are well-suited for very long-range shots. Install a Motion Sensor to be alerted if an enemy approaches. Snipers are generally stationary in a hideout, so it is vital to know what is happening in your blind spot. Equip a submachine gun as a secondary weapon, just in case an enemy attacks you from behind or if you are forced to engage in close combat. It is not recommended to use a sniper rifle at close range unless your weapon can perform a ""quick scoping"" like a marksman rifle. Use the Perk Stealth to avoid revealing your location, even if you manage to kill an enemy. You have a chance of appearing on the radar, but with the perks Incognito and Off The Radar, you are practically invisible to enemies. Stay away from the rest of your teammates and find a hiding spot to camp. From there, you can observe and wait for an enemy to pass into your line of sight. After killing an enemy, consider changing locations so the enemy has difficulty finding you. Based on overall performance, the L115 seems to be the best sniper rifle. Its shot is deadly from the knee, giving it the best kill/death ratio in its category.

### Instruction2:
Sniper rifles are ideal for long-range combat, inflicting the most damage with high accuracy. Various rifles like the USR, L115, Lynx, and VKS offer different features for sniping. To prepare, use Variable Zoom and Chrome attachments for improved performance, and a Motion Sensor for enemy detection. Snipers should remain hidden and use stealth perks to stay undetected. It’s advised to carry a submachine gun for close encounters and to change positions after eliminating an enemy to avoid being targeted. The L115 is highlighted as the top sniper rifle due to its effectiveness.",6.339354991912842
037_24258,"### Instruction1:
If you live in a place where winters are milder, in hardiness zones 7, 8, or higher, you should be able to plant poinsettias in your garden, and they will grow year after year. If you live in a location where temperatures drop below freezing in winter, it is better to keep them in a pot and care for them indoors. Poinsettias are native to Mexico, and they need a warm climate to thrive. If you bought a poinsettia plant to decorate your home during winter, keep it in a pot until spring, even if winters are relatively mild. The poinsettia should remain in its pot until temperatures are warm enough for transplanting. Water it occasionally until spring. At the beginning of spring, in March or April, cut the poinsettia back to about 25 cm. This will encourage it to start a new growth cycle and prepare for replanting. Water and fertilize it once a month until early summer when it’s time to replant. Choose a spot where it will receive morning sunlight and some light during the heat of the afternoon. Rake and aerate the soil to a depth of 30 to 40 cm. Enrich the soil by incorporating organic compost if necessary. Poinsettias prefer rich, well-drained soils. Dig a hole as wide as the pot it is in and plant the poinsettia in it. Gently pack the soil around the base of the stem. Lay mulch around the stem 5 to 7 cm thick to help keep the soil cool and moist. Spread 12-12-12 or 20-20-20 fertilizer at the beginning of the growing season or use compost if you prefer. If your soil isn’t very rich, you may need to fertilize once a month. Water the plant at the base when the soil around the stem feels dry to the touch. Avoid overwatering, as this can cause fungus to attack the plant’s leaves. Occasionally pinch off small leaf shoots to encourage the plant to flower. You can discard these shoots or use them to make cuttings. Cut old shoots in late fall or early spring to encourage the growth of new branches the following spring. Cut 20 cm long shoots from the tender tips of poinsettia stems, or take 45 cm of woody branch from the plant to obtain a new poinsettia. Dip the end of each shoot or branch in rooting hormone, then plant it in a pot filled with potting soil or a vermiculite-based mix. Keep the potting soil moist but not too wet for several weeks until roots develop. Add fresh mulch around the base of the plant to keep the soil warm during winter. The poinsettia can spend the winter outside in areas where the soil temperature does not drop below 7 degrees Celsius. Dig up the plant and bring it indoors if you live in a region with cold winters where the soil temperature drops below 7 degrees Celsius.

### Instruction2:
In milder climates (zones 7, 8, or higher), poinsettias can be planted in gardens and will grow year after year. In colder climates, keep them in pots indoors. Water them until spring, then prune them to about 25 cm for new growth. Replant in rich, well-drained soil with morning sunlight. Fertilize as needed and avoid overwatering. Pinch off leaf shoots to encourage flowering and make cuttings for new plants. Maintain soil warmth in winter and bring the plant indoors if temperatures drop below 7 degrees Celsius.",5.0492613315582275
037_60763,"### Instruction1:
Start by plucking any stray or long hairs with tweezers. Then take a clean eyebrow brush and comb through your eyebrows following the direction of hair growth. For most people, this means brushing from the bottom to the top starting from the inner corners, outward along the arch, and then down toward the outer corners.

### Instruction2:
Pluck stray hairs, then brush your eyebrows following the natural hair growth direction.",1.5071125030517578
037_34435,"### Instruction1:
Replace your negative words with affirmations. By changing your language, you will change your mindset and set aside negative actions and thoughts. Replace a statement like ""I can't do it"" with ""I can do it."" Instead of saying ""I can't do this at all,"" say ""I will succeed."" Determine the reasons that make you believe you will fail. Identify the factors that have led you to have negative behavior. Know that these are triggers. Therefore, make an effort to regain your composure. Changing your language will not happen overnight. It will take time and energy. Maintain constructive attitudes while working. This way, you will rid yourself of false hopes and empty thoughts that come from your subconscious. When you are worried or tired, calm your nerves and suppress demoralizing thoughts by repeating a mantra that you have created yourself. Consistent use of the mantra will overcome unproductive thoughts and actions dictated by your subconscious. Identify these thoughts, and accept your mistakes. Create your mantra using ideas opposite to your unfounded judgments. Compose two other alternative mantras that go in the same direction. Choose a part of your body that will be the seat of positivity. This part could be your heart or your abdomen. Place your hand on this spot when reciting the mantra. Focus and say your text with confidence. Suppose you lack confidence; your mantra would be ""I am excellent,"" ""I deserve it,"" and ""I am worth it."" This technique involves mentally repeating the achievement of your goals. It is a wonderful way to engage and train your subconscious. Start with exercises that only involve one or two senses. For example, try to visualize every detail of a photograph or a familiar object. You can also try to imagine memories and scenes from movies. Note the sounds, smells, colors, textures, and flavors. When you can concentrate and accurately describe the details, begin to visualize your own steps to achieve your goals. It is essential to reflect on yourself as objectively as possible. Do not dwell on the negatives or consider failure; instead, imagine that you are succeeding in achieving your goal! For example, if you are going to give a speech, suppose that you recover from a stutter or a missed phrase instead of thinking that you are causing applause from the audience. Imagine well-defined goals. Be specific about the objectives you wish to accomplish. Identify the place, time, and circumstances of your success, and go into every detail! Do not view yourself as a superhuman. Instead, be who you truly are.

### Instruction2:
Transform negative statements into positive affirmations to shift your mindset. Identify reasons for negative beliefs and triggers. Create and consistently use a personal mantra to overcome unproductive thoughts. Visualize your goals in detail and focus on achieving them while remaining true to yourself.",6.122461795806885
037_3425,"### Instruction1:
Your appearance will leave an impression on the people you meet. This rule applies to all the girls you want to impress. You don't need to wear a suit to make a good impression, but you should choose clean and appropriate clothing. Try to assess what your clothes say about you to determine if you are making a good impression. When dressing, ensure that your clothes are clean and the right size. Clothes that are too big or too small could give you a weird look. Make sure your outfit is appropriate and fits the image you want to project. To impress a girl you like, you must maintain good personal hygiene. If you lack hygiene, you are likely making a very bad impression on the girl you are trying to attract. Keep these basic tips in mind to help you make a good impression: shower daily, use deodorant, brush your teeth at least once a day, and keep your nails clean. Your body language speaks volumes without you having to say a word! When you are in the presence of the girl you like, carefully analyze your body language. To communicate properly with your body, keep these tips in mind. Don’t slouch. Roll your shoulders back. Always stand tall, keeping your head high. Avoid slumping when sitting. If you are nervous or cautious around this girl, it may be noticeable in your body language. Closed body language will discourage anyone from approaching you. Adopting a relaxed and open attitude when you are standing or sitting will help convey that you are confident and ready to interact with the person. To have open body language, follow these tips: face her directly, keep your arms relaxed at your sides, and avoid crossing your arms or blocking your conversation partner in any way.

### Instruction2:
Your appearance matters when meeting people, especially girls you want to impress. Wear clean, well-fitting clothes that reflect the image you want to convey. Maintain good personal hygiene, shower daily, and keep your nails clean to make a positive impression. Pay attention to your body language; stand tall, keep your shoulders back, and avoid slouching. Display open body language by facing the person directly and keeping your arms relaxed to show confidence and readiness to interact.",4.9238152503967285
