uid,generation,generation_time
036_47378,"Rester chez soi aidera à prévenir la propagation de l'infection aux autres. De plus, se reposer suffisamment est essentiel pour aider votre corps à combattre l'infection et à se rétablir. Pendant que vous êtes infecté, restez à la maison, que ce soit du travail ou de l'école, et évitez les activités physiques intenses à la maison. Dormez autant que possible. Demandez à votre médecin des conseils sur le moment où vous pourrez reprendre vos activités normales. Il peut recommander d'attendre jusqu'à 14 jours ou même plus longtemps après que vos symptômes se soient atténués. Si vous avez des symptômes tels que des douleurs corporelles, des maux de tête ou de la fièvre, vous pouvez obtenir un soulagement avec des médicaments tels que l'acétaminophène (Tylenol), l'ibuprofène (Motrin, Advil) ou le naproxène (Aleve). Si vous avez plus de 18 ans, vous pouvez également utiliser l'aspirine comme antidouleur et antipyrétique. Ne donnez jamais d'aspirine aux enfants ou aux adolescents de moins de 18 ans, car cela peut provoquer une affection potentiellement mortelle appelée syndrome de Reye. Suivez toujours les instructions posologiques sur l'étiquette ou celles données par votre médecin ou pharmacien. Avant de prendre un médicament, informez votre médecin si vous êtes enceinte ou si vous allaitez. Un humidificateur peut aider à apaiser votre gorge, vos poumons et vos voies nasales, ce qui peut atténuer la toux. De plus, il aide à fluidifier le mucus pour que vos toux soient plus productives. Installez-en un près de votre lit la nuit et partout où vous passez le plus de temps à vous reposer pendant la journée. Prendre une douche chaude ou s'asseoir dans la salle de bain avec la douche en marche peut également apporter un soulagement et aider à déloger le mucus dans vos poumons et vos sinus. Il est facile de se déshydrater lorsque vous êtes malade. Pendant votre rétablissement du coronavirus, continuez à boire de l'eau, des jus ou d'autres liquides clairs pour lutter contre la déshydratation et fluidifier la congestion. Les liquides chauds, comme le bouillon, le thé ou l'eau chaude avec du citron, peuvent être particulièrement apaisants si vous avez une toux ou un mal de gorge. Il est extrêmement important que vous restiez chez vous jusqu'à ce que vous ne soyez plus contagieux afin de ne pas propager le virus aux autres. Votre médecin vous dira quand il est acceptable de reprendre vos activités normales. Vérifiez avec votre médecin avant de sortir, même si vous avez l'impression de vous améliorer. Votre médecin peut vous tester à nouveau pour voir si vous avez toujours le coronavirus. Si les tests ne sont pas disponibles, il peut vous permettre de quitter votre domicile après que vous ne montrez plus de symptômes pendant au moins 72 heures. Essayez de ne pas vous inquiéter, mais le COVID-19 peut provoquer des symptômes graves et vous pourriez développer une pneumonie, ce qui peut mettre votre vie en danger. Obtenez une attention médicale immédiate si vous développez des symptômes graves, tels que : difficulté à respirer ou essoufflement sévère, douleur persistante ou pression dans la poitrine, nouvelle confusion ou incapacité à se réveiller, lèvres ou visage bleutés. Cette liste n'est pas exhaustive, consultez un professionnel de la santé si vous ressentez d'autres symptômes graves ou préoccupants.",6.463073015213013
036_27711,"Un peigne à rasoir est généralement divisé en trois sections. L'extrémité du peigne contient un peigne ordinaire. L'avant du peigne est divisé en deux côtés différents : le côté à dents fines et le côté à dents larges. Le côté à dents larges peut être utilisé pour créer des couches en désordre. Le côté à dents fines est idéal pour amincir les cheveux et créer un look plus subtil. Si vous êtes débutant, commencez par utiliser d'abord le côté à dents fines. Une fois que vous êtes à l'aise avec ce côté, essayez l'autre côté. Visitez votre magasin de fournitures de beauté local pour acheter un peigne à rasoir et des rasoirs. Les rasoirs sont généralement vendus séparément. Ils sont généralement peu coûteux, mais des rasoirs de meilleure qualité seront plus chers. Utilisez une brosse pour peigner vos cheveux jusqu'à ce qu'ils soient lisses et que tous les nœuds soient enlevés. Cela aidera à produire une coupe plus uniforme. Si vous êtes débutant, il est recommandé de commencer avec des cheveux secs et de vous assurer que vos cheveux sont complètement raides avant de commencer, par exemple en utilisant un fer à lisser. De cette façon, vous pouvez voir combien de cheveux vous retirez et si c'est trop ou trop peu. Utilisez des clips ou des élastiques pour diviser vos cheveux en trois sections : supérieure, intermédiaire et inférieure. La section supérieure doit être composée des cheveux du sommet de votre tête jusqu'à la crête pariétale. La section intermédiaire doit être composée des cheveux de vos tempes jusqu'à votre os occipital. La section inférieure doit être composée des cheveux à la nuque. La crête pariétale est l'halo osseux ou la crête le long de la partie supérieure de votre tête. L'os occipital est la proéminence à la base de votre crâne.",3.0716958045959473
036_52903,"Autant que vous appréciez avoir un sommeil ininterrompu, votre chien apprécierait également que vous ne le réveilliez pas. Tout comme les rêves humains, les rêves de votre chien fonctionnent pour traiter et réorganiser ce qu'il a fait pendant la journée. En permettant à votre chien de dormir et de rêver sans interruption, son cerveau sera mieux capable de traiter les informations. Un dicton utile à se rappeler lorsque votre chien rêve est ""Laissez les chiens endormis tranquilles."" Vous pourriez avoir besoin de le réveiller s'il a l'air d'avoir un mauvais rêve ou un cauchemar (par exemple, des vocalisations indiquant de la détresse). Si c'est le cas, appelez doucement son nom (sans le toucher) pour le réveiller. Une fois qu'il est éveillé, parlez-lui d'une voix rassurante pour l'aider à se calmer. Selon ce que votre chien rêve, il peut être dans un état relativement actif pendant son sommeil. Si vous essayez de le réveiller en le touchant, il peut réagir de manière défensive et essayer de vous griffer ou de vous mordre. À première vue, les mouvements et vocalisations de votre chien pendant un rêve peuvent sembler troublants, et vous pourriez vous demander s'il a une crise. Reconnaître à quoi ressemble une crise vous aidera à déterminer si votre chien a une crise ou s'il a juste un rêve très actif. Par exemple, si votre chien a une crise, son corps se rigidifiera et il peut commencer à trembler fortement ou avoir une activité musculaire violente. Pendant une crise, votre chien peut commencer à haleter excessivement et pourrait vomir, uriner ou déféquer. Si votre chien a une crise, ses yeux peuvent être grands ouverts mais avoir un regard vide. Il pourrait également commencer à émettre des vocalisations fortes et involontaires (gémissements, hurlements, cris). Ces vocalisations peuvent être très perturbantes pour vous, mais ne sont pas des signes de douleur et de détresse. Contrairement à un rêve, votre chien perdra probablement connaissance s'il a une crise. De ce fait, il ne vous répondra pas si vous appelez son nom. Si votre chien a eu une crise, il sera très désorienté et confus après avoir repris connaissance. Cela est différent d'un rêve, dont votre chien se réveillerait sans se sentir désorienté. Si votre chien a une crise, restez calme et éloignez-vous de sa tête et de sa bouche. Éloignez tout objet, comme des meubles, sur lequel il pourrait se blesser. Même s'il peut être inconscient, parlez-lui d'une voix apaisante jusqu'à ce que la crise se termine. Lorsque la crise se termine, refroidissez-le avec un ventilateur et appelez votre vétérinaire. Les crises nécessitent une attention médicale immédiate.",4.9881591796875
036_7381,"L'expression de sentiments forts et négatifs aide rarement une relation. Si vous êtes souvent frustré ou en colère contre une personne en particulier, une discussion calme a beaucoup plus de chances d'être productive. Éloignez-vous jusqu'à ce que vous vous soyez calmé. Commencez votre discussion en parlant d'un seul problème, comme une action spécifique ou un comportement répété qui vous frustre. Essayez de rester concentré sur ce sujet jusqu'à ce que vous l'ayez sérieusement discuté. Parler des causes sous-jacentes possibles ou des actions liées est permis, mais tentez d'éviter de transformer la discussion en une liste de choses qui vous irritent. Essayez de convenir avec l'autre personne dès le départ que vous resterez tous deux concentrés sur le problème en question. Laissez à l'autre personne l'opportunité de parler sans interruption et d'être entendue. Essayez d'écouter attentivement l'autre personne, puis décidez comment répondre plutôt que de réagir impulsivement. Si vous trouvez cela difficile, essayez de répéter silencieusement les mots de l'autre personne pour rester concentré, et gardez votre visage et votre corps tournés vers l'autre personne. Par exemple, si vous avez une dispute relationnelle, faites en sorte de ne pas interrompre la personne. Laissez-la finir un point avant de répondre et réfléchissez à votre réponse plutôt que de vous fier à votre réaction instinctive. Cela montrera que vous comprenez ce que l'autre personne a dit, donnera à l'autre personne une chance de considérer ce qu'elle a dit et clarifiera certaines ambiguïtés dans la discussion. Cela peut être une étape très difficile car écouter réellement l'autre personne—au lieu de penser à votre prochaine chose à dire—peut être compliqué. Par exemple, si un ami dit que vous ne prenez jamais de temps pour elle, répétez-le et demandez : « Penses-tu vraiment que je ne prends jamais de temps pour toi ? » Cela peut permettre à l'ami d'entendre la plainte comme vous l'avez fait. Ayez une discussion honnête sur ce que vous ressentez et ce que vous souhaitez changer, et demandez également des opinions honnêtes à l'autre personne. Évitez de faire des insultes ou des commentaires blessants. Utilisez des phrases qui commencent par ""Je"" pour parler de ce que vous ressentez et évitez les phrases avec ""tu"", qui peuvent souvent sembler accusatrices. Évitez les comportements passifs-agressifs, comme cacher vos vraies émotions ou insulter quelqu'un dans son dos. Évitez le sarcasme ou les insultes pendant cette discussion, même en plaisantant. Ce sont des mots comme 'toujours', 'quiconque', 'personne' et 'jamais'. Ces mots invitent la personne à devenir défensive en invalidant vos déclarations inapplicables, et entraînent un échec mutuel. Par exemple, ne dites pas : « Tu ne sors jamais les poubelles ! » Au lieu de cela, essayez : « Tu sors les poubelles moins souvent que ce que nous avions convenu. » Essayez d'atteindre un compromis qui vous satisfait tous les deux. Écrire une liste d'idées ensemble peut parfois aider. Vous n'avez pas besoin de trouver la réponse parfaite lors de la première discussion non plus. Si nécessaire, faites savoir que la solution que vous décidez est temporaire, et fixez un moment pour en discuter dans quelques semaines afin de voir si cela fonctionne. Si vous êtes frustré que l'ami n'ait pas remboursé une dette, par exemple, voyez si vous pouvez trouver un compromis avec un plan de paiement plutôt que de simplement être frustré de ne pas pouvoir récupérer tout l'argent d'un coup. Remerciez l'autre personne lorsqu'elle fait un effort pour changer son comportement. Même de petits changements—plus petits que vous ne le souhaiteriez—peuvent entraîner plus de changements si vous encouragez simplement la personne. En utilisant le même exemple de frustration concernant un ami qui vous doit de l'argent, dites à l'ami combien cela signifie qu'il ait accepté un plan de paiement ou même qu'il ait accepté de s'asseoir et d'en parler à nouveau lorsqu'il pourrait être en mesure de conclure un accord de paiement. En validant l'effort de l'ami, vous êtes plus susceptible de voir une coopération future.",5.173582553863525
036_47135,"La plupart des outils de marquage comportent une roue de coupe en carbure à l'extrémité, qui raye le verre, et sont attachés à un type de poignée. Ces outils sont parfois appelés coupeurs à roue. Les roues existent en différents diamètres, les plus petites étant les meilleures pour le travail détaillé. Les coupeurs à roue sont relativement peu coûteux, il vaut donc la peine d'en obtenir un de meilleure qualité. Recherchez des outils de marquage ayant une conception robuste et une vraie roue en carbure. Les outils moins chers peuvent coûter aussi peu que cinq dollars. Ceux de meilleure qualité se rapprochent généralement de vingt dollars. Vous pouvez trouver des outils de marquage pour le verre dans les magasins d'artisanat et les quincailleries. Les quincailleries proposent généralement des modèles plus chers et plus robustes. Certains outils de marquage sont destinés à marquer des lignes droites et d'autres marqueront des lignes courbes. Choisissez votre outil en fonction du design que vous avez en tête pour votre miroir. Les différentes formes de poignées offrent une variété de prises. Choisissez ce qui est le plus confortable pour vous. Si vous avez un petit travail à faire, recherchez un coupeur à roue en acier. Ils fonctionnent aussi bien que les roues en carbure et sont même moins chers. Si vous cherchez à couper beaucoup de miroirs, investissez dans un coupeur de miroir auto-huileur. Il peut durer plus longtemps que d'autres coupeurs et est généralement plus facile à utiliser. Pour réaliser une rupture nette, vos mesures et lignes de coupe doivent être aussi précises que possible. Utilisez un bord droit pour marquer vos lignes de coupe sur la surface du miroir. Marquez la ligne de coupe avec un marqueur ou une craie blanche. La ligne de coupe sera votre guide pour pouvoir faire fonctionner l'outil de marquage dessus en un seul mouvement continu. Les lignes de rupture les plus nettes seront créées lorsque vous marquerez avec un mouvement continu de l'outil. Marquez toujours vos lignes de marquage en commençant par un bord du verre et en terminant à l'autre. Placez votre miroir sur une surface dure et plate, exempte de débris. Tenez l'outil de marquage verticalement dans votre main et alignez la roue au début de votre première ligne de coupe. Placez le bord droit juste à côté de la ligne pour pouvoir marquer juste à côté. Cela vous donnera les résultats les plus droits et les plus précis. Vous pouvez faire glisser l'outil de marquage le long de la ligne vers vous ou loin de vous. Essayez les deux façons pour découvrir celle avec laquelle vous vous sentez le plus à l'aise. Si vous craignez que votre bord droit ne bouge pendant que vous marquez, essayez d'utiliser un simple collier pour le maintenir fermement en place. Avec la plupart des miroirs, vous devriez entendre un bruit strident si vous le faites correctement. Si vous n'entendez pas ce son, cela signifie que vous n'appuyez pas assez fort. Si vous appuyez trop fort, vous remarquerez de petites éclats s'accumulant autour de la marque. Ceux-ci peuvent se glisser sous votre roue et endommager ou émousser votre coupeur, donc balayez-les immédiatement si vous les voyez. Essayez d'appliquer une pression égale pendant toute la durée du marquage. Évitez de soulever votre outil pendant le processus afin de pouvoir marquer la ligne en un seul mouvement continu. Continuez à marquer le miroir jusqu'à ce que vous ayez complètement délimité le design que vous avez prévu. Arrêtez tous les deux marquages environ pour balayer les éclats de verre qui se sont accumulés sur la surface du miroir et sur votre espace de travail. Laisser des éclats de verre autour pendant que vous êtes en train de marquer peut interrompre la précision de vos lignes de coupe et endommager la roue en carbure de votre outil de marquage. Pour de meilleurs résultats, essayez de garder votre espace de travail aussi exempt de débris que possible tout au long du processus.",4.953374147415161
036_56772,"Si vous n'êtes pas heureuse avec qui vous êtes, cela se remarquera de loin. Les hommes sont le plus attirés par les femmes qui semblent s'amuser avec elles-mêmes, et non par celles qui cherchent désespérément quelqu'un pour combler un vide dans leur vie. Voici quelques conseils pour améliorer votre confiance en vous : Dites-vous à quel point vous êtes une personne géniale ! Rappelez-vous de vos meilleures qualités et compétences, et soyez fière de ce qui vous rend unique. Tenez un journal où vous pouvez mettre en avant certaines de vos forces en tant que personne pour vous sentir digne de l'attention d'un homme. Conservez toujours une attitude positive ! Fixez-vous cet objectif ! Rappelez-vous que vous êtes belle à l'intérieur et à l'extérieur. Bien que nous soyons tous loin d'être parfaits, avant de passer une soirée dehors, il est important de se regarder dans le miroir et de se rappeler ses meilleures qualités, que ce soit votre sourire éclatant, vos dents parfaites ou vos jambes longues comme un kilomètre. Si vous vous concentrez sur les aspects positifs de votre apparence, les hommes les verront aussi. Si vous avez les dents de travers ou des jambes poilues, peu importe ! Soyez vous-même et n'ayez pas peur de montrer ce sourire tordu ou vos belles jambes poilues ! N'AYEZ JAMAIS honte de vous-même ! Soyez confiante lorsque vous rencontrez de nouvelles personnes. Interagir avec de nouvelles personnes peut être effrayant, mais si vous êtes alerte, prête à tout et sans jugement, les gens voudront vous connaître. Un homme sera plus attiré par une femme entourée d'amis que par celle qui a l'air triste et seule. Il voudra faire partie de votre énergie positive. Continuez à vous améliorer. C'est une chose d'avoir confiance en soi et une autre d'être égocentrique ou aveugle à ses défauts. En vous concentrant sur vos bonnes qualités, travaillez à améliorer ce qui peut l'être. Considérez toutes les critiques constructives avant de les rejeter. Un homme est attiré par une femme qui se sent à l'aise avec d'où elle vient, où elle en est maintenant et où elle va. Il veut quelqu'un qui est à l'aise avec ses désirs, ses limites et ses aspirations. Développer votre propre identité avant de rencontrer un homme garantira que vous ne changerez pas complètement qui vous êtes pour lui, ou que vous ne suivrez pas trop souvent son exemple. Savoir qui vous êtes avant de rencontrer un homme vous facilitera également la tâche pour lui parler et l'attirer. Les hommes veulent des femmes qui semblent parfaitement bien sans eux. Trouvez-vous et réfléchissez vraiment à cela ! Ne me comparez pas ! Beaucoup de gens tombent dans un cycle de comparaison avec les personnes qui les entourent au lieu de leurs propres standards. Si vous aimez votre tenue lorsque vous quittez la maison, vous devriez toujours l’aimer en rentrant chez vous. Ne laissez pas les autres ou vos perceptions des autres influencer la façon dont vous vous sentez par rapport à vous-même. La clé pour se sentir bien dans sa peau est d'avoir un espace pour être soi-même et être aimé pour cela. Les amis, la famille et d'autres interactions personnelles sont nécessaires pour que vous vous sentiez aimée et digne d'amour. Assurez-vous que vos connexions personnelles sont bénéfiques pour votre état émotionnel. Les relations toxiques et néfastes, passées et présentes, peuvent affecter la façon dont vous vous sentez par rapport à vous-même et la façon dont vous vous comportez. Trouvez des amis qui se concentrent sur vos attributs positifs, qui offrent des conseils utiles et qui sont honnêtes sur qui vous êtes et qui vous pouvez être. Ayez une relation chaleureuse avec les membres de votre famille. Prendre le temps de parler aux personnes qui vous connaissent depuis le plus longtemps peut vous rappeler vos racines et à quel point vous avez grandi.",5.997464656829834
036_48261,"Un cadeau fait main lui montre que vous vous souciez d'elle et que vous êtes prêt à prendre le temps et à fournir des efforts pour faire quelque chose dans lequel vous n'êtes peut-être pas très doué. Vous trouverez de nombreuses idées en ligne pour des cadeaux que vous pouvez réaliser vous-même. Essayez de parcourir la catégorie artisanat de wikiHow ou Pinterest pour vous inspirer. Sinon, vous pouvez essayer : 

- Lui faire un collier. Fabriquez-lui un collier en utilisant une coquille de votre voyage à la plage ou trouvez un autre pendentif qui vous rappelle des moments heureux que vous avez passés ensemble.
- Lui créer un journal personnalisé. Utilisez des billets de spectacle, des reçus et d'autres objets provenant de vos rendez-vous et d'autres choses que vous avez faites ensemble et, à l'aide d'une colle plate comme le Modge Podge, fixez-les à la couverture d'un journal. Si vous pensez qu'elle n'utiliserait pas un journal, vous pouvez également acheter une boîte à souvenirs simple dans un magasin d'artisanat et la décorer à la place.
- Lui faire un CD de mix. Pour ceux qui n'ont absolument aucune compétence en matière d'artisanat, vous pouvez lui faire un CD de mix qui raconte votre expérience de la relation à travers des chansons. Même si vous ne possédez pas le talent vocal de Michael Jackson, lui chanter une chanson d'amour qui signifie quelque chose pour vous (ou pour vous deux) la charmera totalement. Si vous êtes un bon chanteur, cela jouera sur tous ses rêves d'enfance de princesse Disney. Si vous chantez plutôt mal, cela montrera que vous vous moquez de votre apparence, vous voulez juste lui montrer à quel point elle compte pour vous. C'est un gagnant-gagnant. Essayez de lui chanter ""Unchained Melody"". C'est une chanson facile et assez accessible même pour les chanteurs les moins talentueux.

Pour un membre de la famille qui compte beaucoup pour elle. Que ce soit sa grand-mère solitaire ou sa sœur préférée, faire un effort pour rendre heureux quelqu'un qui est très important pour elle la rendra vraiment heureuse. Vous pouvez essayer de préparer un bon repas avec sa grand-mère ou aider son père à nettoyer le jardin, par exemple. Écrivez de petits messages d'amour sur des Post-It et cachez-les partout, dans des endroits où elle va fréquemment. Vous pouvez même les cacher dans des endroits où elle pourrait ne pas les trouver avant un moment. Vous pouvez mettre les messages dans ses tiroirs, ses livres, son sac à main, sur son téléphone, dans les placards de la cuisine, sous son oreiller, et dans tout autre endroit que vous pouvez imaginer. Écrivez des choses comme ""J'adore t'embrasser le front quand tu rentres à la maison"", ""Mon moment préféré de la journée est de me réveiller à tes côtés"", ""Être ton chevalier en armure brillante est mon plus grand honneur"".

Offrez-lui un traitement de spa. Certains gars donnent des massages à leurs petites amies (ce qui est adorable, ne vous méprenez pas), mais vous allez faire un effort supplémentaire, parce qu'elle le mérite. Prenez des huiles de massage et chauffez-les en plaçant le contenant dans un bol d'eau chaude. Ensuite, mettez de la musique apaisante, allumez des bougies (veillez à les éloigner des huiles !) et donnez-lui un massage complet. Si vous ne savez pas comment donner un bon massage, ce n'est pas grave : wikiHow a ce qu'il vous faut. Vous pouvez essayer MyNoise pour des sons relaxants de style spa. Quand elle traverse une période difficile, par exemple si quelque chose s'est mal passé au travail ou si elle a perdu quelqu'un d'important pour elle, commencez par lui enlever toute pression. Faites toutes les tâches ménagères, la cuisine et d'autres activités stressantes pendant un jour ou deux jusqu'à ce qu'elle puisse se remettre. Si vous voulez être super mignon, lorsque vous êtes malade, éternuez sur elle. Je sais, cela semble dégoûtant. Cependant, quand elle sera malade, ce sera un bon moment pour lui donner un traitement de spa. Elle trouvera cela adorable. Dans le même temps, faites en sorte qu'elle voie qu'il y a aussi de bonnes choses dans la vie. Vous ne voulez pas minimiser la situation en essayant de plaisanter ou de la distraire, mais vous devriez lui offrir l'option au cas où elle le voudrait. Par exemple, faites-lui un coupon pour un rendez-vous cinéma gratuit avec vous. Demandez-lui de vous lancer un défi pour prouver à quel point vous l'aimez. Qu'elle vous défie de courir 5 tours autour du parc ou de faire 50 pompes. Elle pourrait même saisir l'occasion pour augmenter la mise et vous demander de régler quelque chose qui la dérange vraiment, comme arrêter de fumer. Relever des petits défis lui fera sourire et l'enchantera, mais relever les grands défis prouvera réellement à quel point vous vous souciez d'elle. Soyez simplement conscient qu'une fois qu'elle vous lance le défi, vous devrez le relever ! C'est amusant pour elle de passer du temps avec ses amies, mais parfois cela peut être encore plus spécial si elle peut faire ces mêmes activités avec celui qu'elle aime ! Regardez ces films de filles qui la rendent si heureuse, allez ensemble vous faire faire des pédicures, et mangez un pot de glace pendant qu'elle parle de sa meilleure amie. Elle sera émerveillée que vous soyez prêt à mettre de côté les normes pour passer un bon moment avec elle.",8.133419275283813
036_57331,"Si vous avez testé vos poules et déterminé le type de vers par vous-même, choisissez un médicament approprié. Si vous êtes allé chez un vétérinaire, il peut vous dire quel type de vers vos poules ont et quel est le meilleur médicament pour un traitement efficace. Sinon, la plupart des médicaments peuvent être achetés dans des pharmacies et auprès de fournisseurs en ligne. Quoi qu'il en soit, assurez-vous de suivre les instructions du fabricant. Wazine-17 (Pipérazine) est utilisé pour traiter les vers ronds. Cependant, il n'est pas approuvé pour les poules qui pondent des œufs destinés à la consommation humaine. Safe-guard (fenbendazole) est utilisé pour les vers ronds, les vers cécaux, les vers filaires et les vers de la trachée. L'ivermectine est utilisée pour les vers ronds, les vers filaires et les vers de la trachée. L'albendazole est efficace contre les ténias, les vers capillaires, les vers ronds, les vers de la trachée et les vers cécaux. Les médicaments sont généralement versés dans l'eau de boisson ou injectés. Après la première administration, donnez-le à vos poules à nouveau dans les 7 à 14 jours ou selon les instructions du produit. Nettoyez toujours la litière dans le parcours et le poulailler après la deuxième administration. Administrez des produits vermifuges 2 fois par an pour des poules en bonne santé. Réadministrez le médicament toutes les 3 semaines si des vers réapparaissent. L'utilisation du même médicament peut entraîner une résistance aux médicaments chez vos poules et diminuer leur efficacité. Pour cette raison, vous devez faire tourner 2 ou 3 médicaments dans votre programme de vermifuge. Par exemple, utilisez le médicament A à l'automne, le médicament B au printemps et le médicament C à l'automne ou au printemps suivant. Administrez le médicament pendant l'automne et le printemps.",2.938459634780884
036_14830,"Tout ce qui touche la viande salée doit être en porcelaine, en acier inoxydable ou en verre.",0.7623074054718018
036_9718,"Pour ce gel douche, vous aurez besoin de ½ tasse (112,50 millilitres) de lait de coco, ½ tasse (112,50 millilitres) de savon liquide Castile sans parfum, ⅓ tasse (75 millilitres) de miel brut et de 7 gouttes d'huile essentielle. Vous aurez également besoin d'un conteneur avec un couvercle hermétique, comme une bouteille, un pot Mason ou même une ancienne bouteille de gel douche. Ouvrez votre conteneur et versez tout dedans. Si vous utilisez un conteneur avec une petite ouverture, comme une bouteille ou un ancien récipient de gel douche, vous pouvez placer un entonnoir sur l'ouverture avant de tout verser. L'entonnoir aidera à guider tous vos ingrédients dans le conteneur et à éviter les déversements. Vous pouvez utiliser n'importe quelle huile essentielle que vous aimez. L'huile essentielle de lavande se marie particulièrement bien avec la noix de coco et le miel. Pour une odeur encore plus douce, envisagez d'utiliser de l'huile essentielle de vanille. Faites cela pendant quelques minutes jusqu'à ce que tout soit mélangé. Vous pouvez laisser la bouteille ou le pot simple, ou vous pouvez le décorer avec des étiquettes, de la ficelle et d'autres décorations. Étant donné que ce gel douche est périssable, il n'est pas recommandé de le distribuer comme cadeaux de fête. Voici quelques idées de décoration : imprimez une étiquette et collez-la sur la bouteille ou le pot. Attachez un morceau de ficelle ou de ruban autour du couvercle du pot. Collez des pierres précieuses sur la bouteille ou le pot. Décorez le bouchon ou le couvercle. Vous pouvez le faire en peignant le couvercle du pot avec de la peinture acrylique. Vous pouvez également décorer votre couvercle ou bouchon en collant à chaud des strass et des boutons fantaisie dessus. Vous pouvez l'utiliser comme n'importe quel gel douche acheté en magasin. Étant donné que les ingrédients que vous avez utilisés dans ce gel douche sont périssables, vous devrez l'utiliser dans les deux semaines ou le conserver au réfrigérateur. Vous devrez secouer le conteneur à chaque fois avant de l'utiliser, car les ingrédients se déposeront.",4.134171962738037
036_12490,"Bien que le sérum de vitamine C de base dure jusqu'à deux semaines, vous devriez préparer un nouveau lot de sérum hydratant à la vitamine C tous les trois jours. Si vous voulez que le sérum dure plus longtemps, vous pouvez le conserver au réfrigérateur pendant une semaine. Même si le sérum sera quelque peu protégé de la lumière dans une bouteille en verre foncé, vous pouvez également envelopper la bouteille dans du papier aluminium pour vous assurer qu'aucune lumière ne puisse atteindre le sérum. Avant d'utiliser le sérum pour la première fois, vous voudrez peut-être le tester sur une petite zone de votre peau pour vous assurer qu'il n'est pas trop acide. Placez une petite quantité à l'intérieur de votre poignet et attendez quelques heures pour voir si vous avez une réaction. Ne pas utiliser le sérum si vous remarquez une rougeur ou une éruption cutanée après son utilisation. Si vous ressentez des picotements ou des brûlures, vous voudrez peut-être ajouter un peu plus d'eau au sérum pour réduire l'acidité. Utilisez votre sérum de vitamine C deux fois par jour après avoir lavé votre visage et hydraté. Si vous avez utilisé de l'huile pour fabriquer votre sérum, alors le sérum peut remplacer votre hydratant habituel. Si vous remarquez des picotements, des brûlures, des rougeurs ou toute autre réaction au sérum, rincez-le immédiatement et ne l'utilisez plus.",2.7891013622283936
036_30318,"Commencez par tenir les baguettes de sourcier ou les baguettes divinatoires de manière stable et droite dans vos mains, à une longueur de bras de votre corps. Assurez-vous que les extrémités des baguettes ne sont pas inclinées vers le haut ou vers le bas. Vous devez également vous assurer que les baguettes sont à 23 cm (9 pouces) l'une de l'autre. Si vous utilisez une baguette en forme de ""Y"", la baguette doit être pointée vers le haut à un angle de 45 degrés. Cela garantira que vous obtenez une bonne lecture de la zone. Souvent, les sourciers sont appelés pour localiser de l'eau dans une certaine zone, comme une communauté rurale ou suburbaines. Vous devez tenir les baguettes correctement et marcher lentement d'avant en arrière sur la zone que vous testez pour l'eau. Assurez-vous de tenir les baguettes légèrement mais avec une certaine prise afin qu'elles ne roulent ni ne glissent dans vos mains pendant que vous marchez. Une fois que les baguettes détectent de l'eau, l'extrémité de la baguette doit tourner ou être tirée vers le bas. Les baguettes peuvent également se croiser lorsque vous vous tenez à un certain endroit dans la zone, indiquant qu'il peut y avoir de l'eau sous la surface. Il peut également être utile de visualiser l'eau sous la terre pendant que vous marchez sur la zone avec les baguettes. Vous pouvez imaginer un ruisseau ou un plan d'eau dans votre esprit en tenant les baguettes pour aider à indiquer aux baguettes ce que vous recherchez.",3.0140461921691895
036_38212,"Retirez d'abord toutes les étiquettes ou prix. Lavez les bocaux soigneusement avec du savon et de l'eau, puis séchez-les avec un chiffon. Par mesure de précaution supplémentaire, il serait judicieux de les essuyer également avec de l'alcool à friction. L'avantage de cette méthode est que vous pouvez remplir les bocaux d'eau, puis ajouter des fleurs fraîches. L'inconvénient de cette méthode est que vous pourriez vous retrouver avec des coups de pinceau visibles. Appliquez la première couche, laissez sécher, puis appliquez la deuxième couche. Cela devrait prendre environ 20 minutes pour que la première couche sèche. Vous pouvez le faire avec un pinceau ou un pinceau en mousse. Une fois que le bocal est sec, vous pouvez le retourner et appliquer 2 couches de la même peinture sur le fond. Travaillez systématiquement de haut en bas. Faites vos couches légères pour réduire les coups de pinceau. Vous pouvez toujours en ajouter une troisième. Glissez votre main à l'intérieur du bocal pour le tourner. De cette façon, vous ne salirez pas vos doigts ou ne laisserez pas d'empreintes digitales dans la peinture. Certains types de peinture acrylique pour artisanat sont en fait à base d'émail, ce qui signifie qu'il a besoin de temps pour durcir. Dans la plupart des cas, vous devrez attendre 20 jours. Vérifiez l'étiquette pour être sûr. Vous pouvez savoir si la peinture est à base d'émail en regardant l'étiquette ou les instructions de séchage au dos. Si les instructions indiquent que la peinture doit durcir pendant plusieurs jours, c'est à base d'émail. Si vous utilisez de la peinture acrylique ordinaire, laissez simplement sécher pendant la nuit. Polissez légèrement le filetage le long du haut du bocal avec du papier de verre de 120 grains. Utilisez le même papier de verre sur le fond du bocal. Polissez les zones surélevées en utilisant du papier de verre de 100 grains. Si votre bocal en verre a un design surélevé, comme le mot ""Ball"", vous pouvez le poncer avec une lime à ongles. La finition que vous choisissez dépend de vous. Utilisez un scellant brillant pour une finition brillante. Si vous avez vieilli le bocal, un scellant satiné ou mat serait plus approprié. Un scellant en spray vous donnera la plus belle finition, mais vous pouvez également utiliser le type à peindre. Comme vous n'avez peint que l'extérieur du bocal, vous pouvez l'utiliser comme vase pour des fleurs fraîches. Si le bocal se salit à l'extérieur, essuyez-le avec un chiffon humide. Ne frottez jamais le bocal et ne le laissez jamais tremper dans l'eau, sinon la peinture s'enlèvera.",3.6630067825317383
036_53161,"Les lentes sont recouvertes d'une substance collante qui les fixe aux follicules pileux humains. Il a été découvert que le vinaigre contient des produits chimiques qui dissolvent cette substance, empêchant les lentes de maintenir leur adhérence sur les cheveux humains. En étant à genoux devant une baignoire, placez votre tête sous le robinet. Ouvrez l'eau chaude et mouillez bien vos cheveux. Ensuite, éteignez l'eau et, tout en restant à genoux, versez une grande quantité de vinaigre sur votre tête. Assurez-vous que toutes les mèches sont recouvertes de liquide. Puis, utilisez de l'eau chaude pour rincer vos cheveux. Alternativement, remplissez un évier avec des parts égales d'eau et de vinaigre. Immersez complètement vos cheveux dans l'évier, soit en inclinant la tête en avant, soit en la plongeant en arrière dans la solution. Démêlez avec un après-shampooing sans rinçage et une brosse normale. Essayez de bien démêler vos cheveux, afin que le peignage avec un peigne à lentes soit facile et indolore. Si vous êtes la personne touchée par les poux, vous aurez besoin de l'aide d'une autre personne. Elle aura besoin d'un peigne à lentes en métal - un peigne à dents fines et rigide qui est meilleur pour enlever les lentes qu'un peigne en plastique. Vous devriez pouvoir acheter un peigne à lentes dans la plupart des pharmacies pour moins de 10 $. Ils peuvent utiliser une loupe si possible pour chercher les lentes difficiles à voir. Un grand nombre de lentes pourraient avoir été rincées de vos cheveux lors de l'application de vinaigre. Cependant, il y aura probablement encore des œufs accrochés aux mèches humides. En travaillant avec une petite section de cheveux à la fois, d'environ la largeur du peigne à lentes, votre aide devrait peigner soigneusement l'ensemble de votre tête. Une fois que le peigne a traversé une section de cheveux, il doit être nettoyé dans un bol peu profond rempli d'eau et de savon à vaisselle. Ensuite, essuyez-le avec un mouchoir en papier ou une serviette en papier, en vous assurant d'éliminer tous les poux ou lentes qui se sont accrochés au peigne. Une fois que votre aide a terminé avec une portion particulière de cheveux, il devrait l'épingler à plat sur le côté de votre tête pour minimiser le risque de réinfestation. Vous voudrez peut-être vous laver les cheveux une fois de plus après un peignage complet. Même si toutes les lentes et les poux vivants ont été éliminés à ce stade, un dernier lavage peut vous aider à vous sentir plus propre. Envisagez d'utiliser à nouveau le shampooing contre les poux pour garantir l'élimination complète de toutes les lentes vivantes et de leurs œufs. Une fois vos cheveux secs, examinez-les attentivement à la recherche de signes de poux ou de lentes. Si vous voyez l'un de ces organismes, recommencez le processus d'élimination depuis le début. Mettez le bol à lentes savonneux dans le lave-vaisselle ou laissez-le plein d'eau juste bouillante pendant 10 minutes avec un couvercle. Vous pouvez également placer des brosses à cheveux, des pinces à cheveux, etc., dans un contenant avec de l'eau juste bouillante, ainsi que le peigne à poux, mais essayez d'enlever tous les cheveux et œufs d'abord. Une chaleur supérieure à 129 °F (54 °C) tuera les poux et les lentes après cinq à dix minutes. Alternativement, combinez deux tasses d'eau juste bouillante avec une tasse d'ammoniaque. Faites tremper le peigne à lentes dans l'eau ammoniacale pendant 15 minutes, puis nettoyez le peigne avec une vieille brosse à dents. Chaque membre de la famille devrait avoir son propre peigne.",6.798539161682129
036_23877,"Vous pouvez entrer les commandes pour tester la latence du réseau et d'Internet directement dans la ligne de commande. Cliquez sur Démarrer, sélectionnez Exécuter. Tapez cmd et appuyez sur OK. Cela ouvrira la fenêtre de ligne de commande où vous pouvez simplement taper les commandes de test pour les exécuter. Vous pouvez également rechercher cmd.exe dans la recherche Windows. Le test de boucle de ping vérifiera la connexion de votre ordinateur pour s'assurer qu'il n'y a pas de problèmes matériels locaux causant des problèmes de latence réseau ou Internet. Tapez ""Ping 127.0.0.1 -n 20"". Cette adresse IP est la même pour presque toutes les connexions réseau intégrées, l'extension ""-n 20"" enverra 20 paquets de données avant de terminer le test. Si vous oubliez de taper ""-n 20"", vous pouvez annuler le test en entrant Ctrl+C. Consultez les statistiques. Le temps qu'il a fallu au paquet de données pour voyager localement devrait être inférieur à 5 ms et il ne devrait y avoir aucune perte de paquet. Maintenant que vous avez vérifié que votre port local fonctionne, vous pouvez Pinguer des serveurs distants pour tester la latence. Encore une fois, la latence normale varie selon le type de connexion : de 5 à 40 ms pour le modem câble, de 10 à 70 ms pour le DSL, de 100 à 220 ms pour le dial-up et de 200 à 600 pour le cellulaire. La distance au serveur distant ajoute également à la latence, vous pouvez estimer une latence supplémentaire de 1 ms pour chaque 60 miles (100 km) que les données parcourent. Tapez ""Ping"" suivi de l'adresse IP ou de l'URL du site que vous souhaitez pinguer et appuyez sur entrer. Vous voudrez peut-être commencer par l'URL de votre fournisseur de services Internet et passer à d'autres sites que vous accédez couramment. Consultez le rapport. Au fur et à mesure que le test pingue l'adresse distante, il rapportera les résultats, le dernier numéro après ""time = "" est le temps qu'il a fallu, en millisecondes, pour que le paquet se rende au site distant et revienne à votre ordinateur. Remarque : l'extension ""-n 20"" fonctionne avec cette commande, tout comme ""Ctrl+C"" si vous oubliez de l'entrer. Le test traceroute montrera le chemin que les données empruntent de votre ordinateur au serveur distant et tout retard sur ce chemin. Cela peut être utile pour déterminer la source des retards réseau ou Internet. Tapez ""tracert"" suivi de l'adresse IP ou de l'URL du site que vous souhaitez router et appuyez sur entrer. Consultez les résultats. Au fur et à mesure que le test trace le chemin, il affichera chaque adresse en cours de route et le temps qu'il a fallu pour qu'un paquet de données voyage et accuse réception pour chaque ""saut"" le long du chemin. Plus il y a de ""sauts"" ou d'autres dispositifs que le paquet de données doit traverser, plus le retard que vous ressentirez sera important.",4.049945831298828
036_45049,"La caféine augmente le nombre de calories que vous brûlez d'une petite quantité, mais elle peut aussi vous donner envie de bouger davantage. Boire une boisson contenant de la caféine avec un repas, comme du thé noir, du thé vert ou du café, peut augmenter votre taux métabolique jusqu'à 10 %. Le thé vert semble avoir encore plus de propriétés brûle-calories et peut même bloquer l'absorption des glucides. Gardez à l'esprit que boire du café ou du thé nature nécessite un certain temps d'adaptation, mais acheter des grains de haute qualité ou des feuilles de thé aidera certainement. Boire de l'eau aide votre corps à brûler plus de calories. Une étude a révélé que boire huit tasses d'eau par jour aide votre corps à brûler environ 100 calories supplémentaires par jour. Envisagez de vous procurer une bouteille d'eau réutilisable pour vous aider à suivre la quantité d'eau que vous buvez chaque jour. Votre corps a besoin d'un repos adéquat chaque nuit pour fonctionner correctement et brûler des calories. De plus, le manque de sommeil rend plus difficile d'effectuer d'autres activités qui aident votre corps à brûler des calories, comme bien manger et faire de l'exercice. Assurez-vous de dormir de sept à neuf heures chaque nuit pour que votre corps continue à brûler des calories et fonctionne au mieux.",2.274038791656494
036_33605,"La surface d'une peinture à l'huile est fragile, et elle peut être modifiée ou endommagée de façon permanente par des techniques de nettoyage à domicile. Si votre peinture à l'huile est ancienne, a de la valeur ou a une grande valeur sentimentale, il n'est pas recommandé de la nettoyer chez vous. Emmenez-la chez un conservateur professionnel pour qu'il la nettoie. Assurez-vous de faire assurer les peintures précieuses avant de permettre à un professionnel de les nettoyer. Si vous êtes déterminé à nettoyer la peinture vous-même, entraînez-vous d'abord sur une peinture à l'huile sans valeur pour évaluer les résultats de vos techniques. Beaucoup d'amateurs vous diront qu'essuyer la surface d'une peinture à l'huile avec une tranche de pain moelleux ou une pomme de terre coupée est un excellent moyen d'enlever la saleté et la crasse de la surface. Ce n'est pas une bonne idée, surtout si votre peinture est précieuse ou ancienne. Les techniques de nettoyage à base de nourriture peuvent laisser des miettes et des résidus. Si votre œuvre est extrêmement sale et que vous êtes prêt à risquer la possibilité de l'endommager, envisagez d'essayer des techniques à base de nourriture. L'utilisation d'eau peut modifier l'apparence de la peinture à l'huile sur la toile, et l'alcool à friction peut complètement enlever la peinture. Certaines personnes pensent que l'huile pour bébé peut redonner de la souplesse à la surface d'une peinture à l'huile et rendre les couleurs plus vives, mais l'huile pour bébé rend en réalité la surface collante et encore plus susceptible d'attirer la saleté. Votre peinture peut être irrémédiablement endommagée en utilisant l'un de ces produits pour la nettoyer. Si vous êtes prêt à prendre le risque, humidifiez légèrement un chiffon doux avec de l'eau et frottez doucement la surface avec pour enlever la saleté et la crasse. Le vernis est une couche protectrice claire sur la surface d'une peinture à l'huile. Si le vernis semble sale mais que vous pensez que la peinture elle-même est propre en dessous, vous pourriez être tenté d'enlever le vernis sale vous-même et d'appliquer une nouvelle couche. À moins que vous n'ayez été formé ou que vous n'ayez de l'expérience avec cela, ne tentez pas. Une peinture à l'huile peut être endommagée de manière permanente si cela est mal fait, affectant à la fois l'esthétique et la valeur monétaire de la peinture. Si vous décidez de tenter cela vous-même, utilisez un kit de nettoyage professionnel conçu pour enlever le vernis d'une peinture à l'huile. Si votre peinture a de la valeur, même un conservateur professionnel peut décider que la meilleure approche est de la laisser telle quelle pour l'instant. Les techniques de nettoyage sont encore en cours de recherche et de développement par des historiens de l'art, donc un développement futur pourrait être en mesure de nettoyer en toute sécurité votre pièce précieuse. Vous pouvez suivre les recherches et les développements actuels en ligne.",5.856913328170776
036_50634,"Vous devez lui faire savoir que vous souhaitez avoir une conversation sérieuse. De cette manière, il prendra ce que vous dites à cœur. Si vous ne prenez pas le temps de le faire, il pourrait ne pas comprendre l'importance de la discussion. Soyez délicate. Ajoutez un compliment ou deux dans votre discours, mais faites-lui comprendre que ce n'est pas suffisant. « Tu es un grand ami, mais nous ne pouvons pas être ensemble. » « Tu rendras quelqu'un très heureux, mais ce ne sera pas moi. » Même après lui avoir donné les raisons pour lesquelles vous n'êtes pas intéressée, il peut ne pas comprendre complètement. Faites-lui passer votre message officiel de ""reculer"" après lui avoir expliqué vos raisons. « Nous n'aurons pas de relation romantique. » « Nous pouvons rester amis si tu veux en rester là. » « Il n'y a pas la bonne chimie entre nous. » Si vous ne lui dites pas clairement que vos sentiments ne changeront pas, il pourrait garder l'espoir. Ne le laissez pas partir avec des questions sur le fait que vous ayez des sentiments romantiques pour lui à l'avenir. Établissez quelques règles de base pour votre amitié (s'il va encore y en avoir une). Laissez-le poser des questions s'il le souhaite et répondez-lui honnêtement. Il n'y a pas de sens à protéger ses sentiments par des mensonges : dites-lui la vérité. Cela l'aidera à avancer plus rapidement. Répéter la conversation dans votre tête aide, mais peut aussi vous nuire en créant des préconceptions sur la manière dont cela va se dérouler. Plutôt que de l'attaquer avec vos pensées, asseyez-vous en face de lui et écoutez ce qu'il a à dire pour qu'il écoute ce que vous avez à dire. Pour vous assurer qu'il a bien compris votre point de vue, demandez-lui ce qu'il en pense. Restez ferme et ne quittez pas la conversation sans qu'il comprenne que vous ne l'aimez pas. Ne partez pas sans clarté.",3.2608072757720947
036_61098,"Le type de caquelon à fondue dont vous avez besoin sera déterminé par le type de fondue que vous préparez. Le bon combustible en dépend également. Un caquelon à fondue au fromage aura une large ouverture et de l'espace pour l'alcool ou le combustible en gel. Les caquelons à fondue dessert sont plus petits et plus peu profonds que les caquelons à fondue au fromage, et ils n'ont d'espace que pour une bougie chauffe-plat au lieu de combustible. Les caquelons à fondue de bouillon et d'huile ont une ouverture plus petite et sont fabriqués en acier ou en cuivre. Ils sont chauffés avec de l'alcool ou du combustible en gel. Le combustible à alcool est peu coûteux et simple, mais il est hautement inflammable, donc vous devez faire preuve de la plus grande prudence possible. Assurez-vous que le brûleur à alcool est complètement refroidi avant de le remplir. Ne jamais trop remplir le brûleur. Retirez le brûleur et emmenez-le à un plan de travail ou à un évier de cuisine. Versez soigneusement l'alcool dans le brûleur, en vous arrêtant une fois que vous voyez le liquide approcher des trous ou du maillage sur les côtés. Essuyez tout combustible qui pourrait avoir débordé à l'extérieur du brûleur et placez-le, éteint, sous le caquelon à fondue. Allumez une allumette et amenez-la aux trous d'air du brûleur. Assurez-vous que tous les trous d'air sont complètement ouverts, et éteignez et jetez l'allumette une fois que le combustible s'allume. Vous devez toujours faire preuve de prudence lorsque vous allumez un brûleur à gel, mais il est moins susceptible de déborder que l'alcool liquide, donc il peut être un peu plus facile de rester en sécurité avec. Retirez le contenant en métal en maillage généralement utilisé pour le combustible et insérez une cartouche de gel dans le boîtier en métal restant. Remettez le couvercle du brûleur une fois terminé. Si vous utilisez du gel versable au lieu d'une cartouche, vous devez toujours retirer le contenant de combustible en maillage. Versez le gel au fond du brûleur et remettez le couvercle. Ouvrez les trous d'air et amenez une allumette allumée à eux. Lorsque le combustible prend feu, éteignez l'allumette et jetez-la. La plupart des fondues dessert nécessitent très peu de chaleur pour garder la fondue à l'état liquide, donc une petite bougie chauffe-plat est la seule source de combustible dont vous avez besoin. Faites fondre les ingrédients dans un bain-marie sur votre cuisinière avant de les transférer dans votre caquelon à fondue. Placez une bougie chauffe-plat non parfumée sous le caquelon à fondue et allumez-la avec une allumette ou un briquet. Éteignez l'allumette et jetez-la une fois terminé.",4.05374813079834
036_45127,"De nombreuses écoles secondaires et lycées interdisent les tops à bretelles spaghetti et sans bretelles, et superposer un cardigan léger est une excellente façon de porter vos tops préférés sans risquer d'être suspendu.",0.8518283367156982
036_41086,"Pas tout à fait la même chose qu'un eyeliner liquide, les eyeliners à base de crème sont appliqués avec un pinceau fin et une pâte d'eyeliner épaisse. Les eyeliners crémeux donnent des lignes plus lisses qu'un crayon et sont très similaires en apparence et en application à un eyeliner liquide. Croyez-le ou non, vous pouvez en fait fabriquer votre propre eyeliner liquide en utilisant un mélange de fard à paupières en poudre libre et d'eau. Mélangez les deux pour former une pâte fine et utilisez un pinceau eyeliner propre pour l'appliquer. Lorsque les choses sont chauffées, elles fondent généralement en un liquide ; le même processus s'applique aux eyeliners en crayon. Utilisez un briquet pour chauffer l'extrémité d'un crayon eyeliner jusqu'à ce qu'il devienne très mou. Attendez 10 à 15 secondes, puis appliquez le crayon crémeux sur votre ligne de cils. Assurez-vous qu'il n'est pas chaud.",2.029597043991089
036_33916,"Contrairement à une pagaie de canoë, une pagaie de kayak a 2 pales attachées au manche de la pagaie. Le manche est la partie de la pagaie que vous tenez et les pales sont la partie que vous utilisez pour vous tirer et tirer le kayak à travers l'eau. C'est une erreur courante pour les débutants de tenir leur pagaie à l'envers la première fois qu'ils commencent à faire du kayak. En tant que débutant, il peut ne pas sembler faire de différence dans quelle direction votre pagaie est orientée, mais cela a un grand impact sur votre puissance de coup. Ayez la partie de la pale de la pagaie qui est concave ou lisse face à vous, la face de la pagaie est la partie que vous voulez tirer à travers l'eau. Beaucoup de pagaies de kayak sont asymétriques, ce qui signifie qu'il y a un haut et un bas sur la pale de la pagaie. Il est important que vous teniez la pagaie comme elle est conçue. Le haut de la pagaie est plus horizontal que le bas, et le bas a un effet plus effilé. Parfois, il y a même des écritures horizontales sur la pagaie. Gardez l'écriture en position verticale et non à l'envers. Cela vous aidera à vous rappeler de tenir votre pagaie correctement. Si vous êtes droitier, votre prise de contrôle sera avec votre main droite et si vous êtes gaucher, votre prise de contrôle sera avec votre main gauche. Lorsque vous effectuez un coup de kayak, laissez la pagaie tourner et se repositionner dans votre ""main lâche"" pour vous assurer que chaque pagaie entre toujours dans l'eau en douceur. La prise de contrôle ne change pas de position une fois qu'elle est sur la pagaie. Prenez votre pagaie et assurez-vous de placer la prise de contrôle sur la pagaie en premier. Ayez vos mains centrées sur la pagaie. Vos mains doivent être légèrement plus larges que la largeur des épaules.",3.117851734161377
036_2130,"Ceci se trouve dans le coin inférieur gauche de l'écran. Vous pouvez également appuyer sur la touche ⊞ Win pour ouvrir ce menu sans utiliser la souris. Vous pouvez aussi ouvrir ce menu sans souris en appuyant deux fois sur la touche → Flèche droite, puis sur ↵ Entrée. Votre ordinateur redémarrera normalement. Vous pouvez appuyer sur R pendant que le menu est ouvert pour sélectionner cette option sans utiliser la souris. S'il y a des processus en cours qui empêchent Windows de redémarrer, cliquez sur Redémarrer quand même.",1.3076298236846924
036_49513,"Les hommes sont plus susceptibles de développer des hernies que les femmes. Selon des études, même si une hernie présente à la naissance — qui est courante chez les nouveau-nés — la plupart d'entre elles se trouvent chez des bébés garçons. Il en va de même tout au long de la vie adulte ! Le risque accru chez les hommes peut s'expliquer par le lien d'une hernie avec des testicules non descendus. En effet, les testicules d'un homme descendent par le canal inguinal peu avant la naissance. Le canal inguinal d'un homme — qui contient les cordes qui se connectent aux testicules — se ferme généralement après la naissance. Cependant, dans certains cas, il ne se ferme pas correctement, rendant les hernies plus probables. Si vous avez un membre de votre famille ayant des antécédents de hernies, vous êtes vous-même à un plus grand risque. Certains troubles héréditaires affectent les tissus conjonctifs et les muscles, vous rendant vulnérable aux hernies. Gardez à l'esprit que cette probabilité génétique ne s'applique qu'aux défauts héréditaires. En général, il n'existe pas de schéma génétique connu pour les hernies. Si vous avez des antécédents de hernies, vous êtes à un risque plus élevé d'en avoir une autre à l'avenir. La fibrose kystique (une affection pulmonaire mettant la vie en danger) remplit les poumons de bouchons de mucus épais. Les patients atteints de cette condition développent une toux chronique alors que le corps tente d'éliminer les bouchons de mucus. Cette pression accrue due à la toux est un facteur de risque de développer des hernies. Ce type de toux exerce tellement de pression et de force sur vos poumons qu'il endommage les parois musculaires. Les patients ressentent de la douleur et de l'inconfort en toussant. Les fumeurs présentent également un risque élevé de développer une toux chronique et sont également plus susceptibles de développer des hernies. La constipation vous oblige à forcer vos muscles abdominaux lors de l'évacuation de vos selles. Si vous avez des muscles abdominaux faibles et que vous exercez constamment une pression contre eux, vous êtes plus susceptible de développer une hernie. Les muscles faibles sont causés par une mauvaise alimentation, le manque d'exercice et le vieillissement. Forcer lors de la miction peut également vous exposer au risque de développer une hernie. Porter un bébé dans votre utérus crée une pression accrue à l'intérieur de votre abdomen. Vous augmentez également votre poids abdominal, ce qui est un facteur de développement de hernies. Les bébés prématurés sont également à risque de hernies car leurs muscles et tissus ne sont pas encore complètement développés et renforcés. Les malformations génitales chez les bébés peuvent stresser les zones les plus susceptibles de développer des hernies. Celles-ci incluent une position anormale de l'urètre, un liquide dans les testicules et des caractéristiques génitales ambiguës (le bébé a des caractéristiques génitales de chaque sexe). Les personnes obèses ou en surpoids sont plus susceptibles de développer des hernies. Tout comme chez les femmes enceintes, un ventre plus gros augmente la pression abdominale, ce qui peut affecter les muscles faibles. Si vous êtes en surpoids, il est conseillé de commencer un plan de perte de poids maintenant. Attention à une perte de poids importante et soudaine due à un régime drastique qui affaiblit les muscles et provoque également des hernies. Si vous perdez du poids, faites-le de manière saine et progressive. Vous êtes à risque de hernie si votre travail nécessite de longues périodes de station debout et beaucoup de force physique. Certaines personnes vulnérables aux hernies induites par le travail incluent les ouvriers du bâtiment, les vendeurs, les charpentiers, etc. Si cela décrit votre emploi actuel, parlez à votre employeur. Vous pourriez être en mesure d'organiser une situation différente moins propice aux hernies.",5.365034103393555
036_29647,"Dans le cas où vous avez un morceau de verre entier mais qu'il dépasse les dimensions que votre entreprise de gestion des déchets peut traiter, vous devrez casser le morceau en morceaux plus petits et facilement jetables. Posez le verre à plat sur le sol et recouvrez l'ensemble du panneau avec une vieille couverture ou plusieurs vieilles serviettes pour maintenir les éclats en place avant d'utiliser un marteau ou une pelle pour casser le panneau. Si vous pouvez également mettre une couverture que vous n'avez pas peur de jeter sous le verre, vous aurez beaucoup plus de facilité à nettoyer avec moins de petits éclats à vous soucier également. Alternativement, et si cela tient, mettez le verre dans une poubelle et cassez-le là. Lorsque vous cassez du verre, veillez toujours à porter des gants et des lunettes de protection ou d'autres protections pour les yeux. Que vous ayez fait tomber une bouteille ou que vous ayez dû casser votre propre grand panneau de verre, mettez toujours des gants de travail et des chaussures à semelles épaisses lors de la manipulation de verre brisé. Vous devez également garder les enfants et les animaux de compagnie éloignés de la zone jusqu'à ce que vous ayez terminé le processus de nettoyage. Commencez par ramasser les plus gros morceaux de verre et placez-les dans un grand sac poubelle. Les sacs poubelle épais pour l'extérieur sont préférables car ils sont moins susceptibles de se percer et de se déchirer. En plus d'utiliser des sacs poubelle épais, vous devriez en fait placer un deuxième sac poubelle à l'intérieur du premier avant de commencer à mettre le verre brisé à l'intérieur. Il est beaucoup plus facile de doubler le nettoyage avant de commencer plutôt que d'essayer de faire entrer un sac poubelle dentelé dans un deuxième plus tard. Une fois que vous avez ramassé les plus gros morceaux dans la mesure du possible, aspirez la zone avec le tuyau d'un aspirateur industriel. Utilisez le tuyau pour nettoyer toute la zone jusqu'à environ quinze pieds de distance car les éclats de verre peuvent voler assez loin. Assurez-vous d'utiliser le tuyau d'un aspirateur industriel. Un aspirateur roulant conventionnel ne fera que réduire le verre en éclats encore plus petits et il manque de puissance d'aspiration par rapport au tuyau. Beaucoup de gens sont tentés d'utiliser un balai pour balayer le verre au lieu d'un aspirateur, mais les éclats de verre peuvent facilement se coincer dans les poils de votre balai pour être redistribués plus tard. Un aspirateur est une méthode plus sûre. Même un aspirateur peut manquer certains des morceaux vraiment minuscules qui peuvent néanmoins couper ou irriter la peau. Pour une manière facile et économique de capturer ces morceaux de verre, vous pouvez prendre un morceau de pain moelleux de la cuisine et le tamponner face contre terre dans la zone pour piéger le reste du verre. Bien que le pain soit l'élément que vous avez le plus probablement déjà chez vous, d'autres objets ménagers peuvent également bien fonctionner dans ce cas. Une pomme de terre coupée en deux, du ruban adhésif ou du ruban de déménagement, ou un rouleau à peluches fonctionnent également bien à cette fin. Assurez-vous de ne pas toucher accidentellement la zone de l'objet avec le verre collé. Une serviette en papier humide peut terminer le travail, alors essuyez la zone soigneusement. N'oubliez pas non plus d'essuyer la semelle de vos chaussures pour enlever toute poussière de verre que vous auriez pu ramasser pendant le reste du nettoyage. Certaines entreprises peuvent également demander que vous éliminiez le verre cassé dans un conteneur solide. Si c'est le cas avec votre entreprise de gestion des déchets, vous devez également placer les sacs poubelle remplis de verre dans une boîte en carton, la sceller et l'étiqueter ""verre cassé"". À ce stade, vous avez correctement contenu et étiqueté le verre cassé, et vous pouvez simplement le mettre dans votre poubelle ordinaire ou le conteneur de votre communauté.",5.9164488315582275
036_51883,"Laver vos cheveux de manière trop agressive peut entraîner une séparation des mèches, aggravant la texture paille. Utilisez des gants de velours lorsque vous lavez vos cheveux pour éviter de les manipuler plus que nécessaire. Lavez uniquement les racines de vos cheveux. C'est là où la graisse s'accumule et cela aidera à prévenir l'élimination des huiles naturelles de vos cheveux. Lorsque vous avez terminé sous la douche, la dernière chose à faire est de rincer vos cheveux à l'eau froide. L'eau chaude est nuisible pour vos cheveux et crée sécheresse et frisottis. Peignez vos cheveux avec un peigne à dents larges lorsqu'ils sont mouillés. Ne brossez pas vos cheveux lorsqu'ils sont secs, car cela n'augmentera que la casse et la texture paille. Séchez vos cheveux en les enveloppant dans un T-shirt, plutôt que dans une serviette. Cela aide à retenir l'humidité et à éviter les dommages. Laver vos cheveux tous les jours les privera de leurs huiles naturelles bénéfiques, donc il est important de les laver un jour sur deux. Les huiles de vos cheveux hydrateront vos mèches et aideront à réparer la texture paille. Conditionnez vos cheveux tous les jours, que vous les laviez ou non. Ne lavez pas vos cheveux trop peu, sinon les produits s'accumuleront. Il y a tant de choses que nous faisons qui sont nuisibles à nos cheveux. Si vos cheveux ont une texture paille, il est important d'être particulièrement attentif à ce que vous faites qui nuit à vos cheveux. Avant de sortir au soleil, portez un chapeau ou appliquez un spray SPF destiné aux cheveux. Autant que vous aimiez vos outils chauffants, ils n'endommagent que davantage vos cheveux. Accordez-vous une pause des outils chauffants et laissez-les sécher naturellement ou attachez-les en tresse ou en chignon. Si vous devez absolument utiliser des outils chauffants, utilisez-les seulement occasionnellement. La chose la plus importante est de ne pas laisser l'outil chauffant sur une mèche de cheveux trop longtemps, gardez-le en mouvement. Essayez de ne pas teindre vos cheveux pendant que vous corrigez la texture, car cela pourrait endommager davantage vos cheveux.",3.171761989593506
036_33190,"Vous ne voulez pas avoir à attendre plusieurs minutes pendant que le thermomètre détermine la température, alors choisissez un modèle à lecture instantanée. Assurez-vous qu'il soit nettoyé après chaque utilisation. Vous devriez calibrer votre thermomètre de temps en temps pour être sûr qu'il donne une lecture précise. Pour ce faire, remplissez une petite casserole d'eau et portez-la à ébullition. Prenez la température de l'eau – elle devrait être de 212 °F (100 °C). Tournez le boulon hexagonal au bas d'un thermomètre analogique pour calibrer la température si elle est incorrecte. Consultez les instructions du fabricant pour calibrer un thermomètre numérique. Les bords peuvent être plus chauds que le centre, donc pour savoir si votre gâteau est cuit, vous devez tester la température au milieu. Ne poussez pas le thermomètre jusqu'au fond de la casserole, insérez-le simplement à mi-chemin dans le gâteau. Gardez à l'esprit que piquer un thermomètre dans le cheesecake peut le faire craquer, alors essayez de ne tester la température qu'une seule fois, plutôt que plusieurs. Si vous devez le tester plus d'une fois, insérez le thermomètre dans le même trou que vous avez utilisé la première fois pour minimiser les fissures. Une fois que le centre du cheesecake atteint 150 °F (66 °C), le gâteau est prêt ! Sortez-le du four et laissez-le refroidir complètement sur une grille. S'il n'est pas encore prêt, remettez-le au four pendant environ 5 minutes, puis vérifiez à nouveau s'il est cuit. Répétez jusqu'à obtenir une lecture de 150 °F (66 °C).",3.4481420516967773
036_5360,"Tout d'abord, placez une poêle en fonte dans le gril. Préchauffez le four et la poêle pendant 15 à 20 minutes. Ensuite, placez un steak assaisonné dans la poêle en fonte chaude. Faites griller le steak pendant trois à cinq minutes de chaque côté. Une fois le steak cuit, laissez-le reposer pendant au moins cinq minutes avant de le servir. Assaisonnez le steak en le badigeonnant d'huile d'olive et en saupoudrant une couche de sel et de poivre. Laissez le steak atteindre la température ambiante sur votre comptoir avant de le cuisiner. Coupez une miche de pain français en gros morceaux d'environ 2 à 5 centimètres d'épaisseur. Ensuite, étalez une quantité généreuse de beurre assaisonné sur chaque tranche. Placez le pain sur une plaque de cuisson recouverte de papier d'aluminium et faites-le griller pendant 5 minutes. Gardez un œil attentif sur le pain pour vous assurer qu'il ne brûle pas. Créez un beurre assaisonné savoureux en combinant : 5 cuillères à soupe de beurre ramolli, 2 cuillères à café d'huile d'olive extra vierge, 3 gousses d'ail écrasées, 1 cuillère à café d'origan séché, du sel et du poivre au goût. Cette méthode de cuisson adoucit les légumes tout en leur donnant une saveur fumée et carbonisée. Tout d'abord, mélangez des légumes finement hachés dans de l'huile d'olive et saupoudrez-les de sel et de poivre. Ensuite, placez-les sur une plaque de cuisson tapissée de papier d'aluminium et faites-les griller pendant 20 à 25 minutes, en les remuant toutes les cinq minutes. Cette méthode fonctionne pour de nombreux légumes, y compris : les carottes, les poivrons, les oignons, les courgettes, les pommes de terre. Utilisez votre gril pour ajouter une finition dorée à vos casseroles. Tout d'abord, faites cuire votre casserole préférée au four. Une fois qu'elle est presque cuite, placez-la sous le gril. Faites griller la casserole pendant trois à cinq minutes avant de la retirer pour la laisser refroidir. Laissez la casserole refroidir pendant cinq à dix minutes avant de la manger.",4.20610237121582
036_42445,"Un choix est un ""sac de compression"", qui a des sangles de serrage pour compresser davantage le sac après le rangement. Le poids supplémentaire minimal du sac peut en valoir la peine pour la réduction du volume et la protection contre les déchirures. Cependant, beaucoup de randonneurs de longue distance n'utilisent pas de sac de rangement - ils se contentent de fourrer le sac dans leur sac à dos et de laisser l'espace vide. La seule raison de le mettre dans un sac est de le garder contenu, par commodité. Les sacs de compression sont une bonne façon d'économiser de l'espace mais sont un peu plus lourds qu'un sac de rangement classique. Pas de pliage, pas de roulage, il suffit de prendre une extrémité et de commencer à le fourrer dans le sac jusqu'à ce que tout soit dedans. Commencez par l'extrémité du pied pour qu'il soit plus facile de sortir tout l'air. En ""fourrant"" de cette manière, l'isolation restera plus uniformément répartie car elle n'est jamais pliée de la même manière. S'il s'agit d'un sac de compression, serrez les sangles pour resserrer encore plus le sac. Tirez sur le cordon du sac de rangement le plus fermement possible. L'objectif est d'avoir une ouverture pas plus grande qu'un quart, si possible. Le pliage et le roulage tendent à causer un stress répété sur les mêmes parties, et peuvent provoquer des bosses dans le rembourrage ou des déchirures dans le tissu. Le pliage prend également plus de temps et rend la compression plus difficile. Garder votre sac de couchage au sec est une priorité majeure, surtout pour les sacs en duvet. Rien n'est plus inconfortable que de dormir dans un sac humide par une nuit froide. Les sacs de rangement et les sacs à dos imperméables sont une option, mais ils peuvent être coûteux et pas toujours fiables. Pour une protection supplémentaire, utilisez une bonne housse de sac à dos et tapissez l'intérieur de votre sac avec un sac à ordures. Les sacs peuvent devenir humides non seulement à cause de la pluie, mais aussi en posant votre sac à dos sur le sol humide (puisque vous le fixez souvent au fond de votre sac) ou en traversant des ruisseaux. Si vous n'avez pas de sac à ordures, tapissez l'intérieur du sac de rangement avec un sac ordinaire avant de fourrer le sac. Pliez le haut du sac ordinaire ou du sac à ordures pour qu'il soit scellé et que l'eau ne pénètre pas. Si vous utilisez un sac ordinaire à l'intérieur du sac de rangement, tordez les extrémités excédentaires du sac et glissez la torsion sous le bord du cordon de serrage pour que rien ne dépasse. Pas besoin d'utiliser un attache-twist. Ils sont trop faciles à perdre sur le sentier et ajoutent des déchets sur le sentier. Comme vous n'aurez pas besoin du sac de couchage pendant la journée, rangez-le en dessous de tout le reste. Cela réduira également la tension sur votre dos et vos genoux, car le sac est plus léger (en volume) que la plupart des autres fournitures. Si votre sac a deux compartiments, rangez-le au fond du compartiment supérieur. S'il n'est pas possible de ranger tout votre équipement à l'intérieur du sac, et que les plus gros articles comme la tente et/ou le sac de couchage doivent être fixés à l'extérieur, attachez le sac de couchage sur le dessus du sac et la tente en bas. Lorsque vous retirez le sac lors des pauses et que vous le posez sur le sol, il est préférable d'avoir la tente plutôt que le sac de couchage en contact avec le sol, surtout s'il est humide ou boueux. Si vous attachez le sac à votre sac à dos, assurez-vous d'essayer de le centrer sur le sac aussi bien que possible et de le serrer aussi fort que vous le pouvez. Sinon, beaucoup de gens finissent par devoir s'arrêter pour re-sécuriser leur sac parce qu'il tombe.",4.956831693649292
036_29126,"Cette détox est moins intensive que les cures uniquement à base de jus. Vous allez simplement éliminer certains aliments de votre régime et en ajouter d'autres pendant une certaine période. Vous devez prendre en compte les éléments suivants lors de la planification de votre détox alimentaire : vos besoins caloriques. Vous consommerez probablement plus de nourriture en volume que d'habitude, car de nombreux légumes frais contiennent moins de calories que les aliments que vous allez éliminer. Pour que la détox fonctionne, vous devez éviter les aliments mentionnés et consommer principalement des fruits et des légumes. Vous éliminerez les aliments malsains et transformés qui mettent vos reins à l'épreuve et apportent des nutriments et des produits chimiques dont vous souhaitez vous débarrasser. Beaucoup des aliments que vous allez éliminer augmentent les niveaux d'acide urique et, par conséquent, sollicitent vos reins. Les aliments que vous allez éliminer comprennent : les protéines animales, les aliments transformés, les aliments riches en phosphore ou en calcium, comme les produits laitiers et les noix, et les aliments principalement composés de glucides. Vous vous concentrerez sur des aliments qui introduiront des nutriments et des vitamines dans votre corps, ce qui augmentera l'efficacité de vos reins et aidera à éliminer les nutriments et produits chimiques indésirables. Les aliments sur lesquels vous vous concentrerez incluent : des légumes frais, des fruits frais, des fruits, légumes et autres aliments biologiques qui ne contiennent pas de pesticides ni d'additifs nocifs. Vous devez augmenter votre consommation d'eau à la quantité appropriée. La plupart des gens vivent dans un état de déshydratation limitée. Cela sollicite vos reins et votre foie, et vous rend plus lent et fatigué. Boire la quantité d'eau appropriée augmentera la fonction rénale et aidera à éliminer les produits chimiques et nutriments indésirables. Augmentez votre consommation d'eau à huit tasses de 8 oz (2 litres). L'eau doit être filtrée ou de source. Buvez tout au long de la journée. Certaines personnes choisissent même de ne manger que des fruits. C'est parce que les fruits sont fortement recommandés tout au long du processus de détoxification grâce à leur abondance en nutriments. Ils sont non seulement excellents pour votre système, mais ils combattent également cette sensation de fatigue que vous ressentirez sans aucun doute. Il existe une grande variété de fruits et légumes que vous pourrez utiliser pour votre détox. Voici par où commencer : les pommes contiennent beaucoup de fibres et de vitamine C, connues pour être des antioxydants et aider à lutter contre les toxines dans le sang. Les citrons sont également l'un des fruits populaires utilisés car ils ont la capacité d'augmenter les niveaux de citrate, ce qui réduit la formation de calculs rénaux. Cela dit, presque tous les fruits riches en eau sont acceptables (bien que la chair de noix de coco, l'avocat et la rhubarbe doivent être évités). Et, comme toujours, plus ils sont frais, mieux c'est. Les légumes frais seront une partie très importante de votre détox alimentaire. La plupart des légumes contiennent des quantités décentes de fibres et ont des nutriments et des vitamines qui aideront vos reins pendant votre détox. Vous pouvez choisir presque n'importe quel légume, mais rappelez-vous que vous en consommerez beaucoup plus que d'habitude. Les herbes sont également utilisées pour aider à la détoxification des reins, et une herbe très populaire est le persil. Le persil en particulier est bon, car il est considéré comme un diurétique — quelque chose qui vous fait uriner davantage. Plus vous urinez, plus les toxines ou produits de déchets sont éliminés de votre corps. En d'autres termes, plus votre détox est efficace. Le persil peut être consommé cru ou préparé en jus ou en thé. Infusez-le dans votre eau ou votre thé pour un apport facile que vous remarquerez à peine. Vous pouvez également vous tourner vers la coriandre et d'autres herbes qui pourraient être disponibles localement. L'ail peut stimuler la production d'urine et aider à éliminer les toxines des reins. Il contient de l'allicine, qui oxyde les métaux lourds et les rend plus solubles dans l'eau, ce qui signifie qu'il peut aider à évacuer les toxines. Il existe plusieurs façons d'augmenter votre consommation d'ail : mangez de l'ail cru, ajoutez de l'ail à vos recettes lors de la cuisson, prenez des suppléments d'ail. Les composés polyphénoliques de l'oignon peuvent aider à dissoudre les calculs rénaux. Sa teneur en polyphénols est plus élevée par rapport à d'autres légumes. Comme pour l'ail, il existe plusieurs façons d'augmenter votre consommation d'oignons. Mangez des oignons crus — essayez de les ajouter à une salade. Ajoutez des oignons à d'autres aliments. Prenez des suppléments d'oignons. Vous tirerez le meilleur parti des nutriments et des vitamines des fruits et légumes lorsqu'ils sont consommés crus ou légèrement cuits. Évitez de trop cuire vos fruits ou légumes. Considérez les conseils suivants : mangez frais et cru quand vous le pouvez. Évitez de cuire vos fruits ou légumes jusqu'à ce qu'ils perdent leur couleur ou changent de couleur. N'ajoutez pas d'huiles ou de sel. Évitez la tentation d'ajouter du beurre ou des sauces à vos aliments. Manger trop d'aliments gras et salés fera travailler vos reins plus dur. S'il y a beaucoup de déchets dans votre sang, les reins ont plus de travail à faire. Plus vous consommez d'aliments sains et purs, plus ce sera facile pour vos reins. Vous devriez vous en tenir principalement à des fruits et légumes frais, mais si nécessaire, il existe des alternatives saines, riches en graisses et en glucides que vous pouvez consommer. Considérez ce qui suit : les noix, le son d'avoine, les produits de blé entier.",8.528574705123901
036_39050,"Il existe des preuves que changer votre alimentation et prendre des suppléments nutritionnels peut aider à gérer les symptômes de la maladie inflammatoire de l'intestin (MII). Votre médecin peut suggérer de modifier vos habitudes alimentaires et nutritionnelles en plus d'autres thérapies médicales. Votre médecin peut également recommander un tube de nutrition ou des injections de nutriments pour aider votre intestin à se reposer et à réduire l'inflammation. Votre médecin peut aussi suggérer un régime pauvre en résidus, composé d'aliments qui ne provoqueront pas de blocage dans vos intestins. Les aliments pauvres en résidus, qui sont faibles en fibres, incluent le yaourt, les soupes crémeuses, les pains blancs raffinés et les pâtes, ainsi que les craquelins. Vous devrez éviter les fruits et légumes crus, les noix et les produits à grains entiers. Votre médecin peut également recommander de prendre des suppléments de fer, de calcium, de vitamine D et de vitamine B-12 pour aider à remplacer les nutriments perdus en raison des symptômes de la MII. Manger de petits repas faibles en graisses et pas riches en fibres peut aider avec les symptômes de la MII. Boire beaucoup de liquides peut aider à soulager les symptômes de la MII. L'eau est le choix optimal pour vous garder hydraté. Bien que la plupart n'aient pas montré beaucoup de bénéfices, elles ont eu des résultats positifs pour certaines personnes. Parlez à votre médecin avant d'essayer des thérapies herbales ou alternatives. Des études récentes ont montré que des thérapies alternatives, comme la consommation de plus de fibres solubles ou de probiotiques, la consommation de tisanes à l'huile de menthe poivrée, ou l'essai d'hypnothérapie et de thérapie cognitivo-comportementale, sont efficaces pour aider certains patients à minimiser les symptômes de la MII. Apporter des changements à vos habitudes de vie peut aider à gérer votre MII. De l'arrêt du tabac à l'évitement du stress, ces changements peuvent aider à atténuer vos symptômes. Fumer peut aggraver la maladie de Crohn, et les fumeurs sont plus susceptibles d'avoir des rechutes et de nécessiter des interventions chirurgicales répétées. Réduire le stress peut également aider à soulager les symptômes de la MII. Vous pouvez réduire le stress grâce à des exercices réguliers de relaxation et de respiration ou à la méditation. Un exercice régulier, même doux, aidera non seulement à réduire le stress, mais peut également aider à normaliser la fonction intestinale. Parlez à votre médecin du meilleur type d'exercice pour gérer votre MII.",3.3908028602600098
036_3066,"Cette action ne stoppera pas la voiture par elle-même. Cependant, cela peut vous aider à ralentir un peu. De plus, cela vous permet de crier aux autres passagers et conducteurs si nécessaire. Descendez toutes les fenêtres que vous pouvez. Si possible, cherchez une route en montée, même si ce n'est que légèrement. Si votre voiture ne freine pas, la pente peut la ralentir suffisamment pour s'arrêter. Par exemple, même monter une rampe d'accès peut vous ralentir, mais assurez-vous de rester à l'écart des autres voitures si possible. Cependant, n'essayez pas de tourner dans une allée en montée, car vous pourriez ne pas vous arrêter avant de heurter des bâtiments. Si d'autres méthodes échouent, éteindre le moteur peut au moins réduire votre vitesse. Attendez d'avoir ralenti autant que possible avant d'essayer cette méthode, car éteindre soudainement le moteur peut vous faire dévier. Cela peut également endommager votre moteur, donc laissez cela comme dernier recours. Ne mettez pas votre moteur sur ""verrouillage"", car cela verrouillera également votre volant. Vous devez encore pouvoir diriger. Si vous ne pouvez absolument pas arrêter votre voiture d'une autre manière, essayez de la traîner le long ou sur quelque chose pour la ralentir. Par exemple, faites rouler la voiture le long d'un trottoir ou d'une barrière qui la ralentira, bien que cela la détruise probablement dans le processus. Vous pouvez également essayer de conduire en ligne droite sur de la boue ou du gravier. Si vous tournez, cela peut faire basculer la voiture. Faites attention à ce qui est devant vous et manœuvrez pour éviter le trafic dense, les piétons et les obstacles dangereux. Vous pourriez être proche de l'arrêt, mais vous pourriez encore causer des dommages si vous ne faites pas attention.",3.23262095451355
036_12484,"Réglez votre four à 375°F (190°C). Laissez votre four préchauffer pendant environ dix minutes pendant que vous préparez les pommes de terre. Certains fours indiquent quand ils ont terminé de préchauffer en émettant un bip. Cela peut prendre plus de dix minutes, selon votre four. Placez vos pommes de terre dans un grand bol. Arrosez-les de l'huile de votre choix et saupoudrez-y quelques assaisonnements. Utilisez une grande cuillère pour mélanger les pommes de terre, en enrobant chaque morceau complètement. Il existe une variété d'options d'assaisonnement délicieuses pour les pommes de terre rôties. Par exemple : créez un assaisonnement herbacé au romarin en arrosant de 2 cuillères à soupe d'huile végétale, 1 cuillère à café de sel, ½ cuillère à café de poivre noir et ½ cuillère à café de romarin séché écrasé. Mélangez les pommes de terre avec 4 cuillères à soupe d'huile d'olive, 1 ½ cuillère à café de sel, 1 cuillère à café de poivre noir, 2 cuillères à soupe d'ail émincé et 2 cuillères à soupe de persil frais haché. Ajoutez 1 cuillère à café d'huile végétale, 2 cuillères à soupe de fromage Parmesan fraîchement râpé, ½ cuillère à café de sel, ½ cuillère à café de poudre d'ail, ½ cuillère à café de paprika et ¼ cuillère à café de poivre noir pour faire des pommes de terre à l'ail et au fromage. Étalez les pommes de terre sur la plaque de cuisson en une seule couche pour permettre à chaque morceau de devenir croustillant. Tapissez la plaque de papier sulfurisé ou de papier d'aluminium pour un nettoyage plus facile. Pour des pommes de terre encore plus croustillantes, utilisez une grande plaque de cuisson en métal. Si vous n'avez pas de plaque de cuisson en métal, utilisez un plat en verre résistant au four ou une poêle en fonte. Le temps de cuisson prendra entre trente minutes et une heure, selon la taille des morceaux de pommes de terre. Vérifiez les pommes de terre toutes les dix minutes pour voir si elles sont cuites. Les signes d'une pomme de terre correctement rôtie incluent : une croûte croustillante et dorée sur la surface, une fourchette peut facilement pénétrer la pomme de terre, et les pommes de terre sentent le beurre et la friture. Retirez les pommes de terre du four et laissez-les refroidir légèrement. Transférez-les dans un plat de service et servez-les immédiatement. Les pommes de terre rôties sont d'excellents accompagnements qui se marient bien avec une variété de plats principaux. Par exemple : servez les pommes de terre rôties avec des restes de pain de viande. Mangez plusieurs accompagnements de légumes avec des pommes de terre rôties pour un dîner végétarien copieux. Coupez en dés les restes de pommes de terre rôties et parsemez-les sur une salade.",4.938047647476196
036_20586,"Sur les iPhones, cela sera étiqueté « Trouver mon iPhone », tandis que sur les appareils Android, cela s'appelle « Gestionnaire de périphériques Android ». Ce programme suivra la localisation de votre téléphone et transmettra ces informations dans le cloud. Il est important de configurer cette fonctionnalité tant que vous avez encore votre téléphone avec vous, car il n'est pas possible d'activer Trouver mon iPhone si votre téléphone a déjà été volé. Trouver mon iPhone est un composant du serveur basé sur le cloud d'Apple, iCloud, qui sauvegarde et stocke les données de votre téléphone. Si vous n'avez pas encore configuré un compte iCloud, vous ne pourrez pas utiliser l'application Trouver mon iPhone. Configurez un compte iCloud via le menu « Réglages » de votre téléphone, puis localisez « iCloud » et appuyez sur « Compte » pour vous connecter. 

Pour que le Gestionnaire de périphériques localise votre téléphone volé, vous devez avoir activé le paramètre de localisation par GPS. Vous pouvez activer le mode perdu à distance : vous devrez vous connecter à votre compte iCloud ou à votre compte de Gestionnaire de périphériques Android, et vous pourrez activer le mode perdu à partir de là. Avec le mode perdu activé, quiconque a volé votre téléphone ne pourra pas se connecter et ne devrait pas avoir accès à aucune des données ou applications de votre téléphone. Une fois que vous avez récupéré votre téléphone manquant, vous pouvez désactiver le mode perdu en entrant votre code d'accès sur l'écran d'accueil du téléphone. Même si votre iPhone ou Android est hors ligne (non connecté à Internet), vous pouvez toujours verrouiller le téléphone à distance. Vous le ferez en vous connectant à votre compte en ligne. Tous les paramètres que vous changez sur votre appareil prendront effet la prochaine fois que le téléphone sera en ligne. Si votre iPhone a été volé, vous pouvez suivre sa localisation physique en ligne sur www.icloud.com/find. Cela affichera une carte montrant l'emplacement actuel de votre téléphone. La carte montrera des mouvements en temps réel, donc si votre téléphone est dans un bus ou un métro, vous pourrez le suivre sur la carte. 

Si votre téléphone Android a été volé—ou si vous préférez configurer votre compte sur un ordinateur plutôt que sur votre téléphone—vous pouvez accéder au Gestionnaire de périphériques en ligne sur : www.google.com/android/devicemanager. Se connecter à ce site Web vous montrera la localisation de votre téléphone manquant. Une fois que vous avez localisé votre téléphone manquant, vous pouvez faire émettre un son pour attirer l'attention. Bien que cela ne soit pas utile si quelqu'un a délibérément pris votre téléphone, cela pourrait être utile si votre téléphone est près de vous et a simplement été égaré. À partir du site Web iCloud ou du Gestionnaire de périphériques Android, vous pouvez cliquer sur un bouton pour verrouiller votre téléphone. Cela désactivera le mécanisme de connexion et fera en sorte que l'individu qui a volé votre téléphone n'aura pas accès à aucune de vos données personnelles ou informations de contact. Le Gestionnaire de périphériques vous demandera de saisir un nouveau mot de passe de périphérique pour votre téléphone. Une fois que vous avez récupéré votre téléphone perdu ou volé, vous pourrez désactiver le mode verrouillé en saisissant ce mot de passe. Dans le menu de la page de suivi de téléphone en ligne, vous pouvez choisir de « Sonner » votre téléphone. Cela fera sonner votre téléphone à son volume maximal pendant 5 minutes, sauf si vous choisissez de désactiver le paramètre de son avant cela. La fonction de sonnerie est utile si vous soupçonnez que quelqu'un a peut-être pris votre téléphone par accident ou que la sonnerie forte vous aidera, vous ou une autre personne, à trouver votre téléphone à proximité. Si vous préférez ne pas utiliser la fonction de Gestionnaire de périphériques Android pour suivre votre téléphone s'il venait à disparaître, vous pouvez également télécharger l'une des nombreuses applications de suivi disponibles sur le Google Play Store. Ces applications vous permettront de vous connecter à un site Web où, si votre téléphone a été volé, vous pouvez trouver la localisation du téléphone à distance. Une application comme Lookout—parmi de nombreuses autres disponibles à la fois sur l'Apple Store et le Google Play Store—vous permettra de déclencher une alarme, de verrouiller votre téléphone et d'effacer à distance les données de votre téléphone.",5.53455114364624
036_35110,"Il suffit de mettre le riz dans de l'eau bouillante et de le cuire pendant le temps indiqué dans les instructions. Certains types de riz blanc peuvent prendre seulement environ 10 minutes à bouillir, tandis que d'autres peuvent prendre 30 minutes ou plus. Vous pouvez également cuire du riz instantané au micro-ondes, mais il peut ne pas être aussi savoureux. Une fois cuit, vous pouvez le détacher pour qu'il ne colle pas. Tout d'abord, lavez 2 tasses de carottes, 1 oignon moyen, 1 gousse d'ail, un morceau de racine de gingembre et 1 tasse de germes de soja. Ensuite, découpez les carottes et les oignons, et hachez seulement 1 cuillère à café de gingembre frais. Mettez ces ingrédients de côté. La poêle doit être très profonde, presque comme un wok. Placez-la sur feu moyen. Assurez-vous que la poêle ne contient pas d'eau, car l'huile crépite et éclabousse partout. Mettez les carottes, l'oignon, l'ail, les germes de soja et le gingembre dans la poêle. Ajoutez 1 cuillère à café de sel et une pincée de poivre noir. Les légumes doivent suer un peu, mais ne doivent pas brunir. Vous pouvez utiliser du poulet que vous avez cuisiné pour un autre repas la veille, ou acheter ou préparer du poulet cuit spécialement pour le riz frit. Il suffit de couper le poulet en fines lanières et de le mettre dans la poêle. Vous pouvez ajouter progressivement l'huile lorsque cela devient nécessaire - vous n'avez pas à tout verser d'un coup. Cassez les œufs dans un bol et battez-les ensemble. Ensuite, versez les œufs dans la poêle. Faites frire le riz et les autres ingrédients ensemble pendant 2 à 3 minutes, juste assez de temps pour réchauffer le riz et mélanger les ingrédients. Continuez à remuer pendant que vous faites frire le riz. Ajoutez 3 cuillères à soupe (44,4 ml) de sauce soja au mélange et faites frire les ingrédients ensemble pendant encore 30 secondes. Ensuite, retirez la poêle du feu. Placez le riz dans un plat et garnissez-le de quelques brins d'oignon vert. Profitez de ce plat en tant que plat principal.",3.89809513092041
036_59257,"En améliorant vos habitudes alimentaires, vous diminuerez votre masse graisseuse et votre fatigue, tout en gagnant en muscle et en endurance. Ne pas bien manger pourrait être ce qui vous empêche de battre votre record de 800 m. Mangez une variété d'aliments sains comme des fruits, des légumes, des grains entiers et des viandes maigres. Cela améliorera votre composition corporelle. Augmentez les protéines et la bonne quantité de glucides, car cela fournira à votre corps les nutriments nécessaires pour construire du muscle et donner de l'énergie à votre corps. Si vous vous entraînez pendant 30 à 45 minutes, visez environ 3 grammes (0,11 oz) de glucides les jours d'entraînement. Si vous vous entraînez pendant 46 à 60 minutes, visez environ 5 grammes (0,18 oz) de glucides les jours d'entraînement. Évitez les aliments transformés riches en sucre et en sodium. Cela empêchera votre corps de fonctionner efficacement. Mangez les bonnes collations riches en glucides avant et après l'entraînement. Elles doivent être consommées une heure avant de s'entraîner et dans les 30 minutes après un entraînement. Les bananes, les shakes protéinés et les barres énergétiques non caféinées sont idéales. Votre corps a besoin d'environ deux litres par jour en moyenne pour rester correctement hydraté. Les jours où vous courez, vous devez boire de l'eau supplémentaire pour compenser votre sortie et éviter de ralentir. Ne buvez pas simplement de l'eau en grande quantité ; écoutez votre corps et buvez lorsque vous avez soif. L'hydratation avant et après l'entraînement est essentielle. Une heure avant de commencer votre course, essayez de boire environ 450 g (16 oz) d'eau. Buvez la même quantité d'eau après avoir couru. Recherchez les signes de déshydratation. Avoir soif ou ressentir une bouche sèche, des maux de tête, des étourdissements, un manque d'urination et de la constipation sont autant de façons pour votre corps de vous faire savoir que vous êtes déshydraté. Si vous commencez à ressentir l'un de ces symptômes, il est préférable d'augmenter votre consommation d'eau. En vous étirant correctement, vous pouvez améliorer votre foulée et votre longueur de foulée (augmentant votre vitesse). S'étirer avant et après l'entraînement aidera également à prévenir les blessures. Les muscles à étirer comprennent vos muscles des jambes (ischio-jambiers, quadriceps et adducteurs) et le bas de votre corps (fléchisseurs de la hanche et fessiers). Essayez d'ajouter deux ou trois routines d'étirement plus longues par semaine à votre programme d'entraînement. Faites du yoga pour vous aider avec votre flexibilité. Vous ne pourrez pas courir un 800 m plus vite en un jour. Tout comme l'entraînement pour un marathon, la meilleure façon d'atteindre vos objectifs est de définir un calendrier. En suivant un plan d'entraînement, vous pouvez performer à votre meilleur niveau, même lorsque vous courez une distance plus courte. Fixez une date d'échéance et travaillez en arrière. Même pour une course de 800 m, choisissez une date à laquelle vous souhaitez réaliser cette course avec votre meilleur temps jamais enregistré. Faites un ou deux entraînements de qualité et intenses par semaine. Cela inclut la course en côte ou les courses au tempo. Choisissez des jours de repos où vous pouvez faire un autre type d'exercice modéré comme le yoga pour rester souple. Assurez-vous de bien dormir avant la course.",5.423262119293213
036_16107,"avec des êtres chers et des amis. Une façon de célébrer l'anniversaire de vos parents est d'organiser une grande fête pour eux. Vous pouvez envoyer des invitations à la famille, aux amis et aux proches pour se joindre à vous pour célébrer l'amour de vos parents. Utilisez votre maison comme lieu de la fête ou louez une salle pour qu'il y ait suffisamment d'espace pour que tout le monde puisse assister. Vous pouvez demander à vos frères et sœurs de vous aider à planifier la fête, surtout s'il y a beaucoup d'invités. Des éléments comme la nourriture, les boissons, les chaises et les arrangements de tables devront tous être organisés pour la fête. Réfléchissez à la manière dont vous souhaitez surprendre vos parents avec la grande fête ou à la possibilité de les impliquer dans la planification de la fête. Vous pouvez opter pour une fête surprise si vos parents aiment les surprises et les impliquer s'ils ne sont pas aussi enclins à être surpris. Vous et vos frères et sœurs pouvez également partager les responsabilités d'hôte, en prenant des tours pour introduire les membres de la famille ou les proches qui souhaitent faire des discours ou porter des toasts en l'honneur de vos parents. Vous pouvez créer un emploi du temps flexible pour la fête afin d'avoir un mélange de discours et de moments amusants tout au long de l'événement pour célébrer le mariage de vos parents. Si vous préférez garder la célébration intime, vous pouvez organiser un rassemblement en l'honneur de vos parents. Avoir un rassemblement plus petit pourrait mieux convenir au style de vos parents. Si vous essayez de planifier un événement à court terme, une petite fête avec cinq à dix invités peut être plus facile à organiser. Vous pouvez organiser un cocktail chez vous ou chez un de vos frères et sœurs pour célébrer vos parents, accompagné de collations et de boissons raffinées. Ou vous pouvez planifier un petit dîner avec des proches et des amis dans un restaurant que vos parents apprécient. Décidez si le rassemblement sera une surprise pour vos parents pour célébrer leur amour. Si vous ne souhaitez pas en faire une surprise, vous pouvez impliquer vos parents dans la planification de l'événement. Vous pouvez rendre l'événement plus spécial et festif en ayant un thème pour la fête. Pensez à un thème qui parle vraiment à vos parents en tant que couple et essayez de choisir quelque chose que vous pensez qu'ils trouveront amusant ou représentatif de leur relation. En l'honneur de l'anniversaire d'argent de vos parents, vous pouvez opter pour un thème argent, avec des centres de table argentés, des décorations argentées et un gâteau décoré avec des détails argentés. Vous pouvez choisir un thème que vos parents aiment et l'utiliser pour la fête. Par exemple, peut-être que vos parents aiment voyager et ont voyagé ensemble dans de nombreux endroits à travers le monde. Vous pouvez alors mettre des photos de leurs voyages sur chaque table et avoir un thème des sept merveilles du monde pour la fête. Certains couples aiment renouveler leurs vœux pour commémorer leurs années marquantes. Vous pouvez approcher vos parents et leur demander s'ils seraient intéressés à renouveler leurs vœux dans le cadre de l'événement que vous planifiez pour leur 25e anniversaire. Faire renouveler les vœux de vos parents en présence de la famille et des amis peut créer un souvenir spécial pour tous les participants. Vos parents peuvent vous demander s'ils peuvent renouveler leurs vœux dans le cadre de leur célébration du 25e anniversaire. S'ils sont intéressés par cette idée, vous devriez organiser la présence d'un officier de l'état civil ou d'un autre officiant lors de l'événement afin que vos parents puissent renouveler leurs vœux.",5.599096059799194
036_59112,"Mélangez l'eau et le sucre dans une petite casserole à côtés hauts. Placez la casserole sur une cuisinière à feu moyen-élevé. Commencez avec de l'eau froide. Le rapport dans cette recette créera un sirop épais adapté aux boissons froides aux fruits, aux cocktails et aux fruits confits. Pour créer un sirop de consistance moyenne à utiliser dans le thé glacé et les boissons chaudes, augmentez le rapport à deux parts d'eau pour une part de sucre. Pour un sirop fin adapté à une glaçure pour desserts, changez le rapport à trois parts d'eau pour une part de sucre. Remuez le mélange pendant qu'il arrive à ébullition afin de dissoudre le sucre. Utilisez un feu moyen-élevé à élevé et remuez avec une cuillère en bois ou en plastique. Cela peut prendre de 3 à 5 minutes avant que le mélange atteigne une ébullition frémissante. Vérifiez si le sucre est dissous en prenant une petite quantité avec votre cuillère. Si vous voyez des cristaux de sucre, continuez à faire bouillir le sirop plus longtemps. Réduisez le feu à doux et laissez mijoter doucement pendant 10 minutes, en remuant de temps en temps. Si vous souhaitez créer un sirop aromatisé, ajoutez les arômes pendant que le sirop mijote. Les ingrédients liquides, comme le jus de citron vert ou de citron frais, peuvent être ajoutés directement au sirop et mélangés. Les ingrédients solides, comme les écorces d'orange, les brins de menthe ou les bâtons de cannelle, doivent être liés en un bouquet avec de la gaze et de la ficelle et infusés dans le sirop pendant qu'il mijote. Retirez le sirop du feu et laissez-le refroidir à température ambiante. Ne placez pas le sirop au réfrigérateur pendant cette étape de refroidissement. Au lieu de cela, laissez-le atteindre la température ambiante sur le comptoir. Vous pouvez ajouter le sirop à votre recette immédiatement ou le verser dans un contenant à couvrir et réfrigérer pour plus tard. Le sirop devrait se conserver au réfrigérateur pendant une durée allant d'un à six mois.",3.9992825984954834
036_38159,"Les filles girly ont une excellente hygiène ! Assurez-vous de prendre une douche tous les jours et de vous nettoyer soigneusement avec du savon et de l'eau. Si vous voulez être encore plus girly, essayez d'acheter du shampoing, de l'après-shampoing et du gel douche parfumés. Avoir une peau douce est une grande partie de la féminité. Vous devriez utiliser un hydratant ou une lotion sur votre visage et votre corps tous les jours, même si vous avez la peau grasse - l'hydratant empêchera votre peau de produire ses propres huiles. Vous pouvez utiliser n'importe quel type, mais vérifiez d'abord l'étiquette pour voir si c'est le meilleur pour votre type de peau. Si vous avez de l'acné, vous pouvez toujours être une fille girly ! Essayez de boire beaucoup d'eau et d'utiliser du peroxyde de benzoyle sur vos boutons. Si vous ne pouvez pas vous en débarrasser, ce n'est pas grave - beaucoup de gens ont de l'acné. Vous n'avez pas besoin de mettre une nouvelle couleur de vernis à ongles tous les jours, mais vos ongles doivent être propres et manucurés en tout temps. Coupez et limez vos ongles pour qu'ils soient uniformes, nettoyez-les chaque jour, et vérifiez chaque jour s'il y a des éclats de vernis. Si vous aimez changer de couleur de vernis à ongles, essayez de les assortir à votre tenue. Si vous ne voulez pas devoir mettre un nouveau vernis tout le temps, essayez de porter un vernis transparent. Cela a l'air tout aussi soigné et girly, mais vous n'avez pas à vous en soucier autant. Gardez vos cheveux brossés et coiffés chaque jour. Assurez-vous que vos cheveux n'ont pas de nœuds ou d'emmêlements, et qu'ils sont soignés et propres. Développez une coiffure signature qui vous convient, et coiffez vos cheveux soigneusement chaque jour. Selon votre type de cheveux, vous devrez peut-être les laver tous les jours. Si vos cheveux semblent gras et plats à la fin de chaque journée, vous devriez les laver quotidiennement. Votre coiffure n'a pas besoin d'être élaborée. Votre style signature peut être aussi simple que de les séparer sur le côté et de porter une barrette ! Vous pouvez également essayer des tresses, des queues de cheval et des chignons simples. Si vous ne savez pas comment vous coiffer, demandez conseil à un ami ou visitez un salon. Sentir bon est une partie essentielle d'être une fille girly ! Assurez-vous d'utiliser un déodorant chaque jour. Vous pouvez également porter du parfum - de nombreuses femmes féminines ont un parfum signature qu'elles portent chaque jour. Si vous ne portez pas beaucoup de parfum, essayez d'abord une fragrance florale ou fruitée légère. Ne remplacez pas le déodorant ou le parfum par le bain. Les gens peuvent le remarquer. Utilisez le moins de parfum possible, et ne l'appliquez que sur les points de pulsation comme vos poignets et votre cou. Votre parfum devrait être une fragrance subtile que les gens ne remarquent que lorsqu'ils sont à côté de vous, pas une odeur forte qui reste dans l'air autour de vous. Les filles girly gardent leurs dents aussi propres que possible. Brossez-vous les dents et passez du fil dentaire tous les jours, et assurez-vous d'utiliser un bain de bouche ou des bonbons pour garder votre haleine fraîche. Emportez du fil dentaire avec vous et utilisez-le après chaque repas ou collation. C'est bien si vos dents sont de travers ou si vous portez un appareil dentaire. Assurez-vous simplement qu'elles sont propres ! Essayez de porter un peu de maquillage pour obtenir un look de fille girly. Un maquillage léger vous fera paraître plus féminine, et il est beaucoup plus facile à appliquer qu'un maquillage complet. Continuez à pratiquer jusqu'à ce que votre maquillage ait l'air naturel et soit facile à appliquer. Essayez d'utiliser juste du gloss à lèvres et du mascara pour commencer. Gardez les ombres à paupières et les blushs dans des couleurs claires et neutres comme le rose clair ou le beige. Si vous souhaitez porter un fond de teint, allez d'abord à un comptoir de maquillage pour être sûr qu'il correspond à votre teint. Porter un maquillage plus lourd est également acceptable ! Assurez-vous simplement d'avoir pratiqué votre look au préalable.",5.5240654945373535
036_55281,"Offrez-leur des boissons et des hors-d'œuvre. Idéalement, faites-les se rassembler dans une zone afin que le mystère puisse commencer dès que tout le monde est arrivé. Permettez-leur de faire connaissance en circulant et en posant des questions. C’est un excellent brise-glace qui aide tout le monde à entrer dans l'histoire. Ne vous précipitez pas pendant le repas. Laissez vos invités prendre le temps de déguster leur nourriture et de discuter entre eux sur qui ils pensent que le meurtrier pourrait être. Soyez attentif à ce que les conversations de vos invités ne s'éloignent pas d'autres sujets. Il est normal que les conversations dérivent, mais essayez de minimiser cela. Vous pouvez permettre aux membres du casting de se mêler à vos invités entre les scènes, et selon leurs rôles, ils peuvent soit donner des indices utiles, soit des indices qui trompent. Ne laissez personne devenir trop sûr d'avoir résolu le meurtre ! Non seulement la bonne musique améliorera l'ambiance, mais elle couvrira également les temps morts dans la conversation. Avoir un lecteur Mp3 ou un changeur de CD réglé sur une lecture aléatoire continue est un excellent moyen de garder la musique en marche. Il est toujours amusant pour vos invités de s'asseoir et de commencer à révéler certains de leurs secrets ou des intrigues qu'ils avaient en cours. Tout le monde sera étonné de voir combien de choses se passaient sous leur nez tout ce temps !",3.0180141925811768
036_35506,"Réfléchir à votre jalousie et travailler pour devenir une meilleure personne peut grandement aider à résoudre votre problème. Cependant, vous devez comprendre que peu importe ce que vous faites, vous ne serez jamais parfait, et qu'il y aura toujours des choses que vous désirez. Réalisez que la vie n'est pas juste. Vous ne pourrez pas avoir tout ce que vous voulez, peu importe à quel point vous essayez, et il se peut qu'il y ait des personnes qui sont vraiment plus chanceuses que vous. Mais une fois que vous acceptez ce fait, vous pouvez lâcher prise et arrêter d'essayer d'avoir tout. Appréciez d'être vous-même. Vous pouvez être un individu imparfait comme tout le monde, mais prenez le temps d'apprécier vos particularités et apprenez à vraiment aimer être vous. Accordez-vous du temps seul et appréciez vraiment votre propre compagnie. Concentrez-vous sur vos qualités positives. Bien qu'il puisse encore y avoir quelques choses qui vous manquent, concentrez-vous sur les parties de votre vie que vous aimez, comme vos relations ou votre travail formidable. Mettez l'accent sur les choses que vous avez et que vous aimez plutôt que de penser aux choses que vous voulez. Une fois que vous avez travaillé aussi dur que possible pour vaincre la jalousie qui prenait le contrôle de votre vie, vous devez encore vous assurer qu'elle ne refasse pas surface à l'avenir. Il y a quelques choses que vous pouvez faire pour vous assurer que vous ne serez pas jaloux à l'avenir : ne prenez jamais rien pour acquis. Chaque matin, rappelez-vous au moins dix choses pour lesquelles vous êtes reconnaissant. Établir une routine à ce sujet renforcera l'idée que vous êtes une personne qui ne devrait pas être jalouse. Évitez les situations qui pourraient mener à la jalousie. Si vous ne pouvez pas vous empêcher d'être un peu jalouse en tant que petite amie, ne sortez pas avec un gars qui a tendance à traîner avec beaucoup de filles. Si vous avez une amie qui semble tout avoir et dont vous ne pouvez pas vous empêcher d'être jalouse, essayez de passer moins de temps avec elle si cela vous fait vous sentir mal dans votre peau. Reconnaissez votre jalousie. Dès que vous réalisez que vous devenez jalouse de quelqu'un à nouveau, rentrez chez vous et réfléchissez dans un carnet. Pourquoi êtes-vous jalouse de cette personne ? Comment pouvez-vous travailler pour arrêter la jalousie avant qu'elle ne devienne incontrôlable ? Rappelez-vous qu'il est sain d'être jaloux de temps en temps. Ne vous en voulez pas si vous ne pouvez pas arrêter d'être jaloux de absolument tout. Si votre amie vient d'obtenir une toute nouvelle voiture et que vous aimeriez pouvoir en avoir une, ou si votre amie vient d'annoncer qu'elle se marie alors que vous souhaiteriez vraiment avoir un petit ami, c'est normal de se sentir jaloux un moment. Lorsque la jalousie consume votre vie et informe chacune de vos actions, alors vous avez un vrai problème.",5.32614278793335
036_55732,"Pour un coussin chauffant plus petit, utilisez une chaussette de mi-mollet. Pour un coussin chauffant plus grand, utilisez une chaussette qui monte jusqu'au mollet ou au genou. Utilisez une chaussette qui est 100 % en coton. Choisissez une chaussette épaisse avec un tissage serré pour protéger votre peau du riz chaud et pour éviter que le riz ne s'échappe. Il est important d'utiliser du coton, car il ne brûle pas et ne fond pas au micro-ondes. Assurez-vous que le matériau de la chaussette ne contient pas de fils métalliques, comme de l'argent ou du cuivre, car ceux-ci peuvent s'enflammer dans le micro-ondes. Ne pas utiliser de chaussettes qui ont des trous, car le riz tombera. Pour un coussin chauffant fait maison plus grand, utilisez une petite taie d'oreiller au lieu d'une chaussette.",1.858729362487793
036_41456,"Les versions antérieures de Publisher ne prennent pas en charge l'enregistrement au format PDF. Utilisez la méthode ci-dessus si vous utilisez Publisher 2003 ou une version antérieure. Il se peut que l'on vous demande de sélectionner l'emplacement avant de continuer. Cela vous permettra d'enregistrer le fichier au format PDF. Vous devrez peut-être installer le module complémentaire de Microsoft disponible ici pour Publisher 2007. Publisher vous permet d'optimiser votre document pour le format PDF. La fenêtre des options de publication vous permettra d'ajuster la résolution des images. Cliquez sur ""Options d'impression"" pour adapter le document à l'impression. Choisissez un emplacement et enregistrez le fichier au format PDF. Vous pourrez maintenant ouvrir ce PDF dans n'importe quel programme qui prend en charge ce format.",1.5154194831848145
036_13561,"Lorsque vous voyagez dans des endroits en haute altitude, vous devriez essayer d'y arriver lentement. Votre corps a généralement besoin de trois à cinq jours à des altitudes supérieures à 8 000 pieds pour s'acclimater à l'environnement avant de voyager plus haut. Pour aider à cela, surtout si vous voyagez là où il n'y a pas de marqueurs d'altitude, achetez un altimètre ou une montre avec mètre d'altitude afin de savoir combien vous avez monté. Vous pouvez acheter ces articles en ligne ou dans un magasin de sports de montagne. Il y a d'autres comportements que vous devriez éviter. Ne dépassez pas 9 000 pieds d'altitude en 1 jour. Ne dormez pas à 1 000 à 2 000 pieds au-dessus de l'altitude à laquelle vous avez dormi la nuit précédente. Vous devez toujours passer une journée supplémentaire à vous acclimater pour chaque 3 300 pieds. Une autre façon de lutter contre le mal d'altitude est de bien vous reposer. Les voyages domestiques et internationaux peuvent altérer les habitudes de sommeil normales. Cela peut vous rendre fatigué et déshydraté, ce qui augmente votre risque de mal d'altitude. Avant de commencer votre ascension, planifiez une journée ou deux de repos pour vous habituer à votre nouvel environnement et à vos nouvelles habitudes de sommeil, surtout si vous voyagez à l'international. De plus, pendant vos trois à cinq jours d'acclimatation à votre nouvelle altitude, prenez les premiers jours pour vous reposer avant d'explorer la région. Avant de partir en voyage où vous allez monter à des altitudes élevées, procurez-vous des médicaments pour vous aider. Prenez rendez-vous avec votre médecin pour obtenir des médicaments prophylactiques avant de partir. Discutez de vos antécédents médicaux et expliquez que vous allez à des altitudes supérieures à 8 000 à 9 000 pieds. Si vous n'êtes pas allergique, votre médecin peut vous prescrire de l'acétazolamide. C'est un médicament approuvé par la FDA pour la prévention et le traitement du mal aigu des montagnes. L'acétazolamide est un diurétique, qui augmente la production d'urine, et est connu pour augmenter la ventilation respiratoire, permettant plus d'échanges d'oxygène dans notre corps. Prenez 125 mg comme prescrit deux fois par jour, un jour avant votre voyage et pendant deux jours à votre plus haute altitude. Si votre médecin déconseille l'acétazolamide ou si vous êtes allergique, il existe d'autres options. Vous pouvez prendre d'autres médicaments non approuvés par la FDA comme la dexaméthasone, qui est un stéroïde. Des études ont montré que ce médicament réduit l'incidence et la gravité du mal aigu des montagnes. Prenez ce médicament comme prescrit, généralement 4 mg toutes les 6 à 12 heures, à partir du jour précédant votre voyage et continuez jusqu'à ce que vous soyez complètement acclimaté à votre plus haute altitude. 600 mg d'ibuprofène toutes les 8 heures peuvent également aider à prévenir le mal aigu des montagnes. Le ginkgo biloba a été étudié pour le traitement et la prévention du mal d'altitude, mais les résultats sont variés et ne sont pas recommandés pour une utilisation. Avant de partir en voyage, vous pourriez avoir besoin de faire tester vos globules rouges. Prenez rendez-vous avec votre médecin pour ce test avant de partir. Si vous êtes atteint d'anémie ou que vous avez un faible taux de globules rouges, votre médecin peut vous conseiller de corriger cela avant votre voyage. C'est important car les globules rouges transportent l'oxygène vers vos tissus et organes et sont nécessaires à la survie. Il y a de nombreuses raisons pour un faible taux de globules rouges, la plus courante étant la carence en fer. Une carence en vitamine B peut également entraîner un faible taux de globules rouges. Si c'est le cas, votre médecin peut vous conseiller de prendre des suppléments de fer ou de vitamine B pour corriger votre taux de globules rouges. Si vous voyagez en Amérique centrale ou du Sud pour faire de l'escalade, vous pouvez souhaiter acheter des feuilles de coca pendant que vous y êtes. Bien que cela soit une substance illégale aux États-Unis, les habitants d'Amérique centrale et du Sud l'utilisent pour prévenir le mal des montagnes. Si vous voyagez dans ces régions, vous pouvez acheter les feuilles et les mâcher ou en faire du thé. Vous devez être conscient qu'une seule tasse de thé peut entraîner un test de dépistage positif à la cocaïne. La coca est un stimulant et des études ont révélé qu'elle induit des changements biochimiques qui améliorent la performance physique en haute altitude. La déshydratation réduit la capacité de votre corps à s'acclimater à de nouvelles altitudes. Buvez deux à trois litres par jour à partir de la veille de votre voyage. Gardez un litre d'eau supplémentaire avec vous pendant votre ascension. Assurez-vous de boire selon vos besoins lors de votre descente. Ne buvez pas d'alcool et évitez-le pendant les 48 premières heures de votre voyage. L'alcool est un dépresseur et peut ralentir votre rythme respiratoire et provoquer une déshydratation. Vous devriez également éviter les produits contenant de la caféine, comme les boissons énergétiques et les sodas. La caféine peut entraîner la déshydratation de vos muscles. Il existe certains types d'aliments que vous devriez manger pour vous préparer à votre voyage et prévenir le mal d'altitude. Les régimes riches en glucides ont montré dans certaines études qu'ils atténuaient les symptômes du mal aigu des montagnes ainsi qu'ils amélioraient l'humeur et les performances. D'autres études ont montré une saturation en oxygène améliorée dans le sang lors d'expériences simulées en haute altitude grâce aux glucides également. On pense que les régimes à base de glucides peuvent améliorer l'équilibre énergétique. Mangez un régime riche en glucides avant et pendant les périodes d'acclimatation. Cela peut inclure des pâtes, du pain, des fruits et des repas à base de pommes de terre. De plus, il est conseillé d'éviter le sel en excès. Trop de sel entraînera la déshydratation des tissus de votre corps. Recherchez des aliments et des repas étiquetés avec peu de sel ou sans sel ajouté au supermarché. L'endurance physique et le conditionnement peuvent sembler être une bonne idée avant de faire de l'escalade en montagne. Cependant, des études ont montré qu'il n'y a aucune preuve que la condition physique protège contre le mal d'altitude.",11.383615016937256
036_61193,"En général, avoir une relation réussie nécessite de la confiance en soi et de croire que vous méritez d'être aimé. Si vous vous aimez vous-même, vous êtes plus préparé à être en couple. Si vous avez partagé vos sentiments et qu'ils ont été bien reçus, après un certain temps (le délai varie pour chaque couple), vous pouvez commencer à sentir que vous souhaitez avoir une relation officielle. Vous ne pouvez pas simplement supposer que vous êtes tous les deux sur la même longueur d’onde. Vous devez lui demander s'il veut ou non être votre petit ami officiel. Parfois, lorsque vous prenez du recul et que vous réfléchissez vraiment à la personne et à vos interactions, vous pouvez dire s'il y a un avenir pour la relation. Dans certains cas, il est préférable de ne pas aller de l'avant avec la relation, mais plutôt de décider d'être amis. Si vous décidez de poursuivre la relation, vous devez être clair sur vos attentes et ce dont vous avez besoin d'un petit ami pour que la relation soit réussie. Vous pouvez avoir une relation à long terme, engagée et aimante si c'est ce que vous désirez vraiment. Comme pour toutes les relations, cela prendra du temps, du respect mutuel et des efforts continus. Si vous êtes tous les deux d'accord pour être des petits amis, commencez à vous amuser ensemble et à profiter de la compagnie de l'autre. Il est important de clarifier quel type de relation vous souhaitez avoir. Dire simplement que vous êtes des petits amis peut ne pas suffire. Vous devriez parler de savoir si votre relation est monogame et si vous entrevoyez tous les deux un avenir ensemble. Si ce n'est pas déjà fait, c'est le bon moment pour vous assurer qu'il n'est pas dans une autre relation, surtout si vous décidez d'être exclusifs.",2.873396635055542
036_44850,"Appuyez sur l'icône de l'application Google Drive, qui ressemble à un triangle vert, jaune et bleu sur un fond blanc. Cela ouvrira Google Drive pour le compte Google principal de votre Android. Vous pouvez passer à un autre compte en appuyant sur ☰ puis en appuyant sur l'image de profil du compte que vous souhaitez utiliser. Si votre Android n'est pas connecté au compte Google que vous avez utilisé sur votre ordinateur, vous pouvez vous connecter en appuyant sur ☰, en appuyant sur votre adresse e-mail, en appuyant sur Ajouter un compte, en appuyant sur Google et en entrant les informations de connexion de votre compte. Faites défiler le contenu de Google Drive jusqu'à ce que vous trouviez le fichier vCard que vous avez téléchargé depuis votre ordinateur. Cela fera apparaître un menu déroulant après environ une seconde. C'est dans le menu déroulant. Google Drive commencera à télécharger le fichier vCard dans le dossier ""Téléchargements"" de votre Android. Appuyez sur le bouton Accueil pour cela. Une fois le téléchargement du fichier vCard terminé, vous êtes libre d'importer son contenu dans les Contacts de votre Android.",2.369396924972534
036_10507,"Mettez une petite quantité de colle au centre arrière des cellules, puis appuyez-les en place sur le panneau. Le fil de tabulation doit courir en ligne droite à travers chaque rangée. Assurez-vous que les extrémités du fil de tabulation sortent entre les cellules et sont libres de bouger, avec juste les deux morceaux dépassant entre chaque cellule. Gardez à l'esprit qu'une rangée devra courir dans la direction opposée à celle de la rangée voisine, de sorte que le fil de tabulation dépasse à la fin d'une rangée et sur le côté opposé de la suivante. Vous devriez planifier de mettre les cellules en longues rangées, avec un nombre réduit de rangées. Par exemple, trois rangées chacune composée de 12 cellules placées bord à bord. N'oubliez pas de laisser un pouce (2,5 cm) à chaque extrémité du panneau. Appliquez du flux sur la longueur des deux lignes épaisses (coussins de contact) sur chaque cellule. Ensuite, prenez les sections libres du fil de tabulation et soudez-les sur toute la longueur des coussins. Le fil de tabulation connecté à l'arrière d'une cellule doit se connecter à l'avant de la cellule suivante dans tous les cas. Au début de la première rangée, soudez le fil de tabulation à l'avant de la première cellule. Le fil de tabulation doit être environ un pouce (2,5 cm) plus long que nécessaire pour couvrir les lignes et doit s'étendre vers l'espace supplémentaire sur le panneau. Soudez ces deux fils ensemble avec un morceau de fil de bus de la même taille que la distance entre les lignes épaisses de la cellule. Connectez l'extrémité de la première rangée au début de la seconde avec un long morceau de fil de bus qui s'étend entre le fil au bord du panneau et le fil le plus éloigné dans la rangée suivante. Vous devrez préparer la première cellule de la deuxième rangée avec un fil de tabulation supplémentaire, comme vous l'avez fait avec la première. Connectez les quatre fils à ce fil de bus. Continuez à connecter les rangées avec les longs fils de bus jusqu'à ce que vous atteigniez la fin, où vous les connecterez à nouveau avec un court fil de bus.",4.220784902572632
036_12599,"Allongez-vous dans la position de sommeil la plus naturelle possible. Ne tenez rien, mettez vos jambes sur le lit et ne relevez pas la tête. Si vous dormez normalement sur le ventre, faites-le en faisant semblant de dormir. Les personnes que vous connaissez ne trouveront pas cela suspect. Lorsque vous dormez naturellement, vous bougez très peu. Pour donner l'impression que vous êtes vraiment endormi, il est préférable de ne pas bouger. À moins que quelqu'un ne vous observe dormir pendant une période prolongée, on ne s'attendra pas à ce que vous bougiez. Évitez de serrer vos paupières fortement. Pour donner la meilleure impression de sommeil, vos muscles, y compris vos paupières, doivent être détendus. Regardez vers le bas en fermant les yeux pour éviter que vos paupières ne battent. Vos yeux ne sont pas toujours complètement fermés lorsque vous dormez. Laissez vos paupières tomber et se fermer doucement ; vous pourrez peut-être encore voir à travers la fente de vos paupières. Prenez des respirations lentes, régulières et profondes. Vous devriez détendre votre respiration et essayer de la garder aussi régulière que possible. Comptez dans votre tête pendant que vous inspirez, puis essayez d'expirer pendant la même durée. Répétez cela pour chaque respiration que vous prenez. Si vous entendez un bruit fort ou si vous êtes touché, prenez une respiration courte et soudaine et tressaillez légèrement votre corps. Même pendant le sommeil, nos corps sont conscients de ce qui se passe autour d'eux. Vendez votre faux sommeil en incorporant ce qui semble être des réactions inconscientes aux sons et mouvements dans la pièce. Après avoir réagi à la perturbation, laissez votre corps se détendre et votre respiration revenir à un état lent et régulier. Assurez-vous de ne pas sourire ou ouvrir les yeux, sinon vous révélerez que vous êtes en réalité éveillé.",3.8968429565429688
036_19498,"Être déshydraté peut en réalité amener votre corps à retenir de l'eau et vous donner un aspect ballonné. Évitez cela en vous maintenant hydraté et en bonne santé. Pour reconstituer les fluides de votre corps, visez à boire environ 8 verres d'eau de 8 fl oz (240 mL) chaque jour. Apportez une bouteille d'eau avec vous lorsque vous vous entraînez ou que vous vous prélassez sur la plage pour réduire le ballonnement. Intégrez davantage d'aliments riches en fibres dans votre alimentation pour aider à garder votre système digestif en bon état de fonctionnement et pour éviter que votre ventre ne semble et ne se sente ballonné. Visez des fruits riches en fibres comme les framboises, les fraises, les oranges et les bananes. Remplacez les grains transformés par des grains entiers comme le riz brun, le quinoa et le sarrasin. Vous pouvez également obtenir des fibres à partir de légumes et de légumineuses comme les petits pois, les pois cassés et les lentilles. Les aliments riches en fibres vous aideront également à vous sentir rassasié plus longtemps afin que vous ne soyez pas tenté de grignoter. Même si vous souhaitez perdre du poids, évitez de sauter des repas. Au lieu de cela, gardez votre métabolisme en marche en consommant 3 repas bien proportionnés tout au long de la journée. Au lieu de prendre un gros dîner, visez à consommer la plupart de vos calories avant 15h00. Essayez de prendre 5 portions de fruits et légumes tout au long de la journée et optez pour des grains de blé entier. Abstenez-vous de vous adonner à des collations de minuit ou à des douceurs sucrées. Envisagez de tenir un journal alimentaire pour suivre votre apport calorique quotidien. Si vous faites beaucoup d'exercice, augmentez la quantité de protéines que vous consommez. À chaque repas, concentrez-vous sur la consommation de protéines maigres sous forme de poisson, d'œufs, de volaille, de viande rouge maigre, de noix et de légumineuses. Si vous souhaitez vraiment obtenir plus de protéines, envisagez de prendre des suppléments sous forme de shakes protéinés ou de barres protéinées tant qu'ils sont faibles en gras et en sucre. Les fèves de soja et les produits laitiers faibles en gras sont également de bonnes sources de protéines. Pendant que vous travaillez sur votre corps de plage, évitez les boissons alcoolisées car elles contiennent des calories vides et souvent beaucoup de sucre. Éloignez-vous des sodas sucrés ainsi que de l'eau gazeuse ; la carbonatation peut vous faire sentir plus ballonné. Au lieu de cela, optez pour des tisanes comme le gingembre ou la camomille, qui aideront à réduire le ballonnement. Évitez les aliments transformés ayant une forte teneur en sodium ; ces derniers ne feront qu'entraîner une rétention d'eau. Soyez également attentif aux fruits, légumes et légumineuses que vous mangez, car certains aliments autrement sains peuvent provoquer des gaz et un ballonnement abdominal. Les aliments à éviter comprennent le brocoli, le chou frisé, les haricots, les oignons et les pommes, ainsi que les produits laitiers. Optez plutôt pour des aliments qui réduisent le ballonnement, comme les concombres, les bananes, la papaye, les asperges et les légumes à feuilles vertes foncées.",4.494683742523193
036_76,"Les poivrons verts, rouges ou jaunes sont parfaits pour être farcis, et chaque poivron sert une personne. Remettez les poivrons restants au congélateur avant qu'ils ne dégèlent. Créez une farce qui plaira à vous et à votre famille en utilisant un mélange d'ingrédients. Mélangez du bœuf haché cuit, de la chapelure, un œuf, du fromage cheddar et du sel et du poivre pour un goût traditionnel de poivron farci. Essayez une boîte de haricots noirs, du riz brun cuit, des tomates, un œuf, du fromage cheddar et du sel et du poivre pour une option végétarienne. Placez les poivrons sur une plaque de cuisson de manière à ce que leur ouverture soit dirigée vers le haut. Remplissez les poivrons avec des portions égales de la farce, en les remplissant jusqu'au sommet. Ajoutez de la chapelure, du fromage ou des assaisonnements supplémentaires sur le dessus. Placez une noix de beurre sur le dessus de chaque poivron pour plus de richesse. Faites cuire au four pendant 45 minutes, ou jusqu'à ce que le fromage bouillonne et devienne doré. Les poivrons doivent être humides et tendres.",2.4515342712402344
036_29776,"Les suppléments sont souvent utilisés pour soutenir les personnes ayant traversé le stress d'une blessure. Le cortisol, qui est une hormone libérée lorsque le corps est stressé en raison d'une blessure, de brûlures ou d'infections, provoque une diminution de la glutamine. Certaines études suggèrent que les suppléments de glutamine aident votre système immunitaire, ce qui vous aide à lutter contre les effets néfastes des blessures. La glutamine aide également à réduire les infections. Les propriétés innées de récupération musculaire de la glutamine la rendent également extrêmement efficace pour les patients ayant subi des brûlures ou subissant des interventions chirurgicales. La glutamine est un supplément populaire dans le bodybuilding. Tout comme lorsque le corps subit du stress en raison d'une blessure, votre corps subit du stress lorsque vous développez des muscles. Il y a une dégradation à court terme des muscles, et la glutamine, avec d'autres acides aminés, constitue les éléments de base des nouveaux muscles qui seront construits après l'entraînement. La pensée commune est qu'elle aide à recharger et à renforcer les muscles qui sont trop sollicités par un exercice éprouvant. Bien que cela soit une méthode populaire, il n'y a pas eu d'études concluantes avec des preuves de son utilisation dans le bodybuilding. Les patients atteints de cancer ont souvent de faibles niveaux de glutamine ainsi que d'autres macro- et micronutriments. En raison de cette carence, des recherches sont en cours pour savoir comment les suppléments de glutamine peuvent aider les patients atteints de cancer. Actuellement, elle est utilisée pour les patients malnutris qui suivent un traitement ainsi que pour les patients recevant des greffes de moelle osseuse. Certaines études indiquent qu'elle peut aider avec la stomatite, qui est une inflammation de la muqueuse de la bouche, et la diarrhée associée à la chimiothérapie. Il existe quelques autres conditions que les chercheurs pensent être aidées par la glutamine. La maladie inflammatoire de l'intestin (MII), qui comprend la colite ulcéreuse et la maladie de Crohn, pourrait être aidée par des suppléments de glutamine. Cela s'explique par le fait que la glutamine joue un rôle dans la protection de la muqueuse, qui est la paroi du tractus gastro-intestinal. Prenez un comprimé de 5 g, six fois par jour par voie orale pendant un maximum de 16 semaines. La durée de ce dosage est limitée car il s'agit d'un dosage beaucoup plus élevé que la normale. Bien qu'il existe quelques preuves que la glutamine aide avec la diarrhée et l'inflammation de la muqueuse près de la bouche, les études n'ont pas encore montré qu'elle aide d'autres conditions digestives telles que la maladie de Crohn. La glutamine peut également être utile pour favoriser la prise de poids chez les patients atteints de VIH/SIDA. Quelques études indiquent que la glutamine, en plus d'autres suppléments, peut entraîner une prise de poids et une augmentation de la masse musculaire. Cela est utile puisque les patients atteints de VIH/SIDA souffrent souvent d'une perte de poids et de muscle sévère. De plus, cela peut aider ces patients à mieux absorber les nutriments, ce qui est une considération avec cette condition.",4.690558195114136
036_4335,"Si vous vivez dans un immeuble de grande hauteur, vous ne pourrez pas toujours sortir chaque fois que votre chien a besoin d'aller aux toilettes. Choisissez un endroit dans votre appartement qui n'est pas au milieu de votre espace de vie, mais qui est également facile d'accès pour votre chien à tout moment. Un coin de la buanderie ou de la cuisine fonctionne bien. Choisissez un endroit sur un sol en bois franc ou en vinyle, plutôt que sur un tapis. Un journal est un matériau bon marché que vous pouvez utiliser pour créer un tapis de toilettes pour votre chien. Des coussinets d'entraînement absorbants sont également disponibles dans les animaleries. Choisissez l'option qui convient le mieux à votre foyer. Vous pourriez également utiliser un bac à litière pour chien. Si vous comptez également sortir votre chien pour qu'il se soulage, envisagez de remplir le bac de terre. De cette façon, le chien apprendra qu'il est acceptable de se soulager à l'extérieur et à l'intérieur. Emmenez votre chien sur le tapis de toilettes selon un emploi du temps strict, tout comme vous le feriez si vous entraîniez votre chien à aller à un endroit à l'extérieur. Amenez-le fréquemment sur le tapis tout au long de la journée et chaque fois qu'il montre des signes qu'il a besoin de se soulager. L'odeur de l'urine aidera votre chien à se souvenir que le tapis est l'endroit où il doit aller aux toilettes. Enlevez les excréments immédiatement, mais laissez une feuille de journal ou un petit morceau de coussin avec de l'urine sur le tapis propre afin que votre chien sache naturellement où aller. Chaque fois qu'il réussit à aller sur le tapis, récompensez-le avec une friandise, des caresses et des éloges. Il finira par associer le fait d'aller aux toilettes sur le tapis à des sentiments positifs, et il commencera à y aller tout seul avant longtemps.",2.6139075756073
036_31607,"Changer vos comportements est difficile, surtout lorsque ce que vous essayez de faire ne vient pas naturellement. Vous pourriez entendre cette petite voix qui vous dit des choses comme « Elle ne veut pas être votre amie. Vous n'avez rien à ajouter à la conversation. Tout ce que vous direz sera stupide. » Ces pensées sont basées sur la peur, et non sur des faits. Remettez-les en question en vous rappelant que vous avez des pensées et des idées que les autres veulent entendre. Voyez si vous pouvez trouver des preuves pour ces « scénarios » lorsqu'ils traversent votre esprit. Par exemple, si votre collègue passe devant votre bureau sans dire bonjour, votre réponse automatique pourrait être de penser : « Wow, elle est vraiment en colère contre moi. Je me demande ce que j'ai fait. Je savais qu'elle ne voulait pas être amie avec moi. » Remettez cette pensée en question en cherchant des preuves pour la soutenir ; il y a de fortes chances que vous ne trouviez pas grand-chose. Demandez-vous : cette personne vous a-t-elle déjà dit quand elle était en colère auparavant ? Si c'est le cas, elle vous l'aurait probablement dit cette fois-ci aussi. Avez-vous réellement fait quelque chose à cette personne qui pourrait la contrarier ? Est-il possible qu'elle ait juste une mauvaise journée ? Vous pourriez être naturellement timide et cela pourrait vous amener à surestimer la façon dont vos erreurs apparaissent aux autres. Gardez à l'esprit que tant que vous êtes ouvert, honnête et amical, la plupart des gens ne vous rejetteront pas pour un faux pas occasionnel. Se blâmer pour ses erreurs peut signifier que votre anxiété vous empêche d'apprendre et de grandir. Il n'y a rien de mal à être un introverti et à être timide. Décidez ce que vous voulez changer chez vous, mais faites-le pour vous, pas parce que quelqu'un d'autre vous a suggéré de le faire. Réfléchissez à la raison pour laquelle être timide vous dérange. Peut-être que c'est quelque chose qui pourrait être résolu en l'acceptant. Ou peut-être que vous voulez simplement vous sentir plus à l'aise pour parler avec les personnes autour de vous. Être vous-même en tant qu'introverti est bien mieux que de ne pas être vous-même et de forcer l'extraversion. Pensez aux situations où votre timidité se réveille. Comment votre corps réagit-il ? Quelles sont vos inclinations ? Comprendre comment vous fonctionnez est la première étape pour prendre le contrôle de vos réactions. Si vous attendez de vous sentir prêt à faire quelque chose pour le faire, il y a peu de chances que vous apportiez réellement les changements que vous souhaitez voir. Vous pouvez augmenter votre auto-efficacité en agissant comme vous souhaitez agir, peu importe si vous y croyez au départ. Vos attentes sont souvent suffisantes pour faire que quelque chose se produise. C'est pourquoi le principe de ""faire semblant jusqu'à ce que cela devienne vrai"" fonctionne. N'oubliez pas que changer nécessite du temps. Fixez-vous des objectifs réalistes et ne vous blâmez pas si vous trébuchez de temps en temps. C'est normal. Décidez ce qui vous met au défi. Des objectifs réalistes pour être plus sociable peuvent sembler différents pour vous que pour quelqu'un d'autre. Par exemple, établir un contact visuel avec une personne chaque jour pourrait être une grande victoire pour vous. Choisissez des objectifs qui sont réalistes pour vous. Même si cela semble facile pour certaines personnes d'être sociables, ce comportement s'apprend avec le temps et vous pouvez aussi l'apprendre. En fixant des objectifs et en continuant à travailler pour être plus sociable, vous pouvez changer la façon dont vous réagissez aux situations et aux gens. Si vous connaissez des personnes extraverties, posez-leur des questions. Ont-elles toujours été comme cela ? Ont-elles parfois l'impression de devoir essayer d'être sociables ? Ont-elles leurs propres versions de la phobie sociale ? Les réponses seront probablement non, oui et oui. C'est juste quelque chose qu'elles ont décidé de contrôler. Lorsque vous êtes à une fête, cette anxiété familière pourrait vous envahir en pensant à interagir avec les autres personnes présentes. Vous pourriez avoir des pensées négatives sur votre capacité à interagir avec succès avec les autres à la fête. Dans cette situation, pensez aux situations où vous interagissez avec succès avec des gens et vous vous sentez à l'aise. Vous êtes probablement sociable avec votre famille et vos amis, au moins parfois. Apportez ce succès à cette situation. Se souvenir de toutes les fois où nous avons fait ce que nous craignons actuellement de faire nous montre que nous en sommes capables et nous rend plus confiants.",9.055267810821533
036_13170,"Le principal avantage de l'isabgol est sa capacité à traiter la constipation légère à modérée. Bien qu'on pense qu'il traite une gamme d'autres problèmes de santé, ces autres utilisations ne sont pas approuvées à des fins d'étiquetage professionnel. L'isabgol augmente la quantité de volume dans vos selles. Cette augmentation de la masse favorise le mouvement dans les intestins. De plus, l'isabgol augmente la quantité d'eau dans vos selles. En conséquence, les selles deviennent plus molles et plus faciles à passer. La plupart des études suggèrent que l'isabgol contribue à une augmentation du poids des selles et des mouvements intestinaux par jour, ainsi qu'à une diminution du temps de transit intestinal total. Ce produit a même été utilisé comme ingrédient dans des laxatifs de masse. Si un médecin vous a prescrit de l'isabgol, suivez ses instructions concernant la posologie et la fréquence. Si vous utilisez de l'isabgol sans y avoir été conseillé par un médecin, suivez les instructions fournies sur l'étiquette. En général, vous devrez prendre 1 à 2 cuillères à café (5 à 10 ml) d'isabgol avec 8 oz (240 ml) de liquide par jour jusqu'à ce que votre constipation disparaisse. La posologie exacte peut varier en fonction de l'âge, de l'état de santé et de la réponse au traitement, cependant. Il est fortement recommandé de consulter votre médecin avant de commencer un traitement avec de l'isabgol, peu importe ce pour quoi vous prévoyez de l'utiliser. Si vous avez des préoccupations ou des questions, parlez-en à votre médecin ou à votre pharmacien. Vous pouvez généralement prendre de l'isabgol sous forme de poudre, de comprimé ou de gaufrette. Peu importe la forme que vous prenez, vous devez toujours consommer le supplément avec 8 oz (240 ml) d'eau ou un autre liquide pour éviter de s'étouffer. Avalez les comprimés d'isabgol avec au moins 8 oz (240 ml) d'eau. Si vous utilisez la poudre, dissolvez la poudre dans 8 oz (240 ml) de liquide. Ajoutez-la au liquide, remuez bien et buvez immédiatement, en veillant à ne pas inhaler la poudre. Notez que l'isabgol peut gonfler et devenir épais si vous le laissez reposer et absorber le liquide. Si vous prenez des gaufrettes d'isabgol, mâchez-les soigneusement avant d'avaler. Suivez en buvant 8 oz (240 ml) de liquide.",3.630925416946411
036_22005,"Devenir une légende consiste à trouver votre vocation et à avoir un impact sur la vie des autres. L'endroit où vous finissez pourrait vous surprendre. Votre créneau peut être une profession ou un emploi, ou il peut s'agir du rôle que vous jouez à la maison en tant que mère, père, frère, sœur ou enfant. Acceptez-le ! Les légendes essaient d'être les meilleures dans leur domaine choisi. Voulez-vous faire une différence dans le monde ? Êtes-vous patient et capable de gérer le stress ? Peut-être que votre place est dans la médecine ou la santé mentale. Peut-être que c'est en tant que correspondant de guerre ou bénévole pour une organisation d'aide. Certaines personnes sont douées pour donner des conseils aux autres. Votre vocation pourrait être celle de conseiller ou de travailleur social. Peut-être avez-vous décidé que vous voulez la célébrité et la fortune. C'est bien. Visez haut, que ce soit en tant qu'athlète, banquier d'investissement ou gestionnaire de fonds spéculatifs. Les aidants sont aussi des légendes. Les papas, mamans, grands-parents, tantes, oncles – tous vivent pour leur dévouement. Trouvez des modèles à suivre. Ils pourraient être des personnes que vous admirez, comme un chirurgien talentueux ou votre professeur préféré. Ou vous pourriez choisir certaines qualités à imiter, comme la générosité de votre prêtre local ou l'altruisme de votre père. Les modèles vous aideront à grandir dans votre rôle et à évoluer en tant que personne. Même les légendes ont des sources d'inspiration. Steve Jobs idolâtrait des inventeurs comme Thomas Edison et Henry Ford, par exemple. La star du tennis Eugenie Bouchard admirait une autre légende, Maria Sharapova. Soyez prêt à apprendre et à grandir. Les légendes ne sont pas toujours humbles, mais elles sont prêtes à grandir et à s'améliorer dans ce qu'elles font. Soyez ouvert aux autres. Apprenez d'eux, imitez leurs forces et essayez enfin de les surpasser. Avez-vous déjà connu une légende avec une attitude défaitiste ? Non ! Elles sont devenues des légendes en croyant en leur vocation et en ne renonçant pas, peu importe les obstacles. Pouvez-vous imaginer un héros de la justice sociale abandonnant tout espoir pour l'avenir ? Pouvez-vous imaginer une grande athlète doutant de sa capacité à gagner le grand match ? Les légendes nous remplissent d'espoir. Que ce soit votre héros sportif d'enfance, un grand scientifique ou un mentor spirituel, vous les admirez avec respect et inspiration. Cultivez une attitude « je peux le faire ». Concentrez-vous sur les choses que vous pouvez contrôler et essayez de ne pas vous inquiéter de ce que vous ne pouvez pas. Passez à l'action également. Plus vous prenez d'initiatives, plus vous contrôlez votre vie. Essayez d'être résilient. Considérez l'échec comme une opportunité – une chance d'apprendre, de grandir et de devenir plus fort dans votre vocation. Les personnes les plus réussies (et les légendes) rencontrent également l'échec.",7.989987134933472
036_4225,"Trouvez des qualités que vous admirez chez les autres et que vous souhaitez apprendre. Si vous ne pouvez pas penser à des qualités tout de suite, pensez aux personnes que vous aimeriez être et réfléchissez à ce que vous aimez chez elles. Sont-elles gentilles ? Ambitieuses ? Travaillantes ? Ce sont des qualités que vous devriez rechercher. Pensez aux choses que vous n'aimez pas chez vous. Ne vous concentrez pas sur des éléments comme votre poids, car votre corps n'est en réalité que le conteneur dans lequel vous vous trouvez, ce n'est pas qui vous êtes. Des choses comme le poids doivent être abordées après avoir changé des éléments comme votre attitude envers les autres, votre éthique de travail et vos compétences. Réfléchissez à ce que vous souhaitez changer. Ce doivent être des choses que vous voulez réellement changer. Ce qu'ils disent est vrai : la première étape pour résoudre un problème est de reconnaître que vous en avez un. Découvrez ce qui compte vraiment le plus pour vous et ce qui serait suffisamment motivant pour changer votre mode de vie. Parlez à d'autres personnes en qui vous avez confiance, comme des partenaires, des amis et des membres de votre famille. Dites-leur ce que vous souhaitez changer dans votre vie et pourquoi. Ils pourraient avoir de bonnes idées qui peuvent vous aider à vous améliorer, ainsi qu'une vision plus claire de qui vous êtes en tant que personne. Commencez par de petits objectifs. Ne commencez pas par quelque chose comme ""arrêter de fumer"". Essayez plutôt ""fumer moins"". Diviser les objectifs en plus petits objectifs vous aidera à rester motivé et rendra vos objectifs plus réalistes. Pensez à la place de ces objectifs dans vos priorités de vie. Cela peut vraiment changer l'effort que vous mettez dans votre amélioration personnelle. Si vous ne fixez pas de date limite pour un changement, l'objectif semblerait irréel et intangible, et vous seriez moins enclin à l'atteindre. Commencez ! Ne vous contentez pas de penser à des objectifs ou à ce que vous voulez faire, sortez et faites-le !",3.2670881748199463
036_599,"Comme indiqué, l'attachement que vous ressentez pour un ex est ce qui rend les ruptures si difficiles. Vous finissez par vous sentir seul et isolé lorsque cette personne est soudainement absente de votre vie. Travaillez à établir des relations plus proches avec vos amis et les membres de votre famille pour combler le vide laissé par votre ex. Compter sur les gens peut en fait nécessiter un certain entraînement de votre part. Vous pourriez devoir vous forcer à appeler votre mère ou votre meilleur ami après une mauvaise journée au lieu de votre ex. Cependant, une fois que vous apprenez à compter sur ces personnes plutôt que sur votre ex, il sera plus facile de l'oublier. Rappelez-vous que votre ex n'est pas la seule personne dans votre vie qui vous aime et à qui vous vous sentez proche. Être célibataire ne doit pas signifier être seul. Avoir cette prise de conscience peut vous aider à guérir et à avancer dans votre vie. Ne vous lancez pas dans une nouvelle relation après une mauvaise rupture. Cela peut vous donner encore plus envie de votre ex. Cependant, des rendez-vous occasionnels après une rupture difficile peuvent en fait vous aider à avancer. Cela vous rappelle que vous êtes attrayant, désirable et que vous trouverez à nouveau quelqu'un. Allez à des rendez-vous occasionnels et amusants. Demandez à un ami de vous présenter quelqu'un. Assistez à un événement de rencontre pour célibataires. Essayez de créer un profil de rencontre en ligne. Rappelez-vous que vous ne cherchez pas nécessairement l'amour de votre vie, mais plutôt à vous amuser et à sortir pendant que vous êtes célibataire. Cela peut vous aider à déplacer votre attention romantique loin de votre ex et vers le monde des partenaires potentiels. Si vous avez des problèmes préexistants de dépression et d'anxiété, vous pourriez avoir besoin de l'aide d'un thérapeute pour surmonter votre ex. Vous pouvez demander une recommandation de thérapeute à votre médecin traitant. Vous pouvez également obtenir une liste de thérapeutes auprès de vos fournisseurs d'assurance. Si vous êtes étudiant, vous pouvez avoir droit à des conseils gratuits de votre collège ou université.",3.737839698791504
036_44077,"Un thérapeute en cristaux peut adopter plusieurs approches différentes pour favoriser la guérison du corps. Une technique de guérison courante utilisée par les thérapeutes en cristaux consiste à faire allonger leur patient sur une table, puis le thérapeute placera certains cristaux sur des parties spécifiques du corps dans l'espoir que la guérison et l'énergie positive circulent vers cette partie du corps. Les thérapeutes en cristaux utilisent des cristaux censés aider ou promouvoir certaines choses, mais ils utilisent également des systèmes de chakras comme points sur le corps où placer les cristaux. Les thérapeutes placeront généralement des cristaux sur la partie du corps souffrant d'un certain mal et utiliseront un cristal censé guérir ou soulager ce symptôme. Si vous souffrez d'un mal de tête, un thérapeute peut mettre un cristal qui soulage la tension sur ou autour de votre front. Étant donné qu'il existe de nombreux types de cristaux à utiliser sur le corps, il serait difficile de les mémoriser, donc consultez un thérapeute ou visitez un site Web comme Crystal Well-being qui répertorie les cristaux et leurs utilisations. La guérison de certains maux avec des cristaux est décrite dans la troisième partie. Cette forme de guérison par les cristaux repose davantage sur la stabilisation des systèmes de chakras, ou points d'énergie, dans le corps. Il y a sept chakras dans le corps, commençant au sommet de votre tête et se déplaçant vers la base de votre colonne vertébrale. Vous pouvez porter des bijoux de chakra, achetés dans une clinique de thérapie par les cristaux ou sur un site Web, ou vous pouvez porter des bijoux en cristal, ciblant un mal spécifique. Une autre façon pour un thérapeute en cristaux de vouloir guérir quelqu'un est d'utiliser un pendule avec un cristal à l'extrémité, et de le balancer doucement au-dessus du corps, en passant de la tête aux pieds jusqu'à ce que tous les balancements soient neutralisés. Cette méthode vise à éliminer les déséquilibres énergétiques du corps. Un thérapeute commencera généralement par les pieds de son patient et balancera doucement un pendule, jusqu'à créer un balancement régulier, équilibré des deux côtés. Ensuite, il se déplacera lentement vers le haut du corps, en maintenant le même balancement. Chaque fois que le balancement devient déséquilibré, un thérapeute restera à cette partie du corps jusqu'à ce que le pendule soit de nouveau neutralisé. Ces dispositions sont différents motifs utilisés lors du placement des pierres autour de votre corps pour favoriser un certain type de guérison ou de rajeunissement. Il existe de nombreuses dispositions de guérison différentes, certaines spécifiquement créées pour des maux tandis que d'autres visent à améliorer la stabilité émotionnelle. Vous pouvez souvent découvrir ces différentes dispositions en ligne ou en visitant une clinique. Pour que la thérapie par les cristaux fonctionne, vous devez croire que les énergies négatives s'échappent de votre corps et que les énergies positives y pénètrent. Que vous pratiquiez la thérapie vous-même ou que vous visitiez un thérapeute en cristaux, permettez-vous de vous allonger et de vous détendre, en prenant de profondes respirations et en essayant de débarrasser votre esprit des pensées distrayantes. Ensuite, vous pourriez commencer à ressentir des sentiments positifs ou de la relaxation. La thérapie par les cristaux dépend beaucoup de la croyance du patient en celle-ci. Si vous essayez de pratiquer la thérapie par les cristaux avec peu de confiance, vous pourriez continuer à ressentir des énergies et des émotions négatives. Sachez également que la thérapie par les cristaux peut ne pas être instantanée ; il peut falloir du temps pour calmer votre esprit et pour que les énergies commencent à circuler à travers les cristaux.",7.18566107749939
036_33566,"Ne portez pas de casques avec une visière qui rendra votre ventre bosselé et étrange. Un casque de vélo fonctionnera probablement le mieux pour cela. Ils existent en différentes formes, dont n'importe laquelle devrait bien faire comme faux ventre — mais essayez quelques formes différentes, si vous en avez l'option, pour voir laquelle donne le ventre de bébé le plus convaincant à votre avis. Vous ne voulez pas que votre ventre ait l'air bosselé, alors assurez-vous d'appliquer autant de couches de ruban adhésif que nécessaire pour rendre le casque complètement lisse. Une fois que vous avez terminé, il ne devrait plus y avoir de traces de relief. Si vous ne prévoyez pas d'utiliser le casque pour autre chose, vous pouvez simplement couper les sangles avec une paire de ciseaux bien aiguisés. Cela pourrait être un gaspillage d'un bon casque, cependant ! Vous pouvez aussi simplement ranger les sangles à l'intérieur du casque, puis utiliser un peu de ruban adhésif pour les fixer au dôme, en vous assurant qu'elles restent en place et ne dépassent pas du bas du faux ventre, ou vous pouvez garder les sangles et les utiliser pour fixer le ventre à votre torse. Il y a plusieurs façons d'essayer de maintenir votre casque en place, et vous pourriez même essayer une combinaison de quelques-unes de ces idées. Vous ne voulez pas que votre ventre glisse ou tombe ! Enveloppez fermement un bandage élastique (comme un bandage Ace) plusieurs fois autour du casque et de votre dos. Utilisez autant de couches que nécessaire pour sécuriser le casque et rendre le ventre lisse lorsque votre chemise est tirée dessus. Fixez le casque avec un peu de ruban adhésif de l'étape 2. Ajoutez quelques bandeaux serrés sur le casque pour le maintenir en place. Si votre chemise est trop serrée, il pourrait être évident que le ventre a une forme un peu étrange. Il est préférable de choisir une chemise plus ample et fluide.",3.7792720794677734
036_34523,"Chaque jour, vous devriez complimenter votre petite amie. C'est une manière simple de maintenir la romance dans une relation sans prendre beaucoup de temps. Faites-la se sentir comme une princesse en lui donnant des compliments spécifiques qui montrent que vous avez prêté attention à elle. Mettez en avant ses qualités personnelles—mentionnez à quel point elle est créative ou spontanée et combien vous admirez cela. Exprimez votre appréciation pour ses actions quotidiennes. Montrez-lui que vous remarquez qu'elle a pris le temps de coiffer ses cheveux d'une nouvelle manière ou qu'elle a essayé de créer un nouveau look avec ses vêtements. Dites-lui comment elle vous fait ressentir. Par exemple, si elle a un certain regard qui vous fait fondre, dites-le-lui. Même si vous ne pouvez pas l'expliquer exactement, exprimez-le. Une promenade romantique est gratuite et facile à faire chaque jour. Même si vous n'avez le temps de marcher qu'un mile, faites-le ensemble. Pendant votre promenade, assurez-vous de lui tenir la main ou de mettre votre bras autour de ses épaules. Un message texte ou un e-mail chaque jour est une autre manière gratuite d'être romantique avec votre petite amie. Choisissez un moment différent chaque jour pour lui envoyer ce message afin de la garder sur ses gardes. Cela peut être quelque chose d'aussi simple que « Je t'aime » ou vous pouvez le rendre spécifique. Essayez de le faire à un moment où elle est très occupée. Essayez de donner une nouvelle tournure à vos messages quotidiens en l'écrivant sur son miroir avant qu'elle ne se réveille ou en le plaçant sur une note et en la mettant dans la poche de sa veste. Demandez-lui des nouvelles de son travail ou de sa famille et écoutez-la lorsqu'elle vous répond. Choisissez une partie de sa vie à laquelle vous n'êtes pas directement lié et laissez-la vous en parler. Elle se sentira à l'aise de se confier à l'avenir, ce qui peut prévenir les disputes. Ce geste romantique doit être fait avec une curiosité et une préoccupation sincères.",3.184967279434204
036_2694,"Soyez honnête. Vous n'avez pas besoin de justifier votre décision de manière excessive ; il suffit de dire que vous n'êtes tout simplement pas attirée par ce gars. Vous pouvez être attirée par lui, mais pour une raison quelconque, vous ne pouvez pas accepter son offre – peut-être que votre amie l'aime, ou que vos parents ne vous laissent pas sortir, ou que vous ne vous sentez pas prête pour une relation. Quelles que soient les circonstances, il est important d'être honnête avec ce gars et avec vous-même. Si vous n'êtes pas attirée par lui, c'est tout ce que vous devez dire. Ne soyez pas méchante à ce sujet et ne l'insultez pas. Dites quelque chose comme : ""J'aime notre amitié, mais je ne suis pas attirée par toi de cette manière."" Si votre amie l'aime, ne divulguez pas le secret – à moins que votre amie ne dise que c'est d'accord. Dites simplement au gars que vous n'êtes pas intéressée, et ne laissez pas entendre qu'il y a une autre raison derrière votre choix. Si vos parents ne vous laissent pas sortir, n'hésitez pas à être honnête avec le gars. Faites cependant attention à ne pas lui donner de faux espoirs. Si vous lui dites que vous avez un énorme coup de cœur pour lui, mais que vous ne pouvez pas sortir avec lui, vous risquez de ne pas stopper ses avances. Si vous ne vous sentez pas prête pour une relation, c'est normal. Vous trouverez quelqu'un à votre propre rythme, et ce sera bien mieux si votre cœur y est entièrement. Ce gars pourrait être le premier à vous inviter, mais il ne sera pas le dernier. Ne faites pas d'excuses, et n'acceptez pas d'aller à un rendez-vous juste pour être gentille. Sans aucun doute, il préférerait un ""oui"" à un ""non"" – mais il est probable qu'il préfère faire face à un rejet immédiat que de vous forcer à aller à un rendez-vous de pitié. Dites quelque chose de simple comme : ""Je suis désolée, mais je ne t'aime pas de cette manière."" Vous n'avez pas besoin d'expliquer en détail pourquoi vous n'êtes pas intéressée ; vous devez simplement faire passer l'idée principale. Essayez de ne pas l'humilier avec un long discours. Si il demande des raisons spécifiques, n'hésitez pas à expliquer pourquoi vous n'êtes pas intéressée. Assurez-vous de ne pas laisser cela devenir un débat, et ne le laissez pas vous convaincre de sortir avec lui. Soyez ferme et claire. Ne faites pas de compromis. Si vous êtes amie avec ce gars, vous pouvez citer cela comme raison. Dites : ""J'aime notre amitié, mais je ne suis pas attirée par toi romantiquement. Pouvons-nous garder notre amitié telle qu'elle est ?""",5.229888200759888
036_21291,"Cela va invoquer un menu déroulant. Il se trouve en bas du menu. Cela ouvrira la fenêtre ""Propriétés d'affichage"". Si ""Propriétés d'affichage"" ne s'ouvre pas sur l'onglet ""Paramètres"", cliquez dessus en haut de la fenêtre. C'est près du bas de la fenêtre ""Paramètres d'affichage"". Faire glisser le curseur vers la gauche diminuera la résolution de votre écran, tandis que le faire glisser vers la droite augmentera la résolution. Augmenter votre résolution rendra les éléments plus petits, tandis que diminuer la résolution les rendra plus grands. Si vous avez des difficultés à voir les choses sur votre ordinateur, essayez de baisser votre résolution. Si vous souhaitez obtenir l'image la plus claire possible, augmentez la résolution à la taille recommandée pour votre affichage. C'est en bas de la fenêtre. Après cela, votre écran changera de résolution et une boîte de confirmation apparaîtra. En procédant ainsi, vos paramètres de résolution seront enregistrés. Si vous n'aimez pas les nouveaux paramètres de résolution, attendez quelques secondes ; l'écran reviendra aux anciens paramètres. Votre nouvelle résolution sera enregistrée.",2.345182180404663
036_15519,"Vous devriez planifier votre vie quotidienne afin de ne pas oublier de profiter de votre temps libre. Il est important de prendre le temps de vous amuser, car cela vous aidera à mieux faire face à la situation. Accordez-vous du temps pour être seul ou sortez avec des amis. Allez voir un film avec des amis, créez des moments spéciaux de « temps seul » ou offrez-vous un massage de temps en temps. Malgré le fait que vous preniez soin de quelqu'un d'autre, vous devriez toujours garder votre vie sociale active. Restez en contact avec vos amis, maintenez votre relation amoureuse et visitez votre famille lorsque vous en avez l'occasion. Avoir un bon réseau d'amis et de famille vous aidera à traverser les jours difficiles qui viendront. La santé mentale et physique sont liées. Lorsque votre corps est en bonne santé, votre esprit et vos émotions peuvent également être en bonne santé. Faites de l'exercice régulièrement et mangez des repas équilibrés. Faire de l'exercice peut également être un excellent moyen de réduire le stress ou de vous éloigner d'une situation tendue. Si vous avez du mal à maintenir votre patience, allez courir ou faites une longue marche. Le yoga est un excellent moyen d'exercer à la fois l'esprit et le corps. Inscrivez-vous à un cours de yoga local et pratiquez pour trouver votre calme intérieur. Un groupe de soutien est un endroit où vous avez l'occasion de rencontrer de nombreuses personnes qui, sous diverses formes, sont associées à des personnes souffrant de schizophrénie. C'est un endroit où vous pouvez vous attendre à être accepté tel que vous êtes, où vous pouvez recevoir un soutien inconditionnel et où votre situation est complètement comprise sans aucun stigmate. Encouragez votre proche à rejoindre un groupe de soutien. En plus d'offrir de l'aide aux membres de la famille, les groupes de soutien aident également les personnes atteintes de schizophrénie à développer des forces personnelles et de la résilience, toutes deux nécessaires pour lutter contre cette maladie.",3.2115159034729004
036_51154,"Vos expressions faciales, votre position corporelle ainsi que le ton de votre voix peuvent tous influencer à quel point vous semblez drôle. Utilisez votre langage corporel pour donner aux autres une première impression positive et pour vous rendre plus accessible et sociable. Essayez certains des signaux suivants pour alerter les autres que vous êtes intéressé à les approcher et à avoir une conversation : levez les sourcils, offrez votre main pour une poignée de main, ouvrez vos bras pour un câlin, souriez, établissez un contact visuel et placez-vous au centre ou près du centre de la pièce. Il peut être difficile de surmonter l'anxiété sociale et d'aller vers quelqu'un, mais c'est l'un des meilleurs moyens non seulement d'être plus sociable, mais aussi plus accessible. Bien que cela puisse sembler contre-intuitif, si vous montrez votre volonté d'aller vers quelqu'un et de vous présenter, cela peut aider la personne à se détendre. Cela peut à son tour susciter des conversations et renforcer votre confiance en vous. 

Jetez un coup d'œil autour de la pièce ou de l'espace où vous vous trouvez et voyez s'il y a des partenaires de conversation potentiels. Établissez un contact visuel avec la personne et avancez lentement vers elle. Observez le langage corporel de l'autre personne en vous approchant. Si elle croise les bras ou détourne le regard, cela peut être un signe qu'elle n'est pas intéressée à discuter avec vous. Passez simplement à une autre personne qui semble accessible et intéressante pour vous. Vous pouvez vous aider à être plus sociable en engageant des conversations dans n'importe quelle situation. Cela peut être difficile au début, mais plus vous entamez de discussions, plus cela deviendra facile et plus vous paraîtrez détendu. Cela envoie également le signal aux autres que vous êtes ouvert, sociable et accessible.

Parlez aux personnes dans votre proximité générale, même si ce sont des inconnus complets. Que vous soyez à une conférence de travail ou à un pique-nique familial, regardez les personnes autour de vous comme des partenaires de conversation potentiels. Indiquez-leur par votre langage corporel que vous êtes intéressé à discuter. Gardez les sujets de conversation appropriés à la situation. Par exemple, ne parlez pas de votre vie personnelle lors d'une conférence de travail et ne ventilez pas sur votre emploi lors d'un mariage. Que vous soyez avec de nouvelles personnes ou de vieux amis, vous pourriez être un peu réticent à réellement rejoindre une conversation ou une activité. Brisez la glace avec une blague ou une déclaration pour soulager toute tension et rendre les gens heureux. 

Pensez à des choses légères ou drôles à dire à l'avance. Assurez-vous que c'est approprié pour la situation. Par exemple, si vous êtes avec des personnes que vous ne connaissez pas, vous pourriez dire « Pas étonnant qu'il fasse si chaud ici, il y a beaucoup de lobbyistes qui soufflent de l'air chaud. » Dans une situation où vous connaissez les personnes, vous pourriez exclammer « Le maître du grill est arrivé. » Offrez un compliment, ce qui peut détendre les autres et les rendre heureux. Cela peut alors faciliter votre sociabilité. Par exemple, vous pourriez dire « Vous avez les plus beaux cheveux roux » ou « C'est une belle montre que vous portez. » Faites savoir à la personne ou au groupe qui vous êtes, même si vous êtes déjà familier. Cela peut signaler aux gens que vous êtes accessible et que vous souhaitez des conversations. Faites savoir à la personne votre nom et quelque chose sur vous si vous ne la connaissez pas. Par exemple, essayez « Salut, je suis Jack et j'adore nager. Je viens à cette plage quelques fois par semaine et je ne vous ai jamais vu ici. Quel est votre nom et aimez-vous cette plage ou la natation aussi ? » Répétez le nom de la personne pour vous aider à vous en souvenir et montrer votre intérêt. Par exemple, dites « Salut Christopher, c'est un plaisir de vous rencontrer ! Vous allez dans l'eau ? »

Soyez honnête avec les personnes que vous connaissez. Vous pouvez dire quelque chose comme « Hé, c'est la nouvelle Emily. J'essaie d'être plus sociable avec les gens et de sortir de ma coquille. » Vous pourriez découvrir que vos amis, votre famille ou même des connaissances prendront cette indication pour vous aider à être plus sociable avec des invitations ou à rechercher des conversations avec vous. Vous pouvez maintenir une conversation en donnant vos pensées et vos opinions. Cependant, rappelez-vous de garder l'ambiance aussi légère que possible afin que la conversation ne se termine pas ou que vous n'aliéniez pas votre partenaire de discussion. Trouvez un intérêt commun que vous avez avec la personne et parlez-en. Vous pouvez dire quelque chose comme « pouvez-vous croire ce qui se passe dans le monde du cyclisme en ce moment ? C'est de la folie ! » Laissez la conversation s'écouler aussi naturellement que possible entre différents types de sujets. Assurez-vous que chaque personne parle également, ce qui peut renforcer votre confiance et vous aider à être plus sociable lors des conversations.

N'hésitez pas à exprimer vos opinions d'une manière qui inclut votre partenaire de conversation. Par exemple, vous pourriez dire « J'ai remarqué que les prix dans notre supermarché local ont vraiment augmenté et autant que j'aime soutenir les petites entreprises, je ne suis pas sûr de pouvoir continuer à y faire mes courses. Avez-vous eu cette expérience aussi ? » Organisez une petite fête ou une soirée ou acceptez l'offre de quelqu'un de se rencontrer, surtout si ce ne sont pas des activités que vous faites normalement. Sortir et interagir avec d'autres personnes peut vous aider à être plus sociable et détendu. Cela comporte également un élément de risque. 

Organisez un dîner ou rassemblez un petit groupe dans un restaurant. Invitez un mélange de personnes de vos cercles sociaux ou professionnels. Cela vous mettra au centre de l'attention en tant qu'hôte et vous forcera à parler à chaque personne et à commencer des conversations au sein du groupe. Invitez quelqu'un que vous aimeriez mieux connaître à prendre un café ou à déjeuner. Suivez votre temps ensemble avec une autre rencontre et voyez si une amitié s'épanouit. Acceptez les invitations que les autres vous adressent. Cela peut vous donner la chance de rencontrer de nouvelles personnes et de travailler à être plus sociable. Rappelez-vous que ne pas accepter les invitations plusieurs fois envoie un message que vous n'êtes pas intéressé. Cela peut vous conduire à être exclu des activités amusantes. L'un des signes distinctifs d'une personne sociable est qu'elle n'est pas silencieuse autour des inconnus et qu'elle parle à beaucoup de gens différents dans n'importe quelle situation. Profitez de l'occasion lors d'événements personnels ou professionnels pour engager des conversations avec différentes personnes. Ce n'est peut-être pas facile au début, mais plus vous le faites, plus cela devient facile. 

Approchez-vous d'une personne ou d'un groupe. Écoutez tout ce qu'ils pourraient dire et engagez-vous en disant : « Puis-je m'approcher un peu ? Je suis vraiment intéressé par la conversation. » Présentez-vous à une personne au sein d'un groupe. Elle pourrait alors vous intégrer dans le groupe et/ou la conversation.",10.39662218093872
036_13072,"Organiser une fête pour un adolescent peut être un processus difficile, car ce que les adolescents trouvent cool et ce que leurs parents pensent être cool se situent souvent dans des univers totalement différents. Vous aurez besoin de beaucoup de temps pour discuter avec eux de ce qu'ils aimeraient, ou si vous êtes l'adolescent qui planifie la fête, vous aurez besoin de temps pour en parler avec vos parents et vos amis.  Établissez un budget pour la fête. Voyez ce que vous pouvez dépenser pour des choses comme la nourriture, les boissons, les décorations, la musique, etc. Laissez l'adolescent s'occuper des invitations. Encore une fois, les parents ne comprennent généralement pas ce qui est cool ou embarrassant pour leurs adolescents, et les invitations manuscrites pourraient être un ticket pour la honte à l'école. Laissez-les décider comment ils vont inviter les gens, tant que ce sont les invités convenus et non ouverts à tout le monde à l'école. Bien qu'une fête à thème ne soit peut-être pas assez cool pour votre adolescent, il existe de nombreux types de fêtes possibles. Est-ce une fête d'anniversaire ? Une fête de vacances (comme Halloween) ? Une fête de remise des diplômes ? Chacune de ces occasions nécessitera des décorations différentes (si l'adolescent veut des décorations) et parfois des aliments différents.  Vous devez également réfléchir au type de fête en termes d'emplacement. Une fête sur la plage avec un feu de camp nécessitera une configuration et une énergie différentes par rapport à une fête d'Halloween chez vous. Une fête en extérieur nécessitera des préparations pour le temps (avoir une zone à proximité qui est couverte, par exemple). N'oubliez pas qu'une soirée pyjama pour filles sera très différente d'une fête de remise des diplômes. Pour la première, un responsable ou un parent devra simplement s'assurer que les filles ne sortent pas discrètement, sinon vous n'avez généralement pas à vous en inquiéter. Le second type de fête est plus susceptible de devenir incontrôlable et nécessitera une supervision. Vous voulez vous assurer que les amis de l'adolescent peuvent venir à la fête, alors essayez de donner un préavis pour une plus grande fête, comme une grande fête d'anniversaire ou une extravagance d'Halloween (au moins quelques semaines). Pour une petite fête, vous n'aurez généralement pas besoin de autant de temps, à moins qu'il ne s'agisse d'une fête vraiment importante.  Évitez les nuits scolaires et les dimanches soirs pendant l'année scolaire. Les adolescents devraient, espérons-le, être reposés pour l'école et avoir le temps de faire leurs devoirs. Faire la fête empiétera sur ce temps. Assurez-vous que les parents des adolescents invités savent ce qui va se passer à la fête. Tout rassembler rendra la fête réussie. Cela signifie avoir la bonne nourriture et la bonne musique. Si vous l'avez planifié à l'avance, cela ne devrait pas être trop difficile.  Pour la nourriture, vous voulez quelque chose de facile à grignoter. Des chips et de la sauce, des bretzels, des bonbons et des cookies, de la pizza et quelques légumes coupés avec une sauce, sont tous d'excellents choix. Vous pourriez également couper des fruits et avoir un plateau de fruits. Si vous mettez un peu de sauce au chocolat au milieu, vous aurez une option amusante (et quelque peu saine). Laissez les adolescents fournir la musique eux-mêmes. Ils auront généralement des iPods et des téléphones chargés de leur type de musique. Il suffit de brancher des haut-parleurs et une connexion MP3, pour qu'ils puissent mettre la musique plus fort pour danser. Si vous vous inquiétez pour les voisins, assurez-vous de tester le son à l'avance et de vérifier avec eux. Pour les boissons, vous aurez besoin de sodas et d'eau. N'oubliez pas que, sauf si l'âge légal pour boire est de 18 ans ou moins, vous pourriez avoir des problèmes si de l'alcool est présent à la fête, même si vous ne l'avez pas fourni. Il est bon d'utiliser des assiettes et des gobelets en papier pour faciliter le nettoyage par la suite. Les adolescents ne sont généralement pas très exigeants sur ce qu'ils utilisent pour manger. Si vous êtes soucieux de l'environnement, il existe généralement des assiettes en papier biodégradables et d'autres choses que vous pouvez utiliser. Encore une fois, cela peut dépendre du type de fête, mais il est généralement préférable d'avoir différentes zones désignées pour différentes activités, comme danser, jouer au baby-foot, aux jeux vidéo, ou une zone à manger.  Assurez-vous d'avoir des containers à déchets évidents dans chaque zone. Cela facilitera leur nettoyage et rendra l'après-fête plus simple. Il est préférable que l'adolescent détermine où chaque zone sera (avec le consentement de l'adulte) car ils connaissent le mieux leurs amis et leurs camarades. Bien qu'avoir un responsable qui surveille de près puisse être rebutant pour les fêtes d'adolescents, ne pas avoir de supervision peut entraîner de nombreuses mauvaises décisions de la part des adolescents lors de la fête.  Si c'est un adulte qui supervise, essayez d'être ailleurs pendant la fête. Par exemple, si la fête a lieu chez l'adolescent, l'un des parents ou un frère ou une sœur plus âgé(e) (responsable) devrait être dans une autre pièce de la maison. Vérifiez de temps en temps la fête en faisant un tour sur le chemin de la cuisine ou des toilettes. S'il y a quelqu'un qui est dans sa fin d'adolescence ou dans la vingtaine et qui est de confiance, voyez s'il peut superviser la fête. Ils seront beaucoup plus cool qu'un parent, mais pourront quand même garder la fête sous contrôle. Il est préférable que l'adolescent fasse le nettoyage dans le cadre de son apprentissage. Ils organisent la fête, ils doivent nettoyer après. Cela devrait également rendre moins probable que la fête devienne incontrôlable car ils savent qu'ils devront s'occuper de tout ce qui se passe. Demandez à quelques amis de rester après pour aider au nettoyage. Mettez de la musique pour rendre le tout plus agréable.",8.903762102127075
036_49369,"Une fois que vous avez fini de laver le sol avec la solution de vinaigre, vous devrez rincer le sol à l'eau claire. Jetez la solution de vinaigre dans un drain. Remplissez le seau d'eau chaude et propre. S'il y a des taches sur le sol, essayez de mélanger une petite quantité de vinaigre avec du bicarbonate de soude pour former une pâte, par exemple 1 partie de vinaigre pour 3 parties de bicarbonate de soude. Appliquez la pâte sur la tache avec une brosse à récurer ou une éponge. Ensuite, utilisez un essuie-tout humide pour enlever la pâte.",1.5816960334777832
036_15091,"Faites une coupe au centre de la tomate. Essayez de garder les deux moitiés à peu près de la même taille. Faites une série de trois à quatre coupes longitudinales sur chaque moitié de votre tomate. Cela devrait couper votre tomate en quartiers. Chaque quartier doit être à peu près de la même taille. Placez chaque quartier sur une table ou une planche à découper, la peau vers le bas. Tranchez la tomate avec un couteau pour enlever la partie blanche et charnue de la tomate. Les graines sont attachées à cette partie, donc elles seront également tranchées. Parfois, des graines restent sur la tomate après avoir découpé la partie charnue. Si des graines ne sortent pas, retirez-les avec vos doigts. Les tomates Roma sont très petites et délicates. Elles ont tendance à avoir moins de graines et celles-ci peuvent être difficiles à enlever sans endommager les tomates. Il est généralement acceptable de laisser les graines des tomates Roma intactes.",1.962190866470337
036_48757,"Dès que vous remarquez qu'une de vos chaussettes n'est pas en paire, mettez-la dans un petit panier sur le dessus du sèche-linge, désigné pour les chaussettes dépareillées. Espérons que votre chaussette seule sera réunie avec son match après le prochain cycle. Passez la main à l'intérieur du lave-linge et du sèche-linge et faites glisser vos mains le long du fond, des coins et des crevasses après chaque utilisation. De temps en temps, vous êtes sûr de trouver quelques chaussettes laissées derrière. Comptez vos chaussettes avant et après chaque chargement pour vous assurer que vous avez tout ce que vous avez commencé, et retracez vos pas après avoir transporté le chargement loin du sèche-linge pour vous assurer que vous n'avez rien laissé tomber en transportant vos vêtements.",2.6861183643341064
036_32012,"La pharyngite streptococcique est une infection contagieuse causée par des bactéries streptocoques. Le symptôme caractéristique de la pharyngite streptococcique est un mal de gorge, mais ce n'est pas le seul symptôme. Vous pouvez éprouver de la douleur ou des difficultés à avaler. En plus d'un mal de gorge sévère qui apparaît rapidement, vos amygdales peuvent sembler rouges et enflées, parfois avec des taches blanches ou du pus. Vous pouvez également avoir de petites taches rouges sur la zone au fond du palais. L'infection provoquera également un gonflement des glandes lymphatiques dans votre cou. Si vous palpez votre cou, vous remarquerez probablement le gonflement, qui sera également sensible au toucher. Faites particulièrement attention aux glandes à l'avant de votre cou, sous votre mâchoire, de chaque côté de votre voie respiratoire. Les glandes lymphatiques enflées sentiront comme de petites bosses dures sous votre peau. La pharyngite streptococcique ou d'autres infections de la gorge peuvent causer une mauvaise haleine. Vos amygdales infectées commenceront à sécréter des globules blancs morts, qui dégagent une odeur particulière semblable à une protéine. La fièvre et les frissons sont deux autres symptômes distinctifs de la pharyngite streptococcique. La fièvre est généralement la plus élevée au deuxième jour de l'infection lorsque votre corps réagit. La température corporelle normale est de 98,6°F (37°C). Des fluctuations supérieures à un ou deux degrés Fahrenheit (un demi à un degré Celsius) sont un signe que vous pourriez avoir une infection. Si vous avez une fièvre supérieure à 101°F (38,3°C) ou une fièvre qui dure plus de 48 heures, appelez votre fournisseur de soins de santé. Chaque fois que votre système immunitaire répond vigoureusement à une infection, vous pouvez également éprouver des symptômes généraux semblables à ceux de la grippe. Ces symptômes peuvent inclure : éruption cutanée, généralement sur la poitrine, ayant l'apparence et la sensation de papier de verre, mal de tête, fatigue, douleur abdominale, nausées ou vomissements (surtout chez les enfants). En fin de compte, votre médecin devra diagnostiquer si votre maladie est une pharyngite streptococcique ou causée par autre chose. Votre corps commencera à éliminer la plupart des infections virales qui peuvent causer des symptômes similaires en un jour ou deux (pas complètement mais une différence notable), donc vous devriez consulter votre médecin si les symptômes persistent à la même intensité pendant plus de 48 heures.",3.714536666870117
036_12572,"Faites un mouvement simple, comme taper vos pieds et vous étirer. Si cela devient une habitude, cela pourrait vous éviter de vous endormir pendant ces derniers moments critiques et cela peut vous garder éveillé sans être distrayant. Essayez de garder de la musique en arrière-plan. Si elle a un bon rythme, vous pourriez vous retrouver à taper naturellement du pied au tempo. Évitez une diminution de votre énergie et de votre motivation en vous fixant un rythme constant : par exemple, essayez 40 à 55 minutes de travail, puis une pause de 5 à 20 minutes, ou peut-être une petite marche à l'extérieur dans un endroit sûr et bien éclairé. Regarder fréquemment une horloge peut vous distraire de votre travail. Prendre des pauses est particulièrement important si vous travaillez sur un ordinateur ; cela aidera à prévenir les maux de tête et la fatigue oculaire. Prenez une courte pause pour regarder un extrait d'un film d'horreur si vous pensez que cela aidera votre productivité. Les films d'horreur peuvent vous garder alerte, mais ne regardez pas si cela devient une distraction ; il suffit de regarder un peu pendant une pause de 5 à 20 minutes. Choisissez un film dont le sujet vous fait vraiment peur. Il serait inutile de regarder un film sur des araignées géantes si vous aimez les araignées. Si vous ne trouvez pas de film d'horreur, envisagez de regarder un documentaire sur un sujet terrifiant à la place. Le café ou le thé peuvent sembler être une solution idéale à ce moment-là, mais vous pourriez avoir un coup de fouet temporaire puis vous sentir très fatigué le lendemain (peut-être à mi-parcours de votre test ou réunion). Essayez de rester hydraté avec de l'eau à la place. Buvez 2 verres d'eau glacée toutes les 30 minutes. Non seulement l'eau froide vous aidera à rester éveillé, mais vous devrez uriner souvent, ce qui vous gardera alerte. Le thé à base de plantes non caféiné vous gardera également naturellement éveillé grâce à la grande quantité d'herbes dans le thé. Gardez à l'esprit que certaines tisanes, comme la camomille, vous endormiront. Évitez les thés étiquetés comme ""coucher"" ou ""calmant"". Des aliments comme des sandwiches, du fromage et d'autres produits laitiers peuvent vous permettre de vous sentir plus alerte. Les aliments sucrés peuvent vous rendre éveillé pendant un moment, mais finiront par vous faire vous sentir fatigué et somnolent. Les pommes gardent votre glycémie stable, vous permettant de rester éveillé plus longtemps. Tout fruit ou aliment sain est meilleur que de manger des aliments sucrés. Évitez de manger un repas copieux la veille de la nuit blanche. Cela vous laissera sentir léthargique et endormi. Mangez un repas léger et sain, comme un sauté. Évitez l'alcool, car ce dépresseur vous rendra somnolent. Vous ne l'apprécierez peut-être pas, mais une musique dure et rythmiquement irrégulière gardera votre esprit alerte. Essayez de vous en tenir à de la musique instrumentale, qui est moins distrayante. Cela vous empêchera d'être bercé jusqu'au sommeil. Si d'autres dorment autour de vous, vous devrez clairement garder le volume de la musique bas. Utilisez des écouteurs si nécessaire. Il existe des points d'acupression sur vos oreilles, et lorsqu'ils sont stimulés, ils envoient des signaux électriques dans votre cerveau. Après avoir fait cela, vous vous sentirez énergique et plus éveillé. Par exemple : exercer une pression sur le bout de votre oreille peut soulager la pression dans votre dos et vos épaules. Pincer la partie supérieure et centrale de l'oreille peut aider à soulager la douleur dans vos articulations.",6.538893461227417
036_37734,"Découvrez si votre orchidée est une orchidée à ""croissance froide"" ou à ""croissance chaude"". Les deux types préfèrent des températures qui se situent dans une plage légèrement différente. Les orchidées à croissance chaude incluent les variétés vanda, phalaenopsis et oncidium. Les orchidées à croissance froide comprennent les variétés phragmipedium, miltonia et cymbidium. Abaissez la température d'environ 15 °F (−9 °C) la nuit. Dans la nature, les orchidées poussent dans des endroits qui connaissent une chute similaire de la température nocturne. Par conséquent, faire baisser manuellement la température de cette manière chez vous, au moins dans la pièce où votre orchidée pousse, encouragera la plante à fleurir et à prospérer. Maintenez les orchidées à croissance chaude à une température entre 75 et 85 °F (24 à 29 °C) pendant la journée. La nuit, laissez la température descendre entre 65 et 75 degrés. Gardez les orchidées à croissance froide à une température entre 65 et 80 degrés Fahrenheit pendant la journée. La nuit, laissez la température descendre entre 50 et 65 degrés. Cela est particulièrement important par temps chaud. Ouvrez les fenêtres lors de journées chaudes et moites ou placez un petit ventilateur à proximité. L'air stagnant et vicié ralentira la croissance de l'orchidée. Le type d'orchidée nécessite des quantités d'arrosage légèrement différentes. En général, il est préférable d'arroser votre orchidée tous les 5 à 12 jours, selon la période de l'année et la température. Si vous traversez une période de chaleur, vous devrez peut-être arroser votre orchidée plus fréquemment. Les racines doivent rester uniformément humides tout au long de l'année, mais la plante n'aura pas besoin de tant d'eau pendant les mois plus frais, lorsque la croissance est naturellement réduite, qu'elle n'en a besoin pendant les mois chauds et vibrants. Les orchidées qui doivent rester humides en tout temps sont Paphiopedilum, Miltonia, Cymbidium et Odontoglossum, pour n'en nommer que quelques-unes. Les orchidées qui doivent être humides pendant la croissance active, mais presque sèches entre les arrosages, sont celles comme Cattleya, Oncidium, Brassia, Dendrobium. Pour certaines orchidées, vous devrez les laisser sécher entre les arrosages. Celles-ci incluent Phalaenopsis, Vanda, Ascocenda. En cas de doute, suivez les instructions qui accompagnent votre orchidée ou recherchez les besoins en arrosage pour votre orchidée particulière en ligne. Ce ne sont que des directives générales, car cela dépend vraiment du type d'orchidée. Lorsque l'orchidée pousse activement, il peut être préférable de la fertiliser chaque semaine ou toutes les deux semaines. Cependant, vous devez vous assurer que vous l'arrosez sans fertiliser au moins une fois par mois afin que l'eau puisse éliminer les sels excédentaires des engrais. Pour de meilleurs résultats, utilisez un engrais spécialement conçu pour les orchidées. Vous pouvez également utiliser n'importe quel engrais équilibré pour les potées. Évitez de fertiliser trop souvent. Si vous faites cela, vous allez submerger la plante et avoir un effet néfaste sur sa croissance, surtout pendant ses périodes de dormance. Certaines orchidées n'ont pas besoin d'engrais du tout. En fait, beaucoup d'orchidées sont parfaitement heureuses de fleurir année après année sans aucun engrais. Lorsque toutes les fleurs sont tombées, taillez la tige de l'orchidée juste au-dessus du nœud le plus bas (petite gravure triangulaire qui est un potentiel nouveau bourgeon). Coupez en diagonale. Cela encouragera une nouvelle croissance. Tant que vous continuez à arroser chaque semaine, vous devriez pouvoir voir de nouvelles floraisons apparaître. Gardez à l'esprit que certaines orchidées ne fleurissent qu'une fois par an. Un bon moyen de déterminer si votre orchidée a besoin d'être rempotée est simplement de vérifier sa croissance. Si une orchidée en bonne santé ne fleurit pas même si les niveaux de lumière, de température et d'humidité sont tous suffisants, vous devrez peut-être la rempoter. Évitez de rempoter lorsqu'elle est en fleurs. Sélectionnez une taille de pot en fonction de la taille de la masse racinaire, donc vous ne rempoterez pas nécessairement dans un pot plus grand. Les orchidées aiment être un peu à l'étroit dans leurs pots et un pot trop grand les empêchera de produire autant de feuillage ou de fleurs. Choisissez un nouveau pot, un nouveau terreau et transférez l'orchidée. Les orchidées qui nécessitent un rempotage annuel sont : Dendrobium, Miltonia, Paphiopedilum et Phalaenopsis et leurs hybrides. Les orchidées qui nécessitent un rempotage tous les deux ans sont : Cattleya, Dendrobium, Oncidium, Odontoglossum et leurs hybrides. Les orchidées qui nécessitent un rempotage tous les trois ans sont : Vanda et ses alliés, et Cymbidium.",7.7626965045928955
036_11479,"Placez le bouquet de romarin dans une passoire et versez de l'eau courante dessus. Vous pouvez également frotter les brins avec vos mains sous l'eau pour aider à déloger toute saleté ou autres débris restants du jardin. Transférez le romarin lavé sur un torchon et épongez-le pour le sécher. Utilisez une paire de ciseaux bien aiguisés ou un couteau pour couper des brins individuels de romarin du bouquet. Retirez les brins à la base où ils poussent à partir du plus grand bouquet. Vous pouvez également couper et jeter les grosses morceaux de tige qui n'ont pas d'aiguilles. Les tiges de romarin sont savoureuses, mais elles sont ligneuses, dures et peu agréables à manger. Des brins entiers de romarin sont excellents pour finir, garnir et ajouter de la saveur à certains plats. Vous pouvez soit ajouter les brins après la cuisson pour finir un plat, soit cuire des rôtis, des soupes et d'autres repas avec des brins entiers de romarin. Comme les feuilles de laurier, les brins de romarin cuits avec des aliments sont généralement retirés avant de servir. Pincez le bout du brin de romarin et utilisez votre autre main pour entourer la tige juste en dessous du bout. Appliquez une pression douce et faites glisser vos doigts le long de la tige pour enlever les aiguilles. Transférez les aiguilles sur une planche à découper et jetez les tiges. Au lieu de jeter les tiges, vous pouvez également les accrocher pour les faire sécher et les conserver pour les utiliser comme brochette pour les légumes et la viande que vous souhaitez griller. Lorsque vous voulez inclure du romarin directement dans vos recettes, il est préférable d'utiliser les aiguilles individuelles plutôt que le brin entier. Avec un couteau bien aiguisé, hachez les aiguilles de romarin jusqu'à ce qu'elles soient très fines. Les aiguilles de romarin peuvent être assez dures, même cuites, et cela aidera à les rendre plus faciles à manger.",3.8014278411865234
036_28288,"Le jus de citron contient de l'acide citrique qui est un agent de blanchiment naturel. Par conséquent, appliquer du jus de citron sur les coudes peut aider à éclaircir la peau. Pour l'utiliser : coupez un gros citron en deux. Pressez un peu de jus des deux moitiés afin d'obtenir deux moitiés creuses ou ""tasses"". Frottez chaque tasse de citron sur vos coudes. Vous pouvez frotter l'excès de pulpe, mais ne lavez pas vos coudes pendant environ 3 heures. Cela donne au jus de citron le temps d'agir plus profondément. Rincez le jus de citron avec de l'eau tiède. Comme le jus de citron peut être asséchant, vous devez hydrater la zone avec votre hydratant corporel préféré. Répétez ceci tous les jours jusqu'à ce que la peau foncée commence à s'estomper. Vous devriez voir une différence significative dans quelques semaines. Un mélange de crème épaisse et de curcuma fonctionne bien pour éclaircir la peau des coudes, en particulier chez les personnes ayant une peau plus foncée. Le curcuma est un agent de blanchiment naturel qui aide à réduire la mélanine dans la peau. Prenez de la crème épaisse (ou du lait avec une teneur élevée en matières grasses) et faites-la bouillir jusqu'à ce qu'elle épaississe et devienne caillée. Mélangez une demi-cuillère à café de curcuma et réduisez en pâte. Appliquez cette pâte sur vos coudes (et genoux) en effectuant un mouvement circulaire, laissez-la reposer pendant environ 20 minutes, puis rincez-la à l'eau. Soyez conscient que le curcuma peut teindre la peau d'une couleur jaune orangé qui est particulièrement visible sur une peau pâle. La couleur s'estompera après un jour ou deux. Vous pouvez également remplacer la crème épaisse par du yaourt. Vous n'aurez pas besoin de le faire bouillir pour obtenir le même effet de changement de couleur. Ce remède aide à éclaircir les coudes car le lait contient de l'acide lactique qui réduit la pigmentation de la peau, tandis que le bicarbonate de soude aide à exfolier les cellules mortes de la peau. Mélangez suffisamment de lait pour transformer le bicarbonate de soude en pâte. Appliquez sur vos coudes et frottez doucement en effectuant un mouvement circulaire. Faites cela pendant environ 3 minutes ou jusqu'à ce que vous remarquiez que votre peau est plus claire. Ces combinaisons contiennent à la fois de l'acide lactique et acétique, qui aident chacune à éclaircir la couleur de votre peau. Pour l'utiliser, mélangez une cuillère à café de yaourt avec une cuillère à café de vinaigre blanc ou de jus de citron et mélangez jusqu'à obtenir une pâte homogène. Appliquez sur vos coudes en frottant en mouvement circulaire. Laissez le mélange agir pendant 20 minutes, puis rincez et hydratez. Le lait de babeurre peut éclaircir votre peau en la blanchissant et en l'hydratant. Les flocons d'avoine et les amandes peuvent tous deux agir comme exfoliants et éliminer les cellules mortes de la peau. Broyez les flocons d'avoine et les amandes et combinez-les avec le lait de babeurre pour créer une pâte. Frottez la pâte sur vos coudes en effectuant un mouvement circulaire. Laissez la pâte sur vos coudes pendant 10 à 15 minutes, puis rincez à l'eau.",6.164066553115845
036_1894,"Combiner des fumées âcres provenant de la fumée avec des produits de nettoyage peut irriter vos poumons, alors assurez-vous d'ouvrir les fenêtres (si possible) et de faire fonctionner des ventilateurs pour amener de l'air frais dans la zone où vous travaillez. Surtout lors du nettoyage de votre plafond, des lunettes de sécurité vous empêcheront d'avoir de la suie dans les yeux, tandis que des gants en caoutchouc protégeront vos mains des produits chimiques de nettoyage. De plus, essayez de porter de vieux vêtements que vous ne craignez pas de tacher ou de ruiner. Un chapeau protégera vos cheveux de la poussière et de la suie. Cela aidera à éviter de transférer des taches de suie sur le tapis ou le sol. La première étape pour nettoyer les dégâts causés par la fumée est de retirer toute la suie lâche accrochée aux murs. Cela peut se faire avec un aspirateur ou une éponge chimique sèche. Fixez l'embout plat sur le tuyau de l'aspirateur et maintenez la buse légèrement au-dessus de la surface du mur. Déplacez-la d'avant en arrière jusqu'à ce que toute la suie lâche soit retirée. Vous pouvez également vouloir essayer d'utiliser l'embout brosse pour enlever toute suie supplémentaire. Tout ce qui n'est pas aspiré par votre aspirateur devrait tomber sur votre toile de protection. Essayez une éponge chimique sèche comme alternative à l'aspiration. Cette éponge chimique est fortement recommandée car elle est imprégnée d'un produit chimique qui enlève la suie et la fumée de votre mur. Avec une éponge sèche, essuyez la tache de suie sur le mur plusieurs fois. Lorsque l'éponge est saturée de suie, lavez-la dans un évier et laissez-la sécher à l'air. S'il y a des dégâts de suie graves sur les murs ou les plafonds, ils peuvent avoir besoin d'être remplacés. Un nettoyant populaire pour les murs endommagés par la fumée est le phosphate trisodique (TSP). Bien que ce soit une solution de nettoyage plus puissante, elle nécessite encore beaucoup de temps et d'efforts pour nettoyer les dégâts sur vos murs et/ou votre plafond. Mettez une paire de gants résistants pour protéger vos mains et vos avant-bras et une paire de lunettes pour protéger vos yeux. Portez de vieux vêtements que vous ne craignez pas d'abîmer. Remplissez un seau standard avec 1 gallon d'eau tiède et ajoutez 1 cuillère à soupe de TSP. Humidifiez une éponge avec la solution de TSP et essuyez vigoureusement votre mur ou plafond avec l'éponge. Travaillez une section à la fois. Rincez la section que vous venez de nettoyer avec un chiffon trempé dans de l'eau propre. Continuez jusqu'à ce que tout le mur et/ou le plafond soit nettoyé. Répétez l'étape de lavage/rinçage plusieurs fois selon la gravité de l'accumulation de suie. Soyez prudent de ne pas trop saturer vos murs avec de l'eau ou de laisser l'eau s'infiltrer entre vos murs et les plinthes. Si les dégâts de fumée sont toujours visibles après ce processus de nettoyage, vous devrez probablement apprêter vos murs et/ou votre plafond et repeindre. Cependant, il est important de s'assurer qu'ils sont aussi propres que possible avant de le faire. Attention, le TSP est un nettoyant puissant et peut avoir des effets irritants sur la peau et les yeux. Faites attention à ne pas le laisser toucher votre peau, et si cela se produit, lavez-le immédiatement et surveillez les irritations sévères. Il existe de nombreux bons produits de nettoyage commerciaux conçus pour enlever la suie des murs ainsi que d'autres surfaces. Vous pouvez choisir des solutions qui sont résistantes pour des dégâts de fumée sévères, ou qui sont suffisamment douces pour être utilisées autour des enfants et des animaux de compagnie. Une simple recherche en ligne vous fournira de nombreuses options, mais voici quelques suggestions pour commencer : Unsmoke Degrease-All Degreaser : suffisamment puissant pour éliminer les dégâts de fumée les plus lourds. Benefect Atomic Degreaser : un dégraissant botanique sans solvant, sûr à utiliser autour des personnes et des animaux de compagnie. Chemspec Smoke-Solv Liquid Wall Wash : spécialement formulé pour enlever la suie et les résidus de fumée des murs et des surfaces dures. Après avoir nettoyé la suie, vous devrez vous attaquer à l'odeur de fumée. Les murs peuvent absorber la fumée et la renvoyer dans la pièce. Plusieurs articles ménagers courants, ou ceux facilement trouvés dans les épiceries, peuvent être utilisés pour éliminer l'odeur tenace de fumée des murs de votre maison, même s'ils ne semblent pas enfumés ou sales au début. Placez une feuille de plastique autour de la base des murs pour éviter que l'eau ne s'infiltre entre les murs et les plinthes. Remplissez un seau d'eau tiède et ajoutez quelques cuillères à soupe de détergent, juste assez pour créer quelques bulles. Essuyez les murs avec de l'eau savonneuse à l'aide d'un chiffon doux ou d'une éponge. Utilisez du vinaigre blanc comme alternative. Essayez d'essuyer les murs lavables avec du vinaigre blanc (cela peut également être utilisé sur les meubles et les sols). Le vinaigre, bien qu'il ait lui-même une forte odeur, peut être utilisé comme un puissant neutralisant d'odeurs. Pulvérisez les murs et la zone environnante avec Febreeze. Febreeze, vendu dans de nombreux magasins, utilise du cyclodextrine pour absorber les odeurs. Essayez de pulvériser les murs et la zone affectée avec Febreeze pour réduire l'odeur de fumée. L'odeur de Febreeze sera un changement bienvenu par rapport à l'odeur de fumée ! Bien que la réparation professionnelle des dégâts de fumée puisse être coûteuse et potentiellement nuisible à l'environnement, il existe des entreprises qui emploieront des procédures d'élimination de fumée respectueuses de l'environnement. Consultez les pages jaunes ou en ligne sous ""Restauration des dommages causés par le feu et l'eau"".",10.941442489624023
036_33996,"Utilisez des oreillers pour maintenir le haut de votre corps à un angle de 45 degrés et votre tête surélevée. Cela réduira le gonflement de vos plaies et fera moins pulser la douleur, ce qui facilitera considérablement votre sommeil. Bien que cela ne soit pas votre état de sommeil naturel, se reposer avec la tête droite est de loin le meilleur moyen de réduire naturellement la douleur dans votre bouche pendant que vous dormez. Envisagez d'investir dans un oreiller en coin pour rendre le sommeil dans cette position plus facile. Dormir en position verticale facilite un peu la descente de votre corps pendant que vous dormez. Évitez de dormir sur des canapés en cuir ou d'autres surfaces glissantes pour obtenir un sommeil réparateur et éviter de vous blesser. Cela sera moins préoccupant si vous dormez dans un lit normal avec la tête soutenue par des oreillers. Éteignez toutes les lumières de votre chambre, utilisez des rideaux épais aux fenêtres et baissez la température de votre chambre pour maximiser votre environnement de sommeil. Garder votre chambre entre 60 °F (16 °C) et 67 °F (19 °C) aidera votre corps à abaisser sa température en se préparant à dormir. Si vous gardez votre téléphone portable à côté de votre lit, retournez-le afin que l'écran soit face vers le bas pendant que vous dormez. Cela évitera qu'il n'ajoute de la lumière indésirable à votre chambre lorsque de nouvelles notifications apparaissent sur l'écran. Certaines études ont montré que certaines senteurs peuvent soulager le stress et favoriser un sommeil réparateur. Envisagez d'utiliser des bougies, des huiles ou des sprays pour rendre votre chambre plus aromatique et propice au sommeil. Les meilleures senteurs pour créer un meilleur environnement de sommeil sont la lavande et la vanille. Vous pouvez également tremper un coton dans une huile parfumée et le laisser près de votre oreiller pour une expérience aromatique rapide et facile. Faites très attention lorsque vous allumez des bougies pour maximiser votre environnement de sommeil. Ne vous endormez pas avec une bougie encore allumée. Il sera particulièrement difficile de détourner votre esprit de la douleur dans vos gencives assez longtemps pour vous endormir. Jouez de la musique douce et apaisante pendant que vous vous allongez pour donner à votre esprit autre chose sur quoi se concentrer. La musique lente est généralement la meilleure pour s'endormir. Jouez de la musique avec un rythme entre 60 et 80 battements par minute pour de meilleurs résultats. Certains bons genres de musique pour dormir peuvent inclure le jazz, la musique classique et la musique folk.",5.276533842086792
036_18617,"Une façon de ne plus être une drama queen est de devenir suffisamment conscient de soi pour savoir quand vous êtes la source du drame. Vous retrouvez-vous toujours en conflit avec les gens, et personne dans votre vie n'est facile à vivre ? Vous sentez-vous souvent en colère, en train de pleurer ou de taper du pied au quotidien ? Si c'est le cas – à moins que vous ne viviez dans une zone de guerre – il y a de fortes chances que beaucoup de ce drame soit auto-créé. Reconnaître que vous êtes la source de beaucoup de drame est la première étape pour le réduire. Une fois que vous voyez que vous en êtes la cause, vous cesserez de blâmer les gens autour de vous et verrez que vous contrôlez la situation. Si vous êtes une drama queen, alors vous devez être une experte pour transformer une situation de 3 ou 4 en un 10 sur l'échelle de Richter du drame. La prochaine fois que vous êtes confrontée à un conflit ou à une perturbation mineure, prenez une minute pour vous demander à quel point cela est important dans le grand schéma des choses. Peut-être que votre petit ami a 10 minutes de retard pour votre rendez-vous. Peut-être que vous avez renversé un peu de café sur votre pull. Est-ce que cela comptera pour vous dans 10 heures – ou même une heure ? Est-ce que cela vaut la peine de pleurer ? Est-ce que cela vaut la peine de gâcher votre journée ? Ce sont des questions importantes à vous poser. Vous verrez probablement que vous faites un drame pour rien et que vous serez capable d'avancer sans faire de scène. Faire un drame pour chaque petite chose n'aidera pas votre état mental. Cela vous rendra stressée, insomniaque et généralement irritable. Rappelez-vous que minimiser vos problèmes vous fera réellement vous sentir mieux. Si vous faites un drame pour tout, alors personne ne vous prendra au sérieux lorsque quelque chose de réellement dévastateur vous arrive. Souvent, les drama queens sont ce qu'elles sont parce qu'elles ont une faible estime de soi. Elles peuvent penser que les gens ne prêteront attention à elles ou ne leur accorderont du temps que si elles sont constamment dramatiques, bruyantes ou parlent mal des gens. Demandez-vous si cela vous ressemble, et réfléchissez à votre propre image de soi et à la façon dont vous vous sentez vraiment. Quand vous vous levez et regardez dans le miroir, que voyez-vous ? Travaillez sur l'amour de la personne que vous voyez là, et ne basez pas votre valeur sur l'attention que les gens vous portent. Bien sûr, construire la confiance prend une vie. Plus vous commencez tôt à réaliser que votre valeur doit venir de vous-même, et non de ce que les gens pensent de vous, plus tôt vous cesserez de créer du drame. Réfléchissez vraiment à vous-même. Personne n'est parfait – quels sont vos défauts ? Comment pouvez-vous travailler pour les aborder – ou les accepter ? Faire du bien à votre image de soi implique de passer du temps avec des personnes qui vous font sentir bien. Y a-t-il des gens comme ça dans votre vie ? Si tout le monde autour de vous se concentre sur vous rabaisser, alors vous ne pourrez pas vous sentir bien tant que vous ne vous en séparerez pas. Une grande partie de votre drame peut venir du fait que vous avez l'impression que tout le monde vous a fait du tort, que le monde vous a mal traité, et que vous méritez bien mieux que ce que vous obtenez. Bien sûr, une partie de cela peut être vraie parfois, mais il est peu probable que tout le monde dans votre vie soit déterminé à vous faire sentir horrible. Au lieu de cela, soyez renforcée par le fait que vous contrôlez votre propre destin. Arrêtez de dire : ""Je ne peux pas croire ce qu'il/elle m'a fait…"" ou ""Je ne peux pas croire ce qui m'est arrivé…"" et commencez vos phrases par quelque chose de positif comme : ""J'ai fait cette chose géniale aujourd'hui…"" Ne donnez pas tant de pouvoir aux gens sur vous. Au lieu d'obséder sur ce qu'ils vous ont fait, concentrez-vous sur des choses qui amélioreront votre propre vie. Demandez-vous pourquoi vous avez besoin de chercher de la sympathie tout le temps. Vous ne voulez pas vraiment ce genre d'attention tout le temps, n'est-ce pas ? Parfois, vous pourriez vraiment avoir besoin de sympathie, alors ne dépensez pas vos points de sympathie pour rien juste pour attirer l'attention. Les personnes qui sont accrochées au drame ont tendance à vivre dans le passé, à s'obséder sur les façons dont les gens les ont lésés, sur des combats ou des drames passés, ou simplement sur des situations qu'elles souhaiteraient ne pas avoir tournées comme elles l'ont fait. Bien que le passé puisse être informatif, nous aidant à répéter les mêmes problèmes encore et encore, si vous vous accrochez trop au passé, vous ne serez pas en mesure de vivre dans le moment présent ou d'avancer. Si vous vivez dans le moment présent, vous ne vous inquiéterez pas tant de ce que quelqu'un vous a dit ou de la manière dont vous vous sentez ""lésé"", ou même de vouloir vous venger. Au lieu de cela, concentrez-vous sur le fait de vous amuser là où vous êtes, que vous soyez avec des amis ou en train de faire une longue marche. Arrêtez de vous obséder sur le passé et vous trouverez bientôt votre chemin vers un état d'esprit beaucoup plus sain. Écrire vos pensées dans un journal peut vous aider à vraiment traiter les choses qui vous sont arrivées, à les gérer émotionnellement et à prendre le temps de résoudre vos problèmes. Il est bien mieux d'écrire vos problèmes que d'en parler avant d'être prête, surtout lorsque vous avez l'impulsion de parler de tout avec tout le monde à portée d'oreille. Écrire les choses vous aidera à penser que ce n'est pas la fin du monde, et peut vous aider à prendre du recul par rapport à votre drame. Essayez de tenir un journal au moins une fois par jour. Si vous devez parler à un ami de quelque chose qui vous dérange, par exemple, envisagez d'écrire d'abord sur le conflit afin de vous sentir plus calme à ce sujet. Mais rappelez-vous, ne laissez personne voir les choses importantes que vous avez écrites dans votre journal. Cela pourrait entraîner plus de drame que vous ne le souhaitez, alors soyez prudente. Les drama queens ont tendance à penser que presque tout mérite de se fâcher et de faire une scène, mais ce n'est presque jamais le cas. Bien que vous détestiez entendre les gens dire : ""Ce n'est pas la fin du monde"", parfois c'est quelque chose que vous devez vous dire lorsque vous êtes confrontée à des situations difficiles. Disons que vous avez mal réussi un test. Demandez-vous si cela va vraiment ruiner ou affecter votre vie à long terme. La réponse est presque jamais, jamais oui. Pensez à cela la prochaine fois que vous sentez la colère monter ou que les larmes vous montent aux yeux.",10.25129246711731
036_33770,"Vous pouvez passer beaucoup de temps à l'intérieur, surtout en hiver. Ouvrez une fenêtre chez vous pour laisser entrer de l'air frais et oxygéné. S'il fait assez chaud, ouvrez deux fenêtres situées aux opposés de votre maison pour augmenter la circulation de l'air. Essayez d'ouvrir vos fenêtres pendant quelques minutes trois fois par jour, même en hiver. Si vous vivez dans une zone froide ou polluée et que vous ne voulez pas ouvrir vos fenêtres souvent, alors ouvrez-les légèrement à des moments où vous créez de l'humidité. Ouvrez la fenêtre un peu pendant que vous préparez le dîner ou que vous prenez une douche pour éviter l'accumulation d'humidité dans l'air. Si vous avez des allergies extérieures, vous pouvez acheter des écrans de fenêtre à air propre qui filtrent le pollen de bouleau, le pollen d'herbe et l'ambroisie afin de vous assurer qu'il y a suffisamment de circulation d'air chez vous sans provoquer de réaction allergique. Si vous avez des allergies extérieures, faites également attention aux niveaux de pollen pour déterminer quand vous devriez ouvrir les fenêtres plus fréquemment et quand vous devriez les ouvrir plus rarement. Lorsque vous ouvrez vos portes ou fenêtres pour laisser entrer de l'air frais, fermez les portes de vos placards, garde-manger et autres zones qui ne mènent nulle part. Cela aide l'air à circuler dans votre maison sans être piégé, apportant de l'air frais et oxygéné dans toute votre maison. Si vous n'en avez pas, installez un ventilateur extracteur au-dessus de votre cuisinière et dans votre salle de bain. Ceux-ci aspirent l'air humide et malodorant de votre maison, aidant à améliorer la ventilation et à garder l'air frais dans votre maison. Assurez-vous de nettoyer les ventilateurs tous les quelques mois avec de l'eau chaude et une solution dégraissante, surtout dans la cuisine. Nettoyez-les aussi souvent que suggéré dans le guide de l'utilisateur qui accompagne votre ventilateur. Rendez-vous dans votre quincaillerie locale ou centre commercial, ou achetez en ligne. Il existe de nombreux filtres à air sur le marché qui peuvent purifier l'air dans votre maison et augmenter l'oxygène de votre maison. Choisissez un filtre à air qui convient le mieux à vos besoins en tenant compte des éléments suivants : combien d'argent vous souhaitez dépenser - bien que cela puisse valoir la peine de dépenser pour la qualité. Le classement MERV (valeur minimale d'efficacité de reporting) - plus le classement MERV est élevé, meilleure est la qualité du filtre à air. Les avis des utilisateurs pour avoir une idée de leur efficacité et de la fréquence à laquelle ils doivent être remplacés.",4.349086761474609
036_54832,"Il y a deux parties fondamentales du discours qui apparaîtront dans une phrase : un nom et un verbe. Un nom est le nom d'une personne, d'un lieu, d'une chose ou d'une idée. Par exemple : « femme », « Montana », « stylo », « tristesse ». Un nom apparaît souvent après un article, tel que « le », « un » ou « une », dans une phrase. Les noms peuvent également être singuliers ou pluriels et peuvent fonctionner différemment dans une phrase. Par exemple : « Le jeune homme m'a donné un cadeau rare du Montana et m'a ensuite calmement dit qu'il valorisait le bonheur par-dessus tout. » Dans cette phrase, les noms sont : « homme », « cadeau », « Montana » et « bonheur ». Un verbe exprime une action, ou « être ». Par exemple : « courir », « nager », « sauter », « s'asseoir », « penser ». Dans une phrase, il y a un verbe principal et parfois un ou plusieurs verbes qui aident dans la phrase. Le verbe dans la phrase doit s'accorder avec son sujet, donc si le sujet est singulier, le verbe doit être singulier, et si le sujet est pluriel, le verbe doit être pluriel. Les verbes peuvent également apparaître à différents temps (passé, présent, futur). Par exemple : « Le jeune homme m'a donné un cadeau rare du Montana et m'a ensuite calmement dit qu'il valorisait le bonheur par-dessus tout. » Dans cette phrase, les verbes sont : « a donné », « a dit » et « a valorisé ». Une fois que vous comprenez les deux parties fondamentales du discours, élargissez vos connaissances à des parties plus complexes du discours : les adjectifs et les adverbes. Un adjectif décrit ou modifie un nom ou un pronom. Par exemple : « mignon », « nouveau », « rouge », « fort ». Un adjectif répondra aux questions : lequel, quel genre ou combien. Gardez à l'esprit que les articles, comme « un », « une », « le », sont classés comme des adjectifs. Par exemple : « Le jeune homme m'a donné un cadeau rare du Montana et m'a ensuite calmement dit qu'il valorisait le bonheur par-dessus tout. » Dans cette phrase, les adjectifs sont : « jeune » et « rare ». Un adverbe décrit ou modifie un verbe, un adjectif ou un autre adverbe. Cependant, les adverbes ne modifient jamais un nom. Les adverbes se terminent généralement par « ment ». Par exemple : « calmement », « profondément », « soigneusement », « clairement ». Dans la phrase exemple : « Le jeune homme m'a donné un cadeau rare du Montana et m'a ensuite calmement dit qu'il valorisait le bonheur par-dessus tout », l'adverbe est : « calmement ». Un pronom est un mot qui est utilisé à la place d'un nom dans une phrase. Par exemple : « elle », « son », « nous », « ils », « cela ». Dans la phrase exemple : « Le jeune homme m'a donné un cadeau rare du Montana et m'a ensuite calmement dit qu'il valorisait le bonheur par-dessus tout », les pronoms sont « me » et « il ». « Il » remplace « homme » dans la phrase. La préposition et la conjonction dans une phrase sont les termes plus petits qui encadrent les parties principales de la phrase (le nom, le verbe et l'adjectif). Une préposition apparaît avant un nom ou un pronom. Elle modifiera le nom ou le pronom dans une phrase. Par exemple : « par », « avec », « sans », « à propos de », « jusqu'à », « de ». Dans la phrase exemple : « Le jeune homme m'a donné un cadeau rare du Montana et m'a ensuite calmement dit qu'il valorisait le bonheur par-dessus tout », la préposition dans la phrase est « de ». Une conjonction relie des mots, des phrases ou des clauses. Elle informe également le lecteur sur la relation entre deux mots, phrases ou clauses. Par exemple : « et », « mais », « ou », « parce que », « bien que ». Dans la phrase exemple : « Le jeune homme m'a donné un cadeau rare du Montana et m'a ensuite calmement dit qu'il valorisait le bonheur par-dessus tout », la conjonction est « ensuite ».",6.912276268005371
036_44103,"Si vous envisagez de faire un jeûne hydrique, consultez votre fournisseur de soins de santé. Bien que le jeûne puisse offrir des avantages pour la santé à certaines personnes, d'autres devraient l'éviter. Assurez-vous de discuter de vos médicaments et de vos conditions médicales avec votre médecin pour déterminer si le jeûne hydrique est sûr pour vous. Ils effectueront probablement un examen physique et éventuellement quelques tests sanguins. Si vous prenez des médicaments, vous devrez discuter avec votre médecin de la nécessité de continuer à prendre votre médicament pendant le jeûne, ou si des modifications de dose doivent avoir lieu. Il est préférable de jeûner uniquement sous la supervision et les conseils d'un médecin, surtout si vous jeûnez pendant plus de 3 jours ou si vous avez des problèmes de santé. Trouvez un médecin formé au jeûne et demandez-lui de vous guider et de surveiller votre état pendant le jeûne. Demandez à votre médecin traitant de vous superviser ou de vous suggérer un autre professionnel qui peut le faire. Après 2 à 3 jours de jeûne hydrique, vous pouvez ressentir des vertiges si vous vous levez trop vite. Évitez cela en vous levant lentement et en faisant quelques respirations profondes avant de vous lever. Si vous ressentez des vertiges, asseyez-vous ou allongez-vous immédiatement jusqu'à ce que cela passe. Vous pouvez également essayer de mettre votre tête entre vos genoux. Si vous devenez si étourdi que vous perdez connaissance, arrêtez le jeûne et consultez votre médecin. Il n'est pas rare de ressentir des vertiges, un peu de faiblesse, des nausées ou des palpitations cardiaques occasionnelles pendant le jeûne. Cependant, arrêtez de jeûner et demandez une attention médicale si vous perdez connaissance, si vous vous sentez confus, si vous avez plus de palpitations cardiaques qu'une ou deux par jour, si vous ressentez un inconfort abdominal sévère ou un mal de tête, ou tout autre symptôme qui vous semble alarmant. Vous pouvez ressentir une baisse d'endurance et d'énergie pendant cette période. Ne vous surmenez pas. Maintenez des habitudes de sommeil saines. Le jeûne concerne le repos - physique, émotionnel, sensoriel et physiologique. Si vous avez envie de faire une sieste, faites-en une. Lisez du matériel encourageant. Écoutez votre corps et ne vous poussez pas physiquement. Si vous vous sentez fatigué et ""à l'ouest"", ne conduisez pas un véhicule. Votre énergie peut fluctuer entre une sensation de faiblesse et de fatigue et une sensation d'énergie. Même lorsque vous avez beaucoup d'énergie, ne vous surmenez pas. Essayez plutôt le yoga doux et réparateur. Le yoga est une manière apaisante d'étirer vos muscles et de faire un peu d'exercice léger. Le yoga et des étirements légers peuvent être agréables pour certaines personnes, mais trop vigoureux pour d'autres. Écoutez votre corps et ne faites que ce qui vous semble confortable.",4.677555322647095
036_2209,"Les suppléments de vitamines, de minéraux et d'herbes sont vendus dans une variété de magasins et de lieux (vous pouvez même les acheter en ligne) ; cependant, comme ceux-ci (ainsi que tous les autres suppléments) ne sont pas réglementés par la FDA, vous devez faire attention à l'endroit où vous les achetez. Évitez d'acheter des suppléments en ligne. Vous ne connaissez peut-être pas l'entreprise et vous ne pouvez pas physiquement prendre le supplément et examiner toutes les informations sur l'emballage. De nombreux sites Web peuvent fournir des informations trompeuses et il est préférable de choisir un magasin à la place. Vous pouvez acheter des suppléments de canneberge dans les pharmacies, les supermarchés et les magasins de produits de santé. Il pourrait être bénéfique d'acheter un supplément dans une pharmacie ou un supermarché qui possède une pharmacie. Vous pouvez demander au pharmacien si ce supplément particulier est approprié pour vous compte tenu de vos conditions de santé et de vos médicaments actuels. Recherchez des suppléments qui ont été évalués par une entreprise indépendante. Les suppléments vérifiés par l'U.S. Pharmacopeia, NSF International et ConsumerLab.com ont été testés pour prouver qu'ils contiennent la quantité d'ingrédient annoncée sur l'étiquette et qu'ils sont exempts de substances nocives. Avec tout médicament ou supplément, il est essentiel de lire l'étiquette. C'est là que vous trouverez les ingrédients, le dosage et les instructions d'utilisation. Regardez d'abord les ingrédients. Est-ce vraiment un supplément de canneberge ? Ou y a-t-il d'autres ingrédients inclus ? Recherchez un supplément, idéalement, fabriqué à partir du jus de canneberge, et non des peaux. Cela contient plus d'antioxydants (appelés proanthocyanidines) nécessaires pour prévenir la croissance des bactéries. En fonction de votre objectif, il existe différents niveaux de doses recommandées. Assurez-vous d'acheter un supplément de canneberge à la bonne dose pour vos besoins. Vérifiez la taille de la portion et comment prendre votre supplément de canneberge. Vous devrez peut-être prendre un comprimé ou plusieurs comprimés pour atteindre la dose recommandée. Notez également si vous devez prendre le supplément avec ou sans nourriture. Une forme très courante de supplément de canneberge est sous forme de comprimé. Ceux-ci peuvent être trouvés dans la plupart des pharmacies et des magasins de produits de santé. De nombreux professionnels de la santé recommandent cette forme car elle n'a pas autant de sucre ni autant de calories que le jus de canneberge ordinaire ou les suppléments en poudre. Cela est utile si vous devez surveiller votre consommation globale de calories ou de sucre. Assurez-vous de lire l'étiquette pour voir si le supplément utilise l'extrait des peaux ou du jus. Un comprimé de 1 gramme d'extrait de canneberge concentré peut aider à prévenir les infections urinaires. 240 mg peuvent aider à réduire les niveaux de lipides et à prévenir H. Pylori. En plus des comprimés, une autre forme courante de suppléments de canneberge est sous forme de poudre. Elle se mélange facilement aux boissons et leur donne un peu de saveur. Comme un comprimé de canneberge, la poudre peut fournir tous les mêmes avantages. Cela peut être encore plus utile car vous devez l'ajouter à un liquide, ce qui peut vous aider à boire plus de liquide pendant la journée. Encore une fois, assurez-vous que le supplément utilise des extraits du jus, et non des peaux. Certaines poudres peuvent avoir un peu de sucre ajouté. Lisez l'étiquette pour vous assurer qu'elles correspondent à vos directives alimentaires. Bien que le jus de canneberge ne soit pas nécessairement un supplément (car une forme de pilule ou de poudre l'est), il peut être utilisé comme alternative à la prise d'un supplément de canneberge en pilule ou en poudre. Boire du jus de canneberge entraîne généralement des avantages similaires à ceux d'un supplément. Pour aider à prévenir les infections urinaires, buvez environ 3 à 6 oz de pur jus de canneberge ou 10 oz de cocktail de jus de canneberge par jour. Pour d'autres problèmes de santé comme la prévention de H. Pylori ou la réduction de votre cholestérol, vous n'aurez peut-être besoin que d'environ 2 oz de jus de canneberge par jour, mais un volume plus élevé comme 6 oz est acceptable. Faites attention aux jus de canneberge. Le jus de canneberge à 100 % est assez acide, donc la plupart des fabricants ajoutent des édulcorants (comme le sucre) qui peuvent augmenter la teneur en sucre et en calories. Recherchez soit du jus à 100 %, soit du jus de canneberge diététique qui peut ajouter un édulcorant sans calorie au lieu de sucre. Le jus de canneberge est également un peu plus rentable et facile à trouver par rapport aux suppléments de canneberge. Lorsque vous achetez un supplément de canneberge, vous remarquerez très probablement qu'il existe une variété de marques disponibles. En plus de vérifier le montant de la dose et les ingrédients, il est également important de vérifier où le supplément a été fabriqué. Certaines études ont montré que les suppléments fabriqués en dehors des États-Unis peuvent contenir des ingrédients toxiques ou nocifs. D'autres pays n'ont pas les mêmes lois et réglementations sur la fabrication qu'aux États-Unis, et vous pourriez finir par ingérer quelque chose qui est interdit ou prohibé aux États-Unis. Recherchez l'étiquette ""Pays d'origine"" ou l'étiquette ""Fabriqué en"". Cela vous indiquera exactement où le supplément a été fabriqué. Vous voudrez peut-être éviter les produits fabriqués en Chine ou au Mexique ; cependant, les suppléments fabriqués au Canada, aux États-Unis ou même dans l'UE peuvent être appropriés.",8.354630708694458
036_8502,"Les longs vols peuvent être très, très ennuyeux. Vous voudrez avoir plein de moyens de vous divertir. Apportez un livre que vous avez envie de lire, emportez de la musique à écouter (avec des écouteurs), ou prenez une tablette ou un ordinateur portable pour regarder des films. De nombreux vols long-courriers proposent également des films en vol, ce qui est génial, mais vous ne devriez pas compter là-dessus car ce n'est pas toujours le cas. Ayez un plan de secours. Essayez de dormir un peu. Pour beaucoup, dormir dans un avion est presque impossible, mais si vous le pouvez, essayez de vous reposer quelques heures. Cela fera passer le temps et vous aidera à vous reposer un peu avant d'atteindre votre destination. Si vous êtes sur un vol long-courrier (par exemple, un vol à l'étranger) ou un vol de nuit, inclinez un peu votre siège. Bien que beaucoup considèrent cela comme un comportement impoli, vous constaterez que la plupart des gens inclinent leur siège sur de longs vols. Cependant, essayez d'être courtois en le faisant, inclinez seulement autant que nécessaire pour être à l'aise, et jetez un coup d'œil derrière vous pour voir qui est assis là avant de le faire. Si quelqu'un de très grand est déjà coincé dans le siège derrière vous, ne reclinez pas le siège pour ne pas le rendre encore plus inconfortable. Même si vous ne prévoyez pas de dormir, apporter un oreiller de voyage peut vous aider à être un peu plus à l'aise lors d'un long vol. Si vous ne l'utilisez pas pour reposer votre tête, vous pouvez le placer derrière votre dos ou même vous asseoir dessus pour plus de soutien. Bien que l'on vous propose probablement de la nourriture pendant votre vol, cette nourriture n'est généralement pas très savoureuse ou saine. Les oranges, les bananes, la pastèque et le pain complet sont tous signalés comme étant utiles pour les personnes souffrant de symptômes menstruels. Coupez la pastèque et mettez-la dans un conteneur en plastique hermétique, ou mettez simplement une orange ou une banane dans votre sac. Non seulement ces aliments sont plus sains, mais ils aideront à apaiser votre inconfort. N'oubliez pas d'emporter une friandise. Une partie du fait de traverser un cycle douloureux est de vous permettre une friandise. Dans ce cas, vous pourriez envisager d'apporter un peu de votre bonbon ou chocolat préféré à manger pendant que vous êtes dans l'avion. Le thé et le café sont également considérés comme utiles pour les femmes menstruées. Heureusement, de nombreuses compagnies aériennes les proposent gratuitement, alors profitez d'une tasse de thé ou de café chaud pour obtenir un soulagement. Il existe plusieurs produits sur le marché qui visent à fournir de la chaleur pour détendre les muscles. Ces enveloppements fonctionnent comme des coussins chauffants traditionnels en ce sens que vous les appliquez sur la zone affectée, mais ils ne nécessitent ni électricité ni eau chaude pour fonctionner. Il existe même des enveloppements spécifiquement conçus pour aider avec les crampes menstruelles. Ces enveloppements peuvent généralement être portés sous vos vêtements, donc vous pouvez en mettre un sur votre bas-ventre (ou là où vous ressentez de la douleur musculaire due à vos règles) avant d'arriver à l'aéroport. Vous pourriez également en appliquer un lorsque vous allez utiliser les toilettes de l'avion. Les crampes sont causées par des contractions musculaires, et la chaleur aide à détendre un peu les muscles.",5.7428483963012695
036_28160,"Pour un mélange de mortier de base, vous voudrez mélanger essentiellement trois parts de sable pour chaque part de ciment que vous utilisez. Si vous mélangez un sac entier de ciment, cela signifiera que vous utiliserez trois fois cette quantité de sable, ce qui donnera un grand lot de boue. Ne mélangez que ce dont vous aurez besoin. La mesure n’a pas besoin d’être précise comme dans une recette de pâtisserie. Sur la plupart des chantiers, lors du mélange de grandes quantités, la quantité de sable est généralement donnée en ""pelles pleines"" par sac de mélange de mortier, ce qui représente généralement entre 15 et 18, selon la taille des pelles. Il est important de s'en approcher, mais c'est plus une mesure à l'œil. Vous n'avez pas besoin de sortir les cuillères à café. Un sac de mortier doit être mélangé avec environ trois gallons d'eau propre pour obtenir la bonne consistance. La quantité d'eau utilisée peut varier considérablement en fonction des conditions météorologiques, de l'humidité du sable et de la variété de mélange que vous utilisez, donc lisez attentivement les instructions avant d'ajouter de l'eau. Les conditions ambiantes (température et humidité) affecteront le mélange et doivent être prises en compte. Un mélange plus sec donnera une liaison plus forte. Un mélange plus humide pourrait être plus facile à travailler. C'est là que l'expérience entre en jeu. Utiliser un sable à maçonnerie fin et tranchant pour le travail est plus approprié que d'autres variétés, et utiliser des sacs de ciment à maçonnerie frais et non ouverts sera plus efficace que d'utiliser des sacs plus anciens. Les mélanges de ciment à maçonnerie, comme Quikrete, Sakrete et d'autres marques sont tous appropriés pour le travail. Certaines marques viennent pré-mélangées spécialement pour le mortier, ce qui signifie que vous n'avez pas besoin d'ajouter de sable. Celles-ci sont un peu plus chères que le ciment Portland ordinaire, mais sont beaucoup mieux pour les petits projets. Lisez l'étiquette et découvrez ce que vous obtenez. Si vous n'avez pas besoin d'ajouter de sable, le processus de mélange reste le même. Le ciment Portland n'est pas une marque de ciment. C'est le nom du type d'ingrédient le plus courant utilisé pour mélanger des mortiers, du béton et d'autres mélanges adhésifs. Gardez le sable et le ciment sec couverts pour les garder aussi secs que possible. Il est facile de ruiner vos matériaux s'ils deviennent trop humides et mouillés. Essayez de ne mélanger que ce dont vous aurez besoin, mais aussi d'utiliser ce que vous avez de mélange sec pour profiter de vos matériaux. Vérifiez vos sacs de ciment pour des grumeaux. S'il y a des grumeaux ou des morceaux durs dans le sac, il a été exposé à l'humidité et ne fusionnera pas bien, il doit être jeté. Différentes marques peuvent recommander des mélanges légèrement différents. Lisez l'étiquette de la marque de mélange que vous achetez et suivez les instructions. En général, cependant, un mélange de 3 pour 1 est généralement approprié et efficace. Dans certaines régions où le mur que vous construisez sera exposé à des vents particulièrement forts ou aux intempéries, de la chaux est ajoutée pour augmenter la liaison et renforcer la maçonnerie que vous construisez. Si vous choisissez d'ajouter de la chaux à votre mélange, vous devrez également ajouter plus de sable pour équilibrer le ratio, ce qui donne un mortier plus fort et plus lié. Un ratio approprié si vous souhaitez utiliser de la chaux serait de six parts de sable pour deux parts de chaux pour une part de ciment. Cela signifie que vous devez travailler plus rapidement ou mélanger un plus petit lot. Par temps très humide, froid ou humide, le mortier se comportera différemment que par temps vraiment chaud et sec. Vous pourriez trouver plus efficace d'utiliser légèrement moins de sable et légèrement plus d'eau si c'est le cas. Expérimentez un peu pour obtenir la bonne consistance et le bon mélange. En général, il est plus facile d'utiliser du mortier par temps modéré et sec que par temps froid et humide. Bien que cela ne soit pas toujours possible, vous pouvez apprendre à reconnaître la bonne consistance et à ajouter de l'eau de manière appropriée. Gardez à l'esprit que le produit fini doit être protégé du gel jusqu'à ce qu'il soit pris.",6.510450601577759
036_5106,"Placez le bout de votre colle à bois au bord de votre étiquette intérieure et pressez la bouteille avec une légère pression. Pendant que le disque tourne, continuez à presser la colle pour créer des lignes autour de votre disque. Arrêtez-vous lorsque vous atteignez le bord extérieur. Vous devriez avoir de fines lignes uniformes sur l'ensemble de votre disque. Votre disque affichera des bandes de colle suivant les rainures circulaires du vinyle. Si vous appliquez trop de colle sur le vinyle, ce n'est pas grave. Vous allez égaliser la quantité de colle. Cependant, si vous en mettez trop vers le bord extérieur, utilisez une serviette en papier pour nettoyer l'excès. Si vous craignez d'éclabousser votre platine, vous pouvez appliquer la colle sur le disque sur une table à la place. La rotation de la platine aide à répartir la colle sur votre disque. Prenez un morceau de carton ou de papier cartonné d'environ 5 cm de large, et touchez-le au bord extérieur de votre disque. Laissez votre disque continuer à tourner, et la colle se répartira et couvrira le disque au fur et à mesure qu'il bouge. Ensuite, soulevez votre carte et placez-la à l'intérieur de votre disque pour répartir toute la colle. Vous pouvez garder votre main immobile et laisser la rotation du disque répartir la colle pour vous. Vous aurez une surface lisse et uniforme de colle à bois couvrant l'intégralité de votre disque. Vous pouvez laisser votre disque sur votre platine toute la nuit. Pour voir si la colle à bois est sèche, vous pouvez toucher doucement le bord extérieur de la colle avec votre doigt. Si cela semble encore collant, laissez-le reposer 1 à 2 heures de plus et essayez à nouveau. Vous pouvez également laisser votre disque sur un morceau de papier journal pour sécher si vous n'utilisez pas de platine. Avec votre index et votre pouce, tirez sur le bord extérieur de la colle à bois. Ensuite, soulevez avec une force constante et régulière pour décoller toute la colle. Retirez la colle lentement et progressivement pour essayer de l'enlever en un seul morceau. Si votre colle à bois ne se décolle pas en une seule couche solide, ce n'est pas grave ! Soulevez à un autre bord et décollez la colle jusqu'à ce qu'elle soit complètement retirée. Évitez de toucher la surface de votre disque pendant que vous décollez la colle. Placez le bras de votre platine sur votre disque et mettez-le sous tension. Écoutez votre disque, et la partie de la chanson qui sautait auparavant peut maintenant passer clairement. La colle à bois peut aider votre vinyle en capturant même la saleté et la poussière les plus tenaces. Gardez à l'esprit que l'utilisation de la colle à bois ne garantit pas que votre disque sera réparé. La colle à bois offre un nettoyage approfondi de l'ensemble du disque en éliminant toute saleté et débris et en lissant les surfaces de vinyle inégales. Si votre disque continue à sauter, essayez une autre couche de colle à bois ou une autre méthode de nettoyage du vinyle. Vous pouvez également rechercher en ligne un restaurateur de vinyle professionnel près de chez vous.",5.603143215179443
036_54548,"Les grains entiers sont un groupe d'aliments sains et riches en fibres qui peuvent vous aider à satisfaire vos besoins quotidiens en fibres. Visez 3 à 5 portions de grains entiers à 100 % chaque jour. Les grains entiers sont peu transformés et contiennent les 3 parties du grain : le germe, l'endosperme et le son. Le son est la partie du grain contenant le plus de fibres. Une portion de grains est de 1 once. Essayez d'avoir une source de grains entiers à presque tous vos repas. Des exemples d'aliments à grains entiers incluent : le riz brun, le quinoa, l'avoine, le millet et le maïs. Les protéines sont un nutriment essentiel pour votre alimentation. En plus des sources de protéines d'origine animale (comme le poulet, les produits laitiers ou le bœuf), il existe une variété d'aliments riches en protéines qui sont également riches en fibres, appelés légumineuses. Celles-ci peuvent vous aider à atteindre votre objectif quotidien en fibres. Les légumineuses sont des légumes qui contiennent une quantité relativement élevée de fibres. Elles incluent : les lentilles, les haricots et les pois. Des types spécifiques de légumineuses incluent : les haricots noirs, les pois chiches, les pois cassés, les haricots de mer, les edamames/haricots de soja, les fèves, les haricots rouges et les pois à yeux noirs. Les légumineuses sont un excellent ajout à votre alimentation. En plus d'être une excellente source de protéines et de fibres, elles sont également assez riches en folate, potassium, magnésium et fer. Les produits d'origine animale ne contiennent pas de fibres. Les fruits et légumes peuvent également vous aider à atteindre votre objectif quotidien en fibres. Essayez d'inclure un fruit ou un légume à chaque repas et collation. Les principales sources de fibres dans le groupe des fruits incluent : les framboises, les fraises, les poires, les pommes et les oranges. Les principales sources de fibres dans le groupe des légumes incluent : les artichauts, le brocoli, les choux de Bruxelles, les feuilles de navet, le gombo et les pommes de terre avec la peau. Comme les haricots, les noix sont un moyen savoureux d'ajouter des fibres à votre alimentation. Essayez d'ajouter une portion de noix quelques fois par semaine. Les cacahuètes, les pistaches, les noix de pécan, les graines de tournesol et les amandes sont particulièrement de bonnes sources de fibres. Un quart de tasse d'amandes contient 4 grammes de fibres. Les noix fournissent également une bonne dose de protéines et de graisses oméga-3. Consommer les 25 ou 38 g de fibres recommandés quotidiennement peut être un défi. Si vous avez du mal à atteindre cet objectif régulièrement, vous pourriez envisager d'ajouter un supplément de fibres à votre routine quotidienne. Il existe de nombreux types de suppléments de fibres disponibles. En général, ce sont des fibres fonctionnelles, un type de fibre dérivée des plantes qui est bénéfique pour votre santé. Les suppléments peuvent se présenter sous forme de poudres, d'huiles, de capsules ou de comprimés à mâcher. De plus, de nombreux aliments transformés contiennent des fibres ajoutées. Par exemple, du lait de soja ou du jus d'orange avec des fibres ajoutées. Notez que de nombreux professionnels de la santé recommandent de consommer autant de fibres que possible à partir de sources naturelles (comme les grains entiers ou les légumes). Consultez toujours votre médecin avant d'ajouter tout type de supplément à votre alimentation. L'eau ne contient pas de fibres ajoutées. Cependant, avec des fibres supplémentaires dans votre alimentation, il est également très important de boire des quantités adéquates de liquides chaque jour. Un apport insuffisant en eau lors de l'augmentation de la consommation de fibres peut entraîner de la constipation. 64 oz d'eau par jour est une règle générale pour vous aider à consommer suffisamment d'eau. Cependant, l'Institut de médecine recommande environ 9 à 13 tasses de liquides par jour. Les fibres fonctionnent mieux lorsqu'elles sont combinées avec de l'eau. Elles absorberont l'eau et aideront à ramollir et à rendre vos selles mobiles. Buvez de l'eau régulièrement tout au long de la journée. Garder une bouteille d'eau avec vous à tout moment pour mesurer combien vous devez boire peut aider.",6.510812044143677
036_39034,"Les cockatiels peuvent se reproduire à tout moment de l'année, mais ils ont besoin d'une quantité décente de lumière pour le faire. Assurez-vous que vos cockatiels disposent d'une source de lumière naturelle ou d'une lumière artificielle vive pendant 10 à 12 heures par jour. Avant la reproduction, il est important de s'assurer que vos oiseaux mangent bien. Nourrissez-les avec un régime équilibré d'aliments destinés aux cockatiels. Vérifiez souvent vos oiseaux pour vous assurer que les deux cockatiels ont un accès égal aux mangeoires et aux abreuvoirs. Si un oiseau garde la nourriture et l'eau, vous pouvez ajouter des plats supplémentaires de nourriture et d'eau. Les bons aliments à donner à vos cockatiels comprennent : un mélange de graines pour cockatiels, des aliments mous comme des légumes verts, des pâtes, du riz cuit, des haricots cuits, du pain de blé humide, des graines germées, des os de seiche ou des blocs minéraux pour les suppléments de calcium (à saupoudrer sur d'autres aliments) comme la spiruline, l'échinacée et le Prozyme, et de l'eau fraîche et propre (changez-la plusieurs fois par jour). Vos cockatiels auront besoin de beaucoup d'espace pour la reproduction et encore plus d'espace après l'éclosion de leurs petits. Assurez-vous que la cage dans laquelle vous placez votre couple de cockatiels mesure 6 pieds de long, 3 pieds de large et 3 pieds de haut. Vous pouvez placer le couple dans leur enclos quelques semaines avant de fournir une boîte de nid pour qu'ils puissent faire connaissance et s'accorder pour la reproduction. Placez la cage dans un endroit calme de votre maison pour donner au couple l'intimité et le calme dont ils auront besoin pour se reproduire, couver, éclore et élever leurs jeunes. Après que le couple ait été ensemble pendant au moins deux semaines et qu'ils s'entendent bien, vous devrez leur fournir une boîte de nid. Lors du choix d'une boîte de nid, certaines choses à considérer incluent : le matériau. Il existe de nombreux types de boîtes de nid disponibles, y compris en métal, en plastique et en bois. Le bois est un bon choix car les cockatiels peuvent ronger l'entrée pour l'adapter à leurs spécifications. La taille. Une boîte d'un pied par un pied est suffisante pour la reproduction des cockatiels. Porte d'accès arrière. Certaines boîtes de nidification sont équipées d'une porte d'accès arrière afin que vous puissiez vérifier les poussins sans déranger la femelle. Literie. Les parents cockatiels utiliseront de la literie pour créer un nid confortable et sûr pour les poussins. Les meilleurs matériaux pour le nid sont des copeaux de pin à faible poussière ou des matériaux en papier non colorés comme des journaux ou des serviettes en papier blanches. N'utilisez pas de copeaux de cèdre car les huiles de ce matériau peuvent tuer ou blesser les poussins.",4.332681894302368
036_51108,"Évitez de tourner autour du pot, de sembler timide ou de faire une blague à ce sujet. Tout ce que vous devez faire, c'est aller droit au but. Les garçons apprennent à aller droit au but dès le départ, sans recourir à des ruses, et au XXIe siècle, il est quelque peu étrange que certaines filles aient encore l'impression qu'elles doivent jouer le jeu de la timidité. Vous pouvez donc faire cela aussi, il n'est pas déraisonnable d'aller droit au but. Vous n'avez pas besoin d'être brusque, mais vous devez être clair, et en étant décontracté, vous pouvez formuler une demande en douceur. Dites quelque chose de décontracté comme ""Hé, puis-je avoir ton numéro pour te texter de temps en temps ?"" C'est simple. Ensuite, dites merci et éloignez-vous. À ce stade, il attendra votre message, et vous aurez son numéro. Vous n'avez pas besoin d'expliquer la demande, mais si vous le souhaitez, gardez-le simple, comme ""ce serait super utile si je pouvais te joindre par texto"" ; ou ""j'aimerais juste pouvoir te contacter facilement pour t'inviter à certaines des soirées en dortoir que nous organiserons bientôt"". S'il vous demande pourquoi vous voulez son numéro, restez simple. Par exemple, dites quelque chose comme ""J'aimerais rester en contact avec toi, je te trouve vraiment sympa"" ou ""Tu me donnes de bons conseils"" ou ""Tu es vraiment marrant"". Si c'est vraiment, vraiment difficile pour vous d'être ouvert sur le fait d'obtenir son numéro, utilisez des études ou le travail ou quelque chose pour obtenir le numéro. Demandez si vous pouvez passer en revue les sujets de test avec lui et il vous donnera probablement son numéro. Ou, approchez-vous du garçon de manière décontractée et montrez-lui votre téléphone. Montrez-lui vos contacts et dites ensuite : ""Je veux vraiment battre mon ami et voir qui a le plus de contacts à la fin de la journée, donc... puis-je avoir ton numéro ?"" (Ne sonnez pas insistant ou avide ou excité, agissez comme si vous parliez à vos parents.) Le problème avec l'utilisation d'une ruse est que c'est probablement tout ce qu'il s'attendra à recevoir de votre part par message, à moins qu'il ne soit clairement intéressé par vous. Si vous commencez à texter constamment à propos de n'importe quoi d'autre, il risque de ne pas être impressionné.",3.8831119537353516
036_32840,"Pour modifier la Wii et sauvegarder des jeux, vous aurez besoin de quelques éléments. Vous aurez besoin d'une carte SD pour copier des fichiers de hack de votre ordinateur vers votre Wii. Vous aurez également besoin d'un disque dur externe suffisamment grand pour stocker plusieurs jeux. Les tailles des jeux varient d'environ 1 Go à 6 Go par jeu, alors trouvez un disque d'au moins 250 Go pour stocker votre bibliothèque. Pour faire fonctionner le système de sauvegarde USB, vous devrez modifier votre système Wii. Cela se fait entièrement par logiciel et aucun outil spécial n'est requis. Ce guide vous expliquera les étapes à suivre. Pour installer le bon hack, vous devez savoir quelle version du système d'exploitation Wii vous utilisez. Démarrez la Wii. Ouvrez le menu Wii, puis cliquez sur Paramètres Wii. Votre numéro de version Wii apparaîtra dans le coin supérieur gauche. Pour une version système 4.2 ou inférieure, téléchargez le bon hack bannerbomb. Si vous avez une version système 4.3, vous aurez besoin du bon jeu officiel et du hack. Pour ce guide, nous utiliserons LEGO Star Wars : La Saga Complète. Vous aurez besoin du disque du jeu ainsi que du hack de sauvegarde « Return of the Jodi ».",2.32670259475708
036_52674,"Vous ne pouvez vous transformer qu'une fois par jour (à moins que vous n'ayez l'Anneau d'Hircine) et la forme bestiale dure 150 secondes. Le temps est prolongé pour la forme bestiale si vous vous nourrissez de cadavres, vous donnant 30 secondes supplémentaires. Sélectionnez-le dans le menu des pouvoirs et activez-le de manière similaire aux Cris. Les avantages ne sont applicables que lorsque vous êtes en forme bestiale. Vous serez guéri de toutes les maladies, y compris du vampirisme. Votre santé et votre endurance augmenteront, ainsi que la régénération de votre endurance. Votre capacité de transport augmentera de 2000 pts en tant que loup. Vous pouvez utiliser des Hurlements, qui sont similaires aux cris. Les hurlements repoussent les ennemis. Vous aurez des griffes qui agissent à la fois comme une arme et une protection. Bien que les avantages soient agréables, il y a plusieurs inconvénients dont vous devez être conscient. L'argent nuit à tout le monde, mais en tant que loup-garou - surtout en forme de loup - l'argent vous blesse encore plus qu'auparavant. Vous ne recevrez aucun bonus de repos. Les capacités raciales ne seront pas transférées. Vous ne pouvez pas utiliser d'équipement, de magie ou d'autres pouvoirs. Si des PNJ assistent à votre transformation, ils fuiront ou vous attaqueront. Dans le meilleur des cas, ils vous traiteront comme un étranger, disant : ""Je trouve votre sourire de loup... perturbant."" ""Vous sentez comme un chien mouillé."" ""Est-ce que... des poils poussent dans vos oreilles ?"" et même ""Ah, vous avez encore joué avec vos chiens ?"" Mais Eorlund Gray-Mane vous défendra si vous vous transformez au milieu de Blancherive. Vous pourriez vouloir vous guérir de la lycanthropie. À moins que vous n'ayez activé le pack d'extension Dawnguard* (*Aela peut vous donner du sang une fois de plus) ou téléchargé un mod, il sera impossible de redevenir un loup-garou.",3.268184185028076
036_10590,"Ces appareils sont souvent appelés détecteurs de montants ou capteurs de montants. Ils peuvent être achetés dans les quincailleries, les magasins de bricolage ou les grands magasins. Certains détecteurs de montants sont magnétiques, donc vous sentirez une attraction lorsqu'un montant est identifié en fonction de la présence de clous ou de fils courant le long du montant. D'autres mesurent les variations de largeur de votre mur. Ceux-ci signaleront la présence d'un montant par un son ou un voyant clignotant. Les détecteurs de montants magnétiques peuvent être moins efficaces que d'autres types de détecteurs de montants. Cela est dû au fait qu'ils ne discriminent pas entre les métaux. Un tuyau métallique qui est loin d'un montant apparaîtra de la même manière à un détecteur de montants magnétique qu'un fil monté sur un montant. N'utilisez un détecteur de montants qui mesure les variations de largeur de mur que si vos murs sont en plaques de plâtre. En effet, les plaques de plâtre ont une largeur uniforme, ce qui facilite le travail du détecteur de montants. Le plâtre, en revanche, manque souvent de largeur uniforme, ce qui peut interférer avec le détecteur de montants. Certains modèles nécessiteront que vous les calibriez avant utilisation. Vous le faites en plaçant le détecteur de montants contre une section de mur où il n'y a pas de montant et en l'allumant. Le processus de calibration prendra des durées différentes selon le modèle. Certains modèles peuvent se calibrer en quelques secondes tandis que d'autres peuvent nécessiter près d'une minute. En général, le détecteur de montants indiquera une fois qu'il a fini de se calibrer ou si vous devez répéter le processus. Les détecteurs de montants nécessitant une calibration auront généralement une méthode pour vous alerter si vous avez placé le détecteur sur un montant ou un autre matériau qui pourrait interférer avec le processus de calibration, comme le métal. Il suffit de déplacer le détecteur de montants à un autre endroit et d'essayer à nouveau. Un modèle de détection de bord localisera le bord d'un montant. Donc, si vous en avez un de ceux-ci, vous devrez répéter le processus dans l'autre direction pour trouver l'autre bord du montant. Vous devrez peut-être également recalibrer le détecteur de montants avant de faire un second passage. Un modèle de détection de centre, en revanche, indiquera où se trouve le centre du montant. Si vous avez un modèle de détection de bord, gardez à l'esprit que la largeur des montants peut varier entre 1,5 et 3,5 pouces (3,8 et 8,9 cm) si votre logement utilise du bois de 2 po × 4 po (5,1 cm × 10,2 cm). D'autres largeurs de bois entraînent des largeurs de montants différentes. Par conséquent, envisagez de vérifier avec un entrepreneur ou votre propriétaire pour déterminer la largeur de vos montants. Recherchez l'indicateur qui vous dit qu'un montant a été localisé. Répétez ce processus plusieurs fois à des hauteurs différentes pour confirmer que vous avez trouvé un montant. Si vous avez le modèle de détection de bord, marquez où le bip commence et s'arrête pour déterminer la largeur du montant. Mesurez et marquez des incréments de 16 pouces (41 cm) pour trouver d'autres montants en fonction de vos plinthes. C'est un espacement typique des montants. Les maisons anciennes peuvent avoir des montants espacés de 24 pouces (61 cm). Utilisez votre détecteur de montants pour confirmer que des montants existent à ces points. De nombreux appartements et immeubles de bureaux utilisent des montants métalliques plutôt que des montants en bois. Si tel est le cas pour votre logement ou votre bâtiment, vous devrez utiliser des attaches spéciales. La plupart des vis à bois ne traverseront pas le métal. Utilisez des vis à métal auto-perforantes si vous avez des montants métalliques. Ou, percez un trou pilote, puis utilisez une vis à plaques de plâtre ou à bois qui est juste plus grande que le trou pilote.",5.098822593688965
036_29795,"Vous n'avez pas besoin d'ouvrir de fichier pour cela, car vous ne faites que changer les paramètres. Dans les options de la section supérieure de la fenêtre, choisissez Outils. Cela ouvrira un menu déroulant. Dans le menu déroulant, choisissez Préférences. Une nouvelle fenêtre devrait s'ouvrir avec une liste d'options. Alternativement, appuyez sur CTRL + P pour accéder à cette même fenêtre de Préférences. Parmi les deux options en bas à gauche de la fenêtre Préférences, assurez-vous que Simple est sélectionné. Cela devrait être le paramètre par défaut, mais vérifiez-le. À partir du côté gauche de la fenêtre ou depuis le haut de la fenêtre, choisissez l'onglet Audio. Il devrait ressembler à un cône de circulation avec des écouteurs. Près du bas des paramètres audio, recherchez l'en-tête Pistes. Dans le champ de saisie à côté de ""Langue audio préférée"", entrez votre code de langue. Une liste de codes peut être trouvée à ce lien : http://www.loc.gov/standards/iso639-2/php/code_list.php. Essayez d'utiliser d'abord les codes 639-2, puis les codes 639-1 si ceux-ci ne fonctionnent pas. Anglais : eng  Japonais : jpn  Espagnol : spa Si vous souhaitez également définir la piste de sous-titres par défaut, vous pouvez le faire depuis la même fenêtre de préférences. Vous verrez également d'autres options pour personnaliser les sous-titres, comme la police, la taille de la police, les ombres, etc. Cliquez sur l'onglet sous-titres depuis la section supérieure ou gauche de la fenêtre. Entrez votre code de langue dans le champ de saisie à côté de ""Langue de sous-titres préférée."" Le lien pour les codes est ici : http://www.loc.gov/standards/iso639-2/php/code_list.php. Cliquez sur le bouton Enregistrer en bas à droite de l'écran. Cela devrait confirmer vos modifications. Pour que les modifications prennent effet, vous devrez peut-être redémarrer VLC.",3.268170118331909
036_9302,"Coupez les extrémités des asperges si les tiges sont épaisses. Lavez les asperges. Remplissez une grande casserole avec quelques centimètres d'eau et placez un cuiseur à vapeur dans la casserole. L'eau ne doit pas s'écouler à travers les trous du cuiseur ; si c'est le cas, versez un peu d'eau hors de la casserole. Mettez les asperges dans la casserole et portez à ébullition. Faites cuire à la vapeur jusqu'à ce qu'elles soient tendres ou jusqu'à atteindre la texture souhaitée. Envisagez de servir des asperges cuites à la vapeur, grillées ou rôties comme première entrée au dîner. Elles sont traditionnellement servies avec du beurre frais fondu ou de la sauce hollandaise fraîchement préparée. Mangez avec des fourchettes ou avec les doigts. Les asperges deviennent tendres et humides lorsque vous les cuisez à la vapeur, et le résultat peut avoir un goût fade. Ajoutez du sel et d'autres assaisonnements pour rehausser la saveur. Gardez à l'esprit que même si les asperges sont très saines, ajouter une tonne de sel et d'autres assaisonnements peut annuler le facteur santé. Coupez les extrémités des asperges si les tiges sont épaisses. Lavez les asperges. Faites une ""barque"" avec du papier aluminium pour y mettre les asperges ; les côtés doivent être suffisamment hauts pour empêcher l'huile et les asperges de déborder. Versez 1 à 2 cuillères à soupe d'huile d'olive dans la ""barque"" en aluminium, et disposez les asperges par-dessus. Placez la ""barque"" sur un gril extérieur à feu moyen jusqu'à ce que les tiges atteignent la texture souhaitée. Les asperges deviennent plus fermes lorsque vous les grillez, mais elles conservent toute leur humidité. Le meilleur, c'est qu'une fois cuites, vous ne perdez aucun nutriment ! C'est l'une des façons les plus simples et les plus savoureuses de manger des asperges si vous ne voulez pas les intégrer dans une recette plus compliquée. Sur une plaque chauffante, coupez les tiges et arrosez-les d'un peu d'huile d'olive et d'assaisonnement. Mélangez les tiges et l'assaisonnement dans un bol. Ensuite, placez les asperges sur une poêle à griller chaude ; un modèle rainuré est idéal, mais une poêle en fer plate fera l'affaire. Laissez à feu moyen jusqu'à ce qu'un côté soit noirci (1 à 2 minutes). Retournez et faites cuire l'autre côté. Servez chaud. Les asperges développent une saveur riche lorsqu'elles sont rôties, ce qui en fait l'une des façons les plus populaires de manger ce légume. Lavez et coupez les tiges, épluchez légèrement la base des tiges plus dures, et séchez-les. Placez-les sur une plaque de cuisson et pulvérisez ou arrosez d'huile d'olive, en roulant chaque tige pour bien les enrober. Saupoudrez de sel et de poivre fraîchement moulu, puis faites cuire au four à 220 °C (425 °F) pendant 10 à 15 minutes. Vous pouvez mélanger vos asperges rôties dans un risotto ou un plat de pâtes crémeux. Vous pouvez également servir les asperges rôties en accompagnement de viande, de poisson et de pâtes. Envisagez d'ajouter quelques gousses d'ail frais et une pincée de zeste de citron fraîchement râpé. Pensez à rôtir avec du beurre, du sel et du parmesan ou de la mozzarella. Vous pouvez également hacher les asperges cuites et les saupoudrer sur des macaroni au four. Si vous le souhaitez, vous pouvez également couper du bacon en morceaux et le mélanger avec les asperges. Hachez les asperges en morceaux de deux pouces avec des aubergines et de la courge butternut. Placez les légumes dans une poêle sur la cuisinière et laissez mijoter à feu moyen-doux. Assaisonnez-les généreusement avec du sel et du poivre. Ajoutez de la sauce tomate. Laissez le mélange mijoter pendant 5 à 10 minutes jusqu'à ce que les légumes soient bien cuits dans la sauce. Les asperges sautées se marient très bien avec les pâtes.",6.825654745101929
036_35278,"Si la météo prévoit du soleil et des températures chaudes tous les jours de votre voyage, vous n'avez pas besoin d'emporter un gros pull ou une veste imperméable. Si vous êtes inquiet que le temps puisse changer, rappelez-vous que vous pouvez toujours acheter ou emprunter quelque chose à votre destination. Si la météo prévoit de la pluie, emportez un poncho de pluie non ouvert au lieu d'une veste imperméable encombrante. Cela prendra moins de place dans votre bagage. Si vous voyagez dans un endroit froid, emportez des vêtements que vous pouvez superposer plutôt qu'un lourd manteau d'hiver pour économiser de l'espace dans votre sac. Essayez de choisir des teintes neutres comme le marron, le noir, la crème, le blanc et le gris. Cela vous permettra de mélanger et d'assortir vos vêtements afin que vous n'ayez pas à emporter autant de tenues. Pour les hommes, des chemises à boutons basiques dans des teintes neutres sont un article polyvalent qui ira bien avec n'importe quoi. Pour les femmes, emportez une simple robe noire que vous pouvez habiller ou décontracter selon l'occasion. Un blazer est également un excellent choix que vous pouvez porter de manière décontractée ou dans un cadre plus formel. Évitez d'emporter une paire de chaussures différente pour chaque jour ou événement pendant votre voyage. Les chaussures ne peuvent pas être pliées ou enroulées dans votre sac pour économiser de l'espace. Visez deux paires de chaussures si possible : une paire de chaussures de marche décontractée et quelque chose de plus élégant pour un cadre plus formel. Si vous allez dans un endroit chaud, en particulier à la plage, emportez des sandales ou des tongs au lieu de baskets. Elles prennent la moitié de l'espace et vos pieds seront plus confortables sous la chaleur. Si vous lavez vos vêtements pendant votre voyage, vous n'aurez pas à emporter autant de vêtements au départ. Si l'endroit où vous séjournez n'a pas de machine à laver, utilisez la baignoire ou l'évier pour laver vos vêtements. Pour économiser encore plus de place dans votre sac, évitez d'emporter de la lessive et achetez-en une fois arrivé à destination. S'il n'y a pas d'endroit pour acheter de la lessive, lavez vos vêtements avec du savon à vaisselle liquide à la place. Emportez un stylo détachant dans votre sac. Il ne prendra pas beaucoup de place et sera plus pratique que de laver vos vêtements.",3.3264169692993164
036_13510,"Appelez votre gouvernement local de la ville ou du comté et demandez si vous êtes autorisé à effectuer des travaux électriques à domicile par vous-même. Dans certains cas, vous pourriez avoir besoin d'un permis spécial, ou les travaux pourraient devoir être réalisés par un entrepreneur agréé. Même si vous pensez pouvoir gérer le travail vous-même, vous devriez toujours vérifier si un permis est nécessaire. Effectuer les travaux sans permis, si un est requis, pourrait enfreindre votre police d'assurance habitation. De nombreux ventilateurs de salle de bain sont câblés directement à travers votre plafond ou votre grenier. Certains, cependant, ont une prise électrique standard qui se branche dans une prise ordinaire. Vous voudrez remplacer votre ventilateur par un de même type. Si vous n'êtes pas sûr du type que vous avez, retirez le couvercle du ventilateur et inspectez comment il est alimenté. Faites un tour dans votre magasin local de fournitures pour la maison, et vous devriez pouvoir trouver plusieurs modèles de ventilateurs de salle de bain. Recherchez-en un avec un faible nombre de « sones » (2 ou moins) et un nombre élevé de « CFM » (pieds cubes par minute). Les sones mesurent le volume d'un ventilateur. Plus le nombre est bas, plus le ventilateur est silencieux. Les CFM mesurent le nombre de pieds cubes d'air qu'un ventilateur peut évacuer d'une pièce par minute. En général, plus le nombre est élevé, mieux c'est. Des ventilateurs avec un CFM élevé peuvent ne pas être nécessaires pour de petites salles de bain. Cependant, si votre salle de bain est grande, vous voudrez vraiment obtenir un ventilateur avec une cote CFM élevée. Vous ne devriez pas avoir besoin de quelque chose de trop inhabituel, et vous avez peut-être déjà quelques outils et fournitures à la maison. Sinon, procurez-vous ces éléments pendant que vous êtes au magasin de fournitures pour la maison ou de bricolage : toile de protection, tournevis, testeur de circuit (également connu sous le nom de détecteur de tension - le modèle sans contact sera le plus facile à utiliser), perceuse et mèche, couteau à sec, ruban HVAC, connecteurs de fil. Retirer votre ancien ventilateur de salle de bain et travailler avec votre plafond peut provoquer une avalanche de saleté et de débris. Facilitez le nettoyage en posant une toile de protection sur le sol de votre salle de bain sous le ventilateur. Vous voudrez peut-être également couvrir le comptoir ou d'autres zones si elles sont près du ventilateur. Allez à votre disjoncteur et actionnez l'interrupteur marqué pour le ventilateur de salle de bain (ou tous les interrupteurs de la salle de bain, s'il n'y en a pas un spécifiquement marqué pour le ventilateur). Vous ne voulez certainement pas travailler sur le câblage du ventilateur pendant que l'électricité est toujours en marche !",4.963913440704346
036_12983,"Nettoyez les contacts métalliques de la batterie avec de l'alcool à friction sur un chiffon humide. Des contacts propres augmentent l'efficacité énergétique. Les batteries perdent de l'énergie si elles ne sont pas utilisées assez rapidement après la charge. Si vous utilisez votre batterie ""pleine"" deux semaines après l'avoir chargée pour la dernière fois, vous pourriez découvrir qu'elle est vide. Au lieu de charger la batterie à 100 % à chaque fois, fixez la limite de charge maximale à 80-85 %. Cela aidera à long terme en réduisant la dégradation de la batterie au fil du temps. Les Sony VAIO ont une option intégrée pour cela. Les batteries lithium-ion ne peuvent pas être surchargées, mais à long terme, votre batterie développera des problèmes si vous la laissez branchée tout le temps. Évitez de la laisser se décharger en dessous de 20 %.",1.6489076614379883
036_45215,"Faire bouillir pendant 20 minutes. Couvrir et laisser reposer pendant 10 minutes. Tremper dans l'eau froide, puis égoutter à nouveau. Enlever la coquille des œufs. Placer les œufs épluchés dans un bol en verre ou en céramique. Cela aidera le liquide de marinage à pénétrer plus facilement. Porter à ébullition à feu vif. Laisser mijoter pendant encore 10 à 15 minutes, jusqu'à ce que les tranches de betterave deviennent tendres. Laisser refroidir avant de couvrir. Placer au réfrigérateur. Cela donne beaucoup de temps pour que la saveur s'infuse. Conserver au réfrigérateur pendant un mois maximum.",1.4088878631591797
036_37637,"Il semble évident, non ? Il est bon de se rappeler que si vous aimez votre partenaire, vous devez le dire de temps en temps. Il est très important qu'une relation à long terme en devenir soit construite sur l'amour et la confiance, et vous devez laisser à la fois vos actions et vos mots communiquer cela. Dites ces 3 mots et dites-les souvent. Essayez de parler à votre partenaire dans son langage d'amour. C'est la manière dont votre partenaire exprime et comprend les émotions d'amour. Bien que cela puisse sembler facile, il est important que les couples dans des relations à long terme fassent de cette relation une priorité, en prenant du temps dans votre emploi du temps avec des amis et de la famille pour faire des choses avec votre partenaire. Plus votre relation dure, plus cela peut devenir difficile. Faites l'effort. 

Vous n'avez pas besoin de faire des choses coûteuses ou d'aller à des rendez-vous exotiques pour garder votre relation fraîche. Sortir dîner et aller au cinéma est agréable, mais il est également génial d'aller faire de la randonnée ensemble, de se donner des massages ou de passer une nuit à jouer ensemble. Le temps passé à être actif ensemble est bon. Bien que cela puisse sembler peu romantique, il peut parfois être nécessaire de programmer du temps pour faire des choses avec votre partenaire dans une relation à long terme pour rester intime l'un avec l'autre et garder votre connexion émotionnelle vivante. Planifiez des soirées de rendez-vous hebdomadaires ou des week-ends mensuels. Le chroniqueur de Savage Love et auteur Dan Savage a inventé le terme ""GGG"" pour désigner une qualité chez les partenaires commune aux bonnes relations à long terme : la caractéristique d'être ""bon, généreux et prêt à essayer"". 

Être bon signifie agir d'une manière qui a le meilleur intérêt de votre partenaire à cœur. Vous devez être bon avec votre partenaire en tout temps. Être généreux signifie faire un effort supplémentaire pour rendre votre partenaire heureux. Donnez une partie de vous-même à votre partenaire, partageant vos intérêts et votre vie avec eux. Soyez désintéressé lorsque vous êtes avec votre partenaire. Être prêt à essayer signifie être ouvert à des choses qui normalement ne vous excitent pas. Il est facile d'être réticent à des choses que vous ne connaissez pas ou qui ne vous intéressent pas, mais si cela rend votre partenaire heureux, essayez d'être partant. Cela pourrait être amusant. Il est facile pour les relations à long terme de devenir prévisibles très rapidement. Vous allez au travail ou à l'école, vous rentrez chez vous, vous voyez les mêmes amis, vous allez aux mêmes endroits, vous regardez les mêmes émissions. Cela peut devenir ennuyeux, et cet ennui peut ternir la relation. Faites l'effort de garder les choses spontanées. 

Vous vous connaissez peut-être déjà bien, mais cela ne signifie pas que vous ne devriez pas continuer à sortir ensemble. Prenez le temps de sortir et de vous amuser ensemble. Gardez votre relation amusante et spéciale. Surprenez votre partenaire de temps en temps en faisant des plans spéciaux sans qu'il le sache. Même des choses aussi simples que cuisiner le dîner ou nettoyer la cuisine sans qu'on vous le demande peuvent rapporter des points. Ce sont les petites choses qui font la différence. Aussi important qu'il soit de garder votre relation active et vivante, il est également important de passer du temps indépendamment de votre partenaire, de sortir avec vos propres amis et de vous adonner à vos propres intérêts. Tout ne doit pas impliquer votre partenaire. Ayez votre propre espace, surtout si vous vivez ensemble. Même si c'est juste votre propre bureau ou table de nuit, il est important de garder un peu d'espace pour vous. Ayez vos propres amis et faites des projets avec eux indépendamment. Si votre partenaire n'aime pas que vous sortiez avec vos propres amis de temps en temps, c'est un problème qui doit être discuté. Les deux partenaires méritent d'avoir leurs propres amis et de passer du temps avec eux.",6.393892288208008
036_15001,"Une autre chose qui peut aider votre vessie après une chirurgie est de s'assurer que vous la videz avant de vous endormir sous anesthésie. Vous devriez uriner aussi près que possible du moment où vous allez être anesthésié. Toute urine laissée dans votre vessie pendant votre chirurgie peut rendre plus difficile l'évacuation par la suite. Bien que cela puisse réduire la quantité que vous urinez après la chirurgie, vous urinerez tout de même un peu. Vous devriez produire au moins 250 cc d'urine dans les 4 heures suivant la chirurgie, bien que certains puissent produire entre 1 000 cc et 2 000 cc. Certaines personnes sont plus à risque de ne pas pouvoir uriner après la chirurgie. Certains médicaments augmenteront votre risque, vous devriez donc parler à votre médecin de vos médicaments avant la chirurgie. D'autres facteurs de risque incluent : avoir plus de 50 ans, être un homme, surtout si vous avez une prostate élargie, être sous anesthésie pendant une longue période, avoir un apport accru de fluides IV, et prendre certains médicaments, comme les antidépresseurs tricycliques, les bêta-bloquants, les relaxants musculaires, les médicaments pour la vessie ou les médicaments contenant de l'éphédrine. Si vous êtes une femme, vous pourriez bénéficier de l'exercice du plancher pelvien, comme les exercices de Kegel. Cela aide à renforcer les muscles utilisés pour uriner afin que vous puissiez mieux contrôler votre vessie et, espérons-le, uriner plus facilement. Les personnes souffrant de constipation peuvent souffrir de rétention urinaire. Pour réduire légèrement le risque ou la gravité de ce problème, assurez-vous de boire beaucoup d'eau dans les semaines précédant votre chirurgie. Vous devriez également ajouter beaucoup d'aliments riches en fibres, manger plus de prunes et éviter les aliments transformés. De plus, restez actif et bougez autant que possible. Les fruits et légumes contiennent beaucoup de fibres, donc augmentez votre consommation quotidienne. Vous pouvez essayer des pommes, des baies, des légumes à feuilles, du brocoli, des carottes et des haricots.",3.016216993331909
036_60437,"Il ne sert à rien de passer directement des derniers détails de votre travail à essayer de vous endormir. Vous resterez simplement là à penser à votre travail. Passez au moins une heure avant de vous coucher à détendre votre esprit en préparation. Faites cela en dehors du lit. Tamisez les lumières et évitez la télévision, les ordinateurs et les écrans de téléphone. Vous essayez de calmer votre esprit. Tout comme un bain chaud, un biberon et une histoire du soir permettent à un bébé de comprendre qu'il est temps de commencer à se détendre, une routine relaxante avant le coucher apprendra à votre corps à commencer à se relaxer. Prenez un bain relaxant. Ajoutez quelques gouttes de l'une des huiles essentielles, comme la rose ou la lavande, pour vous aider à vous détendre. Lisez un certain nombre de pages d'un bon livre. Ne lisez qu'un chapitre par nuit — ne vous laissez pas entraîner à lire toute la nuit. Écoutez de la musique apaisante. L'Académie britannique de thérapie sonore a constitué une liste de lecture des chansons les plus relaxantes selon la science. Leur liste de lecture comprend des artistes tels que Marconi Union, Coldplay et Enya. Croyez-le ou non, un verre de lait chaud pourrait vraiment vous aider à mieux dormir. Les produits laitiers sont riches en tryptophane, un acide aminé qui aide à vous sentir somnolent. Vous pourriez également apprécier l'effet sédatif d'une tisane, comme la camomille, la passiflore ou la racine de valériane. Évitez les boissons contenant de la caféine, y compris certains thés. Le thé vert et le thé noir ont tendance à avoir des niveaux de caféine assez élevés, alors choisissez plutôt une tisane qui indique ""sans caféine"". Évitez l'alcool avant de vous coucher. Bien qu'il puisse vous aider à vous endormir plus rapidement, l'alcool réduit également votre sommeil REM (mouvements oculaires rapides), ce qui peut vous donner l'impression de ne pas être reposé lorsque vous vous réveillez le lendemain matin. Cela peut également provoquer des apnées du sommeil, ce qui perturbe davantage votre repos. Les cerises contiennent de la mélatonine naturelle, un composé qui aide votre corps à s'endormir. Essayez de boire un petit verre de jus de cerise aigre avant de vous coucher. Certaines personnes peuvent trouver qu'un petit en-cas avant de se coucher les aide à dormir. Les médecins recommandent un petit en-cas riche en glucides pour augmenter vos niveaux de tryptophane. Essayez une tranche de pain grillé ou un petit bol de céréales. Ne mangez pas de gros repas avant de vous coucher. Votre système digestif ralentit lorsque vous dormez, donc avoir trop de nourriture dans votre système peut provoquer des brûlures d'estomac ou même vous faire étouffer. Une étude publiée dans l'American Journal of Clinical Nutrition a montré qu'un petit bol de riz au jasmin — un glucide complexe qui se digère lentement — consommé quatre heures avant le coucher aidait les participants à s'endormir plus rapidement qu'un glucide qui se digère rapidement. Évitez les en-cas qui pourraient contenir de la caféine, comme le chocolat. Vous devriez également rester à l'écart des aliments très riches en sucre, car ceux-ci peuvent vous rendre plus éveillé et agité. D'autres en-cas qui peuvent aider comprennent les bananes, les œufs, les cacahuètes, l'avoine et le yaourt. Tous contiennent du tryptophane. Les bananes contiennent également du magnésium et du potassium, qui peuvent aider votre corps à se détendre. Bien que chaque personne ait ses préférences, chacun devrait s'assurer que les rideaux sont fermés pour bloquer toute lumière qui pourrait entrer par les fenêtres. La lumière dans votre chambre peut vous empêcher de vous endormir. Réglez la température à celle qui vous convient pour dormir. Certaines personnes aiment ça plus chaud, d'autres plus frais — découvrez ce que vous préférez. Utilisez l'aromathérapie si vous trouvez cela relaxant, bien que certains la trouvent écoeurante et distrayante. Ne brûlez pas de bougie parfumée, car cela pourrait être très dangereux si vous vous endormez avant d'éteindre la flamme. Essayez un diffuseur d'huile parfumée ou quelque chose comme un Glade à brancher. Changez-vous en vêtements de nuit désignés qui ne restreignent pas votre confort ou votre mouvement. Certaines personnes détestent la sensation des cols hauts en essayant de dormir, tandis que d'autres ne supportent pas les manches. Certaines personnes ont besoin de chaussettes pour réchauffer leurs pieds, tandis que d'autres ne le supportent pas. Découvrez ce qui fonctionne pour vous. Considérez le choix du tissu pour votre tenue de sommeil. Le coton est léger et respire facilement. La soie permet à votre corps de réguler efficacement sa température. Le bambou évacue naturellement l'humidité. Si vous voulez dormir nu, allez-y. Surtout si vous avez tendance à avoir chaud pendant votre sommeil, le fait d'être au naturel pourrait vous aider à dormir plus confortablement. Cela bloquera toute lumière indésirable qui pourrait détourner votre attention du sommeil. Les masques de sommeil rafraîchissants sont souvent particulièrement relaxants.",8.124696493148804
036_8791,"Lorsque vous achetez votre lézard à queue de léopard pour la première fois, il aura besoin de temps pour s'adapter à son nouveau foyer. Laissez-le dans son terrarium pendant maximum un jour, sauf s'il est très stressé, alors donnez-lui un peu plus de temps pour explorer et se sentir à l'aise. Ne vous sentez pas mal si, une fois qu'il a exploré son habitat, il ne sort pas de son endroit préféré pendant un certain temps. Cela dit, plus vous vous familiarisez avec votre gecko tôt, mieux c'est, car les geckos qui sont manipulés et joués avec dès leur jeune âge sont généralement beaucoup plus calmes et affectueux lorsqu'ils sont tenus plus tard. Un âge idéal pour commencer à jouer avec votre gecko est de cinq à six mois, mais tout âge où il se sent à l'aise avec les humains est bon, tant qu'il n'est pas encore un nouveau-né. Dans la nature, un animal de notre taille serait considéré comme une menace par n'importe quel lézard. Donc, ne vous sentez pas mal si votre gecko met un peu de temps à s'habituer à vous. Ne précipitez pas votre gecko. Si vous êtes impatient de commencer à le manipuler et à jouer avec lui, réconfortez-vous en apprenant tout sur votre lézard. Quand vous aménagez son habitat, créez des cachettes dans lesquelles votre lézard peut entrer sans être observé. Parfois, votre lézard a simplement besoin d'un peu de temps seul, et rappelez-vous, ils sont nocturnes, donc vous ne devriez pas les déranger pendant la journée. Pendant que vous observez votre gecko, familiarisez-vous avec votre nouvel animal de compagnie. Trouvez les oreilles de votre gecko (les grandes ouvertures en forme de trou sur les côtés de sa tête). Comptez combien de doigts il a sur chacune de ses pattes. Comptez combien de taches votre gecko a et faites un suivi (les taches des geckos léopards changeront en vieillissant). Il est très important de faire cela, car si votre gecko ne s'habitue pas à votre main, il ne sera jamais à l'aise d'être manipulé. Votre gecko sera le plus actif la nuit, généralement après que vous vous soyez préparé pour la nuit. À ce moment-là, placez votre main dans la cage, en la laissant reposer au fond de la cage. Ne faites pas de mouvements brusques ou vous pourriez effrayer votre gecko. Laissez votre gecko explorer votre main - il va probablement lécher vos doigts, grimper sur votre main et finalement se poser sur un endroit de votre main qui est le plus chaud. Vous pouvez l'encourager à faire cela en chauffant votre main avant d'essayer de tenir votre lézard. Ne retirez pas votre main si votre gecko essaie de la lécher. Jusqu'à ce que vous ayez créé un lien entre vous et votre gecko léopard, ce dernier vous considérera comme un prédateur. Si vous partez lorsqu'il essaie de vous lécher, il essaiera de vous lécher pour vous faire partir à l'avenir, afin de pouvoir être seul. Si votre gecko n'a pas de compagnie humaine, il ne voudra pas de compagnie humaine, et cela conduira à un gecko peu amical. Ne soyez pas découragé si votre gecko ne grimpe pas sur votre main tout de suite. Tous les geckos sont différents - certains sont un peu plus aventureux que d'autres. Chaque nuit, répétez cette étape et placez votre main sur le sol du terrarium. Finalement, votre gecko viendra enquêter. Les geckos peuvent perdre leur queue s'ils pensent qu'un prédateur a sa prise sur leur queue, ou s'ils sont surpris. Ne jamais soulever votre gecko par sa queue. Évitez de faire en sorte que votre gecko se sente acculé ou menacé. S'il ne veut pas être manipulé et continue de fuir votre main, faites une pause dans vos tentatives pour le prendre. Puis réessayez plus tard. Il est assez facile de dire quand votre gecko a peur ou est mécontent, car il élèvera et agitera sa queue comme avertissement si cela se produit. Essayez juste de lui parler doucement pour le calmer. Il existe plusieurs friandises que vous pouvez donner à votre gecko, et la plupart d'entre elles peuvent être achetées dans votre animalerie locale. Cela inclut des vers de cire, des vers de farine et des grillons. Vers de cire : Ce sont les types de friandises les plus courants à donner à votre gecko. Les geckos adorent leur goût, mais ils sont riches en phosphore et en matières grasses. Donc, utilisez-les avec parcimonie (pas plus d'un tous les deux semaines, surtout si votre lézard a plus d'un an, car cela pourrait entraîner l'obésité ou le fait que votre lézard refuse de manger d'autres insectes). Ne mettez pas de calcium sur le ver de cire lorsque vous faites cela, car le gecko léopard le mangera, puis mordra votre doigt. (la poudre restera sur votre doigt, et il sentira cela.) Chaque gecko est différent, mais la plupart des gens recommandent pour obtenir les meilleurs résultats en matière de domestication de les manipuler au moins 15 minutes chaque jour une fois qu'ils se réveillent. Toutefois, si vous constatez que cela stresse votre gecko, vous devriez réduire le temps que vous le manipulez et jouez avec votre lézard.",8.785993337631226
036_17102,"La recherche montre que l'une des façons les plus efficaces de gérer une pensée indésirable est de simplement la laisser suivre son cours. Cependant, cela ne signifie pas que vous avez nécessairement le temps de le faire à tout moment. Créez une ""période d'inquiétude"", un moment défini chaque jour où vous êtes autorisé à vous inquiéter. Considérez le reste de votre journée comme une zone sans inquiétude. Fixez votre période d'inquiétude à la même heure chaque jour et suffisamment tôt pour ne pas vous rendre anxious juste avant de vous coucher. Si une mauvaise pensée surgit dans votre esprit, remarquez-la et dites-vous que vous vous en soucierez plus tard. Vous pouvez même garder un carnet pour l'écrire ou simplement vous dire : ""Je veux rester calme. Je reviendrai là-dessus plus tard."" Elle peut ou non revenir. Si la pensée revient, faites une coche à côté dans votre carnet. Dites-vous : ""Oui, je m'en occuperai, mais pas maintenant."" Passez en revue votre liste pendant votre période d'inquiétude désignée. Si les mauvaises pensées ou inquiétudes vous dérangent encore, alors allez-y et inquiétez-vous à leur sujet, mais uniquement pendant la période d'inquiétude définie. Si elles ne vous dérangent plus, rayez-les et passez à autre chose. Reporter vos inquiétudes brisera l'habitude de s'attarder sur des pensées négatives et de perturber votre journée, mais en même temps, vous ne luttez pas pour supprimer ou bloquer la pensée. Si la pensée continue à surgir de manière répétitive, vous devrez peut-être en discuter avec un professionnel de la santé mentale. Par exemple, lorsque la pensée inutile se produit, faites une note mentale qu'elle s'est produite. Cela pourrait être quelque chose que vous vous dites par habitude, ou cela pourrait être quelque chose dans votre environnement, quelque chose que quelqu'un a dit ou fait, qui a déclenché un mauvais souvenir. Lorsque les gens se rappellent du mauvais souvenir ET s'y engagent, ils revivent le souvenir, émotions comprises, à moins qu'ils ne soient conscients qu'ils sont déclenchés. Une fois que vous en êtes conscient, vous pouvez travailler à reporter la mauvaise pensée, comme décrit ci-dessus. Vous pouvez reconnaître que oui, de mauvaises choses se sont produites dans votre vie, et vous comprenez pourquoi ce souvenir a été évoqué dans ce cas, mais vous vous entraînez (ou du moins envisagez) à le mettre de côté pour le moment au lieu de revivre le souvenir encore une fois.",4.097427129745483
036_35931,"Si vous n'avez pas encore dessiné de tête, dessinez d'abord une avant de commencer les cheveux. Il sera plus difficile de dessiner les cheveux sans un contour de tête sur lequel les dessiner. Pour la tête, faites un ovale qui est plus étroit en bas qu'en haut. La forme de la tête n'a pas besoin d'être précise au départ. Vous pouvez l'affiner plus tard après avoir fini de dessiner les cheveux. Pour dessiner la ligne des cheveux, commencez avec votre crayon sur le côté gauche de la tête, à peu près à mi-chemin. Ensuite, dessinez un arc du côté gauche de la tête jusqu'au point médian sur le côté droit de la tête. L'espace entre le sommet de la tête et le point le plus haut de l'arc doit être d'environ 1/5 de la hauteur de la tête. Dessinez l'arc de manière à ce qu'il suive la courbure de la moitié supérieure de la tête. Les extrémités de l'arc sont l'endroit où les côtés des cheveux rejoindront les oreilles. Il est important de dessiner la ligne des cheveux, même si elle sera recouverte par les cheveux, car cela vous aidera à garder une trace de l'endroit où les cheveux doivent commencer. Si vous voulez dessiner une frange ou avoir des cheveux tombant sur le visage, commencez à un point sur la ligne des cheveux et dessinez le contour des cheveux qui s'étendent à partir de celle-ci. Les cheveux d'anime sont dessinés avec des sections épaisses et distinctes au lieu de mèches individuelles, alors dessinez quelques sections épaisses descendant de la ligne des cheveux. Ils peuvent être droits et angulaires pour un look de cheveux en piques, ou vous pouvez les courber d'un côté pour que les cheveux paraissent fluides et naturels. Par exemple, vous pourriez dessiner plusieurs sections de cheveux en piques s'étendant le long de la ligne des cheveux. Pour dessiner des sections de cheveux qui encadrent les côtés du visage, dessinez 2 sections de cheveux courbant vers l'extérieur, une de chaque côté du visage, qui commencent au milieu de la ligne des cheveux et se terminent à peu près à mi-hauteur de la tête. Si vous ne voulez pas que la coiffure que vous dessinez ait des franges ou des sections de cheveux lâches, vous pouvez sauter cette étape. Maintenant que vous avez dessiné la partie avant des cheveux, dessinez le contour du haut, des côtés et de toute pièce exposée à l'arrière des cheveux. Commencez à une extrémité de l'arc que vous avez dessiné pour la ligne des cheveux, qui est l'endroit où se trouve la pattes. Ensuite, dessinez vers le haut et autour du haut de la tête et redescendez jusqu'au même point de l'autre côté. Pour une coiffure en piques, qui est populaire dans l'anime, dessinez des pointes épaisses et distinctes s'étendant loin de la tête en traçant cette ligne. Pour une coiffure plus plate et plus lisse, suivez simplement la courbure de la tête. Si vous voulez que les cheveux couvrent les oreilles, commencez plus bas sur le côté du visage et dessinez vers le haut et autour de l'endroit où les oreilles se trouveraient. Si vous souhaitez que l'arrière des cheveux soit assez long pour être visible, commencez près de la base de la tête lorsque vous dessinez le contour des cheveux. Une fois que vous avez le contour principal des cheveux, revenez en arrière et dessinez des sections supplémentaires de cheveux à l'intérieur du contour. Assurez-vous qu'elles sont épaisses et distinctes afin que les cheveux aient toujours un aspect anime. Vous pouvez également ajouter quelques lignes pour diviser certaines sections et donner plus de profondeur aux cheveux, mais ne le faites pas trop car vous ne voulez pas créer l'apparence de mèches individuelles. Effacez soigneusement pour ne pas effacer accidentellement d'autres lignes de votre dessin. Laissez les sections de la ligne des cheveux ou de la tête qui sont exposées. Une fois que vous avez terminé d'effacer ces lignes, vous avez fini !",7.563841342926025
036_40242,"Si vous tachez accidentellement le maquillage de l'enfant pendant que vous l'appliquez, il vous suffit d'essuyer la zone touchée avec une lingette pour bébé. Attendez que la zone sèche et réappliquez complètement le maquillage. Par exemple, si vous tachez le mascara sur la joue de votre enfant, il ne suffit pas d'essuyer le mascara. Vous devez également réappliquer le fond de teint et le blush, en terminant par de la poudre translucide. Cette technique est idéale pour corriger rapidement de petites erreurs. Plus le maquillage reste longtemps sur le visage, plus il sera difficile de l'enlever avec des lingettes pour bébé. Choisissez un nettoyant facial doux formulé pour les peaux sensibles. Éclabousse doucement le visage de l'enfant avec de l'eau en vous tenant au-dessus d'un évier. Mettez une quantité de la taille d'un pois de nettoyant facial dans votre main. Frottez vos mains ensemble pour créer une mousse épaisse et frottez doucement la mousse sur la peau de l'enfant. Évitez les zones autour des yeux. Après quelques minutes, rincez le savon à l'eau tiède et séchez doucement leur peau. Utilisez des lingettes démaquillantes douces pour enlever le maquillage des yeux. Pour ce faire, demandez à l'enfant de fermer les yeux et essuyez le maquillage en effectuant un mouvement vers le bas. Faites attention à ne pas introduire de maquillage dans leurs yeux. Si vous êtes préoccupé par une peau irritée, appliquez une lotion douce et non parfumée après avoir lavé leur visage. Si votre enfant a une peau très sensible, vous ne voudrez peut-être pas utiliser de nettoyant du tout. Dans ce cas, utilisez de l'huile de coco à la place. Tout d'abord, frottez une cuillère à café d'huile de coco sur tout le visage de votre enfant, en évitant les yeux. Ensuite, utilisez un gant de toilette chaud et humide pour enlever le maquillage. Lorsque vous essuyez le maquillage des yeux, demandez à l'enfant de fermer les yeux et essuyez doucement le maquillage en effectuant un mouvement vers le bas. S'il y a beaucoup de maquillage, vous aurez peut-être besoin de plus d'une cuillère à café d'huile de coco. Enveloppez une serviette autour des épaules de l'enfant pour éviter de faire couler l'huile de coco sur leurs vêtements.",3.15621018409729
036_10031,"Les Shiba Inus ont été à l'origine élevés comme chiens de chasse pour débusquer le petit gibier (oiseaux) et parfois un gibier plus gros et dangereux (sangliers). Cependant, aujourd'hui, ils sont principalement des animaux de compagnie loyaux, et non des partenaires de chasse. Malgré la petite taille du Shiba Inu (les Shibas pèsent entre 17 et 23 livres), c'est un chien fort et audacieux avec un fort instinct de proie. Les Shibas sont connus pour s'échapper des clôtures ou s'enfuir en liberté s'ils voient quelque chose qu'ils veulent chasser. Ils sont agiles et plus forts qu'ils n'en ont l'air, donc ils auront besoin d'un entraînement à l'obéissance. Les Shibas sont des chiens très intelligents, mais contrairement à d'autres races, ils utilisent souvent leur intelligence à leur propre avantage, pour surpasser leur propriétaire. Certains propriétaires rapportent que leur chien semble ""tramer"" et trouver des moyens de les tromper ou de surmonter les restrictions ou l'entraînement. En bref, le Shiba Inu n'est pas toujours un chien facile à dresser. Cependant, si vous avez de l'expérience avec les chiens et que vous recherchez un défi, entraîner un Shiba peut être une expérience enrichissante. Observer comment ils mettent leur esprit aiguisé à l'œuvre peut être un plaisir. Le propriétaire idéal de Shiba a beaucoup de patience et beaucoup de temps à consacrer à l'entraînement. La race a des origines de travail, et cette énergie est souvent dirigée de manière destructive par des chiens ennuyés. Soyez prêt à entraîner le chien à ne pas mâcher vos affaires ou à s'échapper des jardins clôturés. Gardez à l'esprit que, tout comme les humains, il y a toujours des chiens individuels qui brisent les généralisations. Certains Shibas sont dociles et s'intègrent facilement. Les Shiba Inus ont la réputation d'être plus semblables à des chats qu'à des chiens. Ils sont contents en leur propre compagnie et ont un esprit indépendant. Ce manque de motivation à plaire aux gens peut également rendre l'entraînement plus difficile, car ils n'ont pas besoin de la récompense de l'attention humaine autant que certaines autres races. L'esprit indépendant de la race est un trait apprécié parmi les propriétaires de Shiba. Ce ne sont pas des chiens serviles qui flattent les gens, mais des chiens qui projettent une aura de dignité et de calme. La plupart des Shiba Inus sont très particuliers à propos de leur corps. Ils peuvent être des ""reines du drame"", en ce sens qu'ils réagissent de manière excessive aux problèmes de santé mineurs. Même en cas de douleur mineure, ils peuvent émettre un cri particulièrement perçant. Au-delà d'une réponse à la douleur, toutefois, de nombreux Shibas n'aiment pas être touchés ou soulevés, et la plupart ne s'enrouleront pas sur le canapé avec vous pour faire des câlins comme le feront certaines races. Les Shibas sont une bonne option pour les propriétaires qui ne veulent pas de contact physique constant que vous pourriez obtenir de races plus câlines. Un Shiba Inu sera loyal et affectueux sans envahir votre espace physique. Comme mentionné, les Shibas préfèrent être laissés seuls physiquement, et ils ont tendance à être agressifs et à mordre si leurs limites personnelles sont dépassées. Ainsi, ils ne sont pas la meilleure race à avoir avec de jeunes enfants. Ils ont également tendance à ne pas bien tolérer d'autres animaux de compagnie et sont connus pour poursuivre et rassembler des chiens qu'ils perçoivent comme plus faibles qu'eux. Ils ont tendance à être possessifs avec leurs affaires et leur nourriture, et devront être surveillés, surtout si d'autres animaux de compagnie ou de jeunes enfants se trouvent dans le foyer. Anecdotiquement, les Shiba Inus mâles sont généralement plus joueurs et interactifs que les femelles. Les femelles ont tendance à être plus détendues et moins en quête d'attention que leurs homologues mâles. Choisissez le sexe qui correspond le plus à ce que vous attendez de votre animal de compagnie. Bien que la plupart des Shiba Inus ne perdent pas leurs poils toute l'année, ils perdent régulièrement leurs poils au printemps et à l'automne pendant quelques mois à la fois. Soyez préparé à une tempête de poils à ces moments-là. Ils ont un double pelage dense ; vous voudrez les brosser chaque semaine pour répartir leurs huiles naturelles et maintenir le pelage extérieur en bon état. Si vous êtes prêt à mettre un peu d'effort et à supporter une certaine perte de poils, vous pourrez apprécier le magnifique pelage d'un Shiba. Les Shiba Inus ont une espérance de vie générale d'environ 12 à 15 ans. L'un des plus grands problèmes de santé pour les Shiba Inus est les allergies chroniques, qui entraînent une démangeaison extrême. Il n'y a pas de remède pour les conditions allergiques, mais elles peuvent être contrôlées. Les traitements, cependant, peuvent être coûteux. Ils sont également sujets à développer une hypothyroïdie et des cataractes. Bien que les Shibas aient été connus pour avoir une dysplasie de la hanche, ils ne sont pas aussi sujets à cela que certaines races plus grandes. On pense également que le Shiba Inu a une incidence plus élevée de crises et d'épilepsie que la moyenne des chiens. Si vous envisagez cette race, assurez-vous de pouvoir vous permettre de prendre soin de votre animal si ces problèmes devaient survenir. La liste des traits rassemblés ici peut sembler négative, mais elle est seulement destinée à avertir les personnes non informées des problèmes potentiels. Les Shiba Inus ont des personnalités fortes et sont des compagnons extrêmement loyaux lorsqu'ils se lient avec leurs propriétaires. Les fans de la race en sont complètement charmés.",8.564580917358398
036_60206,"Cliquez sur l'icône en forme de loupe dans le coin supérieur droit de l'écran de votre Mac. Une barre de recherche apparaîtra. Cela recherchera votre ordinateur pour l'application QuickTime. Elle devrait être le premier résultat dans la recherche Spotlight. Cela ouvre le lecteur vidéo QuickTime. Vous le trouverez dans le coin supérieur gauche de l'écran de votre Mac. Un menu déroulant apparaîtra. C'est près du haut du menu déroulant. Cliquez sur la vidéo que vous souhaitez faire pivoter. Vous devrez d'abord peut-être aller dans le dossier où la vidéo est stockée en cliquant sur le dossier approprié sur le côté gauche de la fenêtre. C'est dans le coin inférieur droit de la fenêtre. Cela ouvrira la vidéo dans le lecteur QuickTime. Cet élément de menu est en haut de l'écran. Un menu déroulant apparaîtra. Vous trouverez plusieurs options de rotation dans le menu déroulant ; cliquez sur celle que vous souhaitez appliquer à votre vidéo. Pour ce faire : Cliquez à nouveau sur l'élément de menu Fichier. Sélectionnez Exporter. Sélectionnez une qualité (par exemple, 1080p). Ajoutez un nom et sélectionnez un emplacement de sauvegarde. Cliquez sur Enregistrer.",2.7325289249420166
036_63420,"Appliquez une couche de base sur votre nez, puis étalez-la vers l'extérieur. Estompez la base vers votre ligne de cheveux et votre mâchoire. Créez une couche fine et uniforme pour aider à maintenir votre maquillage en place toute la journée. Attendez 2-3 minutes que votre base sèche avant de continuer. Vous n'avez pas besoin d'utiliser une base, mais cela aidera à garantir une couverture tout au long de la journée. Ajoutez plus de base si nécessaire pour fournir une couverture uniforme. Choisissez une couleur pêche claire pour un teint clair, un pêche moyen pour un teint moyen, ou une couleur orange pour un teint foncé. Tapotez le correcteur sur les taches sombres pour neutraliser la couleur. Cela peut aider à cacher les taches brunes. La couleur pêche contrera l'obscurité de la tache pour uniformiser votre teint. Choisissez un fond de teint qui correspond à votre teint. Utilisez une éponge à maquillage ou un beauty blender pour appliquer une couche uniforme de fond de teint. Tapotez le fond de teint sur votre correction de couleur, puis estompez-le sur votre visage. Si vous n'avez pas utilisé de correction de couleur, commencez par votre nez et estompez vers l'extérieur jusqu'à votre ligne de cheveux et votre mâchoire. Si vous utilisez une correction de couleur, faites-le avant d'appliquer votre fond de teint. Si vous appliquez un correcteur ordinaire, mettez d'abord votre fond de teint sur les taches de peau ou les imperfections. Choisissez un correcteur de la même couleur que votre teint ou d'un ton plus clair. Ensuite, utilisez votre doigt ou un pinceau à correcteur pour tapoter le correcteur sur la tache que vous souhaitez cacher. Estompez les bords pour créer une finition lisse. Attendez 2-3 minutes pour qu'il sèche avant d'appliquer la poudre. Utilisez un pinceau à poudre pour balayer une fine couche de poudre sur votre visage. Trempez votre pinceau dans la poudre, puis tapotez-le pour enlever l'excès. Balayez votre pinceau sur votre visage pour appliquer la poudre. Cela fixera votre maquillage pour qu'il dure plus longtemps. Si vous souhaitez plus de couverture, utilisez une poudre de la même teinte que votre fond de teint. Cependant, cela peut donner un aspect pâteux à votre visage.",4.314974784851074
036_28565,"Allez sur le site Web de Pinterest et connectez-vous en utilisant votre nom d'utilisateur et votre mot de passe. Vous serez dirigé vers l'écran d'accueil une fois connecté. Assurez-vous de garder ces informations privées, car vous ne voulez pas que quelqu'un ait accès à votre compte. Regardez vers la partie supérieure droite de l'écran. Là, vous verrez la petite punaise. Cliquez sur cette option. Cela vous amènera à une nouvelle page. Si vous avez déjà des épingles publiées, vous les remarquerez en bas de la page. Le petit crayon situé sur le côté droit à l'intérieur du grand rectangle en haut. Un bloc contextuel apparaîtra sur votre écran. Ici, vous pouvez modifier l'ensemble de votre profil. Pour commencer, vous pouvez entrer votre nom et la photo de profil que vous souhaitez que les gens voient. En dessous de votre photo de profil, vous pouvez changer votre nom d'utilisateur. Il vous suffit de cliquer sur la case à côté et d'entrer votre nouveau nom d'utilisateur pour confirmer. Sous votre nom d'utilisateur, vous pouvez écrire des informations sur vous dans la section ""À propos de moi"", alors écrivez quelques faits intéressants sur vous. Vous pouvez également expliquer pourquoi vous choisissez d'utiliser Pinterest ; l'objectif est de faire savoir aux autres ce que vous êtes. Indiquez votre emplacement. C'est en dessous de votre information ""À propos de moi"". Vous pouvez changer votre emplacement en cliquant sur la case à côté et en entrant votre ville natale. Enfin, vous avez la possibilité d'entrer votre site Web. Cela peut être n'importe quoi, de votre site personnel à un blog sur lequel vous travaillez.",3.701709508895874
036_11039,"Si vous êtes dans une secte qui vit dans une situation de ""compte"" de vie commune, comme un lotissement, une commune ou une maison partagée, préparez un sac pour partir. Apportez un change de vêtements, des objets pratiques comme votre téléphone portable et votre carte d'identité, et tout ce qui a une valeur sentimentale. Cachez votre sac à un endroit où personne ne pourra le trouver jusqu'à ce que vous soyez prêt à partir. Si vous pensez que vous pourriez devoir partir à tout moment, gardez votre téléphone portable, votre carte d'identité et tout l'argent ou les petites valeurs que vous avez sur vous. Si vous pensez que quelqu'un pourrait trouver votre sac, ne prenez pas le risque de le préparer. Prévoyez de laisser vos biens derrière vous si nécessaire. Pensez à des réponses possibles, au cas où quelqu'un vous demanderait pourquoi vous faites vos bagages. Pensez à chaque personne que vous connaissez en dehors de la secte qui pourrait potentiellement vous aider d'une manière ou d'une autre. Cela pourrait être un ami, un médecin, un voisin, un camarade de classe ou toute autre personne. Écrivez chacun de leurs noms et notez ce qu'ils pourraient être en mesure de vous aider, que ce soit pour obtenir des repas, trouver un emploi ou rester caché des membres de la secte. Contactez ces personnes dès que cela est sûr. Si vous quittez un arrangement de secte où vous vivez, essayez de trouver à l'avance un endroit sûr où rester. Envisagez de rester avec des membres de votre famille ou des amis qui ne sont pas impliqués dans la secte, ou recherchez des refuges dans votre région. Si vous pensez que vous serez en danger après avoir quitté la secte, allez à la police. Ils peuvent vous aider à trouver un endroit où rester. Cela pourrait être la meilleure chose à faire si vous êtes un jeune enfant. Si vous n'êtes pas autorisé à venir et à partir librement, vous pourriez être en mesure de vous échapper lorsque d'autres personnes visitent la secte ou lorsque vous êtes emmené à l'extérieur de la maison ou de la communauté partagée de la secte. Sinon, prenez le bus s'il y a un arrêt de bus à proximité, appelez un taxi pour qu'il vienne vous chercher, ou demandez à un ami ou à un membre de votre famille de venir vous chercher. Si vous vivez seul, coupez les liens avec la secte en n'allant plus aux réunions. Prévoyez de faire autre chose pendant ce temps. Si vous êtes inactif, vous pourriez finir par vous convaincre de retourner dans le groupe. Par exemple, visitez un ami ou un membre de la famille pendant le temps que vous passeriez normalement à une réunion. Soyez prêt à répondre aux questions des autres membres du groupe. Décidez à l'avance comment vous allez répondre et comment vous allez éviter de vous laisser entraîner à nouveau.",4.987410068511963
036_35953,"Les mots-clés en tant que premier mot dans un nom de domaine augmenteront légèrement votre trafic. Utiliser un TLD (domaine de premier niveau) de pays améliorera vos classements localement, mais vous nuira à l'international, donc utilisez cela avec prudence. Évitez les techniques de nommage de domaine dépassées comme remplacer des mots par des chiffres. Être un sous-domaine (comme quelque chose.tumblr.com) vous nuira également. Les mots-clés dans vos propres sous-pages et sous-domaines aident aussi. Vos sous-pages, en particulier, devraient toujours avoir un titre descriptif. Les descriptions sont une partie étiquetée de votre code de site web qui décrivent le contenu de la page. Avoir une description aidera vos classements et en avoir une qui contient de bons mots-clés aidera encore plus. Si votre site utilise les mêmes étiquettes pour toutes les pages, vous n'aidez pas les moteurs de recherche à comprendre le sujet ou la pertinence de vos pages individuelles. En ce qui concerne les balises Meta, il y a 2 champs très importants : Balise de Titre - sans doute la balise SEO la plus importante pour tout site web. Google supporte environ 60 caractères dans le titre, tandis que Yahoo permet jusqu'à 110 caractères dans le titre. Il est important de cibler les mots-clés les plus critiques dans le titre. Chaque page devrait avoir un titre unique. Balise de Description META - celles-ci étaient autrefois importantes mais ne le sont plus. Certains moteurs affichent la description définie, tandis que d'autres ne le font pas. Certains moteurs de recherche lisent la balise de description et utilisent le contenu trouvé à l'intérieur dans le processus de classement. Google, MSN et Yahoo accordent très peu de poids, voire aucun, à cela. Les en-têtes sont similaires aux descriptions et les mêmes règles s'appliquent : en avoir un aide et en avoir un avec des mots-clés est encore mieux. Utilisez-les ! Gardez la structure, la navigation et la structure des URL de votre site suffisamment simples pour que les moteurs de recherche puissent suivre. Rappelez-vous que les moteurs de recherche ne peuvent pas analyser votre navigation si elle utilise Flash ou JavaScript. Essayez donc de rester proche du HTML standard en ce qui concerne la navigation. Les URL avec des paramètres dynamiques (?, &, SIDs) ne performent généralement pas en ce qui concerne les classements des moteurs de recherche.",3.671922206878662
036_3428,"Cela vous aidera à éviter de faire une erreur sur l'image originale. Sélectionnez le calque de fond, puis cliquez sur « Menu Calque » et cliquez sur « Dupliquer le Calque ». Renommez le calque dans la boîte de dialogue qui apparaît, ou cliquez simplement sur OK et le calque dupliqué sera étiqueté comme copie de fond. Pour savoir facilement sur quoi vous travaillez, renommez le calque en quelque chose comme « Yeux ». Utilisez l'outil « loupe » pour zoomer sur l'un des yeux. L'outil « Densité + » aidera à faire ressortir les yeux, tout en éclaircissant subtilement la sélection. Avant d'utiliser l'outil, vous devez ajuster les paramètres dans la petite boîte de dialogue qui apparaît. Vous voudrez régler le pinceau pour couvrir uniquement l'iris (la partie colorée de l'œil). Réglez la dureté du pinceau à 10 %, la « plage » sur « tons moyens », et l'exposition à 20 %. Travaillez lentement autour de l'œil, en cliquant sur la partie colorée de l'iris avec votre curseur pour utiliser l'outil Densité +. Évitez les pupilles (la partie noire qui se dilate ou se contracte en fonction de la lumière). Remarquez que l'outil Densité + éclaircit les yeux. L'outil « Densité - » est utilisé pour assombrir subtilement les bords des objets. Cliquez avec le bouton droit sur le bouton Densité + dans le panneau « Outils ». Une fenêtre s'ouvrira affichant trois autres options. Cette fois, sélectionnez Densité -. Le symbole du bouton change en une main. Changez la taille du pinceau. Encore une fois, la taille du pinceau dépendra de la taille de l'œil. Réglez la dureté du pinceau à 10 %, la « plage du pinceau » sur « ombres », et l'exposition à 15 %. Cliquez autour du périmètre de la pupille et de l'iris pour assombrir légèrement et améliorer leur apparence. Le pinceau effectuera automatiquement les ajustements que vous avez définis. Répétez le processus mentionné ci-dessus sur le deuxième œil, en vous assurant que les deux correspondent. Prenez le temps de dézoomer de temps en temps, pour vous assurer que les modifications que vous apportez à l'image ne sont pas trop drastiques.",4.251156330108643
036_2594,"C'est l'icône de caméra rose, violette et jaune. Vous la trouverez généralement sur l'écran d'accueil ou dans le tiroir d'applications. Regrammer est une application qui vous permet de republier les publications d'autres personnes — photos et vidéos — sur votre propre fil Instagram. Comme il n'y a pas de version Android téléchargeable, vous y accéderez simplement dans un navigateur web. Seules les photos et vidéos publiques peuvent être repostées avec Regrammer. C'est une application multicolore qui ressemble à une caméra. Si vous êtes déjà connecté à Instagram, faire cela vous amènera à la page d'accueil. Si vous n'êtes pas connecté à Instagram, tapez votre nom d'utilisateur (ou numéro de téléphone) et votre mot de passe, puis appuyez sur Connexion. Faites défiler votre fil de la page d'accueil pour voir les publications récentes, ou appuyez sur l'icône de loupe pour rechercher un utilisateur particulier. Elle se trouve en haut à droite de la publication. Elle est près du milieu du menu. Cela copie le lien de la publication dans votre presse-papiers. Vous pouvez utiliser Chrome, le navigateur Internet de Samsung, ou tout autre navigateur que vous souhaitez. C'est près du haut de l'écran. Une fenêtre contextuelle apparaîtra. L'URL complète de la publication apparaîtra dans le champ vide. C'est le bouton bleu en bas de la page. Un aperçu de la publication apparaîtra en haut de la page. Si vous republiez une vidéo, vous pouvez regarder l'aperçu en appuyant sur le bouton Lecture au centre de la miniature. C'est l'icône bleue avec une flèche en bas à droite de l'écran. Cela télécharge la photo ou la vidéo sur votre Android. C'est en bas au centre de l'écran. Cela crée une nouvelle publication. C'est près du bas à gauche de l'écran. Cela affiche un aperçu en haut de l'écran. Si vous souhaitez recadrer la publication, placez deux doigts sur l'écran et écartez-les pour zoomer sur la photo. Lorsque vous avez terminé, appuyez sur Suivant en haut à droite de l'écran. Des filtres apparaissent en bas de l'écran. Si vous ne souhaitez pas appliquer de filtre, vous pouvez simplement appuyer sur Suivant en haut à droite. Vous le ferez dans la boîte ""Écrire une légende..."" près du haut de l'écran. C'est un bon endroit pour taguer l'auteur original de la publication et mentionner que vous republiez son travail. C'est dans le coin supérieur droit de l'écran. Cela partage la publication avec vos abonnés Instagram.",3.9455325603485107
036_7963,"sudo apt-get install portmap nfs-common et appuyez sur ↵ Entrée pour installer les fichiers clients NFS. Vous pouvez nommer cela comme vous le souhaitez. Par exemple, vous pouvez taper mkdir /sharedFiles pour créer un dossier appelé ""sharedFiles"". pico /etc/fstab pour ouvrir le fichier /etc/fstab. serverIP:sharedDirectory nfs rsize=8192,wsize=8192,timeo=14,intr à la fin du fichier. Remplacez serverIP par l'adresse IP de l'ordinateur serveur NFS. Remplacez sharedDirectory par le répertoire fictif que vous avez créé sur le serveur NFS et le répertoire local que vous venez de créer. Laissez le reste des valeurs telles qu'elles sont pour l'instant. En utilisant les exemples ci-dessus, la ligne pourrait ressembler à : 192.168.1.5:/export/Shared /sharedFiles nfs rsize=8192,wsize=8192,timeo=14,intr. sudo /etc/init.d/portmap restart pour redémarrer portmap et utiliser les nouveaux paramètres. Le disque sera monté automatiquement chaque fois que l'ordinateur redémarre. Tapez mount -a puis ls /sharedFiles pour voir si les fichiers partagés s'affichent. Vous devriez être en mesure d'entrer les mêmes paramètres et de vous connecter avec succès.",2.1981706619262695
036_53726,"Si vous suspectez que vous avez une infection de l'oreille, n'essayez pas la méthode suivante pour déboucher votre oreille. Si vous avez l'un des symptômes suivants, appelez un médecin immédiatement : douleur persistante et sévère dans vos oreilles durant plus de quelques heures. Fièvre. Vomissements ou diarrhée. Écoulement jaune ou vert de l'oreille.",1.6465702056884766
036_47921,"Dans les cultures hispanophones, un anniversaire est considéré comme une affaire de famille. Même si des amis peuvent être invités à la fête, les anniversaires sont traditionnellement organisés par la famille de la personne célébrant son anniversaire. L'ensemble de la famille, y compris la famille élargie, est généralement présent. Si vous êtes un ami à l'une de ces fêtes, attendez-vous à ce que la famille soit chaleureuse, aimante et accueillante. En particulier en Espagne, vous pourriez vous retrouver à embrasser de nombreuses personnes que vous ne connaissez pas. Dans les pays d'Amérique latine, notamment au Mexique, le 15e anniversaire d'une fille marque son passage à l'âge adulte. L'occasion commence traditionnellement par un service religieux et nécessite une tenue formelle. Une partie du service religieux est la ""misa de acción de gracias"", au cours de laquelle la fille remercie pour avoir terminé son enfance. La ""festejada"" (fille d'anniversaire) reçoit traditionnellement des cadeaux de sa famille, y compris des diadèmes et des bijoux. La fête comprend généralement un banquet élaboré de nourriture, suivi de musique et de danse pouvant durer jusqu'à une heure tardive. Le gâteau ""tres leches"" est un grand gâteau multicolore qui sert de pièce maîtresse aux fêtes d'anniversaire mexicaines. Ces gâteaux sont souvent décorés dans un thème reflétant quelque chose que la personne célébrant son anniversaire apprécie. Par exemple, si la personne qui fête son anniversaire est une grande fan de fútbol, vous pouvez vous attendre à ce que le gâteau ""tres leches"" soit glacé pour ressembler à un terrain de fútbol, avec de petits joueurs et des fans dans les gradins encourageant leurs équipes. Une piñata est l'une des traditions espagnoles les plus connues. Ces figures colorées en papier mâché existent en différentes formes et tailles et sont remplies de petits jouets et de friandises. Les invités à la fête prennent des tours pour essayer de frapper la piñata avec un bâton jusqu'à ce qu'elle éclate, répandant des friandises partout pour tous les invités à la fête. La piñata en forme d'âne, généralement vendue aux États-Unis et en Europe, est rarement vue dans les pays d'Amérique latine. La piñata peut avoir une forme qui reflète le thème du gâteau ""tres leches"". Pendant que les invités essaient de frapper la piñata, les autres chantent la chanson traditionnelle de la piñata, qui commence par ""Dale, dale, dale."" La chanson encourage la personne à avoir une bonne visée et à frapper la piñata afin qu'elle éclate pour le plaisir de tous, faisant pleuvoir les friandises qu'ils désirent. Au Mexique en particulier, les mains de la personne célébrant son anniversaire sont attachées derrière son dos et son visage est écrasé dans le gâteau d'anniversaire pour qu'elle prenne la première bouchée. Tout autour d'eux, les invités chantent ""¡Mordida!"" Le mot ""mordida"" signifie ""mordre"". Dans ce contexte, le chant des invités de la fête encourage la personne célébrant son anniversaire à prendre la première bouchée de son gâteau d'anniversaire. Les cadeaux d'anniversaire ne sont généralement pas particulièrement élaborés ou coûteux, surtout en Espagne. Les enfants reçoivent toujours de petits cadeaux, typiquement des livres, des jouets et des bonbons. Les adultes peuvent ne pas recevoir de cadeaux du tout. Si vous ne vous sentez pas bien d'aller à une fête d'anniversaire sans cadeau, envisagez un cadeau tel qu'un calendrier, une tasse ou un joli stylo.",5.673766851425171
036_57953,"C'est important, car de nombreux convertisseurs de texte ne reconnaissent pas le texte dans les images aussi bien qu'ils le font dans les fichiers PDF. Si possible, scannez votre document en utilisant des réglages en noir et blanc plutôt qu'en couleur. Cela facilite la reconnaissance des caractères par les programmes d'édition de texte. Allez sur http://www.newocr.com/ dans votre navigateur. Vous pouvez convertir des documents scannés en documents texte modifiables à partir de là. C'est un bouton gris en haut de la page. Cela ouvrira une fenêtre de l'Explorateur de fichiers (Windows) ou du Finder (Mac). Cliquez sur le fichier PDF scanné pour ce faire. Vous devrez peut-être d'abord cliquer sur le dossier de localisation du fichier PDF scanné sur le côté gauche de la fenêtre. C'est dans le coin inférieur droit de la fenêtre. Cela téléchargera votre PDF sur le site web. Ce bouton est près du bas de la page. Votre PDF téléchargé sera converti en texte. C'est sur le côté gauche de la page. En cliquant dessus, un menu déroulant s'affiche. Cette option se trouve dans le menu déroulant. Cela vous invitera à télécharger une version Microsoft Word de votre PDF téléchargé sur votre ordinateur. Si vous n'avez pas Microsoft Word installé sur votre ordinateur, vous pouvez télécharger une version .txt en cliquant sur Texte brut (TXT) dans le menu déroulant résultant. Vous pouvez ensuite modifier le document en utilisant Notepad (Windows) ou TextEdit (Mac). Double-cliquez sur le document Word téléchargé pour l'ouvrir dans Microsoft Word, puis modifiez tout texte dans le PDF qui est lisible. Certains textes dans le PDF seront impossibles à modifier en raison d'erreurs de traduction. Vous devrez peut-être cliquer sur Activer l'édition en haut de la fenêtre Word avant de pouvoir modifier le texte. Pour ce faire : Windows - Cliquez sur Fichier, cliquez sur Enregistrer sous, cliquez sur la boîte déroulante ""Document Word"", cliquez sur PDF et cliquez sur Enregistrer. Mac - Cliquez sur Fichier, cliquez sur Enregistrer sous, entrez un nom, cliquez sur la boîte ""Format"", cliquez sur PDF et cliquez sur Enregistrer.",3.3173937797546387
036_9545,"Si vous êtes déjà connecté, vous pouvez passer à l'étape suivante. Sinon, entrez votre adresse e-mail (ou numéro de téléphone) et votre mot de passe Facebook dans les champs, puis appuyez sur Connexion. Il existe plusieurs façons de trouver la page de profil de quelqu'un : appuyez sur la boîte de recherche (ou la loupe) en haut de l'écran, puis tapez le nom, l'adresse e-mail ou le numéro de téléphone de quelqu'un. Appuyez sur le nom d'une personne dans un commentaire ou un post pour ouvrir sa page de profil. Appuyez sur l'icône ☰ en bas à droite de l'écran, puis appuyez sur ""Amis"". De là, vous pouvez voir votre liste d'Amis actuels ou cliquer sur ""Suggestions"", ""Contacts"" ou ""Recherche"" pour trouver d'autres personnes que vous pourriez connaître. Ouvrez les listes d'amis de vos amis et appuyez sur le nom de quelqu'un pour voir son profil. C'est en dessous de la photo de profil et du nom de la personne, ou à côté de son nom dans Trouver des amis. Une demande d'ami sera envoyée immédiatement, et vous recevrez une notification une fois qu'elle est acceptée. Si vous ne voyez pas Ajouter un ami, la personne que vous essayez d'ajouter n'accepte pas les demandes d'amis de personnes avec lesquelles elle n'a pas d'amis communs. Si vous changez d'avis sur une demande d'ami que vous avez déjà envoyée, vous pouvez l'annuler en ouvrant le profil Facebook de cette personne et en appuyant sur Annuler la demande.",2.611396074295044
036_39173,"De nombreux États disposent de formulaires de contrat de vente prêts à l'emploi. Ce sont des documents relativement simples pour des ventes qui ne nécessitent pas d'accords ou de circonstances spéciales. Pour trouver un tel formulaire, visitez le site web du DMV ou du Département des Transports de votre État. Ensuite, recherchez un contrat de vente. Imprimez le document. Par exemple, vous pouvez trouver le contrat de vente du DMV de l'État de Californie ici et le contrat de vente du Département des Transports de l'Arizona ici. Le contrat de vente sera probablement divisé en une section pour l'acheteur et une section pour le vendeur. Vous devrez remplir les informations des parties et du véhicule dans chaque section, afin que chaque partie puisse garder une copie pour ses propres dossiers. Les informations que vous pouvez vous attendre à remplir incluent le VIN de la voiture, la marque et le modèle, le nom et l'adresse permanente de chaque partie impliquée, ainsi que le montant de la vente. Il y aura également des espaces dans lesquels chaque partie impliquée signera et datera le document. Les formulaires de contrat de vente auront aussi des espaces pour indiquer si le véhicule est un cadeau ou une donation. Assurez-vous de remplir cette partie du contrat de vente à des fins fiscales. Dans certains États, vous pourriez être en mesure de transférer le titre à un membre de la famille ou un proche gratuitement ou pour un faible coût. Si vous souhaitez donner la voiture en cadeau, vous pourriez avoir besoin d'un formulaire supplémentaire, tel que l'Affidavit de transfert de cadeau de véhicule à moteur au Texas. Auparavant, vous pouviez ""vendre"" une voiture pour 1 $, permettant ainsi à l'acheteur d'éviter de payer d'importantes taxes de vente. La plupart des États ont trouvé des moyens de contourner cela. Par exemple, au Texas, si vous vendez une voiture, l'acheteur paiera une taxe de vente de véhicule à moteur de 6,25 % sur soit le prix d'achat, soit la ""valeur présumée standard"" de la voiture, selon ce qui est le plus élevé. L'État du Texas détermine la valeur présumée standard. Les parties peuvent vouloir inclure des informations supplémentaires manquantes dans le contrat de vente préexistant. Un avenant peut inclure des informations telles que : le véhicule vendu ""tel quel"", l'exigence pour le vendeur de fournir le titre ou des documents d'entretien, les défauts connus, la certification de pollution, ou des informations d'identification supplémentaires pour le véhicule comme le kilométrage ou la couleur intérieure. Vous devez également inclure des informations au-dessus de l'avenant le liant au contrat de vente, telles que : ""Ceci est un avenant au contrat de vente conclu entre le Vendeur, ___________________, et l'Acheteur, _________________, et daté ______________, concernant le véhicule avec le numéro VIN ______________________."" Ayez un témoin présent, et assurez-vous que toutes les parties datent l'avenant après avoir imprimé et signé leurs noms. Un propriétaire ne peut vendre un véhicule que s'il a un titre clair, ce qui signifie qu'il n'y a pas de privilèges sur le titre pour des prêts automobiles ou d'autres actions légales contre le propriétaire. Dans certains cas, un vendeur peut vendre une voiture lorsque la banque détient encore le titre (c'est-à-dire que le vendeur doit encore de l'argent sur la voiture). Vous pouvez inclure un langage standard pour indiquer l'état du titre si vous possédez la voiture, tel que le suivant : ""Le Vendeur garantit que 1) le Vendeur est le propriétaire légal de la voiture ; 2) la voiture est libre de tous privilèges et charges ; 3) le Vendeur a le plein droit et l'autorité de vendre et de transférer la voiture ; et 4) le Vendeur garantira et défendra le titre de la voiture contre toutes les revendications et demandes de toutes personnes."" Obtenez une lettre de remboursement de la société de financement si vous effectuez encore des paiements sur la voiture. Cela fournira exactement le montant d'argent que vous devez encore sur la voiture, et que votre acheteur doit payer pour acheter la voiture. Dans la plupart des cas où une banque détient le titre du véhicule, l'acheteur écrit un chèque directement à la banque pour le montant de remboursement et un autre chèque au vendeur pour le montant restant entre le remboursement et le prix de vente. Dans ce cas, la banque peut généralement envoyer le titre à l'acheteur dès qu'elle reçoit le montant de remboursement correct. Après que les deux parties aient rempli et signé le contrat de vente, assurez-vous que chaque personne ait une copie pour ses propres dossiers. Le contrat de vente facilitera également le transfert du titre du véhicule.",8.2159264087677
036_39912,"Pour préparer du thé. Traditionnellement, les bourgeons de jasmin sont infusés dans des thés pour un thé herbal parfumé. Bien que vous puissiez faire pousser votre jasmin comme une plante strictement décorative, récolter ses bourgeons peut vous permettre d'en tirer plus d'utilité. Vous pouvez également couper les tiges de fleurs de jasmin avec des ciseaux et les transférer dans un vase comme décoration intérieure. À mesure que les bourgeons de fleurs de votre jasmin se développent, attendez qu'ils soient verts mais pas encore ouverts. Utilisez vos mains ou des ciseaux de jardinage pour cueillir autant de bourgeons de jasmin que vous avez besoin pour votre thé ou votre huile. Utilisez les bourgeons de jasmin immédiatement après les avoir cueillis pour une fraîcheur optimale, surtout si vous préparez du thé. Placez les bourgeons de jasmin sur une plaque de cuisson et réglez le four à 200 °F (93 °C). Gardez les bourgeons dans le four pendant 2-3 heures ou jusqu'à ce qu'ils soient complètement secs au toucher. Vous pouvez conserver les bourgeons de jasmin séchés dans un contenant hermétique pour les faire durer plus longtemps. Faites bouillir une bouilloire d'eau et infusez le jasmin dans l'eau pendant environ 2-5 minutes. Après l'infusion, éteignez la cuisinière et versez l'eau dans une tasse pour servir. Le rapport de bourgeons de jasmin à l'eau doit être d'environ 1 cuillère à soupe (15 mL) pour 8 onces (230 g). Vous pouvez également mélanger les bourgeons de jasmin avec des feuilles de thé noir ou vert pour un goût plus fort.",2.757296562194824
036_61411,"Vous devez toujours préchauffer le four avant de cuire des knockwursts. Préchauffer le four garantira que les knockwursts cuisent uniformément. Vous pouvez couper les knockwursts en morceaux, en tranches, ou vous pouvez les ouvrir en papillon par le centre. Si vous coupez les knockwursts en morceaux, vous pouvez les incorporer dans un autre plat cuit au four, comme une casserole ou des macaronis au fromage au four. Couper les knockwursts est également utile pour créer des morceaux de taille bouchée. Disposez les knockwursts au fond du plat. Si vous avez gardé les knockwursts entiers, les trancher à mi-chemin au centre favorisera une cuisson plus uniforme. Vous pouvez placer les knockwursts sur un lit d'oignons tranchés ou de choucroute pour rehausser leur saveur. Assurez-vous de placer les knockwursts à une distance égale afin de ne pas les entasser et de les sous-cuire. Les knockwursts sont souvent cuits avec des haricots cuits, des haricots noirs, des haricots rouges, des oignons ou du bacon. Si vous souhaitez rehausser la saveur de vos knockwursts cuits au four, versez une boîte de haricots, des oignons hachés ou quelques tranches de bacon sur les knockwursts avant de les mettre au four. Continuez à cuire les knockwursts à 300 °F (149 °C). Ouvrez le four et regardez les knockwursts. Ils devraient être dorés et parfumés. Portez des gants de cuisine lorsque vous retirez le plat de cuisson du four. Laissez les knockwursts refroidir pendant 2 à 3 minutes avant de les servir. Vous pouvez conserver les knockwursts cuits au réfrigérateur pendant 3 à 4 jours ou les congeler pendant jusqu'à 3 mois.",2.612382650375366
036_10416,"Asseyez-vous sur une chaise à dossier droit et maintenez votre colonne vertébrale droite. C'est la position de départ correcte pour un exercice de respiration appelé la technique des soufflets, une combinaison de respiration profonde et de respiration rapide. Comme cet exercice est destiné à vous dynamiser, il est préférable de le faire assis plutôt que couché. Inspirez lentement et complètement, puis expirez lentement et complètement. Répétez au moins quatre fois, afin d'être complètement détendu. Gardez la bouche fermée et respirez par le nez aussi vite que vous le pouvez, en prenant des respirations rapides mais profondes. Les respirations doivent toujours être abdominales, mais vous devez inspirer et expirer aussi vite que possible. Cela peut aider de mettre votre main sur votre ventre pour vous assurer qu'il monte et descend pendant que vous respirez. Il peut être facile de faire l'exercice des soufflets sans engager votre diaphragme autant que vous le devriez. Gardez votre tête, votre cou et vos épaules immobiles pendant que votre ventre se déplace. Après une courte pause, utilisez exactement la même technique pour prendre 20 respirations. Inspirez et expirez par le nez, en vous assurant que vous respirez avec votre diaphragme. C'est le dernier ensemble de respirations. Inspirez et expirez par le nez, en vous assurant que vous respirez avec votre diaphragme. Vous devriez vous sentir complètement énergisé et prêt à performer à un niveau élevé pour le reste de la journée. Étant donné que la technique des soufflets est si énergisante, il est préférable de ne pas la pratiquer avant d'aller au lit le soir. Si vous vous sentez étourdi ou léger pendant le processus de cette technique, arrêtez immédiatement. Si vous souhaitez essayer à nouveau plus tard, faites moins de respirations et augmentez progressivement jusqu'à un tour complet de soufflets. Les femmes enceintes, les personnes atteintes de troubles paniques et celles qui souffrent de crises ne doivent pas effectuer cet exercice.",3.5556962490081787
036_55005,"En évaluant les tendances et l'analyse météorologique, la valeur absolue de la pression n'est pas aussi significative que sa ""tendance"". En d'autres termes : la pression barométrique est-elle en hausse, en baisse ou stable ? Observez l'aiguille du baromètre et enregistrez ses mouvements. Les cadrans des anciens baromètres présentent souvent des arrière-plans artistiquement dessinés pour indiquer des conditions météorologiques telles que des tempêtes, des vents forts et des ciels dégagés. Malgré leur esthétique, ces arrière-plans peuvent être trompeurs. Le mouvement de l'aiguille du baromètre a bien plus d'importance sur la météo à venir. Si vous avez un vieux baromètre à tube de mercure traditionnel, vous devrez peut-être surveiller le ménisque : la courbe la plus haute du mercure liquide qui remplit le cylindre. Pour déterminer la tendance dans un baromètre, vous devez comparer la lecture de pression actuelle à une lecture de pression passée. Calculez la différence de pression entre la lecture actuelle et celle d'il y a une heure. Dans de nombreux baromètres, vous pouvez régler manuellement une aiguille pour marquer un point sur le manomètre. L'aiguille restera à ce point pour vous aider à évaluer les tendances récentes de la pression. Plus vous montez, moins la pression est élevée. Cela signifie qu'une pression barométrique qui ferait tomber quelqu'un directement à travers les trappes d'un cellier à niveau de la mer le long de la côte du Costa Rica serait tout à fait normale au milieu de l'été dans la ville de Denver, située à un mille d'altitude.",2.6510891914367676
036_21770,"Si vous êtes droitier, tenez-vous à gauche du piquet. Tenez-vous droit mais détendu, ou légèrement avachie si cela vous semble plus confortable. Gardez vos épaules carrées devant le piquet que vous visez. Si vous êtes gaucher, tenez-vous à droite du piquet. Tirez l'épaule et le bras tenant le fer à cheval en arrière, alignés avec votre corps. Avancez votre pied gauche au moment où vous lancez. Gardez votre bras droit, avec aussi peu de mouvement de poignet que possible, sinon il sera difficile de contrôler votre lancer. La rotation du fer à cheval peut être produite simplement en laissant le fer glisser légèrement dans votre prise pendant que vous balancez votre bras. Certains joueurs commencent à une courte distance derrière la ligne de lancer, et font un ou deux pas en avant avant de lancer. Cette technique peut fournir plus de force au lancer, mais peut nécessiter un peu de pratique pour être utilisée avec précision. Relâchez le fer à cheval lorsqu'il est à peu près à la hauteur des yeux devant vous. Évitez les mouvements brusques et les lancers faibles en suivant le mouvement, en gardant votre bras de lancer en mouvement au-dessus de votre tête après le relâchement. Les fers à cheval bien lancés volent généralement à environ 2,1-3 m de hauteur, puis tombent près du piquet à un angle de 30-45º. Si votre piquet est entouré de sable ou de gravier, comme c'est souvent le cas pour les piquets de jardin, un lancer plus bas et plus puissant peut atterrir devant le piquet et glisser dessus. Cela peut développer de mauvaises habitudes si vous prévoyez de jouer dans des tournois, qui utilisent de l'argile au lieu de sable, mais c'est une bonne stratégie pour les joueurs occasionnels. Un léger « balancement » du fer à cheval pendant qu'il vole l'aidera à atterrir correctement, si vous utilisez un lancer « tournant » au lieu d'un lancer « flip ». Essayez d'ajuster la position de votre pouce pour modifier la quantité de balancement. Cela peut prendre un certain temps pour trouver une prise qui vous semble juste et pour apprendre à quelle force lancer le fer. Pratiquez le temps de relâchement et la quantité de rotation de votre fer à cheval jusqu'à ce que vous puissiez régulièrement atterrir le fer à cheval devant le piquet, avec ses branches faisant face au piquet. Une fois que la bonne quantité de rotation et de force de lancer devient inconsciente, vous pouvez continuer à pratiquer vos lancers pour la précision et essayer de faire des « anneaux » plus souvent. Peindre vos fers à cheval peut les rendre plus faciles à voir dans les airs, ce qui peut vous aider à pratiquer votre rotation. Enregistrer le vol du fer à cheval est une autre option.",4.3790013790130615
036_43995,"C'est une sensation de vertige ou de déséquilibre. Les mouvements de la tête, regarder la télévision pendant de longues périodes, lire des livres, se concentrer sur un objet pendant longtemps, les foules, l'obscurité et la marche aggravent souvent les vertiges. Cela est dû à des signaux étranges provenant du système vestibulaire des deux oreilles. Les tubes semi-circulaires du vestibule sont remplis d'un type de liquide spécial. Le mouvement de ce liquide stimule les tissus nerveux à l'intérieur des tubes, ce qui provoque une sensation de position et d'équilibre. La labyrinthite modifie la composition normale de ce liquide, entraînant une production de signaux anormaux qui sont interprétés comme des vertiges. Des étourdissements ou des sensations de tête légère peuvent être ressentis dans de nombreuses autres conditions. Dans l'anémie, l'hypotension, l'hypoglycémie, la perte de sang ou la déshydratation, le symptôme principal sera la faiblesse. Vous pourriez également vous évanouir parfois. Vous pouvez avoir l'impression que votre tête tourne ou que le monde tourne autour de vous. C'est aussi un symptôme d'inflammation du système vestibulaire. Une blessure à la tête, la maladie de Ménière, un AVC, etc. peuvent également provoquer des vertiges, mais ils auront des schémas spécifiques et d'autres symptômes associés (qui seront discutés plus tard). La gravité des vertiges varie considérablement. Vous pouvez ressentir des étourdissements légers et un déséquilibre ou l'attaque peut être si sévère que vous ne pouvez plus rester debout. Cela peut également être associé à des nausées et à des vomissements. Les vertiges dans la labyrinthite sont les plus sévères au cours de la première semaine. Par la suite, cela commence à s'améliorer à mesure que vous apprenez à faire face aux symptômes. Vous pouvez entendre des sons constants de bourdonnement, de sifflement ou de ronronnement dans l'oreille affectée. Cela est dû à l'implication de la cochlée ou de l'appareil auditif. Dans les acouphènes, il y a une formation de particules anormales dans le liquide de la zone interne qui stimule les cellules ciliées (terminaisons nerveuses qui transportent le signal sonore). Cette stimulation inhabituelle est interprétée comme des acouphènes. Les conditions qui provoquent des vertiges peuvent également provoquer des acouphènes. De plus, l'exposition à un environnement bruyant peut provoquer des acouphènes. Dans ce cas, vous n'aurez généralement pas d'autres symptômes. Cela se produit lorsque le nerf cochléaire est endommagé ou bloqué par une inflammation. Vous pouvez éprouver une diminution ou une perte totale de l'audition. C'est un symptôme plus grave de la labyrinthite qui nécessite une attention médicale urgente car la perte auditive peut être permanente. Si la perte auditive est accompagnée d'acouphènes, vérifiez votre oreille externe pour des bouchons de cérumen. Vous retrouverez entièrement votre fonction auditive après avoir enlevé le cérumen. Un écoulement de pus ou de liquide aqueux indique une infection bactérienne de l'oreille moyenne (otite moyenne) qui a perforé le tympan (une cloison entre l'oreille externe et l'oreille moyenne). Vous devez consulter votre médecin rapidement pour contrôler l'infection car cela peut nuire définitivement à votre audition. Pensez à si vos oreilles se sentent lourdes. S'il y a accumulation de pus ou de liquide dans l'oreille moyenne, vous pouvez ressentir une lourdeur ou une pression dans l'oreille affectée. C'est courant dans les infections bactériennes. Ce sont en fait des symptômes des symptômes. Voici comment cela fonctionne : La douleur à l'oreille est également un signe d'une condition infectieuse. Cela peut être accompagné d'acouphènes. Les vertiges ou étourdissements qui accompagnent la labyrinthite peuvent entraîner des nausées et des vomissements. Une fièvre supérieure à 38°C est une indication que vous avez une infection dans votre corps. Une vision floue peut être le résultat d'un nerf coincé. Il peut être difficile de lire et de voir des choses à distance. Quelques conditions imitent la labyrinthite. Afin de vous traiter efficacement, il est important d'être sûr que vous avez cette infection et non quelque chose de similaire. Voici quelques conditions qui imitent la labyrinthite : le syndrome de Ménière. Cela est causé par une accumulation inhabituelle de liquide dans l'oreille interne. Une attaque typique commence par une sensation de plénitude dans l'oreille, une augmentation des acouphènes et une diminution de l'audition suivies de vertiges sévères, souvent accompagnés de nausées et de vomissements. Une attaque dure généralement 20 à 30 minutes. Les migraines. Ce n'est pas exactement un problème de l'oreille. La migraine se produit en raison de la constriction suivie de la dilatation des vaisseaux sanguins du cerveau. Un mal de tête d'un côté est le symptôme le plus marqué. Le vertige positionnel paroxystique bénin. Cela se produit à cause du déplacement de cristaux de l'utricule et du saccule dans les canaux semi-circulaires. Les particules déplacées stimulent de manière inappropriée les canaux semi-circulaires, entraînant des vertiges et des étourdissements. L'attaque ischémique transitoire (AIT) ou mini-AVC. S'il y a une insuffisance vasculaire dans les zones liées à l'audition ou à l'équilibre du cerveau, vous pouvez ressentir des étourdissements, une perte d'équilibre ou une perte d'audition temporaire. Vous devez vous sentir mieux dans quelques minutes et le symptôme ne se reproduira pas. Tumeur cérébrale. En général, vous éprouverez un ensemble de symptômes très spécifiques. Cela dépendra de l'emplacement de la tumeur. Cependant, des maux de tête et des convulsions sont courants avec toute tumeur cérébrale. Il peut y avoir une faiblesse dans un site spécifique du corps. Les symptômes peuvent durer environ 1 à 3 semaines. Même si cela peut être court, il est toujours préférable d'appeler votre médecin lorsque vous ressentez ces symptômes pour éviter une complication grave de perte auditive permanente. Il existe des tests de laboratoire qui peuvent confirmer si vous avez une labyrinthite.",8.470237255096436
036_9481,"Un mal de gorge peut avoir une variété de causes, dont beaucoup sont virales (comme un rhume). Votre système immunitaire peut gérer ces infections seul pendant plusieurs jours ou une semaine sans aide d'un médecin. D'autres symptômes en plus de la douleur à la gorge qui peuvent indiquer une infection à streptocoque incluent : fièvre—101°F (38,3°C) ou plus, ganglions lymphatiques enflés dans le cou, fatigue, éruption cutanée, maux de tête, nausées ou vomissements, amygdales rouges ou enflées avec des taches blanches. Traiter l'angine streptococcique est facile, mais cela nécessite une prescription de votre médecin. Si vous pensez avoir une angine streptococcique en fonction des critères ci-dessus, vous devriez prendre rendez-vous avec votre médecin. Ignorer l'angine streptococcique peut entraîner de graves complications dues à la propagation de l'infection, y compris : la scarlatine, des maladies rénales, la fièvre rhumatismale, qui peut affecter votre cœur, vos articulations et votre système nerveux. Votre médecin examinera votre gorge et palpera les ganglions lymphatiques de votre cou dans le cadre d'un examen physique. Il ou elle peut également vous demander de passer un autre test, plus concret, pour confirmer le diagnostic d'angine streptococcique. Le test le plus rapide que votre médecin peut utiliser est un test rapide d'antigène, qui nécessite un écouvillon de votre gorge. Bien que le test puisse fournir une réponse en quelques minutes, ce n'est pas la méthode la plus fiable. Si le test revient négatif pour l'angine streptococcique, votre médecin peut tout de même demander le test suivant. Une culture de gorge utilisera également un écouvillon stérile de votre gorge, mais l'écouvillon sera envoyé à un laboratoire pendant un jour ou deux pour voir si plus de bactéries streptococciques se développent à partir de l'échantillon pendant ce temps. Si vos tests diagnostiques confirment que vous avez une angine streptococcique, votre médecin vous prescrira une cure d'antibiotiques qui tuera les bactéries streptococciques. La durée de la prescription variera en fonction de l'antibiotique prescrit (mais dix jours est courant). Les antibiotiques couramment prescrits pour l'angine streptococcique incluent la pénicilline et l'amoxicilline. Si vous avez également vomi en raison de votre maladie, votre médecin peut vous administrer un antibiotique par injection. Vous pourrez ensuite prendre un médicament anti-nausée avec une cure régulière d'antibiotiques. Si vous êtes allergique aux antibiotiques courants, votre médecin peut prescrire d'autres options, telles que la céphalexine (Keflex), la clarithromycine (Biaxin), l'azithromycine (Zithromax) ou la clindamycine. Vos symptômes peuvent commencer à s'améliorer dans un jour ou deux après le début de votre traitement antibiotique, mais il est important de prendre l'intégralité de la prescription jusqu'à la fin. En arrêtant le traitement antibiotique avant de l'avoir terminé, vous courez un risque plus élevé de récurrence de l'infection, et cela peut également contribuer à la propagation de souches de bactéries streptococciques résistantes aux antibiotiques. Assurez-vous de suivre toutes les autres instructions qui accompagnent votre antibiotique, y compris si vous devez prendre le médicament à jeun, éviter l'alcool et l'intervalle entre les doses. Bien que vous preniez encore des antibiotiques, vous pouvez retourner à l'école ou au travail sans risque d'infecter les autres après avoir pris les antibiotiques pendant vingt-quatre heures complètes.",6.324347257614136
036_33071,"Pour fabriquer des engrenages en bois, vous devez avoir accès à un atelier de travail du bois. Vous aurez besoin d'une scie à ruban ou d'une scie sauteuse, d'une alène, de mèches de perceuse à pointe de brad (5/16 ou 8 mm) et d'une râpe à bois. Vous aurez également besoin d'un imprimante, d'un mandrin lisse et de vis en bois courtes. Il est recommandé d'utiliser du contreplaqué en bouleau de la Baltique car il est très durable. Vous reconnaîtrez ce type de contreplaqué par les plusieurs couches à l'intérieur du bois. Vous pouvez également utiliser du plastique UHMW, du Masonite ou un matériau en résine phénolique. Évitez d'utiliser du contreplaqué en épicéa ou en sapin car il n'est tout simplement pas assez résistant. Lors de la manipulation de ce type d'équipement, il peut être judicieux de prendre quelques précautions de sécurité. Tout d'abord, ne laissez jamais un jeune enfant utiliser de grandes machines sans surveillance. Bien que ce ne soit pas obligatoire, portez des lunettes de sécurité lors de l'utilisation des machines plus grandes. Il y a un risque qu'un petit morceau de bois perce votre œil. Allez en ligne sur un générateur de bois gratuit comme https://woodgears.ca/gear_cutting/template.html pour votre modèle. Un générateur comme celui-ci vous permet de modifier tous les aspects tels que l'espacement des dents, le nombre de dents, le nombre de rayons, etc. Lorsque vous avez créé les engrenages de la bonne taille, imprimez-les. Les modèles ont généralement deux engrenages de tailles différentes. Le modèle vous permettra de faire des ajustements de taille sans perturber le rapport d'engrenage. Le modèle est conçu pour ajuster les grands et petits engrenages ensemble. Les dents seront de la même taille pour les deux tailles d'engrenages afin d'assurer une rotation fluide. Des générateurs comme celui-ci vous permettent même d'animer votre conception pour tester son fonctionnement. Il existe également des modèles d'engrenages plus sophistiqués disponibles en téléchargement. Vous pouvez également créer votre propre modèle en utilisant du papier, un crayon et un rapporteur.",3.5044732093811035
036_8208,"Lorsque vous avez tiré le prépuce complètement en bas de la tête du pénis, il restera, dans la plupart des cas, rétracté sans que vous ayez besoin de le tenir. Une fois que le prépuce est sécurisé en dessous de la tête, vous aurez les deux mains libres et serez prêt à mettre le préservatif. Avant de dérouler le préservatif sur le pénis, utilisez une main pour pincer le bout réservoir du préservatif. Cela aidera à éliminer l'air du préservatif et à éviter que de l'air ne soit piégé lorsque vous déroulez le préservatif. Pour certains hommes, le prépuce est trop serré sur la tête du pénis pour pouvoir le tirer complètement en bas. Les hommes qui ne peuvent pas tirer le prépuce vers l'arrière peuvent avoir une condition connue sous le nom de phimosis. Cela ne doit pas être une source d'inquiétude, et si vous ne pouvez pas tirer le prépuce, vous devriez simplement dérouler le préservatif sur votre pénis sans vous soucier de tirer le prépuce vers l'arrière. Que vous puissiez ou non tirer le prépuce ne devrait pas augmenter la probabilité que le préservatif se déchire ou glisse. Le glissement est normalement un problème seulement lorsque l'homme a des difficultés à maintenir une érection. Si votre phimosis vous cause des difficultés, comme des douleurs pendant les rapports sexuels, une infection ou des difficultés à uriner, il existe des traitements disponibles dont vous pouvez discuter avec votre médecin. Alors que vous pincez le bout du préservatif d'une main, utilisez l'autre main pour dérouler le préservatif jusqu'à la base du pénis. Votre prépuce doit rester rétracté pendant que vous déroulez le préservatif. Vous pourrez relâcher le bout du préservatif que vous pincez en le déroulant sur le pénis. Une fois que vous avez déroulé le préservatif jusqu'à la base du pénis, vous pouvez ramener doucement le prépuce sur la tête. Tenez la base du préservatif d'une main pour éviter qu'il ne glisse, et poussez doucement le prépuce vers le haut en direction de la tête du pénis. Cela permettra un mouvement plus libre du prépuce pendant l'activité sexuelle et pourrait même aider à améliorer le plaisir de votre partenaire.",3.4825656414031982
036_2030,"Fixer des objectifs réguliers pour vous-même peut vous aider à rester motivé pour faire de l'exercice. Cela peut vous donner quelque chose vers quoi travailler. Assurez-vous que vos objectifs sont des objectifs SMART : Spécifiques, Mesurables, Atteignables, Pertinents et Temporels. Par exemple, ""Je veux perdre quatre livres d'ici la fin du mois"" ou ""Je veux courir le semi-marathon de la ville l'année prochaine."" Écrivez vos objectifs. Vous pourriez vouloir en faire un journal ou les afficher sur votre réfrigérateur. Faites savoir à vos amis et à votre famille qui se soucient de vous vos objectifs. Lorsque vous partagez ce que vous faites, vous êtes plus enclin à vouloir les réaliser. Fixez des objectifs à court et à long terme. Cela vous aidera à rester motivé sur une plus longue période. De plus, atteindre une variété d'objectifs plus courts en cours de route peut être amusant et excitant. Quelques exemples d'objectifs incluent : courir votre première 5 km, faire 10 000 pas chaque jour pendant une semaine, être physiquement actif tous les jours pendant un mois ou courir un mile sans s'arrêter. Si vous ne savez pas par où commencer ou si vous souhaitez simplement des conseils sur la manière d'atteindre vos objectifs, envisagez de travailler avec un entraîneur personnel. De nombreuses salles de sport offrent une séance gratuite avec l'un de leurs entraîneurs lorsque vous vous inscrivez. Elle peut vous guider sur la bonne forme et vous dire quels exercices faire pour atteindre vos objectifs de condition physique. Un entraîneur personnel sert également de partenaire de responsabilité. Peu importe à quel point vous aimez l'exercice ou à quel point vous êtes motivé, il y aura des jours où vous êtes trop occupé ou trop fatigué pour faire votre entraînement habituel. Le fait de manquer occasionnellement un entraînement (ou deux ou trois) n'est pas grave. Permettez-vous de faire des erreurs et de sortir de votre routine habituelle. Concentrez-vous sur les avantages de ce jour manqué. Peut-être que vous avez eu une heure de sommeil supplémentaire dont vous aviez vraiment besoin ou que vous avez pu passer plus de temps avec votre famille. Essayez de ne pas vous sentir coupable ou de vous blâmer pour avoir dévié de votre chemin. Il est normal de faire des erreurs et de manquer vos séances d'entraînement. Quand vous le pouvez, retournez dans votre routine.",4.462753057479858
036_36721,"La quantité de thé que vous utilisez dépend de si vous souhaitez teindre votre papier beaucoup ou un peu. Pour la plupart des projets, 1 sachet de thé par feuille de papier devrait suffire, mais si vous ne prévoyez de faire que quelques taches de thé, vous pourriez éventuellement utiliser un sachet pour plusieurs feuilles de papier. Cependant, si vous prévoyez de saturer complètement le papier et que vous souhaitez une finition très foncée, vous pourriez avoir besoin de 2 sachets de thé pour chaque feuille. Si vous utilisez une tasse qui n'est pas destinée aux boissons chaudes, vous pourriez vous brûler. Restez avec une tasse à café ou à thé, et évitez les tasses en plastique ou en métal, car elles ne sont pas conçues pour contenir de l'eau bouillante. Vous n'avez besoin que de suffisamment d'eau pour remplir une tasse, soit environ 1 tasse (240 mL), mais comme l'eau s'évapore en bouillant, il est préférable de commencer avec plus que nécessaire. Si vous allez infuser plusieurs tasses de thé en même temps, assurez-vous d'avoir assez d'eau pour chaque tasse. Pour extraire le thé du sachet, l'eau doit être aussi chaude que possible. Si vous utilisez une casserole, vous verrez des bulles à la surface de l'eau lorsqu'elle bout. Si vous utilisez une bouilloire, vous entendrez un sifflement aigu lorsque l'eau est prête. Soyez très prudent lorsque vous travaillez avec de l'eau bouillante. Si la casserole que vous utilisez a une poignée en métal, utilisez un gant de cuisine pour la déplacer afin de ne pas vous brûler, et faites très attention à ne pas renverser d'eau sur votre peau. Si vous êtes un enfant, demandez à un adulte de vous aider à faire bouillir l'eau pour cette étape. Vous pouvez également faire bouillir l'eau au micro-ondes si vous le souhaitez, mais assurez-vous d'utiliser un récipient adapté au micro-ondes et placez un objet non métallique comme un bâton de sucette dans le récipient pour que l'eau ne surchauffe pas et n'explose pas. Versez soigneusement l'eau chaude dans la tasse pour commencer à infuser votre thé. Ne remplissez pas trop la tasse, sinon vous pourriez accidentellement vous renverser de l'eau bouillante sur vous. Attendez environ 5 minutes pour que le thé infuse, ou jusqu'à ce que l'eau prenne la couleur désirée. Essayez de laisser environ 1–2 pouces (2,5–5,1 cm) d'espace en haut de la tasse. Si vous essayez d'obtenir une couleur très foncée, utilisez 2 sachets de thé dans la tasse en même temps. Si vous voulez une couleur plus claire, 1 sachet suffira.",3.448035478591919
036_20772,"Cliquez sur le logo Windows dans le coin inférieur gauche de l'écran. Cela recherchera sur votre ordinateur le programme Windows Media Player. C'est une icône bleue avec un bouton ""Lecture"" orange et blanc dessus. Windows Media Player s'ouvrira. C'est un onglet dans le coin supérieur gauche de la fenêtre WMP. Si c'est la première fois que vous ouvrez Windows Media Player depuis un certain temps, l'onglet Vidéos peut prendre plusieurs minutes à charger. Double-cliquez sur la vidéo dont vous souhaitez prendre une capture d'écran. Cliquez et faites glisser le curseur en bas de la fenêtre de Windows Media Player vers la droite jusqu'à arriver à l'image que vous souhaitez capturer. Cliquez sur le bouton ""Pause"" en bas de la fenêtre, ou appuyez sur la barre d'espace de votre clavier. Cela recherchera sur votre ordinateur l'application Outil de capture, qui est le meilleur moyen de prendre des captures d'écran sous Windows 7 (ou Windows 10 si vous n'avez pas de bouton ""Impr. écran""). Cela ressemble à une paire de ciseaux. Vous le trouverez en haut de la fenêtre. Cette flèche est à droite du bouton Nouveau dans le coin supérieur gauche de la fenêtre de l'Outil de capture. Un menu déroulant apparaîtra. Sur Windows 10, cette flèche est à côté du bouton Mode. C'est dans le menu déroulant. Cette option vous permettra de dessiner une boîte autour de la zone que vous souhaitez capturer sans inclure les sections non vidéo de l'écran. C'est dans le coin supérieur gauche de la fenêtre de l'Outil de capture. Cliquez dans le coin supérieur gauche de la fenêtre de la vidéo et faites glisser vers le bas dans le coin inférieur droit de la fenêtre. Cela prendra une capture d'écran de tout ce qui se trouve à l'intérieur du rectangle que vous avez dessiné. C'est un élément en forme de carré, de disque flottant en haut de la fenêtre de l'Outil de capture. Cliquez sur un dossier sur le côté gauche de la fenêtre pour le définir comme l'endroit où vous enregistrerez votre capture d'écran. Tapez un nom pour votre capture d'écran dans la zone de texte ""Nom de fichier"". C'est dans le coin inférieur droit de la fenêtre. Cela enregistrera votre capture dans le dossier sélectionné sous le nom que vous avez choisi.",3.5230181217193604
036_19527,"La pire chose que vous puissiez faire face à l'homophobie est de réagir négativement. Maudire ou devenir défensif peut seulement confirmer des stéréotypes négatifs. En gardant votre calme, vous pouvez répondre positivement à la situation et peut-être même amener la personne à se sentir coupable ou à remettre en question ses actions pour vous avoir insulté. Bien sûr, c'est beaucoup plus facile à dire qu'à faire lorsque quelqu'un attaque votre vie personnelle. Si une personne fait une remarque homophobe, prenez d'abord une profonde respiration - inspirez par le nez et expirez par la bouche. Cela peut vous aider à rester calme après l'insulte. Après vous être calmé, décidez comment réagir. En fonction de la personne et de la gravité de la remarque, vous pourriez choisir d'ignorer l'insulte (et de vous éloigner de la personne) ou de répondre avec assurance avec des informations. Quand les gens sont élevés, ou sont actuellement, religieux, leurs perspectives fortes sur les personnes gay sont probablement ancrées dans leurs croyances. Différentes religions ont des points de vue variés sur la sexualité et les personnes LGBT+. De nombreuses sectes chrétiennes et islamiques ont l'une des positions les plus marquantes contre les partenariats entre personnes de même sexe, disant que le fait d'être gay est contre nature, immoral et nuisible à la famille. Si vous sentez qu'il est nécessaire de répondre à quelqu'un qui appelle l'amour gay un péché, vous pourriez les renvoyer à diverses lectures alternatives de la Bible. De plus, même certains dirigeants chrétiens s'efforcent d'adopter une position d'acceptation totale et d'accueillir les personnes gay dans leurs congrégations inclusives. Si vous êtes intéressé à aider à changer les sentiments d'un ami ou d'un membre de votre famille à propos des gays, il peut être utile qu'ils parlent à un leader chrétien (ou d'une autre religion) plus accueillant et expliquent votre dilemme. Ou, vous pourriez vous éloigner de l'aspect sexuel des personnes gay et expliquer la difficulté d'ignorer votre amour pour une autre personne simplement parce qu'elle est du même sexe. Demandez à l'offenseur comment il se sentirait s'il devait recevoir des ordres sur qui aimer. Rappelez à cette personne ses propres relations amoureuses. Que se passerait-il s'il tombait amoureux d'une autre personne et voulait partager cette joie avec le monde, mais apprenait que la relation était méprisée ou interdite ? Lorsque les gens considèrent comment l'homophobie permet de faire du biais contre la nature même de l'autre – l'amour – il peut être plus facile de laisser de côté ces forts sentiments négatifs. Les connaissances hétérosexuelles peuvent minimiser votre ""coming out"" en le décrivant comme une phase passagère ou quelque chose dont vous pourriez sortir avec le temps. En fait, l'idée que l'orientation sexuelle n'est pas innée, mais acquise dans son environnement est un énorme malentendu qui alimente l'hétérosexisme. En réponse à une telle déclaration, n'hésitez pas à nier cette idée en racontant votre histoire personnelle, si vous vous en sentez capable. Dans de nombreux cas, les gens finissent par accepter leur identité plus tard dans la vie après l'avoir combattue ou en prétendant être hétérosexuels pendant de nombreuses années. Une telle expérience est à peine représentative d'une phase passagère. Il pourrait même être utile de dissiper les rumeurs selon lesquelles les gens peuvent être ""guéris"" d'être gay ou simplement changer qui ils aiment. Répondez à de tels commentaires en inversant la question et en demandant : ""Pensez-vous que vous pouvez être guéri de l'hétérosexualité ? Pouvez-vous changer qui vous aimez ?"" La réponse : non. Dans certains cas, les gens peuvent ne pas commencer avec de forts sentiments négatifs à propos des personnes gay, mais les développer après avoir été témoins de la stigmatisation sociale à l'école ou au travail. Lorsque le groupe social d'une personne est contre quelque chose, il peut être difficile d'être ""pour"" cela sans faire face à des moqueries ou à l'exclusion. Par exemple, si quelques-uns des enfants populaires de l'école ne parlent pas à Peter parce qu'il ""agit"" gay, alors d'autres enfants peuvent involontairement cesser de lui parler aussi. Vous pouvez contrer l'homophobie due à la pression des pairs en défiant vos pairs à obtenir une compréhension claire de leurs propres valeurs et croyances et en sélectionnant des amis qui sont des influences acceptantes et positives. Des recherches ont révélé que certains des homophobes les plus vocaux sont ceux qui ont des désirs cachés envers le même sexe. Des données supplémentaires montrent que les enfants élevés dans des foyers où leurs parents étaient ouvertement contre l'amour gay ont des sentiments d'homophobie plus intenses. Si vous rencontrez quelqu'un qui a des opinions particulièrement haineuses sur les partenariats entre personnes de même sexe ou sur les personnes gay, envisagez la possibilité qu'il puisse être attiré par des membres du même sexe et utilise l'homophobie pour cacher ces sentiments. Efforcez-vous d'avoir de l'empathie envers une telle personne, sachant que lutter contre de tels sentiments, surtout lorsque les autres y sont fortement opposés, peut être effrayant.",7.561547040939331
036_62256,"Si vous ne pouvez pas trouver un moule à sucettes, versez 2 tasses (250 grammes) de sucre en poudre sur une plaque de cuisson, puis créez 10 indentations en utilisant le fond d'un pot d'épices. Alternativement, vous pouvez également utiliser une plaque de cuisson enduite de spray de cuisson. Versez l'eau dans une petite casserole, puis incorporez le sucre et le sirop de maïs. Augmentez la chaleur à moyen et laissez le sucre se dissoudre. Assurez-vous d'utiliser du sirop de maïs léger, sinon vos bonbons ne seront pas clairs ou ne prendront pas bien la couleur. Assurez-vous que le fond du thermomètre ne touche pas le fond de la casserole. Si vous n'avez pas de thermomètre à bonbons, ne vous inquiétez pas ; vous pouvez toujours faire des bonbons. Augmentez la chaleur à haute et attendez que le mélange commence à bouillir. Attendez qu'il atteigne le stade de craquement dur, entre 300 et 310°F (149 et 155°C). Ne remuez pas le mélange durant cette période. Si vous n'avez pas de thermomètre à bonbons, vous pouvez tester si le bonbon est prêt en en faisant tomber un peu dans un verre d'eau glacée. Si le bonbon devient dur, c'est prêt. Bien que ce ne soit pas nécessaire, un peu de saveur et de couleur supplémentaire peut faire passer vos sucettes au niveau supérieur. Soyez prudent en faisant cela, car le mélange peut éclabousser. #* Utilisez des extraits et des huiles de saveur clairs. Ils permettront à la couleur de vos bonbons de mieux ressortir. Assurez-vous d'utiliser du colorant alimentaire en gel ; le colorant alimentaire liquide ne se mélangera pas bien dans le bonbon. Si vous utilisez une plaque de cuisson pulvérisée avec du spray de cuisson, laissez environ 3 à 4 pouces (7,62 à 10,16 centimètres) entre chaque flaque pour permettre l'étalement. Si vous souhaitez ajouter des fleurs comestibles, remplissez d'abord les moules à moitié, placez les fleurs face vers le bas dans le bonbon fondu, puis remplissez les moules jusqu'en haut. Utilisez le bout d'un bâton de sucette pour enfoncer les fleurs dans les moules, si nécessaire. Faites faire un demi-tour à la sucette après l'avoir pressée dans le bonbon. Assurez-vous que les bâtons pénètrent à environ mi-chemin dans le bonbon fondu. Si vous avez utilisé des moules en sucre en poudre, vos bonbons auront un aspect givré. Si vous ne voulez pas cela, passez le bonbon sous l'eau chaude pendant quelques secondes pour enlever la couche de sucre en poudre. Envisagez de saupoudrer des vermicelles sur vos sucettes avant qu'elles ne durcissent. Enfoncez doucement les vermicelles dans le bonbon fondu pour les aider à coller.",4.080788612365723
036_58155,"Maintenir vos jambes dans la même position pendant une longue période réduit la circulation dans vos jambes et peut provoquer une accumulation de sang dans vos veines. Concentrez-vous sur le changement ou le déplacement de la position de vos jambes pour maintenir une bonne circulation. Changez de position toutes les 30 minutes environ. Faites une promenade autour du bureau ou, si cela n'est pas possible, levez-vous et étirez vos bras et vos jambes toutes les 30 minutes. Élever vos jambes pendant que vous êtes assis peut soulager la pression sur vos vaisseaux sanguins. Garder vos jambes décroisées peut également réduire la pression sur vos veines. Placez vos pieds sur un repose-pieds ou une autre chaise, lorsque cela est possible, pour améliorer la circulation dans vos jambes. Essayez de soulever occasionnellement vos jambes afin que vos pieds soient au-dessus du niveau de votre cœur. Élevez également vos jambes pendant que vous dormez. Garder vos jambes surélevées lorsque vous êtes allongé peut être tout aussi important que de les élever lorsque vous êtes assis. Porter des talons hauts et des vêtements serrés peut rendre plus difficile le passage du sang dans vos veines. Les chaussures à talons bas ou les ballerines obligent vos muscles du mollet à travailler davantage lorsque vous marchez, ce qui aide également à la circulation sanguine dans vos jambes. Vous devriez surtout éviter les vêtements serrés qui coupent la circulation autour de votre taille, de vos jambes ou de votre région inguinale. Optez pour des vêtements amples ou des vêtements qui ne serrent pas ou ne compriment pas ces zones. Inclure un exercice modéré dans votre routine quotidienne peut améliorer à la fois la circulation et le tonus musculaire de vos jambes. Faire de l'exercice régulièrement aidera également à perdre du poids, si nécessaire. Si vous êtes en surpoids ou obèse, perdre vos kilos en trop peut soulager la pression sur vos jambes et réduire considérablement les varices. Une marche ou un jogging de 30 minutes dans votre quartier quelques jours par semaine peut grandement améliorer votre circulation globale, en particulier la circulation dans vos jambes. Concentrez vos efforts sur des exercices cardiovasculaires, qui aident à faire circuler le sang dans tout votre corps, et des exercices de musculation qui ciblent les jambes afin de développer et tonifier la masse musculaire. Le yoga restauratif est un type de yoga qui utilise des accessoires comme un mur, un coussin ou un bloc pour soutenir votre corps. Dans le yoga restauratif, il ne devrait y avoir aucune activation musculaire et vous devriez utiliser cette pratique pour libérer tout stress ou tension dans vos muscles. La posture des jambes contre le mur est excellente pour la circulation et le flux sanguin, réduisant ainsi le potentiel de varices dans vos jambes. Trouvez un endroit calme et ouvert avec un mur et placez votre tapis de yoga contre le mur. Ayez un coussin ou plusieurs serviettes roulées à côté de votre tapis à utiliser dans ces poses. Si vous avez des muscles plus rigides, le coussin ou le soutien doit être plus bas sous votre dos, juste au-dessus de votre coccyx, et placé plus loin du mur. Si vous êtes plus flexible, le coussin doit être plus près du mur. Votre distance par rapport au mur dépend également de votre taille : si vous êtes plus petite, rapprochez-vous du mur. Si vous êtes plus grande, éloignez-vous du mur. Commencez avec le coussin à 5-6 pouces du mur. Asseyez-vous sur le côté droit du support. Expirez et soulevez vos jambes sur le mur. Gardez vos épaules et votre tête sur le sol. Vos os assis ne doivent pas être collés au mur, mais ils doivent être à quelques pouces du mur. Le coussin doit être sous votre zone du dos, plus haut ou plus bas selon votre flexibilité. Pliez vos genoux, appuyez vos pieds contre le mur et soulevez votre pelvis du coussin de quelques centimètres. Ensuite, déplacez un peu le coussin plus haut, sous votre pelvis et le bas de votre dos. Puis, abaissez votre pelvis sur le coussin et redressez vos jambes pour qu'elles soient maintenant étendues contre le mur. Gardez vos jambes fermes, avec juste assez de poids pour les maintenir verticalement en place. Relâchez votre crâne loin de l'arrière de votre cou et ouvrez vos omoplates loin de votre colonne vertébrale. Relâchez vos mains et vos bras sur les côtés, paumes vers le haut. Restez dans cette pose pendant cinq à quinze minutes. Vous devriez sentir le sang se vider de vos jambes, dans votre région des hanches. C'est un signe que le flux sanguin est inversé et éliminé. Ne vous tordez pas pour sortir de cette pose. Glissez du coussin sur le sol puis pliez vos genoux. Roulez sur le côté et restez en position fœtale, avec les genoux pliés et la tête rentrée, pendant quelques respirations. Un régime équilibré avec beaucoup de fruits et légumes frais peut maintenir vos niveaux de sel bas et vos niveaux de fibres élevés, stabilisant ainsi votre pression artérielle et mettant moins de pression sur vos veines. Un régime pauvre en sel minimisera la quantité de gonflement dans vos jambes liée à la rétention d'eau. Vous devriez également vous concentrer sur la consommation d'aliments riches en fibres, comme les grains entiers comme le riz et le quinoa. Les bioflavonoïdes présents dans les baies foncées, les légumes à feuilles foncées comme le chou frisé et les épinards, l'ail et les oignons aident également à garder vos veines en bonne santé. Limitez également votre consommation d'alcool. Le tabac et l'alcool peuvent provoquer une hypertension artérielle. Les éliminer de votre vie ou réduire leur présence peut vous aider à réduire vos varices. L'alcool peut provoquer une dilatation de vos vaisseaux sanguins, ce qui, à son tour, peut aggraver les varices. Un verre occasionnel ne fera pas de mal, mais une consommation fréquente le fera. Le tabagisme a un lien direct avec la pression artérielle, et arrêter complètement de fumer est important si vous envisagez de vous débarrasser de vos varices.",9.523573637008667
036_35415,"Vous êtes éligible à postuler si vous êtes le conjoint, l'enfant ou le parent d'un citoyen de Singapour ou d'un résident permanent. Vous pouvez également postuler si vous détenez un Employment Pass ou un S Pass, si vous êtes étudiant à Singapour, ou si vous êtes un investisseur étranger. Les Employment Pass et S Pass sont des documents détenus par des travailleurs étrangers qualifiés employés à Singapour. Votre employeur fait la demande de ces passes en votre nom. Pour postuler en tant qu'investisseur étranger, votre entreprise doit être impliquée dans l'un des 25 secteurs spécifiés, y compris l'ingénierie aérospatiale, l'électronique, la santé et le transport maritime. Votre entreprise doit générer au moins 50 millions de dollars singapouriens en ventes nettes annuelles, et vous devez investir 2,5 millions de dollars singapouriens dans une opération commerciale nouvelle ou élargie à Singapour. En dehors des investisseurs étrangers, tous les candidats doivent postuler via le système e-PR ; aucune demande papier n'est traitée. Vous remplirez votre formulaire de demande et soumettrez des copies numériques de vos documents requis via le système e-PR. Pour commencer votre demande, accédez au système e-PR à l'adresse https://erep.ica.gov.sg/epr/index.xhtml. Après avoir cliqué sur ""Postuler pour PR"", on vous demandera de continuer en tant que travailleur, parent d'un citoyen ou résident de Singapour, ou en tant qu'étudiant. Les investisseurs étrangers postulent via le Programme d'Investisseur Global à https://application.sgip.gov.sg/public. En plus de votre formulaire de demande rempli, passeport et acte de naissance, vous devrez inclure au moins 3 ans d'états financiers préparés par un cabinet d'audit accrédité, votre licence commerciale et un plan d'affaires de 5 ans. Après avoir sélectionné travailleur, parent ou étudiant, vous serez redirigé vers le site SingPass. Entrez vos identifiants ou inscrivez-vous pour un SingPass si vous n'avez pas encore de compte. Inscrivez-vous pour un compte SingPass à l'adresse https://www.singpass.gov.sg/singpass/register/instructions. Après vous être enregistré, vous recevrez un mot de passe par courrier standard dans les 5 jours ouvrables (prévoir 10 jours ouvrables si vous vivez à l'étranger). Suivez les instructions incluses avec le mot de passe pour configurer votre compte. Vous êtes éligible pour un SingPass si vous détenez un Employment Pass ou un S Pass, un Long Term Visitor Pass ou un Dependent Pass. Vous devrez entrer votre numéro d'identification étranger (FIN) ou votre numéro de carte d'identité d'enregistrement national (NRIC) lors de votre inscription. Si vous n'êtes pas sûr de détenir le bon passe, vérifiez votre éligibilité et apprenez à postuler pour chaque document à l'adresse https://www.ica.gov.sg. Après avoir entré vos identifiants SingPass, vous serez dirigé vers le portail de demande. Il est recommandé de télécharger le formulaire, de le remplir hors ligne, puis de télécharger le document complété. Vous pouvez également remplir le formulaire directement sur le portail au lieu de le télécharger et de le compléter hors ligne. Vous devrez entrer les informations de votre passeport, votre parcours éducatif et professionnel, des informations sur vos membres de la famille et vos antécédents médicaux. Si vous téléchargez le formulaire, vous ne rencontrerez aucun problème en cas d'interruptions de votre service Internet. Une fois que vous téléchargez le formulaire complété ou commencez votre demande en ligne, vous aurez 96 heures pour soumettre vos documents requis et effectuer le paiement.",5.526792526245117
036_16089,"Vous pouvez loger vos méduses dans un aquarium propre et stérile. Vous pouvez décider d'avoir une à trois petites méduses dans un petit aquarium que vous pouvez placer sur votre bureau au travail ou à la maison. Ou bien, vous pouvez opter pour un aquarium de taille moyenne qui peut accueillir un plus grand nombre de méduses. Recherchez un aquarium de forme circulaire ou haut et étroit. Un aquarium circulaire, avec une base plate, est idéal car sa forme permet aux méduses de flotter dans l'eau de l'aquarium. Cela est essentiel pour la santé et le bien-être de vos méduses. L'autre option est d'acheter un kit d'aquarium spécialement conçu pour loger des méduses. Ces aquariums sont généralement de petite taille, souvent de forme circulaire, pour accueillir une à trois petites méduses. Vous pouvez également vous procurer des aquariums hauts et étroits pour un plus grand nombre de méduses. Vous pouvez acheter des kits d'aquarium pour méduses en ligne ou dans votre animalerie locale. Gardez à l'esprit que les kits d'aquarium pour méduses ne sont pas bon marché, variant entre 350 et 600 dollars. Vous voudrez peut-être essayer d'utiliser un aquarium de poisson à la place pour économiser de l'argent sur votre installation. La plupart des kits d'aquarium pour méduses sont fournis avec les fournitures nécessaires pour configurer l'aquarium. Si vous utilisez un aquarium à poissons pour loger vos méduses, vous devrez acheter plusieurs autres fournitures, y compris : Une pompe à air Une plaque de filtre sous gravier Un tube d'air Tubes de transport d'air Un substrat pour le fond de l'aquarium, tel que des billes de verre Une lumière LED Une télécommande LED (facultatif)",2.785639524459839
036_54466,"Gardez-les en une seule couche et ne laissez pas les feuilles se chevaucher. En gardant la menthe en une seule couche, vous pouvez sécher les feuilles plus rapidement et plus uniformément que si vous empiliez les feuilles dans un bol allant au micro-ondes. Placez les feuilles dans le micro-ondes et faites-les cuire par intervalles de 10 secondes, en vérifiant fréquemment si elles commencent à se recourber et à devenir croustillantes. La menthe devrait être adéquatement sèche en 15 à 45 secondes. Idéalement, les feuilles resteront vertes. Vous pouvez utiliser les feuilles après qu'elles aient brunies, mais les feuilles vertes auront plus de saveur et un meilleur arôme. Si vous placez une pile de feuilles de menthe dans un plat au lieu de les garder en une seule couche sur une assiette allant au micro-ondes, vous devrez remuer les feuilles toutes les 30 secondes et les cuire au micro-ondes pendant un total de 1 à 3 minutes. Cette méthode n'est toutefois pas idéale et peut entraîner un séchage inégal de la menthe.",1.9720652103424072
036_15343,"Les robes babydoll étaient très populaires dans les années 90, généralement à manches courtes et à motifs floraux. Ces robes babydoll étaient des variations des robes fleuries populaires dans les années 1930. Elles étaient souvent « décontractées » pendant la journée avec une paire de bottes de combat, des baskets et/ou une veste en jean. Les robes en velours moulantes (essayez le bordeaux ou le noir) étaient également à la mode à l'époque. Portez des tops courts. Essayez d'associer des jeans taille haute avec un t-shirt court, un débardeur ou un cardigan. Les t-shirts ajustés (optez pour une taille ou deux plus petite que ce que vous porteriez normalement) étaient également tendance pour les femmes. Portez des pinces à cheveux en forme de papillon. Ces petites pinces en plastique multicolores étaient populaires parmi les filles de tous âges. Un look tendance consistait à tirer l'avant de vos cheveux en segments d'un pouce et à épingler chacun d'eux avec une pince à papillon. Le résultat final devait ressembler à un « bandeau » de papillons. Les chemises à carreaux, les jupes à carreaux et les robes à carreaux étaient des incontournables des années 90. Essayez de superposer une chemise à carreaux sur le reste de votre tenue (la laissant ouverte) ou d'enrouler une chemise à carreaux autour de votre taille. Essayez de trouver des carreaux aussi usés que possible, lui donnant un look grunge. Les salopettes longues, les shorts salopettes et les robes salopettes étaient toutes à la mode dans les années 90 ! C'était une mode courante pour les adolescentes dans les années 1930 également, surtout pour celles vivant dans des zones rurales. Pour une authenticité supplémentaire, laissez un des crochets non attachés. N'oubliez pas qu'au cours des années 90, il y avait un renouveau de la mode des années 70, qui incluait de nombreuses tendances inspirées des hippies et du disco. Avec l'économie florissante des années 90, de nombreux adolescents et jeunes adultes avaient glamorisé la « vie pauvre » des années 1930, ce qui incluait la mode grunge. Portez tout ce qui a des motifs tie-dye, des signes de paix ou des fleurs. Trouvez une paire de pantalons à pattes d'éléphant. Les pantalons à pattes d'éléphant sont ajustés sur le haut et s'élargissent de manière spectaculaire en bas. Essayez-les en jean ou en velours côtelé. Ajoutez un patch en forme de signe de paix ou de fleur pour une touche supplémentaire ! Portez des chaussures à plateforme. Ces chaussures inspirées du disco étaient très à la mode dans les années 90. Les chaussures à plateforme sont disponibles en sandales, talons, compensés et même baskets, et se déclinent en une variété de couleurs.",4.88575553894043
036_197,"Il existe plusieurs raisons de porter un bandage au genou. De nombreuses personnes qui s'exercent enveloppent leurs genoux pour leur donner un peu de soutien supplémentaire pendant l'exercice. Certaines personnes le font si elles ont subi une déchirure partielle d'un ligament et cherchent un soutien externe. Les haltérophiles enveloppent également leurs genoux avant de faire des squats pour donner à l'articulation une stabilité supplémentaire. Si vous avez ou pensez avoir subi une blessure, assurez-vous de consulter votre médecin avant d'effectuer une activité physique intense. Les bandages de genou ne sont généralement pas utilisés pour traiter une blessure grave ou une condition. Ils sont utilisés pour la prévention des blessures ou des problèmes de genou. Ils offrent un peu plus de stabilité et de soutien externe à l'articulation de votre genou lorsqu'elle est soumise à un stress extrême. Le seul type de traitement pour lequel un bandage de genou est utilisé est celui des entorses de première degré du genou. Cela ne peut être diagnostiqué que par un professionnel de santé. Si vous subissez une blessure, consultez votre chirurgien orthopédique. Le risque de se blesser à nouveau ou de mal diagnostiquer peut causer des dommages graves. Il y a de nombreuses situations où un bandage n'est pas nécessaire. Si vous avez une déchirure du ligament croisé antérieur (LCA) ou toute autre déchirure de ligament, ne la traitez pas avec un bandage de genou à moins d'y être explicitement invité par votre chirurgien orthopédique. Il ne serait pas approprié de simplement envelopper votre genou en cas de déchirure du ménisque médial ou latéral. Si un bandage de genou aide une blessure et que votre chirurgien ne voit aucun problème à utiliser cette méthode en attendant une réparation chirurgicale à venir, alors vous pouvez l'utiliser. N'utilisez jamais cela comme moyen de stabiliser une articulation gravement instable à des fins récréatives. Si vous sentez que, malgré le bandage de votre genou, vous vous êtes blessé, consultez immédiatement votre médecin. Seul le médecin peut diagnostiquer exactement ce qui ne va pas avec votre genou. Le médecin peut vous conseiller d'envelopper votre blessure au genou si c'est une blessure de grade I à des fins de stabilisation uniquement. Si vous souhaitez commencer ou reprendre une activité physique, demandez d'abord une attention médicale pour voir si votre blessure a guéri.",3.931729793548584
036_45405,"C'est exact -- la satiation. C'est un trouble médical légitime où vous ne pouvez pas vous empêcher d'éternuer parce que votre estomac est plein. Cela se produit généralement immédiatement après avoir consommé un repas assez copieux. Alors, comment l'éviter ? Ne mangez pas autant. Au cas où vous seriez aussi curieux que George, c'est un backronyme -- Éternuer Non-Contrôlablement À un Moment d'Indulgence de l'Appétit — un Trait Hérité et Ordonné d'être Nommé. À l'origine, c'était un portemanteau d'éternuer et de satiation. Maintenant que vous savez que c'est une vraie chose, surveillez votre activité alimentaire. Quand vous trouvez-vous habituellement à éternuer ? Si vous constatez que vous éternuez en étant exposé à des lumières vives, vous pourriez avoir la photoptarmose ou le réflexe d'éternuement photique. Cela touche un remarquable 18-35 % des personnes et est parfois appelé ACHOO - syndrome de l'éclat hélio-ophtalmique autosomique dominant. Plus vous en savez, n'est-ce pas ? C'est héréditaire et peut être traité avec des antihistaminiques si c'est gênant. Sinon, portez des lunettes de soleil (surtout polarisées) ou des écharpes. Si des lumières vives (ou le soleil) sont présentes, gardez vos yeux éloignés et concentrez-vous sur quelque chose de plus sombre ou de plus neutre. Cela est d'autant plus important si vous conduisez un véhicule motorisé. Si vous entrez dans un environnement à risque élevé d'éternuement (disons un nuage de poivre ou un champ de pollen), prenez des précautions pour éviter vos accès d'éternuement. Gardez un mouchoir à portée de main. Souvent, éternuer et se moucher vont de pair. Ayez un moyen d'humidifier vos narines. Cela peut arrêter les accès d'éternuement avant qu'ils ne commencent. Bien que renifler de l'eau soit définitivement une option faisable, vous voudrez peut-être opter pour mouiller un mouchoir et l'appliquer à vos narines, utiliser vos gouttes oculaires ou respirer la vapeur d'une tasse de café. Pour ceux d'entre nous qui ne souffrent pas d'attaques d'éternuement complètement aléatoires et sont soumis à des épisodes plus constants, cela peut être plus une question environnementale. En plus de parler à votre médecin, soyez intelligent concernant les allergies. Une certaine quantité d'éternuements peut être évitée. Prenez des antihistaminiques. Non seulement ceux-ci lutteront contre les éternuements, mais ils éloigneront également la toux, le nez qui coule et les yeux qui démangent. Le Benadryl est connu pour induire de la somnolence, mais d'autres médicaments, comme le Claritin, ont des effets secondaires nettement moindres. Gardez vos fenêtres et portes fermées. Cela s'applique à votre maison et dans votre voiture. Moins vous êtes exposé aux allergènes, mieux c'est. L'extérieur doit rester à l'extérieur. Si vous avez été dehors longtemps, prenez une douche et changez de vêtements. Vous avez peut-être traîné ces pollens avec vous.",5.250350475311279
036_18188,"C'est une application blanche avec une bulle de message bleue et un éclair blanc à l'intérieur. Si vous n'êtes pas connecté à Messenger, saisissez votre numéro de téléphone, appuyez sur Continuer et entrez votre mot de passe. C'est l'icône en forme de maison dans le coin inférieur gauche de l'écran. Si Messenger s'ouvre sur une conversation, appuyez d'abord sur le bouton Retour dans le coin supérieur gauche de l'écran. S'il s'agit d'une ancienne conversation, vous devrez peut-être faire défiler vers le bas plusieurs fois. Cela fera apparaître une rangée d'options sur le côté droit de la boîte de conversation. C'est le bouton rouge tout à fait à droite de l'écran. Cette option se trouve en haut de la fenêtre contextuelle qui apparaît après avoir appuyé sur Supprimer. Cela supprimera définitivement la conversation de votre historique de messages.",1.7026395797729492
036_15810,"Avant de décider d'éliminer complètement une personne de votre vie, faites une pause pendant une période d'essai pour voir si c'est vraiment ce que vous voulez faire. Dites à la personne que vous pensez qu'il serait bon de prendre un peu de temps séparément pour rencontrer de nouvelles personnes et explorer des intérêts différents. Si c'est un ami, faites savoir à la personne que vous tenez à elle et que vous souhaitez toujours être amis. Vous pouvez dire : ""J'apprécie vraiment notre amitié et le temps que nous passons ensemble. Je pense qu'il serait vraiment bénéfique pour nous deux de passer un peu de temps séparément et de rencontrer de nouvelles personnes."" Soyez gentil et respectueux lorsque vous avez cette conversation et ne blâmez pas l'autre personne. Évitez d'utiliser des phrases telles que ""Tu fais toujours,"" ""Tu ne fais jamais,"" ou ""Tu ne peux pas."" Soulignez que vous pensez que c'est une bonne solution pour vous deux. Si tout échoue et que vous ne voulez plus de cette personne dans votre vie, faites-le savoir à l'autre personne. Dites-lui que vous souhaitez mettre fin à la relation et les raisons pour lesquelles vous voulez mettre fin à la relation. Soyez aussi direct que possible. Ce sera une conversation difficile. Vous pouvez dire : ""J'ai beaucoup réfléchi à notre amitié et certaines choses m'ont dérangé. Je veux te parler de ça."" Vous pouvez également dire : ""Je dois faire ce qui est le mieux pour moi. Je ne pense pas que nous devrions passer du temps ensemble. Je te souhaite le meilleur dans tout ce que tu fais."" Avant d'avoir cette conversation, assurez-vous absolument que c'est ce que vous voulez faire. Vous ressentirez probablement une culpabilité extrême pour avoir coupé quelqu'un de votre vie. Vos sentiments de culpabilité sont tout à fait normaux, et il vous faudra du temps pour vous sentir mieux. Ayez confiance dans le fait que vous avez pris une décision réfléchie, essayé de réparer la relation avec la personne et fait ce qui était le mieux pour vous. Acceptez que les gens viennent et partent de votre vie et que personne n'est parfait. Essayez d'apprendre de cette expérience et d'appliquer cela à vos interactions avec d'autres personnes. Cela peut prendre un certain temps à la personne pour accepter la fin de la relation. La personne peut encore essayer de vous contacter ou d'être autour de vous. Elle peut demander à avoir une autre conversation ou essayer de vous convaincre de changer d'avis. Restez ferme dans votre décision et ne cédez pas à l'insistance de l'autre personne. Si vous répondez à la personne, vous enverrez un message mixte. Répondre à la personne ne fera qu'encourager celle-ci à vous contacter. Si la personne vous appelle ou vous envoie un message, vous n'êtes pas obligé de répondre. Vous pouvez même bloquer le numéro de la personne pour ne pas savoir quand elle vous a contacté. Rappelez-vous que vous avez géré la situation du mieux que vous pouviez et que vous avez pris la meilleure décision pour vous-même. Vous devrez peut-être rappeler à cette personne que vous ne souhaitez plus passer du temps avec elle ou la voir. Soyez toujours assertif et ferme.",5.093663454055786
036_17545,"Assurez-vous d'utiliser un hydratant pour vos ongles en plus de vos mains. Frottez une huile nourrissante pour les mains ou de l'huile de vitamine E sur vos ongles chaque nuit avant de vous coucher. Cela peut aider vos ongles à rester forts et en bonne santé et peut réduire l'apparence des taches blanches. Les huiles essentielles sont connues pour guérir les taches blanches causées par une blessure à l'ongle ou par un champignon des ongles. L'huile d'arbre à thé et l'huile d'orange ont tendance à être les plus efficaces. Mélangez quelques gouttes de vos huiles essentielles avec une huile de support comme l'huile d'olive, puis frottez l'huile sur vos ongles. L'huile d'orange doit être laissée à tremper pendant environ 45 minutes, tandis que l'huile d'arbre à thé doit tremper pendant environ 15 à 20 minutes. Rincez toujours et lavez vos ongles après avoir appliqué les huiles. Mélangez une part de vinaigre blanc avec une part d'eau dans un bol. Trempez vos ongles dans le bol. Faites-les tremper pendant 10 minutes, puis rincez et séchez vos ongles. Faites cela environ quatre fois par semaine et vous pourriez commencer à voir une réduction des taches blanches. Si vous avez la peau sensible, utilisez un rapport eau/vinaigre plus élevé. Le citron contient beaucoup de vitamine C et une carence en cette vitamine cause parfois des taches blanches sur les ongles. Pour utiliser des citrons, il suffit de couper un citron en deux et de frotter la tranche sur vos ongles. Laissez le jus agir pendant 20 à 30 minutes avant de rincer et de sécher vos ongles. Le yaourt nature, non sucré et sans arômes ajoutés, peut renforcer la santé des ongles et potentiellement réduire l'apparence des taches blanches. Placez environ trois cuillères à soupe de yaourt dans un bol et trempez vos ongles dans le bol pendant 10 à 15 minutes. Quand vous avez terminé, rincez vos ongles à l'eau tiède. Vous pouvez également ajouter quelques gouttes de jus de citron ou d'huile de vitamine E au yaourt. Les comprimés Alka seltzer sont connus pour réduire les taches blanches pour certains. Déposez quelques comprimés dans de l'eau chaude et trempez vos ongles dans l'eau pendant cinq minutes. Dans l'ensemble, la patience est la clé pour se débarrasser des taches blanches sur les ongles. Les taches blanches s'estomperont généralement ou pousseront avec le temps. Bien que vous puissiez prendre des mesures pour accélérer le processus, parfois vous devrez juste attendre.",4.35502552986145
036_58347,"Pour entraîner votre Rottweiler de manière efficace, vous souhaitez commencer l'entraînement le plus tôt possible pour établir un comportement acceptable. Des chiots aux chiens plus âgés, les Rottweilers réagissent bien à l'entraînement avec les bonnes directives dès le début de votre relation. Commencez l'entraînement immédiatement. Peu importe l'âge de votre Rottweiler, vous aurez le plus de succès si vous commencez à l'entraîner tôt. Vous aurez le plus de succès si vous entraînez votre Rottweiler entre l'âge de 6 semaines et 6 mois. Si vous avez obtenu votre Rottweiler à un âge plus avancé, il est important de ne pas vous décourager. Vous pouvez l'entraîner dès qu'il rejoint votre famille. Sachez juste que cela peut prendre un peu plus de temps, d'efforts et de patience de votre part. Rappelez-vous que les Rottweilers sont des compagnons intelligents, obéissants et loyaux qui veulent vous rendre heureux. Une bonne communication avec votre Rottweiler vous aidera à l'entraîner à tout âge. Lorsque vous entraînez votre Rottweiler, vous souhaitez établir des règles qu'il suivra afin qu'il se comporte correctement. En comprenant que la dominance dans la relation avec votre Rottweiler ne signifie pas le dominer, vous êtes plus susceptible d'encourager les comportements que vous recherchez. La dominance signifie établir des règles que votre Rottweiler suivra en les renforçant par une voix ferme ou des gestes de la main qui indiquent qu'il est un membre d'une meute que vous dirigez. Vous pouvez être dominant et ferme tout en étant gentil et attentif avec votre Rottweiler. Par exemple, le meilleur moyen d'établir cette dominance est de promener votre Rottweiler en laisse et de le garder à vos côtés ou derrière vous. Ne dominez pas votre Rottweiler par l'agression verbale ou physique. Cela ne fera que lui faire peur et compromettre votre plan d'entraînement. Les Rottweilers peuvent montrer un comportement agressif à tout âge. Ils peuvent devenir agressifs envers les personnes et les autres chiens. Identifier l'agression et la gérer activement par l'entraînement peut aider à prévenir que votre Rottweiler ne montre ce comportement à l'avenir. Un Rottweiler peut ne pas montrer d'agression immédiatement car il est observateur par nature. Les signes d'agression peuvent être discrets et votre Rottweiler peut même sembler calme. Ignorer même des signes subtils d'agression, comme un regard fixe, peut entraîner des problèmes plus tard. Il existe différents signes d'agression chez un Rottweiler, y compris un grondement bas, montrer les dents, claquer la mâchoire ou fixer du regard. Si vous voyez votre Rottweiler fixer calmement quelque chose, c'est un signe d'agression. Éloignez-le de la situation pour le calmer et éviter des problèmes potentiels. Un Rottweiler peut montrer de l'agression pour différentes raisons, comme protéger son territoire, ainsi que pour la nourriture ou contre un propriétaire. Un Rottweiler peut montrer de l'agression envers d'autres chiens, comme grogner ou aboyer, parce qu'il pense vous protéger. La peur est une raison principale de l'agression chez les Rottweilers. Cela peut être un comportement appris. Par exemple, si un homme barbu a puni verbalement ou physiquement votre Rottweiler, cela peut l'avoir traumatisé et il peut montrer un comportement agressif lorsqu'il voit un homme avec une barbe. Gérez l'agression en neutralisant rapidement la situation de manière calme. Si vous vous fâchez contre votre Rottweiler, vous pouvez aggraver son anxiété et son agressivité. Gérez l'agression de votre Rottweiler en l'exposant à des déclencheurs dans un environnement contrôlé. Cela aidera à réduire sa peur et à minimiser les comportements agressifs. Par exemple, si votre Rottweiler craint les hommes barbus, faites-lui rencontrer un ami ou un membre de la famille qui aime les chiens et peut montrer à votre Rottweiler qu'il n'a pas besoin d'avoir peur de tout le monde avec des poils au visage. Si votre Rottweiler montre de l'agression envers vous, quittez la situation et ne confrontez pas votre chien. Ne réprimandez jamais un Rottweiler pour avoir grondé. Cela inhibera le comportement (grondement) mais ne supprimera pas ses sentiments sous-jacents de tension. Ainsi, le chien peut apprendre à mordre sans avertir au préalable de son intention parce qu'il se sent inhibé à propos du grondement. Un composant important de l'entraînement de votre Rottweiler est de l'exposer à d'autres chiens et à des personnes. Cela le rendra heureux et à l'aise dans n'importe quelle situation, et moins susceptible d'être agressif. Cela le rendra également plus réceptif à votre entraînement. Les Rottweilers peuvent agir de manière dominante envers d'autres animaux et personnes et ce comportement peut être prévenu avec une socialisation appropriée. Aidez votre Rottweiler à être à l'aise autour des chiens et des personnes en l'exposant à des situations positives avec d'autres chiens et individus. Socialisez votre Rottweiler en l'emmenant se promener, jouer au parc pour chiens et rendre visite à des amis. Il est également important d'inviter des personnes chez vous afin que votre Rottweiler soit à l'aise avec des gens sur son territoire. Gardez chaque aspect de la socialisation calme et positif, ce qui enseignera à votre Rottweiler à être calme et confiant. Les chiens ont une très courte durée d'attention et une mémoire courte, gardez donc les séances d'entraînement courtes. Combinez les séances d'entraînement avec des activités telles que la socialisation et les heures de repas. Gardez les séances d'entraînement d'environ 15 minutes. Sachez que les Rottweilers se distraient facilement, donc soyez patient si votre chien fait une erreur. Combiner les séances d'entraînement avec d'autres activités est une excellente méthode pour renforcer les leçons que vous enseignez. Par exemple, si vous avez votre chien au parc, c'est un bon moyen de lui apprendre des commandes telles que ""viens"". La patience est la partie la plus importante et la plus difficile de l'entraînement d'un Rottweiler. Rappelez-vous que votre chien veut vous faire plaisir. Si vous êtes calme et heureux, votre Rottweiler sera calme et heureux. Vous aurez le plus de succès dans l'entraînement de votre Rottweiler si vous êtes patient avec lui. Si vous gardez l'entraînement amusant pour vous et votre Rottweiler, vous êtes plus susceptible d'être patient avec lui. L'entraînement pour tout chien est un processus qui dure toute la vie. Crier ou utiliser une punition physique ne fera qu'entraver votre processus d'entraînement et peut également amener votre chien à vous craindre ainsi que les autres personnes. Récompenser votre chien pour ses comportements positifs est une partie intégrante du processus d'entraînement. Comprenez que votre Rottweiler fera des erreurs occasionnelles et que vous devez éviter la discipline physique ou de lui crier dessus dans ces situations. Le renforcement positif entraîne votre chien en récompensant les actions que vous souhaitez qu'il répète. Récompensez votre Rottweiler avec des friandises, des jouets ou des éloges. Lorsque vous lui enseignez une commande et qu'il l'exécute bien, donnez-lui immédiatement sa récompense. Soyez prudent avec les récompenses alimentaires afin que votre Rottweiler ne prenne pas de poids ou ne devienne pas malsain. Les Rottweilers vont faire des erreurs et vous ne devez jamais utiliser de discipline physique pendant l'entraînement. Si votre Rottweiler n'exécute pas une commande, faites une pause puis demandez-lui de l'exécuter correctement. Vous pouvez le récompenser après qu'il a suivi la commande à votre goût. Il est contre-productif de punir verbalement ou physiquement votre Rottweiler. Cela ne fera que le rendre craintif et confus et peut même le décourager d'apprendre la commande. Parce que les Rottweilers ont une mémoire à court terme et se distraient facilement, il est important de réagir rapidement aux comportements de votre chien. Vous renforcerez vos méthodes d'entraînement en faisant cela, et vous vous assurerez également que votre Rottweiler n'a pas peur parce que vous l'avez discipliné pour un comportement qu'il ne peut pas se rappeler. Par exemple, si votre Rottweiler fait quelque chose que vous aimez, comme suivre une commande, il est important de le récompenser immédiatement afin qu'il comprenne que c'est le type de comportement que vous aimez. Ne punissez pas un Rottweiler d'avoir fait ses besoins chez vous, à moins que vous ne le voyiez le faire. Il ne se souviendra pas du comportement. Si vous le voyez faire ses besoins chez vous ou à un autre endroit inapproprié, un ""non"" ferme est tout ce qui est nécessaire pour lui apprendre que ce comportement est incorrect.",13.425068616867065
036_53644,"Les Bengals adorent grimper et plus ils montent haut, plus ils sont heureux. Si vous ne leur fournissez pas de choses appropriées sur lesquelles grimper, ils trouveront des choses par eux-mêmes, comme vos rideaux. Un gymnase pour chats allant du sol au plafond est idéal, avec de nombreuses plateformes et des nids. En fait, si vous en avez un dans chaque pièce, c'est encore mieux. Placez un gymnase pour chats près d'une fenêtre, afin que votre Bengal puisse grimper et observer les oiseaux à travers la fenêtre en même temps, ce qu'il ou elle appréciera énormément. Fournissez beaucoup de jouets, et assurez-vous d'avoir un minimum de deux séances de jeu par jour, durant au moins 10 minutes (ou jusqu'à ce que le chat se fatigue). Les Bengals sont intelligents et extrêmement énergiques, il est donc nécessaire de fournir un exutoire à tout ce comportement de chasse réprimé. Négligez cela et le chat risque de trouver son propre amusement en déchiquetant vos meilleurs meubles. Le Bengal est très intelligent et habile pour résoudre des problèmes. Cela signifie qu'il ou elle peut découvrir comment ouvrir le placard à nourriture, voire le réfrigérateur. Préparez-vous à installer des verrous pour enfants sur les portes où se trouvent des choses qui pourraient nuire au chat (comme des produits de nettoyage) ou où se trouve de la nourriture. Jouer avec votre chat peut vous offrir des heures de divertissement, à vous et à votre Bengal. Ces chats adorent l'attention, donc plus il y en a, mieux c'est ! Ils aiment aussi dormir avec leurs ""parents"", alors laissez-les se blottir contre vous la nuit ! Les Bengals ne vivent en moyenne que 12 à 18 ans, alors profitez au maximum de chaque jour avec votre chat. Le temps de jeu avec les chatons est toujours important ! Les chats aiment tout ce qui bouge. Prenez une plume au bout d'une ficelle et déplacez-la lentement sur le sol. Cela fera croire à votre Bengal qu'elle est vivante. Déplacez-la lentement, en la secouant un peu d'avant en arrière, jusqu'à ce que votre Bengal se jette dessus. Les Bengals ont tendance à devenir des chats d'une seule personne et à ignorer tout le monde. Pour éviter cela, lorsque vous obtenez le chaton Bengal, assurez-vous que tous les membres du foyer passent un temps égal à jouer, nourrir et toiletter le chaton. Cela aidera le chat à se familiariser également avec tout le monde. Envisagez de donner à votre chat Bengal un ami avec qui jouer. Les Bengals ont des combats de jeu au milieu de la nuit, donc si vous ne voulez pas qu'un chat vous dérange toute la nuit, adoptez un autre chat. Le deuxième chat n'a pas besoin d'être un Bengal. Cela peut simplement être un chat errant, un chat de la fourrière, ou un chat que vous possédez déjà.",5.202068090438843
036_60228,"Vous n'avez pas nécessairement à lui donner une explication ou une raison. Vous pouvez simplement lui dire que vous n'êtes pas intéressée, ou que vous ne voulez pas lui donner votre numéro. Si vous utilisez cette méthode, assurez-vous de ne vraiment pas vouloir rester en contact avec le gars, même si vous le revoyez. Par exemple, vous pourriez dire : « Merci d'avoir demandé, mais je ne suis pas intéressée. » Vous pouvez également lui donner un numéro pour rester en contact en tant qu'amis, tant que vous êtes très claire à ce sujet. Par exemple, vous pourriez dire : « Je ne me dérange pas de te donner mon numéro, mais je le ferais seulement en tant qu'amis. Je ne suis pas intéressée par autre chose pour l'instant. » Si vous le souhaitez, vous pouvez adopter une approche directe, mais pas tout à fait aussi directe. Par exemple, vous pouvez essayer d'adoucir le rejet en parlant d'une qualité que vous appréciez chez le gars. De cette façon, le rejet ne sera pas aussi dur. Par exemple, vous pourriez dire : « Je suis flattée, mais je ne pense pas être dans un endroit pour sortir en ce moment. Je dois dire non. » Cette approche aide à rendre cela moins personnel, donc il ne se sentira pas aussi blessé. Lorsque vous utilisez une approche directe ou indirecte, ""non"" doit être présent dans ce que vous dites. Si vous tournez autour du pot sans vraiment utiliser le mot ""non"", vous le laissez penser qu'il a encore une chance avec vous. Vous n'avez pas besoin d'être méchante, juste directe. Par exemple, dire « Je ne suis pas sûre de vouloir sortir en ce moment » laisse un peu d'incertitude. Au lieu de cela, assurez-vous de bien faire comprendre. « Je ne suis pas intéressée à sortir en ce moment, donc je dois dire non. » Soyez polie mais ferme. Remerciez le gars pour son intérêt. Dites-lui que vous êtes flattée qu'il soit intéressé. Cependant, faites-lui savoir que vous ne cherchez pas de relation en ce moment, et donc, vous n'êtes pas en mesure ou disposée à partager votre numéro. C'est une réaction naturelle. Vous voulez vous excuser de faire sentir mal la personne. Cependant, vous n'avez pas besoin de vous excuser de ne pas vouloir donner votre numéro. De plus, cela peut attirer l'attention sur le fait que vous vous sentez désolée pour lui, ce qui peut à son tour le faire se sentir encore plus mal.",3.460846424102783
036_56293,"Il peut être difficile de s'enrouler avec votre main non dominante au début, mais vous vous y habituerez après un peu de pratique. Si vous avez besoin d'aide, demandez à votre entraîneur ou à un partenaire de le faire pour vous.",1.4641308784484863
036_60578,"Avec chaque jour qui passe entre la dernière fois que vous avez utilisé des drogues et la date du test, vos chances de réussite augmentent. Si vous avez le moindre temps pour vous préparer, utilisez-le judicieusement et cessez d'utiliser des drogues jusqu'à ce que vous soyez complètement hors de danger. Peu importe le type de drogue que vous avez utilisé, il vaut mieux arrêter bien avant le test plutôt que de compter sur des méthodes peu efficaces pour truquer le test. Si le test de drogue est administré par votre employeur, dans la plupart des cas, vous devriez être prévenu à l'avance. Vous ne connaîtrez peut-être pas le jour exact où il sera administré, mais vous pourriez savoir dans quelle semaine vous attendre à ce test. Faites attention aux politiques de votre entreprise afin de pouvoir vous préparer au test au lieu d'être pris au dépourvu. Si vous êtes testé parce que vous êtes en probation, vos tests seront probablement programmés. Ne laissez pas la date du test vous surprendre ; préparez votre corps à l'avance. Bien sûr, il n'est pas toujours possible de se préparer à un test. Si vous êtes arrêté et que les policiers soupçonnent une intoxication par drogue, vous pourriez devoir passer un test sur-le-champ. Bien qu'un test sans préavis soit difficile à réussir, il existe encore des choses que vous pouvez faire pour augmenter vos chances. Il existe quatre types de tests de drogue : les tests d'urine, les tests sanguins, les tests de salive et les tests capillaires. Le test standard à 5 panels teste les amphétamines (speed, méthamphétamine, ecstasy), les cannabinoïdes (marijuana, hash), la cocaïne (coke, crack), les opiacés (héroïne, morphine, opium, codéine) et la phencyclidine (PCP). Les avancées dans la technologie des tests ont rendu difficile le fait de truquer les tests, mais connaître les différences entre les tests peut être utile selon votre situation. Voici le décompte : les tests d'urine sont le type de test le plus courant administré par les employeurs. Ce sont les tests les plus faciles à manipuler, car vous avez une petite fenêtre de vie privée pendant laquelle vous êtes censé fournir un échantillon d'urine (à condition de ne pas être surveillé). Les tests sanguins peuvent être administrés si vous êtes arrêté et que l'intoxication par drogue est suspectée. Ce type de test est très difficile à réussir si vous avez récemment utilisé des drogues, car il est efficace pour déterminer exactement combien de substances se trouvent dans votre système. Mais s'il s'est écoulé plusieurs jours depuis votre dernière utilisation, le test est plus susceptible d'être négatif qu'un test d'urine. Les tests de salive sont parfois administrés à la place des tests d'urine ou sanguins car ils sont moins invasifs. Ils sont un peu moins sensibles que les tests sanguins. Les tests capillaires sont extrêmement difficiles à truquer. Jusqu'à 120 mèches de cheveux sont évaluées en laboratoire pour déterminer si elles contiennent des traces de drogues. Étant donné qu'il faut jusqu'à 2 semaines pour qu'une section de cheveux suffisamment longue pour être testée pousse, un test capillaire ne peut pas dire si vous avez utilisé des drogues au cours des 2 dernières semaines. Cependant, des traces de drogues peuvent rester dans vos cheveux jusqu'à 90 jours, donc c'est une méthode efficace pour déterminer si vous êtes un utilisateur régulier. La méthode que vous choisirez pour passer un test de drogue dépend en partie de la quantité de drogue que vous pensez encore avoir dans votre système. Par exemple, si vous êtes simplement un consommateur occasionnel de marijuana, la drogue pourrait ne pas être détectable après quelques jours. Cependant, une consommation importante de marijuana, de cocaïne, de certains barbituriques et d'autres drogues sont détectables même après 15 à 30 jours. Si vous êtes un utilisateur lourd ou ""chronique"" de marijuana, le test que vous passerez sera presque certainement positif. Cependant, si vous ne l'avez utilisé que quelques fois, vous avez une bonne chance de pouvoir nettoyer votre système et obtenir un test qui se révèle négatif. N'oubliez pas que si vous êtes soumis à un test capillaire, tout ce que vous avez utilisé au cours des 90 derniers jours (à l'exception des deux dernières semaines) apparaîtra. Vous n'aurez pas toujours la possibilité de choisir comment vous serez testé pour les drogues, mais parfois vous pouvez décider si vous souhaitez passer un test d'urine, sanguin, de salive ou capillaire. Au lieu d'essayer de manipuler un test, votre meilleure option pourrait être de choisir le test le moins susceptible de montrer un résultat positif pour vous. Bien sûr, il n'y a aucune garantie que le test sera négatif, mais il vaut la peine de savoir lequel vous donnera les meilleures chances de réussir. Si vous n'avez utilisé la drogue que quelques fois et que c'était il y a au moins une semaine, votre meilleure option sera probablement un test sanguin ou de salive, car la plupart des drogues quittent votre circulation sanguine après quelques heures ou jours. Si vous êtes actuellement sous l'emprise de la drogue lorsque vous passez le test, vous voudrez probablement opter pour un test d'urine, car il est moins sensible qu'un test sanguin aux niveaux exacts de drogues dans votre système. Les tests d'urine ne mesurent pas les niveaux de THC, donc si la marijuana est le problème, même si vous échouez au test, il n'y aura pas de preuve que vous étiez impair au moment où vous l'avez passé. Si vous avez essayé des drogues pour la première fois la semaine dernière, et que vous avez la possibilité de faire un test capillaire au lieu d'un autre, cela pourrait être votre meilleure option. Tout ce que vous avez fait au cours des dernières semaines n'apparaîtra pas, mais les drogues que vous avez utilisées au cours des 90 derniers jours seront détectées. Si vous êtes un utilisateur lourd, essayez de ne pas passer un test capillaire, car il est très difficile de contester les résultats.",8.788692951202393
036_17456,"L'effet principal de presque tous les probiotiques est d'améliorer votre santé intestinale et digestive (en plus des autres bienfaits que les bactéries peuvent apporter). Si vous utilisez un certain supplément probiotique depuis quelques semaines et que vous ne remarquez pas d'amélioration de votre santé digestive, il est temps d'essayer un nouveau probiotique. Les signes d'un probiotique inefficace incluent : crampes d'estomac, douleurs intestinales, constipation ou diarrhée. Gardez à l'esprit que, puisque la plupart des probiotiques sont vendus comme des compléments alimentaires, ils ne sont pas garantis de produire les résultats qu'ils annoncent. Heureusement, un autre probiotique peut résoudre votre problème de santé. Si le premier probiotique que vous avez essayé ne vous aide pas, passez à un autre type. Contrairement aux médicaments, vous pouvez changer votre supplément probiotique sans subir d'effets secondaires majeurs. Le seul effet secondaire que vous êtes susceptible de ressentir en raison du changement est un léger dérangement d'estomac. La plupart des études médicales sur les probiotiques ont été réalisées sur des souches de Lactobacillus et de Bifidobacterium. Les probiotiques contenant ces souches sont les plus susceptibles de correspondre aux affirmations faites sur l'étiquette. Choisissez des souches bien connues de ces bactéries pour aider à des problèmes de santé courants. Celles-ci incluent : Lactobacillus bulgaricus, qui aide à l'intolérance au lactose et aux divers problèmes digestifs en résultant. Lactobacillus reuteri LR-1 ou LR-2, qui améliore l'hygiène dentaire et empêche la formation de plaque dentaire. Bifidobacterium infantis 35624 ou MIMBb75, qui diminue les ballonnements et l'inconfort causés par le syndrome de l'intestin irritable. Si vous avez des douleurs abdominales modérées à sévères fréquentes, ou une constipation ou une diarrhée chroniques, le problème peut être plus grave que ce qu'un probiotique peut gérer. Parlez à votre médecin et expliquez-lui votre état. Demandez également à votre médecin s'il recommande des probiotiques spécifiques ou s'il connaît des probiotiques à éviter. Vous pourriez souffrir d'un cas non diagnostiqué de syndrome de l'intestin irritable, ou vous pourriez être intolérant au lactose ou avoir la maladie cœliaque sans le savoir.",3.7313780784606934
036_42213,"Prenez vos pommes de terre et rincez-les sous l'eau froide, en les frottant pendant le rinçage pour les nettoyer. Si vous souhaitez que les pommes de terre cuisent avec la peau, laissez-la. Si vous souhaitez enlever la peau, tenez la pomme de terre avec votre main non dominante en dessous. Placez les 2 lames de votre éplucheur à pommes de terre en haut de la pomme de terre et tirez-les vers le bas à un angle de 45 degrés pour peler une longueur de peau. Répétez ce processus pour chaque section de chaque pomme de terre. Vous pouvez utiliser une brosse à légumes propre pour frotter vos pommes de terre si vous le souhaitez. Cela les laissera vraiment propres, bien que cela soit généralement inutile. Faire bouillir des pommes de terre au micro-ondes n'est pas la méthode préférée, car le micro-ondes a tendance à chauffer les aliments de manière inégale. Le principal avantage de cette méthode est que cela libère un brûleur si vous préparez un repas particulièrement copieux. Le verre est toujours un bon choix, et la céramique non peinte fonctionnera généralement aussi. Vérifiez le fond d'un bol ou d'un plat pour voir s'il indique ""compatible micro-ondes"". Tout récipient micro-ondable fonctionnera avec vos pommes de terre. Placez vos pommes de terre dans le bol ou le récipient et remplissez-le d'eau à température ambiante jusqu'à ce que les pommes de terre soient complètement immergées. Si un plat ne dit pas ""compatible micro-ondes"", cherchez 3 lignes ondulées, généralement accompagnées de 2-3 cercles sur la droite. C'est le symbole indiquant qu'un plat est micro-ondable. Vous pouvez ajouter une pincée de sel si vous le souhaitez, mais les résultats ne seront pas très remarquables par rapport à l'ébullition sur la cuisinière. Repliez le film plastique sur le bol et remettez vos gants de cuisine si vous les avez enlevés pour remuer. Soulevez soigneusement le bol à nouveau au centre de votre micro-ondes et fermez la porte. Faites chauffer le bol à haute température pendant 5 minutes supplémentaires. Si vous cuisinez des pommes de terre plus petites et qu'elles semblent relativement molles lorsque vous les avez remuées, essayez de les chauffer à basse température pendant 4 minutes, puis testez-les avec votre fourchette. Placez une passoire dans votre évier et soulevez le bol en portant une paire de gants de cuisine. Versez lentement le bol dans la passoire pour égoutter vos pommes de terre. Laissez les pommes de terre refroidir ou utilisez des pinces pour les mettre dans la casserole ou la poêle que vous allez utiliser pour continuer à les cuire.",4.375150203704834
036_19286,"Cela peut dépendre du type d'histoire que vous souhaitez raconter. Par exemple, si vous voulez écrire une fantasy épique qui s'étend sur plusieurs générations, un roman (ou même une série de romans) pourrait mieux convenir qu'une nouvelle. Si vous êtes intéressé par l'exploration de la psychologie d'un seul personnage, une nouvelle peut être idéale. En tant qu'écrivain, il est judicieux de noter vos idées au fur et à mesure qu'elles vous viennent. Écrire vos idées peut vous aider à vous en souvenir et à les développer. Les journaux sont de merveilleux outils pour obtenir de bonnes idées. Gardez votre journal avec vous tout le temps, car vous ne savez jamais quand l'inspiration frappera ! Votre ""journal"" n'a pas besoin d'être un diary ou un carnet. Vous pouvez écrire des notes dans une application de mémo sur votre téléphone ou même sur des post-it. ""Cubing"" vous demande d'examiner un sujet sous 6 angles séparés (d'où le nom). Par exemple, si vous voulez écrire une histoire sur un mariage, considérez les angles suivants : Décrire : Qu'est-ce que c'est ? (Une cérémonie qui aboutit au mariage de deux personnes ; une fête ou une célébration ; un rituel) Comparer : À quoi cela ressemble-t-il ou non ? (Comme : d'autres rituels religieux, d'autres types de fêtes ; Pas comme : un jour ordinaire) Associer : Qu'est-ce que cela vous fait penser d'autre ? (Dépenses, robes, église, fleurs, relations, disputes) Analyser : De quelles parties ou éléments est-il composé ? (Généralement, une mariée, un marié, une robe de mariée, un gâteau, quelques invités, un lieu, des vœux, des décorations ; au figuré, stress, excitation, épuisement, bonheur) Appliquer : Comment est-il utilisé ? Comment pourrait-il être utilisé ? (Utilisé pour unir deux personnes dans un contrat légal de mariage) Évaluer : Comment peut-il être soutenu ou contesté ? (Soutenu : les personnes qui s'aiment se marient pour être heureuses ensemble ; Contesté : certaines personnes se marient pour de mauvaises raisons) Vous pouvez créer des représentations visuelles de la façon dont les éléments de votre histoire sont liés en réalisant une carte mentale, également connue sous le nom de ""cluster"" ou ""toile d'araignée"". Commencez au milieu avec votre personnage principal ou votre conflit, et tracez des lignes vers d'autres concepts. Voyez ce qui se passerait si vous connectiez ces autres éléments de différentes manières. Les cartes mentales sont un moyen utile d'organiser tout type d'information de manière concise et visuelle. Elles peuvent vous aider à visualiser la façon dont différents personnages et autres éléments de votre histoire sont connectés les uns aux autres et facilitent la mémorisation des concepts clés. Si vous avez besoin d'aide pour démarrer votre carte mentale, envisagez d'utiliser un logiciel ou une application comme Mindmeister, iMindMap ou SpiderScribe. Supposons que vous ayez imaginé un personnage : une jeune femme dans la vingtaine qui vit dans une petite ville de Géorgie. Demandez-vous ce qui se passerait si ce personnage était mis dans différentes situations. Que se passerait-il si elle décidait de prendre un emploi à Sydney, en Australie, même si elle n'a jamais quitté le pays ? Que se passerait-il si elle devait soudainement reprendre l'entreprise familiale, même si elle a toujours voulu s'en aller ? Placer vos personnages dans une variété de situations vous aidera à décider quels conflits ils pourraient rencontrer et comment ils pourraient les gérer. Cet exercice peut également vous aider à déterminer ce qui est le plus important pour votre personnage (ou vos personnages) et avec qui ils pourraient (ou pourraient ne pas) se connecter. Si vous souhaitez écrire sur un type particulier de cadre ou d'événement, comme les guerres médiévales des Roses, faites un peu de recherche. Découvrez qui étaient les figures historiques majeures, quelles actions elles ont entreprises, pourquoi elles ont fait ce qu'elles ont fait. Les célèbres livres de George R.R. Martin, ""Game of Thrones"", ont été inspirés par sa fascination pour l'ère médiévale anglaise, mais il a pris ses recherches et en a fait son propre monde et ses propres personnages. S'engager avec d'autres types de travaux créatifs peut vous fournir un tremplin pour le vôtre. Regardez plusieurs films ou lisez plusieurs livres dans le même genre que votre histoire pour avoir une idée de la façon dont des histoires similaires tendent à progresser. Créez une bande-son de musique qui ressemble à quelque chose que les personnages de votre histoire écouteraient, ou à la façon dont vous imaginez la bande-son de l'adaptation cinématographique de votre histoire. Un bon écrivain est aussi un bon lecteur et un bon observateur. Faites des observations sur le monde qui vous entoure que vous pourriez vouloir incorporer dans votre fiction. Prenez des notes sur les conversations que vous entendez. Allez à la bibliothèque et lisez des sujets intéressants. Sortez et regardez la nature. Laissez l'idée se mélanger à d'autres idées.",6.227496862411499
036_38753,"Les variations de design, également appelées ""vues"", apparaissent également au dos de l'enveloppe. Ces dessins linéaires incluent plus de détails de conception, tels que des pinces, des lignes de couture et des longueurs potentielles. Chaque vue est identifiée par un symbole, généralement une lettre. Le symbole est utilisé dans les tableaux et le patron pour identifier des informations sur cette vue spécifique. L'arrière de l'enveloppe du patron contient une liste de tissus adaptés à ce vêtement. Lisez attentivement la liste. Sélectionnez un tissu qui convient au vêtement et avec lequel vous êtes à l'aise de travailler. En plus du tissu, votre patron peut nécessiter des notions et des garnitures. La section ""Notions"" énumérera toutes les pièces supplémentaires dont vous aurez besoin pour compléter le vêtement. Celles-ci peuvent inclure des articles tels que des fermetures éclair, des crochets et des œillets, et de l'élastique. Les tailles de patron ne correspondent que rarement aux tailles prêtes à porter. Lorsque vous coupez le patron, vous suivrez des lignes pour une taille spécifique. Il est donc essentiel de déterminer avec précision votre taille au lieu de supposer que vous êtes une certaine taille. Utilisez un mètre à ruban pour mesurer divers points de votre corps énumérés sur l'enveloppe du patron, tels que votre poitrine ou votre buste, votre taille et vos hanches. Faites correspondre vos mesures avec les mesures fournies sur le tableau pour déterminer votre taille de patron. Les exigences en tissu sont indiquées directement sous les tableaux de tailles et de mesures corporelles. Localisez la ligne contenant la variation de design que vous souhaitez créer. Suivez la ligne jusqu'à atteindre la colonne contenant votre taille de patron. Le nombre dans cette cellule est la quantité de tissu dont vous aurez besoin pour compléter le vêtement dans votre taille de patron. La plupart des patrons indiqueront des longueurs alternatives pour différentes largeurs de tissus (largeur de 45 pouces contre largeur de 60 pouces). La dernière case du tableau contient des informations sur les mesures du vêtement fini. Le vêtement fini sera légèrement plus grand que vos mesures corporelles pour permettre une aisance, ou le tissu ajouté à un vêtement pour que vous puissiez le porter confortablement. Ces informations sont souvent imprimées sur le patron également.",4.109987735748291
036_50597,"Il est crucial de souligner que vous devez apprendre à jouer à un tempo constant et régulier, et la manière la plus simple de l'ancrer dans votre esprit est de pratiquer avec un métronome. Si vous ne pouvez pas vous permettre un métronome, vous pouvez trouver une piste de clic quelque part, qui est un métronome enregistré que vous pouvez jouer dans votre stéréo, sur votre Walkman ou sur votre ordinateur pendant que vous pratiquez.",1.3697495460510254
036_20684,"Un hexagone régulier a six longueurs de côté égales. Si la longueur du côté est spécifiée, utilisez une règle pour tracer une ligne de la bonne longueur. Si aucune longueur de côté n'est spécifiée, vous pouvez tracer la ligne de n'importe quelle longueur. Par exemple, vous pourriez tracer la ligne AB de 5 centimètres de long. Pour ce faire, placez le point du compas à l'une des extrémités de la ligne et étirez-le de sorte que la pointe du crayon touche l'autre extrémité. Pour ce faire, placez le point du compas à la première extrémité et dessinez un petit arc au-dessus de la ligne. Ensuite, placez le point du compas sur l'autre extrémité et dessinez un autre petit arc, intersectant le premier arc. Le point où ces deux arcs se croisent est le point central de l'hexagone. Ne changez pas la largeur du compas. En gardant la même largeur de compas, déplacez le point du compas vers le point central de l'hexagone et faites tourner le compas pour dessiner un cercle. Les deux premiers sommets sont déjà marqués par les extrémités de la ligne originale que vous avez tracée. Placez le compas sur la première extrémité de la ligne. Avec le crayon, marquez un point sur le bord du cercle. C'est le troisième sommet. Déplacez le point du compas vers ce nouveau sommet. Marquez un autre point sur le bord du cercle. C'est le quatrième sommet. Complétez ce processus jusqu'à ce que vous ayez tous les six sommets marqués. Faites attention à ne pas changer la largeur du compas. Pour ranger votre hexagone, effacez le cercle et toutes les marques supplémentaires. Gardez le point central de l'hexagone, car vous en aurez besoin pour diviser la forme en trois parties égales.",2.9621615409851074
036_15315,"Manipulez les pièces de monnaie en argent rares ou non identifiées le moins possible. Tenez-les uniquement par le bord, pas par la face, et idéalement, portez des gants en coton sans peluches. Même si la pièce vous semble sale ou endommagée, un collectionneur pourrait vous payer plus si vous la laissez dans son état naturel et évitez d'autres dommages. Rangez les pièces rares dans des flips en plastique Mylar, ou demandez à un négociant en pièces des alternatives. Les flips en PVC peuvent endommager vos pièces. Ajoutez quelques gouttes de savon doux (pas de détergent) dans un verre d'eau distillée tiède. Plongez les pièces doucement et laissez-les tremper, en les retournant toutes les quelques heures. C'est la seule méthode garantie pour nettoyer les pièces plaquées argent (bien que l'argent pur soit un peu plus résistant). L'eau du robinet contient du chlore qui peut entraîner une décoloration. Le ternissement (une fine couche de gris, de noir ou d'iridescence aussi appelée ""toning"") n'est pas la même chose que la saleté. Si la pièce est rare, le toning peut même être une caractéristique souhaitable qui augmente la valeur de la pièce. Le lendemain, si les pièces sont encore sales, remplacez l'eau par de l'eau distillée fraîche et du savon. Répétez quotidiennement jusqu'à ce que les pièces soient propres (mais conservent leur toning). Séchez les pièces avec un essuie-tout, ou laissez-les sur un tissu absorbant pour qu'elles sèchent à l'air. Frotter les pièces est très risqué, car cela peut rayer le toning. Un brossage délicat avec une brosse à dents à poils souples est généralement sûr, mais travaillez lentement et doucement avec des pièces précieuses. L'objectif est de déloger la saleté lâche, pas de frotter la surface de la pièce directement. Si les pièces sont encore sales, faites-les tremper à nouveau dans de l'eau distillée. Transférez les pièces mouillées dans un contenant en plastique au congélateur. L'eau va se dilater en gelant, espérant ainsi détacher une partie de la saleté. Tapotez ou brossez délicatement la saleté une fois congelée. Dans la plupart des cas, vous devrez répéter le trempage et le congélateur plusieurs fois. Si les pièces sont couvertes de boue ou de saleté et ne répondent pas aux méthodes ci-dessus, faites-les tremper dans de l'huile minérale ou de l'huile d'olive. L'huile minérale ne doit jamais nuire à votre pièce, mais doit être lavée avec de l'acétone par la suite. L'huile d'olive fonctionnera également, mais il y a un léger risque de dommage. Chacune peut prendre des mois pour nettoyer des pièces très sales. Pour de meilleurs résultats, surélevez les pièces sur un morceau de plastique afin que les deux côtés soient exposés à l'huile. L'huile d'olive bon marché, non vierge, est plus efficace que l'huile vierge ou extra-vierge, car elle est plus acide. Si les pièces n'ont pas de valeur en tant qu'objets de collection, vous pouvez passer directement aux méthodes de nettoyage plus sévères pour gagner du temps. Si les pièces sont rares ou non identifiées et que vous ne voulez pas attendre des mois, emmenez-les chez un collectionneur de pièces pour des conseils. Rincez les pièces dans de l'eau chaude savonneuse pour enlever l'huile. Si la saleté ne part pas avec ça, laissez les pièces tremper plus longtemps. Si vous utilisez de l'huile d'olive, remplacez-la chaque fois qu'elle devient vert foncé. Une fois les pièces propres, rincez-les dans de l'eau chaude savonneuse. Si vous avez utilisé de l'huile minérale, essuyez-les avec un coton-tige imbibé d'acétone pure. Ces machines vibrent rapidement la pièce pour déloger la saleté. Les petites machines pour usage domestique sont sûres pour le nettoyage des pièces, mais ne retireront que les accumulations de saleté mineures et molles. Les grandes machines professionnelles sont plus efficaces, mais doivent être utilisées avec précaution. Pour de meilleurs résultats, suspendez une tasse à un fil pour qu'elle soit à moitié immergée dans le bain de la machine, sans toucher le fond. Remplissez la tasse d'eau distillée légèrement savonneuse et suspendez la pièce dans cette solution. Remplissez le bain principal avec de l'eau distillée pure, faites fonctionner la machine pendant seulement quelques minutes, brossez la pièce et répétez. Vous pouvez faire fonctionner la machine sans la tasse, mais la saleté ou les objets au fond du plat interfèreront avec la vibration du plat et réduiront la durée de vie de la machine.",7.067772388458252
036_22483,"Il est important d'être entendu lorsque vous parlez, alors élevez la voix ! Si vous avez tendance à chuchoter, à murmurer ou à parler la tête baissée, il est beaucoup plus facile pour les gens de vous interrompre ou de vous ignorer. Cependant, cela ne signifie pas que vous devez crier - plutôt, vous devriez varier le volume de votre discours en fonction de la situation. Par exemple, si vous vous adressez à un grand groupe de personnes, il sera nécessaire de parler fort pour projeter votre voix. Mais parler trop fort dans une conversation normale et quotidienne est superflu et peut donner une mauvaise impression. 

Parler trop rapidement est une mauvaise habitude et il peut être difficile pour les gens de vous suivre ou même de comprendre ce que vous dites. Cela les incite facilement à se désintéresser et à arrêter d'écouter. Il est donc important de ralentir votre discours en prononçant vos mots plus lentement et en faisant des pauses entre les phrases - cela aide à ajouter de l'emphase à ce que vous dites et vous donne une chance de respirer ! D'un autre côté, il est préférable de ne pas parler trop lentement. Parler trop lentement peut être monotone pour vos auditeurs, ce qui peut les rendre impatients et les inciter à se désintéresser. Le rythme idéal de parole se situe entre 120 et 160 mots par minute. Cependant, si vous faites un discours, il est judicieux de varier la vitesse à laquelle vous parlez - parler lentement peut aider à souligner un point, tandis que parler plus rapidement peut donner l'impression de passion et d'enthousiasme. 

Parler clairement est probablement l'aspect le plus important pour développer une bonne voix. Vous devez prêter une attention particulière à chacun des mots que vous prononcez - en les prononçant complètement et correctement. Assurez-vous d'ouvrir la bouche, de détendre vos lèvres et de garder votre langue et vos dents dans la bonne position en parlant. Cela peut aussi aider à éliminer ou à masquer un zozotement, si vous en avez un. Cela peut sembler étrange au début, mais si vous faites l'effort de prononcer vos mots correctement, cela deviendra bientôt naturel pour vous. 

Une respiration profonde est essentielle pour une voix pleine et riche. La majorité des gens respirent trop rapidement et superficiellement lorsqu'ils parlent, ce qui donne un ton plus nasal et moins naturel. Votre respiration doit venir de votre diaphragme, pas de votre poitrine. Pour vérifier si vous respirez correctement, placez votre poing sur votre abdomen, juste en dessous de votre dernière côte - vous devriez sentir votre ventre se gonfler et voir vos épaules monter et descendre lorsque vous respirez. Pratiquez votre respiration en inspirant profondément, en laissant l'air remplir votre ventre. Inspirez pendant un compte de 5 secondes, puis expirez pendant 5 autres secondes. Habituez-vous à cette méthode de respiration, puis essayez de l'intégrer dans votre discours quotidien. N'oubliez pas que vous devez vous tenir droit, la tête haute et les épaules en arrière, ce qui vous aidera à respirer plus profondément et à projeter votre voix plus facilement. Cela vous donnera également une certaine confiance lorsque vous parlez. Essayez de respirer à la fin de chaque phrase - si vous utilisez la méthode de respiration profonde, vous devriez avoir assez d'air pour terminer la phrase suivante sans avoir à faire de pause. Cela donnera aussi à vos auditeurs une chance d'absorber ce que vous dites. 

La tonalité de votre voix peut avoir un réel impact sur la qualité de votre discours et l'effet qu'il produit sur vos auditeurs. En général, parler avec une tonalité tremblante ou instable donne l'impression de nervosité, tandis qu'une voix uniforme est plus apaisante et persuasive. Bien que vous ne devriez pas essayer de changer la tonalité naturelle de votre voix (pas d'impressions de Dark Vador, s'il vous plaît), vous devriez faire un effort pour la contrôler. Ne laissez pas vos nerfs prendre le dessus et essayez d'atteindre une tonalité plus pleine et plus lisse. Vous pouvez vous entraîner à contrôler votre tonalité en fredonnant une mélodie, ou simplement en lisant un texte à voix haute pour vous-même. Gardez à l'esprit qu'il n'est pas nécessaire de maintenir une tonalité stable à tout moment - certains mots doivent être prononcés avec une tonalité plus élevée pour ajouter de l'emphase.",5.427032709121704
036_54038,"Si vous avez une accumulation de cérumen cireux ou infecté dans vos oreilles, n'insérez pas d'objets tels que des coton-tiges, des serviettes en papier, des épingles ou même votre doigt dans vos oreilles pour l'enlever. Cela peut causer plusieurs problèmes : insérer des objets dans vos oreilles peut pousser l'accumulation plus profondément dans vos oreilles, plutôt que de l'enlever. Cela peut aggraver le problème et entraîner une diminution de l'audition. Vous pouvez perforer le tympan, qui est mince et délicat. Cela peut provoquer une rupture du tympan. Les objets étrangers insérés dans votre oreille peuvent irriter ou endommager la peau. Le candlage des oreilles est dangereux et semble être inefficace. Vous pouvez vous brûler avec de la cire chaude ou la flamme de la bougie, et même perforer votre oreille interne. En général, le cérumen tombera de vos oreilles de lui-même avec le temps. Cependant, si vous sentez qu'il y a une accumulation inhabituelle ou un risque d'infection, vous pouvez utiliser certains remèdes maison pour soulager. Si vous ne pouvez pas faire traiter vos oreilles par un médecin, vous pouvez : appliquer des gouttes en vente libre qui adoucissent le cérumen. Recherchez celles qui contiennent du peroxyde de carbamide. Appliquez des gouttes d'huile minérale, d'huile pour bébé, de glycérine ou de peroxyde d'hydrogène dans vos oreilles. Utilisez un kit de retrait de cérumen en vente libre. Ceux-ci contiennent une seringue en caoutchouc pour utiliser de l'eau tiède afin de rincer le cérumen. Les éléments nécessaires pour ces traitements devraient être disponibles dans les pharmacies. Vous pourrez même trouver des kits de retrait de cérumen dans les pharmacies qui incluront une seringue en caoutchouc et des instructions d'utilisation. Si vous appliquez des gouttes auriculaires ou d'autres liquides pour adoucir ou enlever le matériel dans votre oreille, suivez attentivement toutes les instructions spécifiques fournies avec les gouttes (ou par votre médecin). Cela peut prendre quelques jours pour que ces traitements fonctionnent. Si vous utilisez un liquide tel que de l'huile minérale, de l'huile pour bébé, de la glycérine ou du peroxyde d'hydrogène, appliquez quelques gouttes dans votre oreille à l'aide d'un compte-gouttes. Après un jour ou deux, le cérumen devrait être adouci. Vous pouvez utiliser une seringue à ampoule en caoutchouc pour injecter doucement de l'eau tiède dans votre oreille. Penchez votre tête en arrière et tirez doucement sur votre oreille externe. Cela ouvrira votre canal auditif. Une fois l'eau dans votre oreille, inclinez votre oreille de l'autre côté pour laisser l'eau s'écouler. Ensuite, séchez votre oreille externe avec un bâtonnet ou un sèche-cheveux. Vous devrez peut-être répéter ce processus plusieurs fois pour que cela fonctionne. Si cela ne semble pas aider après quelques tentatives, contactez votre médecin.",4.717065095901489
036_39671,"Célébrez ses triomphes et soyez patient avec elle à travers ses échecs. Rappelez-vous, l'objectif est qu'elle veuille utiliser le pot toute seule, et non qu'elle le fasse par peur de la punition. Une récompense occasionnelle permet à votre petite fille de savoir à quel point vous êtes fier et peut la rendre plus déterminée à poursuivre son apprentissage. Vous pouvez la récompenser de temps en temps en lui permettant de regarder une vidéo ou en lui donnant des autocollants ou de petites friandises après des passages réussis au pot. Si votre fille a un accident, rappelez-lui doucement que le pipi et le caca vont dans le pot, mais ne criez pas et ne la réprimandez pas. Une fois que votre fille est propre pendant la journée, commencez à vérifier ses couches le matin pour surveiller si elle continue à faire pipi la nuit. Si ses couches commencent à avoir l'air sèches, elle est probablement prête. De plus, si elle exprime le désir d'essayer de porter des sous-vêtements normaux la nuit, laissez-la essayer. Si son corps n'est pas encore prêt et qu'elle continue à mouiller le lit pendant quelques nuits de suite, revenez aux couches encore un peu plus longtemps.",2.2142465114593506
036_5093,"Utilisez un couteau tranchant qui est assez fin pour entrer dans l'ouverture de la bouteille. Pour cette méthode, vous aurez plus de succès si vous utilisez un couteau plat et non un couteau dentelé. Le couteau plat pourra glisser facilement dans le bouchon sans autant de résistance qu'un couteau dentelé. Enfoncez le couteau d'environ 2,5 cm dans le bouchon. Ne poussez pas le couteau au centre du bouchon. Vous devez l'enfoncer sur le bord afin que, lorsque vous le tournerez, vous puissiez faire des mouvements plus larges. Vous ne dévissez pas le bouchon autant que vous tournez le couteau et le bouchon ensemble. Ce mouvement ressemble plus à celui de tourner une poignée de porte qu'à celui de dévisser un bouchon de bouteille. Tirez vers le haut en tournant le couteau. Soyez très prudent ici, car vous devrez maintenant tenir la partie plate de la lame du couteau. Portez des gants si vous en avez pour protéger vos doigts. Commencez à tourner le couteau, très lentement, autour du goulot de la bouteille. Le couteau doit être incliné à environ quarante-cinq degrés pour avoir du levier. Vous devrez peut-être essayer de caler la lame du couteau entre la bouteille et le bouchon, selon la quantité de bouchon avec laquelle vous devez travailler. Une fois que vous êtes capable de tirer le bouchon suffisamment pour obtenir une bonne prise avec vos doigts, retirez le couteau. Dès que vous n'avez plus besoin du couteau comme coin pour tirer le bouchon, posez-le et retirez le reste du bouchon avec vos doigts. Ensuite, savourez votre vin ou votre champagne.",3.1157705783843994
036_58033,"Lorsque vous rencontrez une personne royale, il est important d'offrir une révérence ou une courbette. C'est considéré comme une formalité, surtout lorsque vous rencontrez un membre de la famille royale britannique. Si vous êtes un homme, vous devez faire une courbette en inclinant la tête. Cela signifie simplement s'incliner en hochant la tête. Si vous êtes une femme, faites une petite courbette. Cela signifie incliner légèrement votre corps en fléchissant les genoux. Ce sont parmi les types de royauté les plus élevés, alors assurez-vous de les aborder correctement. Les empereurs, rois et reines doivent tous être appelés différemment. Lorsque vous parlez d'un empereur, vous l'appellerez ""Sa Majesté Impériale, Empereur de (Nom du pays)""; lorsque vous vous adressez à lui, remplacez ""Sa"" par ""Votre"". En ce qui concerne un roi, dites, ""Sa Majesté, le Roi."" Lorsque vous vous adressez à une reine, dites, ""Votre Majesté, ma Reine."" Comme ce sont généralement les royaux de deuxième rang, assurez-vous de les aborder correctement. Les princes et princesses doivent être abordés différemment. Pour un prince, dites, ""Son Altesse Royale, Prince de (Nom du pays)."" Pour une princesse, dites, ""Son Altesse Royale, Princesse de (Nom du pays)."" Des titres formels sont également requis ici. Lorsque vous rencontrez un duc ou une duchesse, un salut formel est nécessaire. Pour un duc, dites, ""Sa Grâce, le Duc de (Nom du pays)."" Pour une duchesse, dites, ""Sa Grâce, la Duchesse de (Nom du pays)."" Il existe d'autres formes de royauté de rang inférieur, comme les barons, les chevaliers, les marquis, les comtes et les comtesses. Il y a des titres appropriés pour ces personnes également qui doivent être utilisés lorsque vous les adressez. Certains titres sont simples. Par exemple, un chevalier est simplement appelé ""Monsieur"" suivi de son nom, et la femme d'un chevalier est appelée ""Dame,"" suivie de son nom. Il en va de même pour les baronets et leurs femmes. Les personnes royales qui se situent entre les chevaliers et les baronets et des positions comme roi et reine sont généralement appelées, ""L'Honorable,"" suivi de leur nom. Un marquis, par exemple, serait appelé ""L'Honorable.""",5783.309722661972
036_10038,"C'est l'icône de bulle de chat bleue avec un éclair blanc à l'intérieur. Vous la trouverez généralement sur l'écran d'accueil ou dans le tiroir d'applications (Android). Elle se trouve dans le coin supérieur droit de Messenger. Elle est en bas du menu. Elle est en bas de la liste. Cela vous déconnecte et désactive votre compte. Si vous vous reconnectez avec votre nom d'utilisateur et votre mot de passe Facebook, votre compte sera réactivé.",1.843388557434082
036_57589,"Avant de décider de laver un chapeau blanc, vous devez l'examiner attentivement. Regardez comment le chapeau est cousu, la bande de tête et la visière. Si le chapeau semble être fabriqué à partir de matériaux de qualité, a des coutures durables et une visière en plastique, il est un bon candidat pour le lavage. Ne tentez pas de laver un chapeau avec une visière en carton. Évitez de laver un chapeau s'il a des coutures lâches ou fragiles. Vous devrez déterminer de quel type de matériau est fait le chapeau. Regardez l'étiquette ou l'impression à l'intérieur du chapeau. Cela devrait vous indiquer de quel matériau le chapeau est fabriqué, comme le coton, le polyester, la toile ou la laine. Ces matériaux sont tous lavables. L'étiquette ou l'impression à l'intérieur de votre chapeau peut vous indiquer comment vous devriez laver le chapeau. Ces instructions peuvent inclure la température de l'eau à utiliser, s'il faut le laver à la main ou à la machine, et comment vous devez sécher votre chapeau. Il est important de suivre ces directives si l'étiquette de votre chapeau les inclut. Si vous n'êtes pas sûr de pouvoir laver votre chapeau blanc en toute sécurité à la maison, envisagez de l'emmener chez un nettoyeur à sec. Un nettoyeur à sec peut nettoyer le chapeau pour vous ou vous fournir des suggestions sur la façon de laver le chapeau vous-même. Laver un chapeau au lave-vaisselle peut entraîner des dommages. Cela est dû aux températures élevées et à l'intensité de lavage de la machine. Pour de meilleurs résultats, vous devriez laver votre chapeau à la main ou l'emmener chez un nettoyeur à sec.",4.039521932601929
036_40120,"Une fois que vous et la fille commencez à bien vous entendre, n'ayez pas peur d'un petit flirt décontracté et de quelques touchers. Penchez-vous simplement un peu plus près d'elle et posez une main sur son bras ou son épaule et observez sa réaction. Si elle se recule ou s'éloigne, il est probablement préférable de faire demi-tour. Mais si elle s'approche de vous ou vous touche en retour, c'est un signe qu'elle veut que vous franchissiez la barrière du contact. Vous pouvez également lui donner une petite tape amicale sur le bras lorsque vous vous taquinez, de sorte à ce que cela semble juste une blague. Vous pouvez être audacieux et lui faire un compliment sur ses boucles d'oreilles ou son bracelet tout en tendant la main pour le toucher comme excuse pour vous rapprocher d'elle. Si vous êtes assis, rapprochez-vous un peu pour que vos genoux, cuisses ou pieds se touchent. Vous devriez lui proposer de sortir lorsque les choses sont à leur apogée. Quand vous riez, passez un bon moment, et qu'elle apprécie clairement la conversation, vous devriez dire quelque chose comme : « J'aimerais continuer cette conversation sur Radiohead, mais je dois y aller. Peut-on en reparler autour d'un dîner ou d'un verre bientôt ? » Faites-le sonner décontracté, pour qu'elle ne soit pas prise au dépourvu. Si les choses se passent bien, elle sera plus susceptible de dire oui. Si vous attendez trop longtemps pour lui demander de sortir et que la conversation devient ennuyeuse, alors elle sera moins encline à vouloir parler avec vous. Si vous êtes déjà à court de sujets de conversation, pourquoi voudrait-elle encore passer du temps avec vous un autre jour ? Demandez-lui simplement son numéro de téléphone de manière décontractée. Dites simplement : « Hé, puis-je t'appeler un de ces jours ? » ou « J'aimerais bien te revoir. Puis-je avoir ton numéro ? » Ne dramatisez pas cela ou ne lui dites pas que vous pensez qu'elle est la fille parfaite pour vous. Demandez-lui juste son numéro, simplement, et laissez-la voir que vous n'êtes pas trop stressé par cette demande. Rappelez-vous que la pire chose qui puisse arriver est qu'elle dise non, ce qui n'est vraiment pas un gros problème dans l'ensemble. Ne demandez pas si vous pouvez la contacter sur les réseaux sociaux en premier recours. Bien que vous pensiez que c'est moins stressant de dire : « Hé, puis-je te Facebooker un de ces jours ? », cela donne l'impression que vous n'êtes pas aussi sérieux. Si vous voulez vraiment séduire la fille, alors obtenez son numéro. Si vous voulez voir si la fille ira chez vous cette nuit-là, alors vous devez vraiment être charmant à ce sujet. Vous pouvez essayer l'approche « Hé, sortons d'ici », ou vous pouvez être un peu plus galant et lui demander si vous pouvez aller au bar à vin de l'autre côté de la rue ou dans un autre lieu public pour discuter d'abord. Vous pouvez même dire : « J'aime juste tellement parler avec toi, mais je veux aller quelque part de plus privé. Qu'en penses-tu ? » Laissez-la voir que vous voulez vraiment passer plus de temps avec elle, et que vous êtes intéressé par plus que juste un rapport sexuel. Hé, si vous voulez vraiment juste avoir une aventure d'un soir, il n'y a rien de mal là-dedans, mais vous ne devriez pas faire croire à la fille que vous voulez quelque chose de plus si c'est le cas. Apprenez à lire les signes qui vous disent de faire demi-tour. Si la fille regarde ailleurs, fixe le sol, consulte son téléphone à plusieurs reprises, ou attend que ses amis viennent la sauver, alors les choses ne se passent probablement pas bien. Si elle répond à peine et continue de reculer subtilement lorsque vous la touchez, il ne faut pas essayer de la séduire. Peut-être qu'elle a un petit ami ou qu'elle n'est tout simplement pas dans l'ambiance. Quelle que soit la raison, il est préférable de s'éloigner tant que vous êtes en avance. Lisez son langage corporel pour voir si elle est intéressée par vous. Si elle tourne constamment son corps loin de vous, croise les bras sur sa poitrine, ou recule légèrement lorsque vous la touchez, alors elle ne l'est probablement pas. Il est acceptable d'admettre que vous n'êtes pas désiré. Peut-être que la fille voulait simplement passer du temps avec ses amis. Ne laissez pas cela vous affecter et concentrez votre énergie sur la prochaine fille qui vous attire.",8.475959300994873
036_24659,"Votre cou peut ne pas se sentir bien parce que votre environnement de sommeil peut ne pas convenir à votre corps. Des matelas trop mous ou des oreillers trop épais peuvent contribuer à des problèmes de cou et de haut du dos. Évitez de dormir sur le ventre, car cela peut faire tourner votre tête et votre cou de manière à irriter les articulations et les muscles de la colonne cervicale. Essayez de dormir sur le côté avec vos bras en dessous du niveau de votre tête et vos hanches et genoux légèrement fléchis (la position fœtale). Essayez d'utiliser un oreiller orthopédique, qui est conçu pour soutenir les courbes naturelles de votre cou. Les problèmes de cou sont souvent causés par des mouvements répétitifs au travail ou des blessures mineures liées à l'activité physique. Si votre problème est lié au travail, parlez à votre patron de la possibilité de changer d'activité ou d'altérer votre poste de travail. Peut-être que votre ordinateur est positionné de manière à fatiguer votre cou. Si c'est le cas, placez-le directement devant vous et à hauteur des yeux. Au lieu de tenir constamment votre téléphone contre votre oreille et de tordre votre cou, utilisez la fonction haut-parleur. Si votre travail implique beaucoup de conduite, changez la position du dossier de votre siège de manière à ce que votre tête puisse reposer confortablement contre l'appui-tête, ce qui réduira la tension dans votre cou. Peut-être que votre problème de cou est lié à des exercices à la salle de sport ou à la maison. Dans ce cas, faites une pause dans l'activité causative (si vous pouvez l'identifier) pendant quelques jours et laissez votre cou récupérer. De plus, vous pourriez vous entraîner trop agressivement (soit trop de poids soit trop de répétitions) ou avec une mauvaise forme - consultez un entraîneur personnel si vous n'êtes pas sûr. Positionner la barre de poids à la base de votre cou lors de squats peut provoquer des entorses des articulations cervicales. Utiliser votre tête comme levier lors de crunchs abdominaux peut entraîner une tension ou une entorse dans votre cou. Les mouvements au-dessus de la tête comme les exercices de développé militaire peuvent également entraîner une gêne au cou.",3.5191519260406494
036_54437,"Les deux chaussures ont une petite étiquette rouge de Vans sur le talon. Ces étiquettes sont situées sur la bande en caoutchouc, pas sur le tissu de la chaussure. Déchirez deux petits morceaux de ruban adhésif de la taille des étiquettes. Collez-les sur les étiquettes rouges, les couvrant complètement. La plupart des gens préfèrent préserver l'apparence originale des étiquettes, il est donc nécessaire de les protéger contre le cirage noir. Mettez vos chaussures de côté pour sécher pendant que vous passez au nettoyage des lacets. Le cirage met généralement environ 15 minutes à sécher complètement. Si vous avez utilisé beaucoup de cirage, cela peut prendre un peu plus de temps. Assurez-vous qu'elles sont sèches au toucher avant de porter vos chaussures. Retirez le ruban adhésif des talons une fois que les chaussures sont sèches au toucher.",2.3015027046203613
036_21090,"La toux de chenil est hautement contagieuse, car chaque fois que votre chien tousse, il libère des particules aérosol qui peuvent propager la maladie. Si vous pensez que votre chien a la toux de chenil, il est important de l'isoler immédiatement des autres chiens. Un chien souffrant de la toux de chenil ne doit pas être emmené en promenade. Les autres chiens du même foyer sont potentiellement à risque. Cependant, au moment où les symptômes se développent, ils ont déjà été exposés, donc les garder séparés du chien malade à ce stade n'apporte aucun bénéfice. Il est préférable de faire examiner tout chien qui tousse par un vétérinaire dès que possible. Le vétérinaire pourra vérifier que la toux est due à une infection, plutôt qu'à une autre cause comme une maladie cardiaque. Il ou elle pourra également vous dire si le chien a besoin d'un traitement ou non. Le vétérinaire effectuera un examen physique complet, y compris la prise de la température du chien, le palpation des ganglions lymphatiques dans sa gorge, la vérification de sa bouche pour un objet étranger, et l'écoute de son cœur et de ses poumons avec un stéthoscope. En l'absence d'un souffle cardiaque, et si le vétérinaire soupçonne fortement une toux de chenil, il ou elle peut suggérer un ""diagnostic par traitement"" plutôt que des analyses de sang et d'autres tests coûteux. Si le chien ne répond pas au traitement comme prévu, des investigations supplémentaires peuvent être nécessaires. Lorsque vous téléphonez pour prendre rendez-vous, informez le réceptionniste que vous soupçonnez que votre chien a la toux de chenil. Il ou elle peut vous demander d'attendre à l'extérieur jusqu'à ce que le vétérinaire vous appelle. Cela vise à réduire le risque pour les autres patients canins dans la salle d'attente qui pourraient être exposés à l'infection. Votre vétérinaire peut ou non prescrire des antibiotiques pour votre chien. S'ils sont prescrits, administrez-les comme indiqué. Les antibiotiques ne sont pas appropriés dans tous les cas. Cela est dû au fait que l'infection peut être virale, auquel cas les antibiotiques ne seront d'aucune aide, car c'est le système immunitaire du chien qui doit combattre et éliminer l'infection. Il n'y a aucun moyen de différencier les infections bactériennes des infections virales uniquement sur la base d'un examen physique. D'autre part, si votre chien n'est pas capable de combattre l'infection seul, ou si le vétérinaire constate que le chien a de la fièvre ou entend des signes de congestion dans la poitrine du chien, cela peut suggérer que le chien a une infection bactérienne secondaire en raison de l'infection primaire (qui peut être virale ou bactérienne). Dans de telles conditions, un antibiotique peut être prescrit. Faites couler la douche à chaud pendant quelques minutes avec la fenêtre et la porte fermées. Asseyez-vous avec le chien dans l'atmosphère humide pendant cinq à dix minutes, en faisant attention à garder le chien éloigné de l'eau chaude. Cela aide à desserrer le mucus dans la poitrine du chien, ce qui peut soulager la toux. Ce processus peut être répété aussi souvent que nécessaire tout au long de la journée. Ne laissez jamais votre chien sans surveillance dans la salle de bain avec de l'eau chaude qui coule, car il pourrait se brûler. Autant que possible, empêchez le chien de s'engager dans une activité intense. Ne promenez pas le chien. Ce n'est pas seulement un risque d'infection pour les autres chiens, mais l'effort (surtout respirer de l'air froid) risque d'irriter les voies respiratoires de votre chien et d'aggraver la toux. Tousser joue un rôle important en déplaçant le mucus hors de la poitrine du chien et en maintenant les poumons dégagés. Arrêter complètement la toux est imprudent, car cela signifie que le mucus reste simplement dans les poumons et rend plus difficile la respiration du chien. Cependant, si le chien tousse tellement qu'il ne peut pas dormir la nuit, il est acceptable de lui donner un soulagement pour la toux. Un médicament contre la toux approprié est une cuillerée de Robitussin DM pour enfants. Donnez au chien environ une cuillère à café pour chaque 20 livres de poids. Ne donnez jamais d'autres remèdes contre la toux et le rhume humains à un chien sans consulter d'abord votre vétérinaire. L'administration de la mauvaise posologie ou l'ingestion de certains ingrédients actifs dans les médicaments peut provoquer de graves problèmes de santé. Idéalement, donnez le médicament contre la toux une seule fois dans chaque période de 24 heures. Si la gorge de votre chien est irritée, vous pouvez également lui donner un remède maison simple qui aidera à apaiser le chatouillement. Donnez au chien une cuillère à soupe de miel et une cuillère à café de jus de citron, mélangés dans de l'eau tiède. Cette concoction peut être donnée toutes les heures, si nécessaire. Ne donnez jamais cela à un chien diabétique, car le miel sera nuisible. Pour aider votre chien à lutter contre l'infection, demandez à votre vétérinaire s'il est possible de lui donner des pilules de vitamine C écrasées dans de l'eau, de l'écorce de baies sauvages, de la menthe poivrée, du miel cru ou du yerba santa. Ces traitements ne sont pas scientifiquement prouvés, mais des preuves anecdotiques suggèrent qu'ils peuvent être bénéfiques. Si votre chien fait partie d'un groupe à haut risque (par exemple, s'il passe du temps dans des chenils, assiste à des expositions canines ou côtoie de nombreux chiens dans le parc), envisagez un vaccin contre la toux de chenil pour prévenir une infection future. Ce vaccin est efficace contre les principales causes de la toux de chenil et offre 12 mois de protection. La toux de chenil n'est généralement pas une condition fatale, mais c'est une condition très désagréable. Il vaut la peine d'envisager la vaccination, surtout si votre chien est âgé ou a d'autres problèmes de santé.",9.48085069656372
036_22186,"Vous devez vous assurer que le garçon ne vous a pas fermement ancrée dans la zone d'amitié et qu'il ne pense pas non plus être dans votre ""zone d'amitié"". Il y a quelques choses que vous pouvez faire pour marquer la différence entre ""juste amis"" et ""plus que des amis"". Si jamais il essaie de vous traiter comme l'un des gars, ne le laissez pas faire. Faites-lui comprendre que vous n'êtes pas juste là pour être sa copine. S'il vous invite à sortir avec un groupe de gars, habillez-vous bien, comme si vous vous prépariez pour un rendez-vous. Faites attention à la façon dont il vous demande des conseils. S'il vous demande toujours ce qu'il devrait faire à propos d'une fille ou d'une autre, alors il ne vous voit peut-être que comme une amie. Essayez de changer de sujet et montrez-lui que vous êtes un bon parti. Il y a une différence entre laisser entendre que vous aimeriez qu'il vous demande de sortir et être très évidente sur le fait que vous voulez vraiment aller à un rendez-vous. Si vous êtes trop évidente, vous ne laisserez rien à l'imagination et vous ne paraîtrez pas aussi désirable. Évitez de lui accorder trop d'attention. Il sera submergé et il est préférable de rester détachée. Évitez de lui demander constamment de sortir ensemble. S'il ne répond pas, il n'est peut-être pas intéressé. Évitez de parler de combien vos week-ends sont libres ou de la flexibilité de votre emploi du temps. Au lieu de cela, parlez de tous les plans amusants que vous avez à venir. Il devrait sentir qu'il doit essayer de s'intégrer dans votre emploi du temps chargé s'il veut vous voir, et non pas que vous attendez quelque chose d'amusant à faire. Si vous voulez vraiment que le garçon vous demande de sortir et que vous avez l'impression d'avoir laissé des indices et de lui faire savoir que vous voulez sortir depuis longtemps, alors il y a deux choses que vous pouvez faire. Passez à autre chose. Si vous avez été claire sur le fait que vous voulez qu'il vous demande de sortir et qu'il ne bouge pas, peut-être qu'il n'est tout simplement pas intéressé par vous et que vous devriez trouver quelqu'un de plus digne de votre affection. Demandez-lui de sortir. S'il est juste très timide mais que vous avez le sentiment qu'il veut mieux vous connaître, soyez simplement audacieuse et demandez-lui de sortir. Si vous êtes nerveuse à ce sujet, demandez-lui de sortir avec vous dans un grand groupe d'abord.",4.614358425140381
036_29731,"Que ce soit la serviette que vous avez utilisée après votre douche ou vos vêtements de sport après une heure à la salle de gym, ne jetez pas simplement vos vêtements humides sur le sol ou dans le panier à linge. Au lieu de cela, drapez vos vêtements mouillés sur le côté du panier à linge ou accrochez-les sur la barre de douche pour les sécher avant de les mettre au lavage. Enrouler des vêtements mouillés en boule les fera rester humides plus longtemps, offrant ainsi une meilleure chance à la moisissure de se développer. Une utilisation excessive de détergent à lessive peut entraîner une accumulation de mousse de savon qui ne sera jamais complètement rincée lors du lavage. Ce résidu nourrit alors les bactéries responsables des odeurs, laissant même vos vêtements les plus propres avec une odeur désagréable. Chaque fois que vous lavez vos vêtements, mesurez soigneusement votre détergent pour vous assurer de ne pas en ajouter trop. Suivez les directives sur l'emballage de votre détergent pour savoir combien en ajouter. En cas de doute, ajoutez un peu moins de détergent que ce que vous pensez avoir besoin. L'assouplissant laisse vos vêtements doux et agréables à sentir, mais lorsqu'il est utilisé sur des vêtements de sport extensibles et synthétiques, il laisse un résidu glissant qui est presque impossible à enlever. Ce résidu empêche également l'eau de pénétrer le tissu, ce qui signifie que vos vêtements sentiront mauvais même s'ils sont propres. Le résidu d'assouplissant favorisera également la croissance des bactéries de la même manière qu'une utilisation excessive de détergent. Laisser vos vêtements propres dans la machine à laver les fera commencer à développer de la moisissure après seulement quelques heures, voire plus tôt si le temps est vraiment chaud et humide. Essayez de les déplacer vers le sèche-linge ou de les faire sécher à l'air dès que possible après les avoir lavés. Si vous laissez accidentellement votre linge dans la machine à laver trop longtemps, faites-les passer par un autre cycle avec un peu de vinaigre pour aider à éliminer l'odeur avant de les sécher. Si vous gardez vos vêtements dans un sous-sol humide ou dans un environnement humide comme la salle de bain, l'humidité de l'environnement sera absorbée par le tissu, entraînant la croissance de moisissure. Au lieu de cela, gardez vos vêtements dans un placard bien ventilé ou dans une commode. Les sacs en plastique des nettoyeurs à sec peuvent également piéger l'humidité et entraîner de la moisissure sur vos vêtements. Si l'air de votre chambre est extrêmement humide, placez un désiccant comme des sachets de gel de silice dans vos tiroirs de commode ou au fond de votre placard. Vous pouvez les acheter dans des magasins de bricolage ou d'artisanat. Parfois, les machines à laver, en particulier les modèles à chargement frontal, peuvent développer de la moisissure, qui peut ensuite être transférée à vos vêtements. Si vous pensez que la machine à laver pourrait être le problème, trempez un chiffon dans de l'eau chaude savonneuse et nettoyez le joint autour de la porte et tout distributeur de détergent, puis versez 1 tasse (240 mL) d'eau de Javel et 1 tasse (240 mL) de bicarbonate de soude et lancez un cycle normal ou de nettoyage. Si vous le souhaitez, vous pouvez ajouter 1/2 tasse (120 mL) de détergent enzymatique pour un pouvoir supplémentaire d'élimination des odeurs. Pour éviter la formation de moisissure dans votre machine à laver, laissez la porte entrouverte après chaque cycle afin que la machine puisse sécher, et retirez toujours les vêtements humides immédiatement.",5.5170910358428955
036_4128,"Les dislocations des orteils sont une conséquence relativement courante des traumatismes du pied, qu'il s'agisse d'un accident (comme se cogner l'orteil) ou d'un acte intentionnel (comme frapper un ballon de football). Un orteil disloqué est certes douloureux et semble mal aligné, mais il n'implique généralement pas de fracture. Réaligner l'orteil disloqué par une sorte de procédure manuelle ou d'ajustement (pratiquée par des médecins, des podiatres et des chiropraticiens) est le traitement le plus approprié. Le soulagement de la douleur survient souvent immédiatement après le traitement. Les dislocations ne se réalignent pas souvent spontanément sans intervention d'un professionnel de la santé. Plus une articulation est disloquée longtemps, plus le risque de dommages permanents aux ligaments et/ou aux tendons est grand, il est donc important de recevoir un traitement rapidement après la blessure. Une fois que votre articulation de l'orteil est réalignée, il est important de la soutenir avec une attelle ou un ruban adhésif médical solide, car les ligaments et les tendons qui maintiennent l'articulation droite peuvent être temporairement étirés ou affaiblis. En conséquence, l'orteil nouvellement redressé peut être quelque peu instable pendant quelques jours jusqu'à ce que les tissus conjonctifs puissent se renforcer. Pensez à fabriquer votre propre attelle avec des bâtonnets de glace et du ruban adhésif. Peu après que votre orteil disloqué a été réaligné et stabilisé, vous devez le renforcer avec des exercices spécifiques. Les roulés de serviette (utiliser vos orteils pour froisser ou ramasser une serviette du sol) et les ramassages de billes (ramasser des billes du sol avec vos orteils) sont efficaces pour renforcer les tendons et les muscles de vos orteils et de votre pied. Parlez à votre médecin avant de commencer une routine d'exercices pour les orteils, surtout si vous avez d'autres problèmes médicaux tels que l'arthrite ou le diabète. Si ces exercices ne fonctionnent pas bien ou sont douloureux à réaliser, consultez un physiothérapeute ou un podiatre pour une assistance plus personnalisée.",4.75079083442688
036_52860,"Une des manières les plus traditionnelles de structurer une histoire est d'utiliser le diagramme de l'intrigue en triangle, également connu sous le nom de pyramide de Freytag. La pyramide de Freytag est divisée en six sections : la mise en place, l'incident déclencheur, l'action montante, le climax, l'action descendante et la résolution. Le diagramme apparaît comme un triangle ou une pyramide, avec la mise en place à la base du triangle, suivie de l'incident déclencheur et de l'action montante. Le sommet du triangle est le climax de l'histoire, suivi de la pente descendante de l'action descendante et du nivellement du triangle, ou de la résolution de l'histoire. Ce type de diagramme d'intrigue est souvent utilisé dans les romans pour aider à structurer l'action de l'histoire. Cela peut être un moyen utile de s'assurer que vous avez tous les éléments nécessaires à une histoire dans votre roman et de nombreux lecteurs réagiront positivement à un texte structuré sur la base d'un diagramme d'intrigue qui a une montée et une descente. Vous pouvez dessiner votre propre diagramme d'intrigue et écrire chaque section ou point de l'intrigue directement dessus. Parfois, il peut être utile d'avoir une référence visuelle comme guide pour votre histoire. Bien que de nombreux romans commencent par intégrer la mise en place dans l'incident déclencheur, il peut vous aider de noter votre mise en place pendant les étapes de planification de votre histoire. Identifier la mise en place de votre histoire pourrait également vous aider à identifier votre protagoniste ainsi que les thèmes ou les idées principales de votre histoire. Votre mise en place doit inclure le cadre de l'histoire, des informations sur votre protagoniste et introduire le conflit du protagoniste. Cela peut être quelques lignes qui abordent ces éléments ou une scène réelle où votre protagoniste parle à d'autres personnages et se déplace dans le cadre. Par exemple, la mise en place du premier livre de la série Harry Potter de J.K. Rowling, Harry Potter à l'école des sorciers, se concentre sur l'introduction du lecteur au protagoniste de la série, Harry Potter. Elle présente également au lecteur le monde des Moldus et le monde des sorciers à l'école de sorcellerie de Poudlard. L'incident déclencheur de votre histoire sera l'événement qui change le cours de la vie de votre personnage principal. Il devrait surprendre le protagoniste et sembler risqué pour lui. Souvent, l'incident déclencheur apparaît juste après que la mise en place a été introduite dans un roman. Par exemple, dans Harry Potter à l'école des sorciers, l'incident déclencheur est lorsque Harry est visité par Hagrid le géant et lui est dit qu'il est un sorcier et qu'il a été accepté à Poudlard. Cette information change la vie de Harry et sa trajectoire en tant que personnage. Il quitte sa situation malheureuse avec les Dursley dans le monde des Moldus et se rend à Poudlard avec Hagrid. Cet incident déclenche ensuite une série d'événements dans la vie de Harry. L'action montante, ou la pente ascendante de l'incident déclencheur au climax, est souvent la section la plus longue d'un roman ou d'une histoire. Dans la section d'action montante, vous développerez vos personnages, explorerez leurs relations et organiserez tous les événements importants qui vous permettront d'atteindre le climax. L'action montante devrait devenir de plus en plus tendue à mesure que vous vous rapprochez du climax. Parce que la section d'action montante est souvent composée d'une série d'événements, vous pouvez esquisser chaque événement dans votre diagramme d'intrigue. Assurez-vous que les événements deviennent plus tendus et continuent d'augmenter les enjeux à mesure que vous vous rapprochez du climax. Par exemple, la série d'événements dans l'action montante de Harry Potter à l'école des sorciers pourrait être esquissée comme suit : Harry va faire du shopping avec Hagrid pour ses fournitures de sorcellerie dans le Chemin de Traverse, y compris sa baguette magique. Harry quitte la maison des Dursley et prend le train pour Poudlard sur le quai 9¾. Il rencontre ensuite trois personnages principaux de la série : Ron Weasley, Hermione Granger et l'ennemi de Harry, Draco Malfoy. Harry reçoit le manteau d'invisibilité. Harry découvre la pierre philosophale et partage cette information avec Ron et Hermione. Le climax de votre histoire est le point culminant et doit être le moment le plus important pour le protagoniste. Cela pourrait être un revers majeur ou un défi que le protagoniste doit affronter ou une grande décision que le protagoniste doit prendre. Souvent, le climax sera un événement externe que le protagoniste doit survivre pour atteindre l'action descendante et la résolution de l'histoire. Par exemple, dans Harry Potter à l'école des sorciers, le climax de l'histoire apparaît lorsque Harry réalise qu'il y a un complot pour voler la pierre philosophale. Il s'associe alors à Ron et Hermione pour essayer de la protéger. L'action descendante est généralement la partie la plus riche en actions de l'histoire, où votre histoire file sur les rails des montagnes russes pour atteindre la résolution. Le lecteur devrait être en suspense tout au long de l'action descendante et apprendre comment le protagoniste fait face au climax de l'histoire. Votre action descendante peut se dérouler sur plusieurs chapitres, surtout si le protagoniste fait face à un grand climax. L'action descendante peut sembler être un voyage, bien que rapide, qui amène les personnages à la résolution de l'histoire. Par exemple, dans Harry Potter à l'école des sorciers, Harry doit prendre une série de décisions cruciales pour sauver la pierre philosophale de tomber entre de mauvaises mains. Cette quête est répartie sur plusieurs chapitres et est rythmée de manière à ce que Harry doive surmonter plusieurs obstacles pour atteindre son objectif. La résolution d'une histoire est parfois appelée conclusion, car elle se produit à la toute fin du roman. Elle doit faire savoir au lecteur si votre protagoniste est réussi et obtient ce qu'il veut, ou s'il échoue. Souvent, la résolution révèle également comment le protagoniste a changé au cours du livre. Cela pourrait être un changement progressif qui est physique, mental, psychologique, ou tout cela à la fois. Votre protagoniste devrait voir son monde différemment à la fin du roman qu'il ne le faisait au début du roman. Par exemple, dans Harry Potter à l'école des sorciers, la résolution se produit lorsque Harry confronte le professeur Quirrell dans la dernière salle contenant la pierre philosophale. Quirrell se révèle bientôt être possédé par Lord Voldemort et Harry lutte avec Voldemort pour la pierre. Harry s'évanouit pendant la lutte et se réveille à l'infirmerie de l'école, entouré de ses amis. Dumbledore dit à Harry qu'il a survécu grâce au pouvoir de l'amour de sa mère. La pierre est alors détruite, Voldemort retourne dans l'ombre, et Harry retourne chez les Dursley pour les vacances d'été. Bien que commencer avec le diagramme d'intrigue standard puisse être utile dans les étapes de rédaction, vous devriez également envisager d'ajuster les sections et de les déplacer dans les versions suivantes de votre histoire. Envisagez de commencer immédiatement avec l'incident déclencheur, puis de passer à la mise en place, ou de déplacer le climax pour qu'il apparaisse à la toute fin de votre histoire, plutôt que dans la seconde moitié de l'histoire. Jouer avec le diagramme d'intrigue peut rendre votre histoire plus unique et dynamique. Il pourrait être utile de rédiger les parties de votre diagramme d'intrigue sur des morceaux de papier ou des notes autocollantes. Ensuite, vous pouvez les placer sur une table ou un mur et les réorganiser jusqu'à ce que vous trouviez un ordre qui fonctionne.",12.630985021591187
036_21824,"Ajustez la longueur en fonction de votre public et du scénario. Viser deux pages garde les choses simples et concentrées, tandis que cinq pages est un maximum à ne pas dépasser. Garder le tout court augmente la probabilité que quelqu'un lise l'intégralité du traitement. Certaines personnes écrivent des traitements de 30 à 40 pages, mais les chances qu'il soit lu augmentent si vous le gardez en dessous de cinq pages. Une répartition possible des pages est une page pour des informations de base comme le titre, le logline, les personnages et le résumé de l'intrigue, une page ou moins pour chacun des trois actes, et une page supplémentaire à économiser. Lorsque vous décrivez votre scénario, utilisez des détails et de bonnes descriptions, mais restez concis. Lisez les phrases à voix haute pour voir si elles sont faciles à lire. Si vous devez respirer en cours de phrase, c'est trop long. Visez des phrases de 15 à 18 mots, ou moins. C'est un guide, car il peut parfois être nécessaire d'écrire des phrases plus longues. Par exemple, ""Gene se promène sur le trottoir et s'arrête pour contempler un bibelot dans une vitrine."" Cette phrase montre une action mais est courte et fluide. Réduisez vos paragraphes à trois à cinq phrases. Évitez toujours d'écrire de grands blocs de texte car votre lecteur perdra intérêt. Variez le nombre de phrases en fonction de la partie de l'intrigue que vous décrivez. Si vos phrases ne font que huit mots de long, mettez plutôt 8 à 10 phrases dans le paragraphe. Vous ne voulez pas vraiment d'un paragraphe qui fait à peine deux lignes de long. Ne tentez pas de rendre votre traitement élégant ou plus attrayant visuellement. Utiliser du papier blanc et de l'encre noire est fonctionnel car c'est le plus facile à lire. Votre traitement n'est pas l'endroit pour des schémas de couleurs festifs. Restez avec du papier de format lettre de base 8½in X 11in (216mm x 279mm). N'utilisez pas de carton, de papier de format légal ou d'autres variétés de papier. Il est important que votre scénario soit physiquement facile à lire, et ce sont les polices les plus basiques. Vous pourriez penser que votre contenu serait plus attrayant dans quelque chose de stylisé, mais vous ne ferez que le rendre plus difficile à lire. Si vous tenez absolument à utiliser une certaine police, assurez-vous simplement qu'elle a un aspect simple. Il est absolument vital que vous vérifiiez le traitement plusieurs fois avant de le donner à quelqu'un d'important. Demandez à un ou deux amis de le lire attentivement pour repérer ce que vous avez manqué. Il peut même être utile de faire appel à un correcteur professionnel pour le relire. Le contenu n'est pas la seule chose qui compte. Un lecteur remarquera vos erreurs et cela le détournera de votre scénario, même si l'histoire est excellente.",4.948149681091309
036_29362,"De nos jours, de nombreux restaurants ont cessé d'utiliser du glutamate monosodique (MSG) dans leur cuisine. Il est toujours bon de demander et d'insister sur le fait que le MSG n'est pas utilisé dans les plats préparés pour vous. Si vous souhaitez manger à l'extérieur tout en évitant le MSG, sachez quels aliments éviter. Les aliments courants contenant du MSG incluent les bouillons de légumes, les pains, les vinaigrettes, les produits à base de soja, les édulcorants et les arômes. La plupart des chaînes de restauration rapide, telles que McDonald's, Burger King, KFC, Pizza Hut et Chick-fil-A, ajoutent du MSG dans leur nourriture. Si vous êtes curieux de savoir quels articles contiennent du MSG, rendez-vous sur le site Web du restaurant et consultez la liste des ingrédients.",1.5780341625213623
036_2379,"Couvrez la zone affectée pendant qu'elle est encore humide afin que le bicarbonate de soude ait plus de facilité à adhérer. Si possible, placez un autre objet (comme un seau, un bol ou une bassine en plastique) sur la tache pour qu'elle soit complètement enfermée. De cette façon, plus d'odeur sera piégée plutôt que de s'échapper dans l'air. Vous devez suivre cette étape même si vous avez utilisé du bicarbonate de soude pour absorber le vomi à l'origine. Une deuxième application sera probablement nécessaire pour débarrasser la zone des odeurs plus persistantes. Il faudra plusieurs heures au bicarbonate de sodium pour absorber le reste des résidus causant l'odeur. En attendant, il n'y a pas grand-chose d'autre à faire que d'être patient. Attendez que le bicarbonate de soude se solidifie en grumeaux secs avant de l'aspirer. Vaporisez la pièce avec un désodorisant puissant ou une version maison mélangée à de l'eau, du jus de citron frais et des huiles essentielles. Si possible, laissez une porte ou une fenêtre ouverte dans la pièce pour favoriser la ventilation. La plupart des odeurs devraient se dissiper dans quelques heures. Allumer le ventilateur de plafond ou la climatisation peut aider à réduire les odeurs puissantes. Évitez de faire fonctionner le chauffage, qui peut épaissir les odeurs et les rendre plus prononcées. Brûler des bougies parfumées peut également aider à améliorer la qualité de l'air dans la pièce. Balayez la zone sous plusieurs angles, en utilisant une variété d'accessoires de tête si nécessaire. Passez votre main sur l'endroit pour vous assurer que vous n'avez pas manqué de bicarbonate de soude. Après avoir aspiré une deuxième fois, il sera difficile de dire qu'il y avait jamais une tache là au départ. Utilisez un aspirateur à main ou un Shop-Vac pour enlever le bicarbonate de soude de l'intérieur de votre voiture ou d'autres endroits difficiles d'accès. Assurez-vous de vider le contenu de l'aspirateur dans la poubelle pour vous débarrasser des grumeaux avant de l'utiliser à nouveau.",3.0940420627593994
036_31295,"Un thermomètre numérique peut mesurer votre température oralement, rectalement ou dans l'aisselle. Vous ne devriez pas essayer de mesurer votre propre température rectalement, utilisez donc le thermomètre soit oralement, soit dans l'aisselle. Nettoyez le thermomètre avec de l'eau froide, puis de l'alcool à friction, puis rincez-le à nouveau à l'eau froide. Ne jamais utiliser un thermomètre qui a été utilisé rectalement dans votre bouche. Ne mangez ni ne buvez quoi que ce soit pendant cinq minutes avant de prendre votre température. Cela pourrait modifier la température dans votre bouche et entraîner une mesure inexacte. Placez l'extrémité du thermomètre sous votre langue et maintenez-le immobile pendant environ 40 secondes. La plupart des thermomètres numériques émettent un bip pour vous indiquer qu'ils ont terminé la mesure. Après avoir lu la mesure, rincez le thermomètre à l'eau froide, nettoyez-le avec de l'alcool à friction et rincez à nouveau pour le stériliser. Retirez votre chemise ou portez une chemise ample qui vous permet de prendre la mesure dans votre aisselle. Placez l'extrémité du thermomètre directement dans votre aisselle. Il ne doit toucher que la peau, pas le tissu de votre chemise. Attendez environ 40 secondes ou jusqu'à ce que vous entendiez le bip vous indiquant que la mesure est terminée. Prenez la température de l'enfant par la méthode qu'il peut réellement supporter. Un enfant de 2 ans, par exemple, ne peut pas maintenir un thermomètre sous la langue assez longtemps pour obtenir une lecture précise. Les thermomètres auriculaires ont donné des résultats mitigés. La mesure la plus précise que vous pouvez prendre est une mesure rectale, qui n'est pas douloureuse pour l'enfant. Cela est recommandé pour les enfants âgés de trois mois à quatre ans. Assurez-vous que l'extrémité du thermomètre a été stérilisée dans de l'alcool à friction puis rincée. Après avoir séché l'extrémité, lubrifiez-la avec de la vaseline pour faciliter le mouvement. Faites allonger l'enfant sur le dos, puis levez ses jambes en l'air. Pour les bébés, vous devez lever les jambes comme lorsque vous changez une couche. Insérez doucement le thermomètre d'environ 1/2 à un pouce dans le rectum, mais ne forcez pas contre résistance. Maintenez le thermomètre immobile pendant environ 40 secondes ou jusqu'à ce qu'il bip pour vous indiquer que la mesure est prête. Vous avez peut-être entendu dire qu'une température corporelle saine est de 98,6°F (37°C), mais cela n'est qu'un guide. Une température corporelle normale fluctue, même au cours d'une journée. La température est généralement plus basse le matin et plus chaude le soir. De plus, certaines personnes ont simplement des températures de repos plus élevées ou plus basses. Une plage quotidienne saine peut aller de 97,5 à 98,8°F (36,4 à 37,1°C). Les directives pour les températures fébriles sont les suivantes : Enfants : 100,4°F (38°C) mesuré rectalement ; 99,5°F (37,5°C) mesuré oralement ; 99°F (37,2°C) mesuré dans l'aisselle. Adultes : 100,7°F (38,2°C) mesuré rectalement ; 100°F (37,8°C) mesuré oralement ; 99°F (37,2°C) mesuré dans l'aisselle. Les températures inférieures à 100,4°F (38°C) sont considérées comme des fièvres ""légères"". Ne vous inquiétez pas d'une fièvre tant qu'elle n'atteint pas 102°F (38,9°C).",5.680859088897705
036_54393,"Pour beaucoup d'hommes, décider comment ils veulent que leur barbe de trois jours se raccorde à leur cou est la partie la plus difficile. Si vous optez pour un look légèrement plus long et plus robuste avec votre barbe, vous voudrez probablement garder un peu de barbe sur votre cou également. Pour un look plus net—ou si la pousse des cheveux sur votre cou est trop inégale—vous pouvez le nettoyer facilement. Si vous décidez de garder un peu de barbe sur votre cou, alors estompez-la. Raccourcissez la longueur à un réglage de 2 juste en dessous de votre mâchoire et ensuite à un réglage de 1 autour de votre pomme d'Adam. Cela vous permet d'estomper les cheveux de manière naturelle sans laisser un contraste marqué entre la barbe sur votre visage et un cou lisse. Si vous gardez un look de barbe plus court et plus propre et ne voulez pas que les cheveux s'étendent jusqu'à votre cou, alors vous pouvez vous raser lisse juste au-delà de votre mâchoire. Prenez vos doigts et sentez l'endroit juste derrière votre os de la mâchoire sous votre menton où la peau devient douce et où vous pouvez la pousser ; c'est l'endroit où vous voulez créer votre bord naturel pour votre cou. En vous rasant à partir de ce point, vous permettez à la barbe de s'étendre le long de la partie visible de votre mâchoire et la ligne de contraste nette reste cachée sous votre menton.",2.4883792400360107
036_3387,"En tant que terme, la guerre spirituelle se produit principalement dans le domaine spirituel. Elle peut avoir des répercussions dans le domaine physique, mais si vous ne vous attaquez pas à un problème à sa racine spirituelle, vous ne pourrez pas le combattre efficacement. Dans Éphésiens 6:12, l'apôtre Paul explique : « Car nous ne luttons pas contre la chair et le sang, mais contre les principautés, contre les pouvoirs, contre les souverains des ténèbres de ce monde, contre les esprits méchants dans les lieux célestes. » Ce verset définit la guerre spirituelle comme une guerre contre des pouvoirs qui ne sont pas « de la chair », c'est-à-dire des pouvoirs qui ne sont pas de nature physique ou tangible. Étant donné que les royaumes spirituel et physique sont connectés, les choses qui se passent dans le domaine physique peuvent avoir des conséquences spirituelles et vice versa. L'obéissance à Dieu dans votre vie terrestre, par exemple, renforce votre esprit. Enfreindre la loi de Dieu dans votre vie terrestre affaiblira également votre esprit. Comme le dit Jacques 4:7 : « Soumettez-vous donc à Dieu. Résistez au diable, et il fuira loin de vous. » Vous devez d'abord vous soumettre à Dieu pour pouvoir résister au diable. Ce n'est qu'avec la puissance de Dieu que vous pouvez espérer gagner contre l'ennemi. Compter sur la puissance de Dieu nécessite que vous acceptiez le salut offert par le Christ. Vous devez également comprendre que chaque victoire appartient à Dieu. Lorsque vous réprimandez le diable, vous devez le faire au nom de Jésus tout en comptant sur l'autorité de Dieu sur le mal. Même l'archange Michel dit « Que le Seigneur te réprimande » lorsqu'il se bat avec le diable pour le corps de Moïse (Jude 9). Si même les anges doivent compter sur le nom de Dieu pour réprimander le mal, il n'est pas surprenant que le chrétien doive compter sur le nom et la puissance du Christ pour le faire. Il est également important de comprendre que le nom du Christ seul ne fait pas le travail. C'est votre relation avec le Christ en tant que chrétien sur laquelle vous devez vous appuyer. Les Actes 19:13-16 décrivent l'histoire des sept fils de Scève, qui ont utilisé le nom de Jésus pour chasser les esprits mauvais sans avoir une relation solide avec le Christ. Un jour, un esprit maléfique a riposté et les a maîtrisés parce qu'ils avaient placé leur foi dans le mauvais aspect du processus. Ils ont simplement utilisé le nom de Jésus, mais ils ne connaissaient pas vraiment Jésus. Vous avez le pouvoir de combattre dans la grande guerre spirituelle, mais ce pouvoir vous est accordé par le Christ. Si vous commencez à être fier de ce pouvoir comme s'il vous appartenait, vous devez mettre de côté cette fierté avant de continuer. Satan pourrait utiliser le péché de fierté contre vous dans la guerre spirituelle. Pour vous soumettre véritablement à Dieu, vous devez être humble. Il est impossible de se soumettre véritablement à la puissance et à la volonté d'un autre si une partie de vous croit que votre propre pouvoir peut éventuellement être égal. Si deux pouvoirs sont comparables ou similaires, alors vous ne tenez aucun des deux comme absolu l'un sur l'autre. Vous devez entièrement compter sur la puissance de Dieu pour mener la guerre spirituelle. Laissez de côté toute fierté que vous avez concernant votre propre pouvoir. Comme le dit la Bible : « Ne vous appuyez pas sur votre propre intelligence. Dans toutes vos voies, reconnaissez-le, et il aplanira vos sentiers. » Mener la guerre spirituelle nécessite que vous restiez obéissant à Dieu en toutes choses. Souvent, vous devez faire preuve d'un grand contrôle de soi afin d'atteindre un tel niveau d'obéissance. L'apôtre Paul exhorte les croyants à « être fort dans le Seigneur » (Éphésiens 6:10). Il est important de noter que le terme est « dans », et non « par ». Il ne suffit pas de compter sur la puissance de Dieu pour gagner vos batailles spirituelles à votre place. Au lieu de cela, vous devez être en communion avec le Christ, combattant aux côtés de Dieu dans les luttes que vous affrontez. Pour ce faire, l'obéissance et le contrôle de soi sont nécessaires. Vous devez être obéissant à Dieu en suivant ses commandements et en résistant ou en vous débarrassant de toute force qui vous influencerait à agir autrement. Le contrôle de soi nécessite que vous vous débarrassiez de tout excès. Vous devez vous équilibrer spirituellement en résistant à l'envie de vous adonner à des choses qui sont mauvaises ou en quantités excessives qui peuvent entraîner une dégradation spirituelle. 1 Pierre 5:8 dit : « Soyez sobres et vigilants. Votre adversaire, le diable, rôde comme un lion rugissant, cherchant qui il pourra dévorer. » Sachez qu'une attaque peut survenir lorsque vous vous y attendez le moins. Vous devez rester conscient du champ de bataille spirituel, et vous devez également vous protéger continuellement contre les attaques potentielles. Prenez la bataille au sérieux. L'ennemi est toujours prêt à attaquer, donc vous devez toujours être prêt à vous défendre. Lorsque vous vous réveillez chaque matin, prenez le temps de vous préparer spirituellement par la prière et la méditation. Demandez à Dieu de vous aider chaque jour. Une bonne prière à dire est « Dieu, je ne peux pas le faire, mais vous le pouvez. »",8.13455581665039
036_32239,"Si vous n'avez pas accès à un four ou si vous n'avez tout simplement pas besoin du pain tout de suite, vous pouvez le laisser décongeler à température ambiante. Le temps nécessaire pour décongeler variera en fonction de la taille et de l'épaisseur du pain. Vous pouvez vérifier l'intérieur en coupant une tranche une fois qu'il semble avoir fini de décongeler, ou en pressant doucement le pain pour voir à quel point il est moelleux. Sortez le pain congelé du congélateur. Laissez le pain dans le sac de congélation et placez-le sur le comptoir de la cuisine. À température ambiante, un pain peut mettre jusqu'à trois ou quatre heures pour décongeler complètement. Quand il est prêt, il sera décongelé mais peut ne pas être très chaud. La croûte peut également perdre son croustillant, et si le pain était très humide, il pourrait devenir détrempé ou rassis. Décongeler le pain dans un four est considéré comme une méthode supérieure par de nombreux boulangers. Utiliser un four est beaucoup plus rapide et efficace que de décongeler à température ambiante. Cela vous donnera également un beau pain chaud qui aura le goût et la texture d'un pain fraîchement cuit. Préchauffez votre four à 350 degrés Fahrenheit (environ 175 degrés Celsius). Sortez le pain du congélateur et retirez les sacs en plastique et autres emballages dans lesquels il a pu être stocké. Mettez le pain encore congelé sur la grille du milieu du four. Réglez une minuterie sur 40 minutes. Cela devrait être suffisant pour que le pain décongèle et se réchauffe de la croûte au centre. Retirez le pain du four et laissez-le reposer sur le comptoir pendant quelques minutes jusqu'à ce qu'il refroidisse à température ambiante. Que vous ayez décongelé votre pain à température ambiante ou dans un four, vous pourriez vous retrouver avec un pain rassis ou croûté. Ne vous inquiétez pas, car ce pain peut facilement retrouver son état croustillant et délicieux. Humidifiez légèrement le pain avec de l'eau froide propre. Vous pouvez passer rapidement le pain sous un robinet d'eau courante, ou humidifier un essuie-tout propre et tapoter le pain jusqu'à ce qu'il soit humidifié. Enveloppez le pain humide dans du papier aluminium. Assurez-vous que le papier aluminium est bien enroulé pour éviter que l'humidité ne s'échappe. Placez le pain enveloppé sur la grille du milieu dans le four. Assurez-vous que le four n'a pas été préchauffé, car vous voulez que le pain se réchauffe progressivement. Réglez la température du four à 300 degrés Fahrenheit (environ 150 degrés Celsius). Les petits pains (comme les baguettes et les petits pains) devraient être prêts en environ 15 à 20 minutes, tandis que les pains plus grands et plus épais peuvent prendre 30 minutes ou plus. Sortez le pain, déballer le papier aluminium, et remettez le pain non emballé dans le four pendant cinq minutes supplémentaires pour obtenir une croûte parfaite. Soyez conscient que cette méthode ne rendra un pain rassis moelleux que pendant quelques heures ou moins. Essayez de manger votre pain dans ce laps de temps ou il risque de redevenir croûté et rassis. Que ce soit un jour humide qui ait ruiné votre croûte ou que le processus de congélation vous ait laissé avec une croûte indésirable, vous pouvez facilement restaurer la croûte à son état antérieur en quelques minutes dans le four. Surveillez de près le pain pour qu'il ne brûle pas et il devrait redevenir un pain croustillant et délicieux en un rien de temps. Préchauffez le four à 400 degrés Fahrenheit (200 degrés Celsius). Déballez le pain décongelé et placez-le dans le four. Mettre le pain directement sur la grille du four vous donnera une croûte plus croustillante, mais vous pouvez utiliser une plaque à pâtisserie si vous préférez. Réglez une minuterie sur cinq minutes et laissez le pain se réchauffer à l'intérieur du four. Après cinq minutes, retirez rapidement le pain du four et laissez-le reposer à température ambiante pendant 5 à 10 minutes avant d'essayer de le couper. Couper le pain lorsqu'il est trop chaud peut rendre difficile l'obtention d'une tranche propre.",6.79634428024292
036_29669,"Les principaux avantages de l'origan sont dus à sa teneur en carvacrol et en acide rosmarinique. Ces deux composés sont des décongestionnants naturels et des réducteurs d'histamine qui se sont révélés bénéfiques pour les voies respiratoires et le flux d'air dans les fosses nasales. Les huiles volatiles de l'origan, le thymol et le carvacol, ont montré qu'elles inhibent la croissance de bactéries nocives comme le staphylococcus aureus et le pseudomonas aeruginosa. L'origan peut être consommé sous forme fraîche ou séchée, et deux à trois gouttes d'huile d'origan peuvent être ajoutées au lait ou au jus quotidiennement. L'eucalyptus est un ingrédient courant dans les pastilles et les sirops contre la toux. Son efficacité est due à un composé expectorant appelé cinéole, qui peut soulager la toux, lutter contre la congestion et apaiser les sinuses irrités. Pour l'utiliser en inhalation de vapeur, ajoutez quelques gouttes d'huile d'eucalyptus à de l'eau chaude et inhalez la vapeur pendant jusqu'à 15 minutes. Attention : l'huile d'eucalyptus peut diminuer la rapidité avec laquelle le foie décompose certains médicaments. Prendre de l'huile d'eucalyptus avec certains médicaments peut augmenter leurs effets et effets secondaires. Avant d'utiliser l'huile d'eucalyptus, parlez-en à votre professionnel de santé pour déterminer si vous prenez des médicaments qui pourraient être affectés, tels que Voltaren, Ibuprofen, Motrin, Celebrex, Warfarin, Allegra, et d'autres. Un sauna ou une douche chaude augmente la sécrétion de sueur et aide les poumons à se débarrasser des substances toxiques. Assurez-vous de boire de l'eau après avoir pris une longue douche ou passé du temps dans un sauna, car vous ne voulez pas risquer la déshydratation. Assurez-vous que les bains à remous sont correctement nettoyés pour éviter les infections. La chaleur élevée favorise la croissance bactérienne, et bien que l'eau ou l'environnement puisse sentir fortement le chlore, il est difficile de maintenir des niveaux bactéricides de gaz chlore dissous dans l'eau chaude. Lors des tests, le bain peut contenir des niveaux élevés de chlore, mais la plupart d'entre eux peuvent être sous une forme qui a peu d'effet sur les organismes contaminés. La menthe poivrée et l'huile de menthe poivrée contiennent du menthol, un ingrédient apaisant connu pour détendre les muscles lisses des voies respiratoires et favoriser une respiration libre. Associé à l'effet antihistaminique de la menthe poivrée, le menthol est un fantastique décongestionnant. Envisagez de mâcher deux à trois feuilles de menthe poivrée (plutôt que des versions sucrées) pour obtenir les avantages les plus immédiats. La plante de molène est connue pour éliminer le mucus et nettoyer les bronches. Les fleurs et les feuilles de la plante de molène sont utilisées pour fabriquer un extrait à base de plantes qui peut aider à renforcer les poumons. La molène est utilisée par les praticiens de la phytothérapie pour éliminer l'excès de mucus des poumons, nettoyer les bronches et réduire l'inflammation présente dans les voies respiratoires. Vous pouvez préparer une tisane avec une cuillère à café d'herbe séchée et une tasse d'eau bouillante. Si vous êtes congestionné, vous pourriez trouver que la tisane de racine de réglisse est particulièrement apaisante. La réglisse est considérée comme réduisant le gonflement, fluidifiant les sécrétions de mucus et réduisant la toux. On pense également qu'elle a des effets antibactériens et antiviraux qui peuvent aider à lutter contre les infections virales et bactériennes. Elle est actuellement étudiée pour son rôle possible dans la prévention de certains cancers, y compris le cancer du poumon, car il a été prouvé qu'elle inhibe la croissance de certaines cellules cancéreuses non petites. Consommer du thé à la racine de gingembre mélangé avec du citron peut faciliter une respiration moins laborieuse. Le gingembre cru ou cuit peut également améliorer la digestion.",6.237379789352417
036_4834,"De nombreuses personnes supposent qu'un coup de soleil ou un bronzage n'est une menace que lorsque vous sentez le soleil chaud sur votre peau, mais ce n'est pas vrai. En fait, la neige blanche et la glace réfléchissent plus de rayons UV que l'eau, le sable et le béton, donc la peau exposée est à un risque plus élevé lors des activités d'hiver en extérieur. Ne sautez pas sur la crème solaire juste parce que vous n'êtes pas à la plage ! L'exposition aux rayons UV augmente à des altitudes plus élevées, avec des altitudes de 9 000 à 10 000 pieds ayant une exposition à la radiation 35 à 45 % plus intense qu'au niveau de la mer. Entre l'augmentation de l'exposition aux UV et la réflexion du soleil sur la neige et la glace, votre peau est doublement exposée aux rayons UV lors des activités d'hiver en extérieur. Bien que la sueur soit la principale raison pour laquelle la crème solaire s'efface pendant les activités d'été, être actif en extérieur en hiver signifie que vous devez composer avec la sueur, la neige et le vent. Pour protéger votre peau lors des activités d'hiver en extérieur : choisissez une crème solaire qui a non seulement une protection UVA/UVB, mais qui contient également beaucoup d'hydratant pour lutter contre les brûlures dues au vent. Essayez de trouver une crème solaire avec des ingrédients comme de la lanoline ou de la glycérine. N'oubliez pas vos lèvres ! La peau de vos lèvres est très délicate et sujette aux coups de soleil et aux brûlures dues au vent, donc assurez-vous également de porter un baume à lèvres hydratant avec un SPF de 15 ou plus. Lorsque vous choisissez des vêtements et un équipement de protection pour l'hiver, assurez-vous de couvrir autant de peau que possible ; portez un chapeau, des gants, un masque de ski ou une écharpe pour protéger le visage et le cou, et des lunettes de soleil ou des lunettes de protection offrant une protection UV. Un masque de ski avec protection UV est un choix particulièrement judicieux, car il couvre une grande partie du visage.",3.3554868698120117
036_7515,"Vous dormirez mieux et vous vous réveillerez plus rafraîchi si vous établissez un horaire de sommeil régulier tous les jours : en semaine, le week-end, même pendant les vacances d'été ! Si vous restez éveillé tard et dormez tard le week-end, par exemple, votre corps a plus de mal à comprendre quand il est temps de ""dormir"" et quand il est temps d'""être éveillé"". Dans le meilleur des cas, vous réussirez à convaincre tous les membres de votre famille d'adopter leur propre horaire de sommeil régulier tout au long de l'année. Sinon, voyez si tout le monde peut s'accorder à ajuster lentement ses horaires (par exemple, de l'année scolaire aux vacances d'été) sur plusieurs jours ou quelques semaines. De cette façon, la routine de tout le foyer ne sera pas modifiée de manière dramatique du jour au lendemain. Si vous dormez selon un horaire régulier - disons, de 21h00 à 7h00 - et que vous obtenez suffisamment de sommeil pour les besoins de votre corps, vous ne devriez presque jamais avoir besoin d'un réveil. Si vous avez du mal à vous lever à l'heure, cela signifie presque toujours que vous ne dormez pas assez. Reculez votre heure de coucher par intervalles de 15 minutes tous les 3 nuits jusqu'à ce que vous commenciez à vous réveiller tout seul à la bonne heure. Ensuite, utilisez cela comme votre horaire de sommeil régulier. Même de petites quantités de caféine peuvent affecter les gens - en particulier les enfants - pendant des heures après l'avoir consommée. Essayez de limiter votre consommation de caféine, mais évitez en particulier les boissons énergétiques et les sodas après le milieu de l'après-midi. Si vous avez besoin de caféine pour vous réveiller ou rester éveillé, cela signifie que vous ne dormez pas assez. Le sucre vous rendra plus énergique et rendra plus difficile l'endormissement. Au lieu de grignoter quelque chose de sucré le soir, essayez de manger du pop-corn légèrement assaisonné ou des noix. L'exercice est excellent pour votre santé, mais faire de l'exercice trop tard dans la journée peut vous donner un regain d'énergie et de vigilance qui vous gardera éveillé au moment du coucher. Visez plutôt à intégrer votre heure ou plus d'exercice quotidien avant le dîner. L'objectif est de faire de l'exercice modéré, ce qui signifie que vous respirez plus fort mais pouvez toujours engager une conversation. Les cours de gym, la récréation et le temps de jeu après l'école peuvent tous compter dans vos 60 minutes. Faire de l'exercice plus tôt dans la journée vous aidera à vous fatiguer pour l'heure du coucher ! La ""lumière bleue"" émise par les appareils électroniques à écran affecte les mécanismes internes de sommeil de votre corps et peut vous tenir éveillé la nuit. Éteignez la télévision et rangez votre téléphone et votre tablette bien avant de commencer votre routine de coucher. Lire un livre en papier est un bien meilleur choix pour le coucher ! Développez une routine cohérente qui signale à votre esprit et à votre corps qu'il est temps de se calmer, de ralentir et de se préparer à dormir. Un bain chaud, peut-être avec des bulles apaisantes, pourrait servir de premier signal que votre routine de coucher a commencé. Vous pourriez également essayer des exercices de respiration profonde, de la méditation, de la prière ou simplement avoir une conversation apaisante avec un être cher. Lire quelque chose de calme et agréable peut aider à éloigner vos inquiétudes au moment du coucher. Parfois, il est même préférable d'écrire pour vider votre esprit. Sortez un journal et un crayon et notez ce que vous avez accompli aujourd'hui et ce que vous attendez avec impatience de faire demain. C'est formidable de pouvoir se concentrer sur des choses heureuses dans votre journal, mais il est également acceptable d'écrire sur vos préoccupations ou vos peurs. Prendre le temps de les mettre sur papier peut aider à les sortir de votre tête. Essayez simplement de terminer votre session d'écriture sur une note positive. Mettez un CD de vos chansons ou sons apaisants préférés si cela vous aide à vous endormir. Ou, essayez l'un des trucs éprouvés comme compter des moutons ou compter à rebours à partir de 100 - croyez-le ou non, ils peuvent vraiment fonctionner ! Se concentrer sur quelque chose de simple et d'insignifiant - comme ""...62, 61, 60, 59..."" - aidera à vider votre esprit des distractions et pourrait rendre l'endormissement beaucoup plus rapide.",8.473857641220093
036_26372,"Pour le maintenir centré au milieu du pot plus grand, vous pouvez mettre une petite goutte de colle ou du ruban adhésif au fond avant de le placer à l'intérieur. Assurez-vous de bien visser le couvercle, car vous ne voulez pas que des fourmis tombent accidentellement à l'intérieur. Utilisez un entonnoir pour remplir proprement l'espace supplémentaire avec de la terre, ou utilisez une cuillère. La terre ne doit pas être tassée; assurez-vous qu'elle soit bien lâche, afin que les fourmis puissent se déplacer. Laissez environ un pouce d'espace vide en haut du pot. Vous aurez maintenant créé une couche de terre qui servira de maison aux fourmis. L'espace vide d'un pouce empêchera les fourmis de grimper le long du verre et de sortir du pot lorsque vous devrez ouvrir le couvercle. Faites tomber délicatement les fourmis dans le pot, en vous assurant qu'elles tombent toutes dans la terre fine que vous avez fournie. Couvrez le pot et utilisez un poinçon ou un couteau aiguisé pour y percer de petits trous, afin de permettre à l'oxygène d'atteindre les fourmis. Assurez-vous de ne pas percer les trous trop grands, sinon les fourmis s'échapperont et construiront un nid ailleurs. Ne couvrez pas le pot avec un tissu, car les fourmis pourront ronger leur chemin dehors.",2.7701761722564697
036_50273,"Déterminez ce qui vous empêche d'être plus discipliné en ce moment. Cela peut être des défauts de caractère, une incapacité à exprimer ce que vous voulez dans la vie ou une préférence pour vous perdre dans des stimulants ou des addictions. Peut-être que vous vous conformez trop sans penser par vous-même ; cela peut rendre facile le suivi des idées de discipline de quelqu'un d'autre sans élaborer une discipline qui fonctionne pour vous et répond à vos véritables besoins. Quelle que soit la raison, essayez de la déterminer d'abord. Pourquoi pensez-vous que vous n'êtes pas assez discipliné maintenant ? Quels sont les facteurs qui vous empêchent d'être plus discipliné ? En plus d'évaluer vos propres limitations, considérez comment les autres dans votre vie vous impactent. Plaisez-vous trop aux autres pour passer du temps sur vous-même ? Vous laissez-vous toujours emporter par les désirs des autres et laissez-vous les vôtres de côté ? Cela est particulièrement important si vous passez beaucoup de temps à satisfaire les autres. Il sera beaucoup plus difficile de rester discipliné si vous sentez que vous avez besoin des autres pour établir des limites pour vous ou pour vous dire comment agir, penser ou quoi faire. Quelles voix dans votre tête vous disent que vous n'êtes pas digne ou un échec ? Ce sont des pensées négatives qui n'ont aucun fondement et qui doivent être abordées pour introduire des soins personnels et de la discipline dans votre vie. Vous pourriez avoir besoin de conseils ou il pourrait suffire de travailler sur vos pensées négatives en utilisant des techniques de pleine conscience ou de thérapie cognitivo-comportementale.",2.6141250133514404
036_50988,"Une bonne façon est d'aller à une foire où il y a des lapins et de contacter les propriétaires qui sont généralement listés sur les vitrines. Une femelle (lapine) en bonne santé et mature peut avoir de 3 à 4 portées de 5 à 10 jeunes chaque année. Un mâle (lapin) peut s'accoupler avec vingt à trente femelles, mais pour garder un pool génétique sain, vous devriez avoir un mâle pour chaque 5 femelles. Assurez-vous de garder des dossiers sur les femelles accouplées avec quels mâles, et faites tourner les animaux pour garder le pool génétique aussi large que possible. Les meilleures races de viande sont la Californie et le Nouvelle-Zélande ou une combinaison des deux. La plupart considèrent le Géant des Flandres inadapté pour un lapin de viande, en raison du rapport viande/os, ainsi que de la quantité de nourriture consommée par rapport à la viande. Il est acceptable de croiser avec un Nouvelle-Zélande pour la production de viande. Le clapier doit avoir un minimum de 5 pieds (1,5 m) par 6 pieds (1,8 m) pour cette grande race, mais légèrement plus petit pour les races plus petites. Les lapins ont besoin d'espace ! Le sol doit être en treillis métallique robuste avec des trous carrés d'environ 3⁄4 de pouce (1,9 cm) pour accueillir les excréments et l'urine. Donnez au lapin un autre endroit pour se tenir, cependant. Se tenir sur du fil tout le temps peut blesser les pattes d'un lapin. Un bac plein ou une boîte de la taille complète du sol du clapier avec tous les côtés d'environ 2 1⁄2 pouces (6,4 cm) de hauteur devrait être glissé sous le clapier pour recueillir les déchets de l'animal. Ce bac doit être vidé une fois par semaine et rincé avec un désinfectant. Faites attention lorsque vous utilisez de l'eau de Javel, car elle réagira avec l'urine et dégagera un gaz nocif ! Un compartiment solide d'environ 1 1⁄2 pieds (0,5 m) de long et 1 1⁄2 pieds (0,5 m) de large doit être inclus dans le clapier pour donner à la lapine un espace de vie privée pendant qu'elle a ses jeunes. Cela réduira considérablement la mortalité des jeunes. Assurez-vous qu'il y a beaucoup de foin sec dans le clapier quand elle est ""due"". Il n'y a pas de période œstrale définie. Les jeunes doivent être séparés de la mère vers 6 semaines. La lapine est prête pour l'accouplement immédiatement après la séparation de ses jeunes. La période de grossesse du lapin est de 28 à 30 jours, la lapine pouvant s'accoupler dans les heures suivant la naissance. Cependant, il est conseillé d'attendre un mois pour ne pas l'épuiser et réduire considérablement sa durée de vie. L'eau doit être contenue de manière à ce que l'animal ne la contamine pas avec ses déchets corporels. Si dans un récipient ouvert, il doit être élevé de sorte que le dessus soit à au moins 4 pouces (10,2 cm) au-dessus du sol. Les bouteilles d'eau conventionnelles fonctionnent également très bien (sauf en hiver). Assurez-vous qu'elle a une odeur agréable, et qu'elle n'a pas été endommagée par l'eau et devenue moisie. Le trèfle rouge et le trèfle des oiseaux semblent être les plus préférés par les lapins, mais ils se porteront également bien avec du foin d'alfalfa, du pâturin du Kentucky, du timothy et un mélange de graminées indigènes. Ne pas trop nourrir avec des laitues. Tout aliment vert frais comme de la laitue achetée en magasin ou de l'herbe du jardin peut donner à vos animaux de la diarrhée ! Cependant, s'ils sont introduits à l'herbe ou aux mauvaises herbes progressivement, ils peuvent les apprécier régulièrement sans danger. C'est le changement soudain de nourriture qui est le plus nocif. De plus, avec du foin à volonté, les animaux réguleront une grande partie de leurs propres habitudes alimentaires. Des granulés de veau médicamenteux, disponibles dans un moulin à aliments que les éleveurs laitiers fréquentent, peuvent aider à garder vos lapins exempts de diarrhée. Ils vous coûteront moins cher que les granulés ""lapin"" au poids, mais peuvent contribuer à la surutilisation d'antibiotiques et ne sont pas disponibles dans toutes les villes. Très important : Lorsque vous êtes prêt à abattre, placez vos animaux dans un environnement particulièrement propre pendant 2 semaines avant l'abattage et nourrissez-les avec des granulés de lapin conventionnels plutôt qu'avec de la nourriture de veau médicamenteuse pour éliminer les effets de l'antibiotique contenu dans la nourriture de veau. Rappelez-vous que ces lapins ne seront pas considérés comme biologiques, ce qui est un choix personnel.",8.592236995697021
036_8783,"Versez de l'huile alimentaire dans un bocal. Mettez le bocal dans un bol d'eau chaude et attendez 2 à 3 minutes jusqu'à ce que l'huile devienne chaude. Massez l'huile dans vos cheveux, puis cachez vos cheveux sous une charlotte de douche. Attendez 30 minutes à 2 heures, puis rincez l'huile. L'huile aidera à adoucir et hydrater vos cheveux, les rendant moins frisés. Voici une liste d'huiles que vous pouvez essayer : L'huile d'avocat est ultra hydratante, ce qui la rend parfaite pour les cheveux secs et frisés. L'huile de coco ne sent pas seulement bon, mais elle rendra vos cheveux brillants. L'huile de jojoba est une huile légère, ce qui la rend idéale pour les cheveux gras. L'huile de son de riz est riche en vitamine E. Elle renforce les cheveux, donc elle est excellente pour les cheveux secs et cassants. Mélangez 3 cuillères à soupe de vinaigre avec 3 tasses (700 millilitres) d'eau. Après avoir fini de laver vos cheveux, inclinez la tête en arrière et versez l'eau vinaigrée sur vos cheveux. Assurez-vous de bien toucher votre cuir chevelu. Rincez le vinaigre à l'eau froide. Vous pouvez utiliser du vinaigre blanc ou du vinaigre de cidre de pomme ; le vinaigre de cidre aura une odeur plus forte, mais il est riche en nutriments. Le vinaigre aidera à dissoudre tout résidu de produit capillaire ou d'eau dure, et l'eau froide aidera à sceller la cuticule des cheveux. Cela rendra vos cheveux plus lisses et moins frisés. Mélangez 1 boîte de lait de coco, 1 avocat, 2 cuillères à soupe de miel et 2 cuillères à soupe d'huile d'olive dans un mixeur. Une fois que vous obtenez une texture lisse, appliquez le mélange sur vos cheveux, puis rincez. Le lait de coco aidera à hydrater vos cheveux, les rendant moins frisés. L'avocat fournira à vos cheveux la protéine dont ils ont besoin pour être forts et en bonne santé. Le miel rendra vos cheveux brillants. L'huile d'olive hydratera vos cheveux, les rendant moins secs et moins frisés. Malheureusement, de nombreux gels et sprays fixants contiennent de l'alcool, ce qui peut assécher les cheveux bouclés. Si vous souhaitez donner à vos cheveux un peu plus de tenue, essayez du gel d'aloe vera pur. Cela vous aidera à obtenir une texture croustillante, mais cela n'asséchera pas vos cheveux. Si vous ne voulez pas fabriquer vos propres traitements, vous pouvez en acheter dans un magasin de beauté. Assurez-vous que le produit est exempt de sulfates, de silicones et de parabens. Recherchez des ingrédients tels que des beurres et des huiles ; ils aideront à hydrater vos cheveux et à les rendre moins frisés. Voici d'autres éléments à rechercher : des crèmes hydratantes ou nourrissantes rendront vos cheveux moins secs. Des crèmes lissantes et anti-frisottis rendront vos cheveux plus lisses. Les après-shampoings sans rinçage continueront à agir sur vos cheveux, même après être sorti de la douche. Les masques et traitements en profondeur peuvent être utilisés quelques fois par mois. Vous l'appliquez sur cheveux humides, puis laissez vos cheveux sous une charlotte de douche pendant environ 20 minutes. Une fois le temps écoulé, vous pouvez rincer vos cheveux et les laisser sécher. Cela fonctionne mieux après le shampoing. Les deux tissus aident à garder l'humidité dans vos cheveux, ce qui est important pour des cheveux soyeux et brillants. Vous pouvez également utiliser un bonnet en soie ou en satin la nuit. Évitez de dormir sur des taies d'oreiller en coton et autres tissus ; ils peuvent assécher vos cheveux, entraînant des frisottis. La texture rugueuse du coton peut également créer des accrochages et des déchirures, ce qui peut également provoquer des frisottis. Si vous ne pouvez pas obtenir de taies d'oreiller en soie ou en satin, essayez de tresser vos cheveux avant de vous coucher.",6.195863485336304
036_62493,"Pressez doucement la pâte levée. Séparez la pâte en 12 à 16 portions de taille égale et roulez chaque portion en boule. Étalez ces boules de pâte sur deux plaques de cuisson légèrement graissées. Laissez au moins 7,6 cm d'espace entre chaque boule de pâte. Pressez doucement le dessus de chaque morceau de pâte pour aplatir un peu le dessus. Les petits pains doivent être ronds, mais le dessus doit être quelque peu plat pour l'ajout de la garniture. Séparez la pâte à garniture en 12 ou 16 morceaux, selon le nombre de petits pains que vous avez faits avec la pâte à pain. Assurez-vous que la moitié des morceaux sont au chocolat et l'autre moitié à la vanille. Roulez chaque morceau de garniture en boule. Placez chaque boule, une à la fois, entre deux morceaux de film plastique ou de papier sulfurisé. Aplatissez-la avec vos mains ou avec un rouleau à pâtisserie pour en faire un cercle. Chaque cercle doit être suffisamment grand pour recouvrir complètement le dessus d'un petit pain. Disposez les cercles aplatis de garniture sur les petits pains, un morceau de garniture par petit pain. Pressez soigneusement autour du bord de la pâte à garniture pour l'assurer dans la pâte à pain. Les deux pâtes n'ont pas besoin d'être mélangées, mais elles doivent adhérer ensemble de manière sécurisée. Pour tester la force du lien, inclinez délicatement le petit pain à l'envers après avoir placé la garniture. La garniture doit rester en place même à l'envers. Si elle tombe ou si un côté commence à se détacher, pressez-la un peu plus fermement dans la pâte et essayez à nouveau. Les motifs que vous choisissez doivent ressembler à des coquillages. Dessinez doucement les motifs dans la garniture à l'aide d'un cure-dent. Les lignes doivent être profondes, mais pas au point de couper complètement jusqu'à l'autre côté de la garniture ou dans le petit pain lui-même. Le nom de ce petit pain sucré, ""conchas"", est aussi le mot espagnol pour ""coquillages"". En d'autres termes, le pain est nommé d'après ce design en forme de coquillage, ce qui en fait un aspect important des conchas authentiques. Soyez créatif. Essayez d'imiter l'apparence d'une coquille de palourde, ou créez un motif en spirale semblable à celui d'un escargot. Si tout échoue, vous pouvez simplement dessiner un motif en croix sur le dessus. Couvrez légèrement les petits pains avec un torchon humide ou du film plastique. Remettez le pain dans un endroit chaud et laissez les petits pains lever à nouveau pendant 45 minutes. Comme auparavant, la pâte devrait presque doubler de volume après avoir fini de lever.",4.711045026779175
036_63415,"Il est tentant de répondre immédiatement, mais prenez quelques grandes respirations pour vous calmer. Ensuite, demandez-vous si l'e-mail mérite vraiment votre attention. Bien que vous puissiez vous sentir offensé, ne laissez pas cette personne dicter vos émotions ou le ton de votre journée. Concentrez-vous sur ce qui est bon pour vous. Demandez-vous : ""Qu'est-ce que j'accomplis ici ? Que se passera-t-il si je confronte cette personne ? Que se passera-t-il si je ne le fais pas ?"" Nous communiquons tous de différentes manières, et l'écriture n'est pas une compétence forte pour tout le monde. Ce qu'une personne considère comme une déclaration professionnelle et directe peut sembler brusque ou impolie pour une autre. Ne partez pas du principe qu'ils avaient l'intention d'être impolis. Les différences linguistiques ou régionales peuvent provoquer des malentendus. Lorsque les gens essaient d'utiliser le sarcasme ou l'humour dans un e-mail, cela est souvent mal interprété comme de la rudesse. Répondez en demandant plus d'informations, en citant des déclarations spécifiques que vous aimeriez voir clarifiées. Parfois, les messages impolis sont simplement mal formulés. Par exemple, votre collègue peut vous avoir envoyé un message disant : ""J'espère que vous trouverez le temps de terminer vos rapports aujourd'hui."" Vous pourriez répondre : ""Tous mes rapports sont complets, sauf celui qui doit être rendu demain. Avez-vous besoin d'une copie préliminaire pour un projet aujourd'hui ?"" Ne demandez pas ce qu'ils veulent dire ou ne soyez pas brusque. Par exemple, ne demandez pas : ""Qu'est-ce que cela est censé signifier ?"" ou ""Que voulez-vous dire ?"" Parler à la personne vous permettra de mieux entendre le ton de ses mots. Visitez son espace de travail ou appelez-la pour discuter de votre travail commun ou des sujets liés à l'e-mail. Demandez-lui d'expliquer les déclarations impolies de l'e-mail. Dites : ""J'avais une pensée de suivi concernant le projet et je pensais qu'il serait plus facile de le dire en personne. Avez-vous une minute ?"" Vous pourriez également dire : ""Votre e-mail suggérait que les spécifications devaient déjà être prêtes, mais la date d'échéance qu'ils m'ont envoyée disait qu'elles n'étaient dues que la semaine prochaine. Est-ce que je travaille sur le mauvais calendrier ?""",3.792417526245117
036_28856,"Ce ne sera pas facile si vous n'y êtes pas habitué, mais c'est une compétence que vous pouvez pratiquer et votre personne autoritaire est aussi bon un cible de pratique que n'importe quelle autre. Il est important que la personne contrôlante soit consciente que vous ne tolérerez pas d'être commandé ; plus vous laissez passer cela, plus cela devient un schéma établi et il est supposé que vous l'acceptez. Abordez la personne contrôlante en privé pour expliquer vos préoccupations. Ne rendez pas cela public. Gardez la conversation axée sur la façon dont le comportement contrôlant vous affecte ; ne l'insultez pas en l'appelant autoritaire. Par exemple, si vous avez l'impression que votre patron vous dit toujours quoi faire sans reconnaître vos compétences, vous pourriez dire quelque chose comme : ""J'ai travaillé dans ce domaine pendant cinq ans et je suis bon dans ce travail. Cependant, lorsque vous me demandez de vous donner les résultats afin que vous puissiez tout retravailler, j'ai l'impression que mes qualifications sont ignorées et que ma contribution n'est pas valorisée. En gros, je n'ai pas l'impression d'être digne de confiance pour faire ce pour quoi je suis bien formé et je ne me sens pas respecté. J'aimerais qu'on me parle et qu'on me traite avec respect."" Il est important de se comporter calmement et patiemment avec un contrôleur, même si vous avez envie de crier à l'intérieur. Se mettre en colère ne fonctionne tout simplement pas. Il peut également être utile de donner à la personne un large espace lorsqu'il est clair qu'elle est fatiguée, stressée ou malade. Si vous commencez à vous agacer, le comportement de la personne autoritaire ne fera que s'intensifier. Il est important de respirer profondément, d'éviter un langage agressif, et de garder votre voix calme et posée. Si vous semblez visiblement agacé ou contrarié, alors la personne verra qu'elle vous a vraiment touché, ce qui ne fera qu'alimenter son comportement. Se fâcher ou devenir en colère fera également que la personne autoritaire vous considérera comme faible et encore plus facile à contrôler. Vous ne voulez pas donner cette impression, sinon cela fera de vous une cible encore plus facile. Parfois, la meilleure chose que vous puissiez faire est simplement d'éviter le comportement. Bien que parler à la personne de son comportement et de la façon dont il vous fait sentir puisse aider la personne à comprendre son comportement et à trouver un plan qui vous aidera à travailler ensemble et à mieux vous entendre, parfois vous pourriez sentir que la seule chose qu'il vous reste à faire est de vous retirer de la situation. Bien sûr, cela dépend de la personne que vous essayez d'éviter, mais voici quelques choses à garder à l'esprit : Si c'est quelqu'un de votre famille, essayez simplement de rester à l'écart. Parfois, il peut sembler qu'il n'y a tout simplement aucun moyen de plaire à un contrôleur. Cette personne vous critiquera sur tout et il est très difficile de ne pas le prendre personnellement. Cela peut vous rendre furieux et blesser vos sentiments. La pire chose que vous puissiez faire est de vous battre avec une telle personne, car cela ne fait que vous faire perdre du temps. Ils ne changeront pas, et ne peuvent pas, sans aide. Rappelez-vous que ce comportement contrôlant est leur mécanisme de coping et n'est pas une dévalorisation de vous – c'est leur problème profondément enraciné, pas le vôtre. Si une relation personnelle devient abusive à cause du comportement contrôlant de la personne, alors vous devriez partir et vous éloigner. Dites à cette personne que vous avez besoin d'une pause pour l'instant et passez à autre chose dans votre vie. Les personnes qui recourent à la violence ou à des tactiques abusives ne s'amélioreront pas tant qu'elles ne chercheront pas une thérapie à long terme. Si vous êtes un adolescent, essayez d'être agréable et de rester très occupé tout le temps. Vous pouvez rester à l'écart et sortir de la maison en faisant du sport ou en étudiant et en obtenant de très bonnes notes. Dites-leur que vous aimeriez sortir ou parler, mais que vous êtes occupé à étudier, jouer, faire du bénévolat, etc. Trouvez de bonnes excuses. Ensuite, sortez et trouvez des personnes très sympathiques qui vous font vous sentir bien dans votre peau. Fixez-vous des objectifs élevés mais réalistes et atteignez-les juste pour vous. Un contrôleur n'a pas de compétences d'adaptation lorsqu'il est stressé et c'est à ce moment-là qu'il écrase les gens. Ils croient que personne ne peut faire aussi bien qu'eux. Ils se laisseront submerger parce qu'ils ont pris trop de responsabilités pour eux-mêmes et ensuite ils s'énervent. Essayez d'être attentif au changement d'humeur et restez sur vos gardes. Si vous êtes conscient que le niveau d'anxiété de la personne autoritaire augmente, alors vous saurez qu'elle sera plus susceptible d'être contrôlante. Remarquer activement que cette personne semble perdre le contrôle et proposer d'aider à alléger sa charge peut suffire à calmer son autoritarisme. Par exemple, vous pourriez remarquer que lorsque votre petit ami est stressé, il devient très brusque et contrôlant. Un jour où il semble très stressé à propos d'une présentation de travail à venir, essayez de lui donner un coup de pouce moral en reconnaissant à quel point il semble fatigué ou stressé et en le rassurant sur le fait qu'il fera un excellent travail. Ne le dramatisez pas et soyez conscient qu'il peut encore s'énerver, mais sachez que ce petit réconfort peut aider à soulager une partie de la pression anxieuse. Cela peut sembler impossible mais cela peut être un moyen très utile pour vous de reprendre le contrôle, surtout lorsque vous n'avez d'autre choix que de continuer à traiter avec cette personne au quotidien. Vous pourriez penser : ""Mon patron est vraiment contrôlant et exigeant mais d'un autre côté, elle est charmante avec les clients et génère beaucoup de business. Elle est également très capable dans X, tant que nous réussissons à la tenir éloignée de Y."" Cherchez des moyens de gérer les aspects négatifs, ainsi que de trouver des façons de réaliser ce que vous devez faire. Regarder du bon côté peut nécessiter de la créativité, mais vous constaterez qu'une personne autoritaire qui comprend que vous avez sa mesure et continue à faire l'éloge de ses attributs positifs cessera de vous voir comme une menace dans son esprit anxieux. Remarquez quand la personne contrôlante montre des signes de confiance. Si la personne autoritaire vous montre de la confiance, du respect ou vous confie un peu de responsabilité, saisissez cette occasion et louez-la. En remarquant le bon et en le reconnaissant ouvertement, votre ennemi contrôlant pourrait simplement se sentir bien à l'intérieur et vouloir le faire à nouveau. Par exemple, dites quelque chose comme : ""Merci de m'avoir fait confiance pour cette tâche."" Cela fera sentir à la personne contrôlante qu'elle est appréciée et pourrait l'aider à relâcher un peu les rênes. Si vous êtes une personne d'idées, créative ou résolvant des problèmes, travailler avec une personne contrôlante peut vous épuiser. Il peut sembler que vous suggérez des idées, des solutions ou avertissez des conséquences possibles, seulement pour être ouvertement ignoré ou même rabaissé. Puis, lo et behold, votre idée ou solution est présentée comme ""son"" accomplissement, des semaines ou des mois plus tard. D'une certaine manière, ce que vous avez dit a bien filtré ; vous n'avez tout simplement pas été reconnu. Ce comportement frustrant est malheureusement trop courant en ce qui concerne les personnes contrôlantes. Si cela vous arrive, voici quelques façons de faire face : Reconnaissez cela pour ce que c'est. Parfois, il vaut mieux faire circuler l'idée ou la solution que de ne pas la voir se réaliser. Dans ce cas, faites un sourire et supportez-le pour le bien de votre groupe, organisation ou entreprise. Soyez soutenant du résultat et ne le prenez pas personnellement. Appelez la personne à propos de cela. Cela peut être risqué et dépendra du contexte, de la dynamique de groupe et de la personne impliquée. Si c'est très important pour vous de clarifier que vous l'avez pensé en premier, vous devriez essayer d'utiliser des faits concrets, tels que ""Oh, c'était l'idée dont nous avons discuté en mai 2012 et j'ai toujours les croquis prototypes sur fichier. Ma compréhension était que notre équipe serait impliquée dans son développement et je suis assez sûr que nous l'avons noté. Je suis un peu déçu que la première fois que nous en entendions parler, c'est quand elle est déjà en phase de test. Mais cela dit, puisque c'est déjà là, nous sommes libres d'aider à le tester."" Tenez de très bons dossiers. Si vous avez vraiment besoin de prouver que vous avez pensé à l'idée en premier, gardez des dossiers solides qui pourraient être utilisés en votre défense si cela venait à se produire. Arrêtez de suggérer de nouvelles idées au travail si vos contributions continuent d'être ignorées ou prises à votre encontre. Continuez simplement à être d'accord, pour maintenir la paix, et essayez de garder le contrôleur de s'inquiéter de votre fin. Vous pourriez avoir besoin de les rassurer constamment sur le fait qu'ils sont le ""patron"" et que vous appréciez votre travail. Si possible, commencez à chercher un nouvel emploi.",13.95704984664917
036_21106,"Maintenir une température corporelle normale aidera également beaucoup à ressentir moins de soif. La première étape consiste à rester à l'écart de la chaleur afin de ne pas devenir trop chaud. La surchauffe déclenche une réaction en chaîne dans laquelle votre unité de climatisation interne se met en marche pour vous rafraîchir, créant de la sueur. Cela vous fait perdre des liquides corporels et vous rend assoiffé. Comme le soleil est à son plus fort entre 10h et 15h, essayez de réorganiser votre emploi du temps pour ne pas être à l'extérieur pendant ces heures, en particulier pendant les périodes chaudes de l'année. Faites vos courses tôt le matin, par exemple. Faites livrer votre déjeuner à votre bureau plutôt que de monter dans votre voiture étouffante deux fois – une fois en allant au déjeuner et de nouveau lors de votre retour. Si rester à l'écart de la chaleur n'est pas possible, tentez de limiter la durée de chaque sortie autant que vous le pouvez. Utilisez les bâtiments et les arbres pour vous protéger du soleil. Et n'oubliez pas que la climatisation a été créée pour une raison – pour vous garder au frais. Parfois, nous ne pouvons tout simplement pas éviter d'être dans la chaleur. Une autre façon de faire des ajustements, cependant, est de choisir des vêtements qui réduiront la probabilité de surchauffe. Quand il fait très chaud et que vous ne pouvez pas l'éviter, ou lorsque vous savez que vous serez dans un environnement qui vous fera transpirer si vous n'êtes pas bien habillé, choisissez vos vêtements judicieusement. Si vous êtes à l'extérieur, portez des vêtements en coton ou en lin légers et de couleur claire. Les vêtements de couleur claire réfléchiront, plutôt que d'absorber, les rayons du soleil. Le coton et le lin sont des tissus qui respirent, donc ils ne retiendront pas la chaleur comme le polyester, l'acrylique, le nylon et les tissus en rayonne. Si vous pouvez éviter les couches, faites-le sans hésitation. Elles ne feront qu'emprisonner davantage la chaleur, créant plus de sueur et moins d'espace pour son évacuation. Éloignez-vous également des vêtements ajustés, à moins qu'ils ne soient spécifiquement conçus pour la respirabilité et pour évacuer la sueur. Faire de l'exercice augmente le risque de déshydratation – si vous ne réapprovisionnez pas adéquatement – parce que votre température corporelle centrale augmente, ce qui vous fait transpirer et perdre des liquides corporels. Contrôler votre température corporelle, alors, est crucial, surtout si vous ne réapprovisionnez pas ou ne pouvez pas réapprovisionner adéquatement les liquides perdus. Lorsque vous faites de l'exercice, a) portez uniquement une couche de vêtements légers et de couleur claire lorsque vous faites de l'exercice à l'extérieur et b) si vos vêtements deviennent mouillés à cause de la sueur, changez-vous dès que possible. Et rappelez-vous, une marche rapide par une chaude journée d'été humide peut également provoquer beaucoup de sueur. Quand il fait humide, l'humidité dans l'air empêche la sueur de s'évaporer de votre peau, vous laissant cuire à l'intérieur. Si vous avez trop chaud, l'une des façons les plus efficaces de réduire votre température est de prendre une douche ou un bain frais. Assurez-vous que la température de l'eau est fraîche, pas froide. Elle devrait être juste en dessous de la température corporelle. Si elle est trop froide, quand vous sortez, votre corps réagit en générant de la chaleur pour se réchauffer, ce qui n'est pas l'effet souhaité. Vous pouvez également essayer de mettre des glaçons dans un chiffon fin et de les placer pendant environ deux minutes à la fois contre votre cou et sur votre poignet, deux points de pouls que vous pouvez atteindre facilement tout au long de la journée. Cela fonctionne parce que les points de pouls sont des zones où les vaisseaux sanguins sont proches de la surface de la peau, permettant ainsi le transfert de froid à travers le corps. Une autre option est de plonger la base de votre tête et de votre cou dans de l'eau fraîche pendant 5 à 10 minutes. Ici encore, cette zone a une grande concentration de vaisseaux sanguins proches de la surface de la peau et vous aidera à vous refroidir rapidement. Lorsque vous mettez de la nourriture dans votre estomac, vous obtenez un regain d'énergie. Votre système métabolique se met en marche pour digérer la nourriture et fournir les nutriments à d'autres parties de votre corps. Ce processus nécessite de l'énergie, ce qui génère de la chaleur dans votre corps – c'est ce qu'on appelle l'effet thermique de la nourriture (ETN). Les repas lourds et copieux nécessitent plus d'énergie, ce qui fait augmenter votre température interne. Alors, optez pour des repas plus petits et plus fréquents.",8.29667067527771
036_25541,"Si votre plante araignée est à l'extérieur, plantez-la dans une zone avec un sol bien drainé, comme un sol contenant du sable. Si votre plante araignée est à l'intérieur dans un pot, choisissez un milieu de rempotage comme de la vermiculite ou de la fibre de coco. Ne vous inquiétez pas trop pour le sol, car les plantes araignées sont très adaptables. Les plantes araignées n'ont pas besoin de beaucoup de lumière naturelle, elles se développent donc bien dans les salles de bains et les chambres à coucher. Elles prospèrent également sur les rebords de fenêtres, bien qu'elles doivent être placées à environ 30 cm des fenêtres orientées au sud pendant les mois de printemps et d'été. Les plantes d'extérieur devraient avoir une ombre modérée à profonde pendant la journée, car trop de lumière directe du soleil peut brûler une plante araignée. Si vous vivez dans une région où la température fluctue énormément ou atteint des extrêmes, vos plantes araignées se porteront mieux à l'intérieur. Elles préfèrent une température entre 10 °C et 27 °C et ne peuvent pas prospérer dans des zones extérieures avec des températures glaciales ou brûlantes. Les plantes araignées s'épanouissent dans des climats humides, donc placez un humidificateur dans la même pièce que votre plante araignée.",2.5613551139831543
036_28094,"L'une des façons les plus simples de cesser de se soucier autant de ce que les gens pensent est d'essayer de s'entourer d'un maximum de personnes bienveillantes et soutenantes. Si l'une des personnes qui vous rabaisse constamment est un faux ami ou même un ennemi, vous devriez envisager de chercher davantage de personnes qui souhaitent votre réussite au lieu de vous tirer vers le bas ; si vous passez plus de temps avec des personnes qui veulent uniquement le meilleur pour vous, vous serez une personne plus heureuse et vous dépenserez moins d'efforts à vous inquiéter de ce que les gens pensent. Pensez-y : y a-t-il quelqu'un dans votre cercle social qui ne vous donne presque jamais de renforcement positif et qui vous rabaisse constamment ? Même si cette personne est un vieil ami, vous devriez réfléchir à la question de savoir si cela vaut la peine de sauver la relation. Bien sûr, parfois, vous êtes coincé à passer du temps avec des personnes qui vous tirent vers le bas, que ce soit lors d'une fête de famille ou dans votre cours de chimie. Essayez simplement de créer autant de distance que possible entre vous et la personne dérangeante et concentrez-vous sur les personnes dans la pièce que vous aimez réellement. Plus vous passez de temps à faire des choses que vous aimez ou dans lesquelles vous excellez, moins vous serez enclin à vous soucier de ce que les autres pensent. Que vous soyez excellent en ski, que vous aimiez jouer au basket, que vous fassiez du bénévolat dans votre librairie locale, ou que vous passiez beaucoup de temps à cuisiner avec votre famille, vous devez reconnaître tout ce qui vous rend heureux et essayer de le faire autant que possible. Plus vous passez de temps à faire les choses que vous aimez, moins vous passerez de temps à vous soucier des détracteurs. Si vous êtes trop occupé à faire quelque chose qui vous met un sourire sur le visage, vous n'aurez pas le temps de vous arrêter et de vous inquiéter de ce que les autres pensent de vous. De plus, si vous suivez des cours ou faites un autre effort pour faire les choses que vous aimez, vous êtes plus susceptible de rencontrer d'autres personnes partageant vos intérêts. Ce réseau de soutien peut vous aider à vous sentir moins seul. Une autre façon de passer à l'action pour cesser de vous soucier de ce que pensent les gens est de fixer des objectifs qui vous donnent l'impression d'accomplir beaucoup de choses et d'avancer dans votre vie. Que vous souhaitiez écrire un roman, courir un 10 km, obtenir des A, ou poursuivre un autre objectif, vous devriez établir une liste de toutes les choses que vous devez faire pour y parvenir et être fier de vous pour avoir travaillé dur à la réalisation de vos rêves. Non seulement le fait de fixer des objectifs et de les atteindre vous fera vous sentir mieux dans votre peau, mais cela détournera également votre esprit des détracteurs. Si vous êtes trop occupé à essayer de réussir, vous n'aurez pas le temps de rester assis à penser aux autres. Fixer de nombreux mini-objectifs en cours de route vous fera vous sentir encore plus confiant et accompli tout au long du processus. Vous pourriez penser que la meilleure chose à faire lorsque les gens sont méchants avec vous est de les insulter à votre tour, mais vous devez réaliser que vous valez mieux que cela. Au lieu d'être aussi bas d'esprit et inconséquent que les personnes qui sont méchantes avec vous ou qui colportent des rumeurs à votre sujet, montrez que vous êtes la personne plus mature en ne leur répondant pas par des noms ou en ne renvoyant pas les rumeurs. Vous ne voulez pas vous engager dans une dispute sans fin ou dans un cercle de commérages, et vous ne serez jamais en paix si vous le faites. Au contraire, trouvez du réconfort dans le fait que vous choisissez la voie de l'honnêteté et que vous êtes meilleur que les personnes qui ne vous souhaitent pas du bien. Il n'est pas toujours possible de laisser ce que les autres disent glisser sur vous, même pour les personnes les plus confiantes. Cependant, vous pouvez travailler sur le contrôle de vos réactions émotionnelles et ne pas laisser les gens voir à quel point leurs commentaires négatifs vous affectent réellement. Si les gens sont méchants avec vous ou vous taquinent, vous devriez essayer de les ignorer, de garder une expression calme et de ne pas vous frustrer ou montrer que cela vous touche autant que possible. Bien qu'il ne soit pas toujours facile de contrôler vos émotions, si vous vous sentez vraiment bouleversé, vous pouvez au moins essayer de vous excuser et de trouver un endroit pour vous calmer en privé. Si les gens voient que rien de ce qu'ils disent ne vous affecte, ils seront beaucoup plus susceptibles de reculer que s'ils voient que vous êtes facilement contrarié chaque fois qu'ils disent quelque chose de négatif à votre sujet. Vous pouvez parler en privé à un ami de votre détresse ou écrire à ce sujet dans un journal, mais essayez de rester aussi calme et indifférent en public que possible. Au fur et à mesure que vous gagnez en confiance, vous devriez être à l'aise pour dire ce que vous pensez et soutenir vos croyances. Vous n'avez pas besoin d'être franc juste pour le plaisir, mais si vous avez une opinion, que ce soit en classe ou dans une situation sociale, vous devriez être à l'aise pour la partager sans essayer de plaire à ce que vous pensez que les autres veulent entendre. Tant que vous vous exprimez clairement et avez des preuves pour étayer vos idées, vous vous rapprocherez encore plus de l'indifférence face à l'opinion des autres. De plus, si vous avez la réputation d'être assertif et de dire ce que vous pensez, alors les gens seront moins susceptibles de colporter des rumeurs ou de parler de vous parce qu'ils verront que vous êtes à l'aise avec qui vous êtes. Si d'autres personnes ont des idées différentes, vous devriez les écouter avec respect et voir si vous avez quelque chose à apprendre d'eux. Mais vous ne devriez pas immédiatement changer d'avis ou revenir en arrière juste pour plaire aux autres. Si vous parvenez à vous habituer à faire des choses par vous-même et même à apprendre à aimer votre temps seul, vous serez beaucoup moins enclin à vous soucier de ce que pensent les gens. Si vous êtes à l'aise d'être seul et de poursuivre vos propres intérêts, que ce soit la lecture, le visionnage de films ou simplement une promenade, alors vous vous souciez moins de ce que les foules ont à dire. Bien que vous n'ayez pas à être seul tout le temps, être à l'aise avec vous-même au lieu de toujours chercher des gens avec qui traîner vous rendra plus confiant et moins susceptible de laisser les gens vous abattre. Trouvez des loisirs que vous aimez faire seul, que ce soit le yoga, écrire de la poésie, regarder des films classiques ou courir. Une chose que font souvent les personnes qui se soucient trop de ce que pensent les autres, c'est de s'excuser tout le temps même lorsqu'elles n'ont vraiment rien fait de mal. Vous pourriez vous retrouver à vous excuser simplement parce qu'il est préférable de se mettre une personne dans la poche plutôt que de la voir dire du mal de vous, mais si vous ne ressentez vraiment pas dans votre cœur que vous avez fait quelque chose de mal, alors vous devriez éviter de céder et de dire que vous êtes désolé juste pour ne pas avoir à vous soucier de ce que pense les gens. Acquérez la confiance nécessaire pour vous affirmer et savoir quand il n'est pas nécessaire de vous excuser pour votre comportement. C'est un signe de force et si vous faites de votre mieux pour rester fidèle à vos convictions, alors les gens vous respecteront davantage pour cela. Si quelqu'un vous accuse de quelque chose qui n'était clairement pas de votre faute, vous pouvez dire quelque chose comme : ""Je suis désolé que vous ressentiez cela..."", mais ne cédez pas et ne vous excusez pas juste parce que vous pensez que cela rendra les choses plus faciles.",13.319323062896729
036_19315,"Pratiquez des exercices de relaxation par respiration profonde. La respiration profonde dilate votre diaphragme et déclenche une réponse apaisante dans votre corps. Dans le cadre de cette réponse, votre pression artérielle et vos niveaux de cortisol vont diminuer. Pratiquez la respiration profonde en prenant une grande inspiration lente pour remplir entièrement vos poumons. Pendant ce faisant, permettez à votre ventre de se dilater, puis expirez lentement. Vous pouvez également pratiquer la respiration profonde pendant que vous méditez ou pratiquez le yoga. La pleine conscience est la technique qui consiste à vivre dans le moment présent et à détourner votre attention des regrets du passé et des peurs concernant l'avenir. La pleine conscience peut être incorporée dans chaque aspect de votre vie quotidienne. Vous pouvez pratiquer la pleine conscience lorsque vous faites de l'exercice, mangez, travaillez, parlez ou lisez. Des recherches sur la pleine conscience ont montré que cette pratique réduit le stress en diminuant la rumination. La pleine conscience améliore également la mémoire, la concentration et la satisfaction dans les relations. Pour pratiquer la pleine conscience, concentrez-vous sur vos sens et laissez les inquiétudes ou les pensées sur vos obligations flotter dans votre conscience, puis en sortir. Ne vous attardez pas sur une seule pensée. Au lieu de cela, essayez de les observer puis de les laisser passer. Pratiquer le yoga de manière régulière change les schémas chimiques dans le corps et déclenche des réponses naturelles de relaxation. Le yoga favorise un état de relaxation biochimique dans le corps, ce qui signifie qu'il y a suffisamment d'oxygène disponible et que le rythme cardiaque et la pression artérielle sont normaux. En dehors des bienfaits physiques, le yoga aide également à éliminer les toxines du corps. Les techniques de respiration du yoga ont aussi un impact profond sur le bien-être physique et mental. Elles aident à purifier notre système pour restaurer l'équilibre dans nos pensées et nos émotions. Essayez de suivre un cours de yoga pour débutants dans un studio de yoga local ou achetez un DVD pour pratiquer le yoga dans le confort de votre maison. Les huiles essentielles peuvent avoir des effets bénéfiques sur l'humeur qui aident à réduire le stress. Pour la relaxation, il est utile d'inhaler des senteurs de lavande, de valériane, d'agrumes, de géranium, de clous de girofle, de camphre et de peuplier pour soulager l'insomnie liée à des symptômes de rupture mentale. L'huile essentielle de menthe poivrée peut soulager les maux de tête causés par le stress et peut même aider avec les nausées et les troubles d'estomac, qui sont également associés au stress. Mélangez quelques gouttes d'huile de menthe poivrée avec une huile de support comme l'huile d'amande et massez une petite quantité sur vos tempes et votre front. Respirez profondément pendant que vous frottez l'huile pour vous aider à vous détendre. Des études récentes ont montré que des huiles essentielles telles que l'huile de lavande et l'huile de citron ont été efficaces pour améliorer l'humeur.",5.548218488693237
036_56819,"Cliquez sur le logo Windows dans le coin inférieur gauche de l'écran. La fenêtre du menu Démarrer s'ouvrira sur le côté gauche de l'écran. Ce faisant, vous rechercherez la section Partition du programme Gestion de l'ordinateur. Elle se trouve en haut de la fenêtre Démarrer. Si vous ne voyez pas cette option, essayez de taper ""créer et formater des partitions de disque dur"" dans Démarrer. Cliquez sur le nom de votre disque dur dans la fenêtre près du bas de l'écran. Cet onglet se trouve dans le coin supérieur gauche de la fenêtre. Un menu déroulant apparaîtra. C'est près du bas du menu déroulant. Vous verrez un menu contextuel s'afficher à droite du menu déroulant. Cette option se trouve au milieu du menu contextuel. Une nouvelle fenêtre s'ouvrira après que Windows ait déterminé combien d'espace vous avez disponible. Cela peut prendre plusieurs minutes à Windows pour déterminer votre espace disponible. Tapez le nombre de mégaoctets que vous souhaitez que votre partition fasse dans le champ de texte ""Entrez la quantité d'espace à réduire en Mo"" sur le côté droit de la page. Cela indiquera la taille du disque que vous souhaitez formater. Le nombre maximum de mégaoctets que vous pouvez allouer est indiqué directement au-dessus du champ dans lequel vous tapez. Il y a 1000 mégaoctets (Mo) dans un gigaoctet (Go). Pour créer une partition de 5 Go, vous taperiez 5000 dans le champ de texte. C'est en bas de la page. Cela supprimera une section d'espace de votre disque dur et créera un nouveau ""disque dur"" avec. Cela prendra probablement quelques minutes pour se compléter. Cliquez sur la case ""Non alloué"" à droite de la case du disque dur. Le menu contextuel réapparaîtra. C'est près du haut du menu contextuel. Une nouvelle fenêtre s'ouvrira. C'est dans le coin inférieur droit de la fenêtre. Cela acceptera la taille de votre partition et vous amènera à la page suivante. Vous pouvez changer la lettre de lecteur de la partition (par exemple, ""E"") en cliquant sur la boîte déroulante puis en cliquant sur une nouvelle lettre. Si vous ne vous souciez pas de la lettre de votre lecteur, cliquez sur Suivant pour passer cette étape. Cochez la case ""Formater ce volume avec les paramètres suivants"", puis cliquez sur la case ""Système de fichiers"" et sélectionnez l'une des options suivantes : NTFS - Utilisé pour les disques Windows uniquement. FAT32 - Utilisé pour Windows et Mac. A une limite de stockage de 32 gigaoctets avec une taille de fichier individuelle de 4 gigaoctets. exFAT - Utilisé pour plusieurs appareils (Mac, Windows, consoles, etc.). Pas de limite de stockage. Cela vous amènera à la page de confirmation. C'est en bas de la page. Cela commencera à partitionner votre disque. Une fois la partition créée, vous pouvez l'ouvrir comme n'importe quel autre disque dur depuis le programme Ce PC. Si vous souhaitez un jour changer le format de la partition, vous pouvez la formater comme une clé USB depuis l'Explorateur de fichiers (Windows) ou l'Utilitaire de disque (Mac).",5.711988210678101
036_44438,"La majorité de la douleur causée par les appareils orthodontiques se produira dans les 24 à 72 heures suivant leur pose sur vos dents. Au cours des premiers jours, mangez des aliments très mous qui ne nécessitent pas beaucoup de mastication jusqu'à ce que vous soyez plus habitué à manger avec des appareils. Des aliments comme les soupes, la compote de pommes et les pommes de terre en purée sont de bons choix. La glace apportera un soulagement à votre bouche en offrant un confort engourdissant. Vous pouvez également sucer des glaçons. Mettez un glaçon dans votre bouche à côté de la zone qui ressent le plus d'inconfort. Le cube congelé aidera à engourdir votre bouche et à réduire toute inflammation qui pourrait se produire. Beaucoup d'appareils réagissent à la chaleur, ce qui signifie que manger des aliments chauds provoque un resserrement des appareils, entraînant de la douleur. Alternativement, vous pouvez congeler un anneau de dentition pour bébé et le mâcher ou le reposer dans votre bouche. Cela apportera également un certain soulagement. Ne mâchez pas la glace ou les glaçons ; les aliments durs peuvent endommager les brackets et affaiblir leur maintien sur vos dents. Vous pouvez également essayer de boire de l'eau glacée. Les aliments et boissons acides contenant des agrumes, par exemple, peuvent aggraver les douleurs buccales ou d'autres inconforts dans votre bouche. Évitez-les pour éliminer la possibilité d'irriter davantage votre bouche. Ne mangez pas certains types d'aliments afin que vos appareils ne se cassent pas, ce qui pourrait provoquer une irritation et des coûts supplémentaires. Les aliments durs et collants, tels que les chips, la viande séchée, les noix et le caramel, peuvent endommager vos appareils. Ne mâchez pas d'autres objets durs, comme des stylos, des crayons ou des glaçons.",2.980705976486206
036_24026,"Utilisez un thermomètre pour tester la température. Vous voulez que le mélange refroidisse mais qu'il soit encore suffisamment chaud pour que la levure fasse son travail. Ajoutez la levure sur le dessus du mélange et fermez le couvercle du fermenteur. Pendant environ quatre à cinq minutes, inclinez délicatement le fermenteur à un angle, en le déplaçant lentement d'avant en arrière, pour agiter la levure. Un airlock est un outil essentiel pour la fermentation. Il permet au CO2 de s'échapper mais empêche l'air d'entrer dans le mélange. L'air qui entre dans le mélange minimiserait l'effet que la levure a normalement. Vous pouvez fabriquer un airlock vous-même assez facilement, mais en acheter un est bon marché. Il est possible d'en obtenir un pour moins de quelques dollars. Le processus de fermentation prendra entre 5 et 10 jours, selon la levure, la température et la quantité de grain que vous utilisez. Utilisez un densimètre pour indiquer quand la fermentation primaire est terminée. Si la lecture sur le densimètre est la même pendant deux à trois jours consécutifs, vous êtes prêt à commencer la distillation. Essayez de maintenir le mélange à une température stable de 77 °F (25 °C) pendant sa fermentation. Encore une fois, vous avez besoin de suffisamment de chaleur pour que la levure s'active et consomme l'amidon. Si vous choisissez de filtrer le mélange, utilisez une taie d'oreiller propre. Essayez de garder autant de solides que possible loin de l'alambic lors du transfert du mélange.",3.0065231323242188
036_56107,"Donnez à votre chien une alimentation bien équilibrée qui contient les vitamines et minéraux nécessaires pour un système immunitaire fort. Cela le mettra dans une meilleure position pour faire face aux infections parasitaires. Par exemple, les experts pensent que les demodex peuvent être enfouis dans la peau de nombreux chiens normaux qui n'ont pas de problèmes cutanés. Mais leur immunité cutanée maintient les nombres sous contrôle, de sorte que ces chiens ne développent pas de signes cliniques de gale. Lorsque l'immunité d'un chien diminue en raison d'une mauvaise alimentation ou d'une mauvaise santé, ces acariens peuvent alors se reproduire et causer un problème. La plupart des traitements pour les parasites externes ont un spectre d'activité plus large que le simple traitement des puces ou des vers du cœur. Par exemple, un produit courant, Revolution, contient de la selamectine. Ce médicament est efficace contre les puces et les acariens de la gale sarcoptique. D'autres produits courants contenant du fipronil, comme Frontline et Efipro, sont efficaces contre les puces et les cheyletiella. En utilisant un produit régulièrement, votre chien sera protégé s'il entre en contact avec ces acariens. Ces produits ne supprimeront pas complètement le risque que votre chien développe une gale. Mais ils éliminent le risque pour certains types, en fonction du produit utilisé. Il est bon de garder un espace de vie propre et hygiénique pour votre chien. La saleté et les débris peuvent abriter des parasites et leur fournir de la nutrition. En revanche, un environnement propre est plus difficile pour les parasites de survivre. Aspirez régulièrement (quotidiennement si possible) et utilisez un collier insecticide pour puces dans le sac de l'aspirateur pour tuer les parasites qui y sont aspirés. Essayez un collier anti-puces contenant de la pyréthrine. Vaporisez les meubles et les tapis avec un spray insecticide conçu pour tuer les œufs et les larves de puces. Ces produits sont très puissants et susceptibles de tuer des parasites tels que cheyletiella et sarcoptes hors de l'hôte (les demodex vivent dans la peau, donc cela n'est pas pertinent dans ce cas). Cela réduit le risque que le chien se réinfecte en étant en contact avec de la literie contaminée. Votre vétérinaire peut vous conseiller un spray approprié. Certains recommandés pourraient inclure Indorex, RIP Fleas et Nuvan Staykill. Ces sprays ne doivent pas être utilisés près des oiseaux, des poissons ou des reptiles. Assurez-vous de bien ventiler la pièce pendant quelques heures après le spray initial. L'activité parasitaire peut persister pendant 7 mois, il est donc important de traiter les infestations possibles. Si votre chien sort, assurez-vous d'avoir un environnement soigné pour lui. Enlevez les déchets de plantes, tels que les feuilles sèches et la végétation en décomposition qui pourraient abriter des parasites.",5.112734794616699
036_51015,"Dans les climats pluvieux, un arrosage supplémentaire peut ne pas être nécessaire. Pour les climats qui connaissent occasionnellement des périodes sans pluie allant de plusieurs jours à plusieurs semaines, un arrosage supplémentaire est presque certainement nécessaire. Vérifiez régulièrement l'état du sol. Une fois que la surface semble sèche, vous devez bien arroser le sol. Ne laissez jamais les racines rester trop sèches trop longtemps, même après que la plante soit établie. Plutôt que de donner de petites quantités d'eau chaque jour, faites un arrosage important tous les quelques jours. Nourrissez la plante avec un engrais à libération lente au début du printemps, et donnez-lui une dose supplémentaire six à huit semaines plus tard. Vous pouvez soit utiliser un engrais tout usage contenant des parts égales d'azote, de phosphore et de potassium, soit opter pour un engrais contenant des niveaux plus élevés d'azote et de phosphore. Le phosphore aide au développement des racines et des fleurs, tandis que l'azote favorise l'établissement d'un feuillage plein et vibrant. Notez que vous ne devez appliquer l'engrais que lorsque le sol est humide. Arrosez le sol lors de l'application afin que l'engrais soit lavé sous la surface. L'engrais doit également être appliqué tôt le matin ou le soir, lorsque les températures ont baissé. Suivre ces deux mesures empêchera l'engrais de brûler votre plante. Utilisez des copeaux de écorce ou tout autre type de paillis qui retient bien l'humidité. Éparpiller une couche solide de paillis autour de la base de la plante aide le sol à rester humide et agit également comme un type de contrôle des mauvaises herbes. De plus, le paillis en décomposition peut ajouter plus de nutriments au sol environnant. Les plantes se propagent rapidement, et à mesure qu'elles se propagent, de gros touffes de racines se forment. Les couronnes de ces touffes ont tendance à se soulever au-dessus du sol. Vous devez couvrir les couronnes avec un sol argileux pour empêcher les racines de se dessécher. Les insectes et maladies les plus courants qui attaquent la plante Astilbe incluent le bug de la plante terni, l'oïdium et les taches foliaires bactériennes. Cependant, la plante n'est pas particulièrement sujette aux ravageurs. Si l'un de ces problèmes surgit, vous pouvez appliquer un insecticide ou un fongicide approprié à ce moment-là. Les pesticides préventifs ne sont cependant pas recommandés. Chaque printemps, vous devriez prendre des divisions des racines de la plante Astilbe pour empêcher les racines de s'étouffer mutuellement. Vous pouvez replanter ces divisions pour créer de nouvelles plantes, les donner à des amis jardiniers ou les jeter. Vous pouvez utiliser vos plantes divisées pour former un lit solide de couleur, ou bordurer un chemin de jardin ombragé avec vos belles fleurs.",4.120721817016602
036_46851,"Retirez votre doigt du disque pour commencer la piste B. Il est préférable de commencer sur le premier temps d'une mesure ou, mieux encore, d'une phrase afin que le flux des deux pistes se déroule simultanément. Une mesure est un groupe de temps répétitifs, le premier temps ayant généralement un son plus lourd ou un son légèrement différent. Il pourrait y avoir un coup de caisse claire soudain, une nouvelle ligne de basse ou le début d'un lead de synthétiseur. Une phrase est un ensemble de mesures qui se répètent, comme dans un refrain. La musique house a presque toujours des phrases de 32 temps, mais des phrases de 8 et 16 temps sont également courantes. Sur un lecteur CD, vous commencerez la piste B en appuyant sur le bouton Lecture/Pause. Si vous avez commencé la piste B légèrement décalée par rapport au rythme de la piste A, vous devrez soit accélérer, soit ralentir la piste B pour que ses temps correspondent. Pour accélérer la piste, vous pouvez soit donner une légère poussée au disque près du bord de l'étiquette centrale, soit faire tourner le fuseau dans le sens des aiguilles d'une montre avec votre index et votre pouce. Pour ralentir la piste, vous pouvez toucher doucement le bord extérieur du disque avec votre doigt. Si les disques s'éloignent après votre correction, alors vous avez corrigé dans la mauvaise direction ! Il suffit de corriger dans la direction opposée pour résoudre le problème. Sur un lecteur CD, vous pouvez soit utiliser le bouton de Pitch bend pour accélérer ou ralentir la piste, soit faire tourner la molette de jog si les lecteurs CD en ont. Faire tourner la molette dans le sens des aiguilles d'une montre accélérera la piste, tandis que la faire tourner dans le sens inverse ralentira la piste. Les boutons de Pitch bend et la molette de jog peuvent varier considérablement entre différents modèles, donc vous devriez vous familiariser avec le lecteur que vous allez utiliser.",3.0265097618103027
036_11552,"Une presse à huile peut être un peu plus chère qu'un mélangeur, mais elle peut mixer vos amandes de manière plus approfondie si vous êtes prêt à dépenser un peu plus. Vous devez fixer la presse sur une table ou une autre surface solide. Il suffit de tourner la manivelle lentement pour commencer à faire produire de l'huile par les amandes grillées. Contrairement à un mélangeur, vous n'aurez pas à vous soucier de l'accumulation d'huile sur les côtés de l'appareil. Placez simplement une tasse en dessous des amandes et attendez que l'huile soit libérée dans la tasse. Il sera plus facile de maniveller la presse plus vous le ferez longtemps. Vous pouvez utiliser l'huile immédiatement et vous n'aurez pas besoin d'attendre quelques semaines pour que l'huile se sépare des noix comme cela serait le cas avec un mélangeur. Cependant, l'huile peut sembler un peu trouble, mais cela ne signifie pas qu'elle sera moins efficace. Si vous souhaitez que votre huile soit plus claire, il suffit de la placer dans un récipient et de la laisser à l'extérieur pendant une journée pour que les particules se déposent au fond.",2.0696094036102295
036_14093,"Pour 1 cuillère à soupe (15 ml) d'huile végétale dans une grande poêle ou un wok. Placez la poêle sur la cuisinière et allumez le feu à moyen-vif. Laissez l'huile chauffer pendant 1 à 2 minutes. Testez l'huile en y faisant tomber une goutte d'eau. Si l'huile est suffisamment chaude, l'eau doit grésiller immédiatement. Ajoutez les tranches de porc rôti et de jambon dans l'huile. Ajoutez également le gingembre haché dans l'huile. Faites cuire pendant plusieurs minutes, en remuant fréquemment, jusqu'à ce que la viande et le gingembre deviennent légèrement dorés de chaque côté. Notez que l'arôme du gingembre doit également devenir nettement plus fort. Ajoutez les carottes, le céleri et l'oignon dans l'huile chaude. Faites cuire les légumes, avec la viande et le gingembre, jusqu'à ce que les légumes soient tendres et croquants et que la viande soit à moitié cuite. Placez les germes de soja dans la poêle et remuez doucement jusqu'à ce qu'ils soient réchauffés. À ce stade, retirez tout de la poêle. Ajoutez les 2 cuillères à soupe (30 ml) restantes d'huile végétale dans la poêle chaude. Placez les nouilles dans la poêle et faites cuire, en remuant constamment, pendant 1 minute complète. Utilisez de vraies nouilles chow fun si possible. Sinon, utilisez n'importe quelle nouille de riz large et courte. Si vous préférez des bords plus croustillants, vous pouvez cuire les nouilles un peu plus longtemps. Ne dépassez cependant pas 1 à 2 minutes supplémentaires. Remettez la viande et les légumes dans la poêle. Ajoutez la sauce aux huîtres et remuez, en cuisant juste assez pour réchauffer la sauce. Notez que la sauce soja peut être utilisée à la place de la sauce aux huîtres si désiré. Garnissez le chow fun d'oignons verts hachés et retirez le plat du feu. Servez et savourez.",3.1394991874694824
036_7710,"L'eau est le meilleur ami du régime. Les boissons sucrées, sucrées ou contenant de la caféine sont l'ennemi du régime. Une simple boisson ""énergétique"" ou ""sportive"" peut contenir jusqu'à 400 calories. C'est un tiers de votre apport calorique total pour toute la journée. Évitez toute boisson sauf de l'eau, avec une exception. Le thé vert non sucré est acceptable à boire, de temps en temps. Si vous en avez assez de boire uniquement de l'eau jour après jour, un thé vert occasionnel est acceptable. Le thé vert contient beaucoup d'antioxydants et 0 calories, ce qui le rend bon à boire. Si vous avez vraiment faim pendant les repas, buvez un grand verre d'eau juste avant de manger. Cela aidera à tromper votre estomac en lui faisant croire que vous êtes plus rassasié que vous ne l'êtes réellement, vous rendant moins affamé. Les glucides simples, également appelés glucides raffinés, ne sont généralement pas très nutritifs pour notre corps et sont absorbés très rapidement. Évitez les glucides simples et raffinés suivants pendant votre régime : biscuits, bonbons, gâteaux et autres douceurs cuites, miel, mélasse et sirop, pain blanc, riz blanc et pâtes normales, de nombreux céréales emballées. Les glucides complexes, contrairement aux glucides simples, sont riches en fibres ainsi qu'en d'autres nutriments, et sont digérés par le corps et libérés dans le sang beaucoup plus lentement. Des exemples de glucides complexes incluent : pain complet, pâtes complètes, riz brun, haricots et légumineuses, tels que lentilles, carottes et patates douces, légumes et fruits comme les asperges et les abricots. Optez pour du bœuf à 98 % maigre et seulement 2 % de matière grasse. Choisissez du blanc de poulet sans la peau. Les produits à base de soja comme l'edamame ou le tofu sont également riches en protéines, tout comme de nombreux types de poissons, y compris le saumon. En plus de cuire tout dans des graisses trans, les hamburgers, frites et milkshakes de restauration rapide (ou burritos, mac 'n' cheese ou sandwiches) sont très riches en sel et en sucre. Ce sont essentiellement des glucides vides, sans nutriments réels. Si vous êtes sérieux au sujet de perdre ces kilos et de remettre votre poids sur la bonne voie, vous devez éviter la restauration rapide. Avez-vous déjà entendu l'expression ? Elle a un certain fondement. Mangez tôt pour relancer votre métabolisme et vous donner suffisamment d'énergie pour tenir confortablement jusqu'au déjeuner, puis pour le dîner commencez à ralentir et mangez le plus petit repas de la journée. Voici quelques exemples de repas que vous pourriez préparer pendant la journée, avec une collation entre les deux : petit-déjeuner : omelette aux blancs d'œufs avec épinards et blanc de poulet, accompagnée d'une banane et de quelques myrtilles fraîches. Déjeuner : reste de steak de saumon sur quinoa, avec une petite salade. Collation : poignée de pistaches. Dîner : sauté de bok choy, carottes, champignons et poivrons. Certains aliments qui aident à perdre du poids ou qui ont moins de calories sont : gâteaux de riz au beurre de cacahuète, baies, légumes verts, thé vert, eau, yaourt grec, noix non salées, lait d'amande. Créer un journal des calories et y écrire régulièrement vous aidera à savoir quand vous avez dépassé votre limite. Cela vous indiquera quels aliments ont fonctionné quand et s'ils étaient bons. Cela vous donnera un enregistrement de vos luttes, ce qui est toujours amusant à revoir après que la douleur soit passée ! Devenez très bon en comptage de calories et en tailles de portions. Il sera difficile de tout calculer au début, mais après un certain temps, cela semblera naturel. Soyez rigoureux sur l'estimation du nombre de calories dans un certain aliment ou repas. Soyez précis ! Se mentir n'en vaut pas la peine si la seule personne que vous blessez, c'est vous. Il est acceptable de faillir de temps en temps et de manger quelque chose que vous savez que vous ne devriez pas. Tout le monde le fait. Mais quand vous glissez, ne tombez pas. Ne justifiez jamais un excès et ne dépassez jamais les limites, car cela rendra votre objectif encore plus difficile et vous découragera encore plus.",6.460777997970581
036_55530,"Gardez votre menton à niveau avec le sol, vos épaules en arrière et votre ventre rentré. Laissez vos bras tomber naturellement de chaque côté. Placez vos pieds à peu près à la largeur des épaules, la même position que vous utiliseriez pour faire de l'exercice. Imaginez qu'une ficelle vous tire vers le haut. En vous tenant droit, imaginez qu'une ficelle vient du plafond, vous tirant vers le haut. Gardez le bas de votre dos aligné et ne vous mettez pas sur la pointe des pieds. Des techniques de visualisation comme celle-ci peuvent vous guider vers la bonne position à adopter. Tenez-vous dos à une porte ou à un mur. Touchez simplement le mur avec l'arrière de votre tête, vos épaules et vos fesses. Vos talons doivent être à 5 à 10 cm du mur. Glissez votre main derrière votre dos pour vérifier l'espace. Vous devriez pouvoir glisser votre main derrière votre dos, mais seulement un peu. Si vous avez plus d'espace que cela, tirez votre nombril vers votre colonne vertébrale pour aplatir un peu votre dos. Si vous ne pouvez pas glisser votre main derrière votre dos, cambrer votre dos pour le faire. Essayez de maintenir cette position en vous éloignant du mur, en vérifiant au besoin. Loin du mur, si vous reculez simplement la tête, rentrez votre menton et tirez vos abdominaux, vous constaterez que votre colonne vertébrale, vos épaules et votre poitrine se mettent automatiquement dans les positions qui sont supposées être celles d'une bonne posture. Pensez-y : si vous reculez la tête et rentrez le menton, votre poitrine se retrouvera automatiquement en avant. Et le bon changement de position de la colonne vertébrale poussera automatiquement vos épaules en arrière, dans la bonne position, et encouragera la courbe correcte au milieu de votre dos (près du bas de la cage thoracique). Ensuite, il devient rapide et facile de penser : ""Tête en arrière, menton rentré, abdominaux rentrés."" Retournez au mur et remarquez que le mur vous guide en fait pour atteindre cette posture de ""Tête en arrière, menton rentré, abdominaux rentrés"". Faites un ""X"" entre vos épaules et vos hanches. Ajoutez une ligne droite de ruban adhésif sur vos épaules fermant le haut de l'X. Portez cela pendant la journée pour aider à rééduquer votre dos. Cette technique fonctionne très bien si vous maintenez vos épaules en arrière avant de coller. Utilisez un ruban adhésif destiné à la peau, tel qu'un ruban médical. Au lieu de ruban, vous pouvez acheter un correcteur de posture en ligne. Lorsque vous reposez sur vos talons, votre tendance naturelle sera de vous affaisser. Au lieu de cela, tenez-vous droit, en déplaçant un peu votre poids vers l'avant. Maintenant, basculez en arrière de sorte que votre poids soit sur vos talons. Remarquez comment l'ensemble de votre corps se déplace dans une posture ""affaissée"" avec ce simple mouvement. Imaginer un livre sur votre tête vous aidera à garder la tête haute et le dos droit. Si vous avez du mal à l'imaginer, essayez un vrai livre pendant quelques minutes. Ayez une bonne posture debout tout en vous déplaçant. Marcher avec une bonne posture est simplement une extension de se tenir debout avec une bonne posture. Gardez la tête haute, les épaules en arrière, la poitrine en avant et les yeux fixés droit devant vous pendant que vous marchez. Évitez de pousser votre tête en avant. Choisissez des chaussures avec un bon amorti pour vous aider à vous maintenir droit. De plus, assurez-vous qu'elles ont un bon soutien de la voûte plantaire. Une bonne posture commence avec vos pieds. Évitez les chaussures à talons hauts, car elles peuvent modifier l'alignement de votre corps. Si vous restez debout pendant de longues périodes, ajoutez du rembourrage au sol pour plus de confort.",5.796569108963013
036_45824,"Les Américains se précipitent souvent d'une activité à l'autre, oubliant de prendre le temps de profiter de la vie. Les Européens prennent le temps dans leur journée pour apprécier les choses. Que ce soit des déjeuners longs en France, des pauses de midi en Italie ou des siestes en Espagne, les Européens savent comment se détendre et apprécier les petites choses. Prenez une demi-heure pour vous regrouper et déstresser l'après-midi. Profitez de votre heure de déjeuner au lieu de vous précipiter et de dévorer votre nourriture. L'une des meilleures façons d'y parvenir est de prendre des vacances plus longues. En moyenne, les Européens reçoivent et prennent plus de jours de vacances que les gens aux États-Unis. Au lieu de sauter vos vacances jusqu'à ce que vous ayez plus d'argent ou moins de travail, prenez vos vacances d'une semaine et profitez-en. Planifiez un voyage qui ne vous ruinera pas ou passez la semaine à vous détendre avec ceux que vous aimez. Ne pensez pas au travail et laissez tout votre stress derrière vous. Les Européens savent quand s'asseoir et apprécier la compagnie des autres. En France, les gens prennent souvent de longs déjeuners prolongés où ils se rassemblent en groupes pour socialiser et partager un repas ensemble. Au lieu de sauter le dîner avec votre famille parce que vous êtes tous trop occupés, asseyez-vous et mangez ensemble. Vous pouvez tous parler de votre journée et profiter de la compagnie des autres sans vous précipiter. Les Américains sont souvent trop gentils les uns avec les autres et peuvent devenir sensibles lorsque quelqu'un leur dit quelque chose qu'ils font mal. Les Européens tendent à être plus critiques, mais de manière constructive. Les Français sont connus pour leur franchise et sont généralement considérés comme trop honnêtes. Lorsque vos amis vous demandent comment ils se débrouillent dans une tâche, dites-leur la vérité au lieu d'essayer de préserver leurs sentiments. Ils deviendront de meilleures personnes grâce à cela et vous aurez une relation plus proche et plus honnête avec eux. En Europe, les gens ne sourient généralement pas à tout le monde qu'ils croisent comme ils le font aux États-Unis. En Allemagne et en France, vous ne verrez pas les habitants se promener en disant ""Guten Morgen"" ou ""Bonjour"" en souriant aux gens. Ils réservent leurs sourires pour les occasions qui les méritent, ce qui rend l'acte plus authentique. Au lieu de sourire à tout le monde que vous voyez ou lorsque vous ne le pensez vraiment pas, souriez seulement lorsque vous êtes vraiment satisfait ou amusé par quelque chose. Cela rendra votre attention plus spéciale et vous fera sembler plus européen.",4.250088214874268
036_42857,"Les érables japonais bonsaï peuvent être taillés à tout moment de l'année, mais ils mettent plus de temps à cicatriser après les coupes. À moins que vous n'ayez besoin de couper des branches mortes ou mourantes, limitez votre taille à une fois par saison. Le meilleur moment pour tailler les érables japonais bonsaï est l'hiver, leur saison de dormance. Inspectez les branches principales de votre bonsaï pour détecter une nouvelle croissance et limitez chaque arbre à 1 à 2 paires de feuilles. Pincez toutes les pousses supplémentaires pour garder les branches saines et équilibrées. Étant donné que les érables japonais bonsaï sont petits, vous pouvez pincer les feuilles au lieu de tailler sans endommager l'arbre. Les érables japonais bonsaï sont particulièrement sujets aux maladies après la taille. Appliquez de la pâte à couper sur toutes les zones que vous taillez ou coupez. Cela aidera le bonsaï à cicatriser plus rapidement et à protéger ses blessures contre les maladies et les parasites. Vous pouvez acheter de la pâte à couper dans de nombreux centres de jardinage ou pépinières.",1.955547571182251
