uid,generation,generation_time
037_62379,"This is the fastest way to delete the data stored by Firefox. Opening this window depends on your operating system. On Windows and Linux, click on History in the menu bar, then on Clear Recent History. On Mac OS X, click on Tools in the menu bar, then on Clear Recent History. If you do not see the menu bar, click on the top bar in an empty spot and choose Menu Bar. Otherwise, click on the ☰ icon, then on History and finally on Clear Recent History. Click on the dropdown menu titled Time Range to clear and choose the period that suits you. A whole series of data to delete or keep will then appear before you. Check the data you want to delete, and they will be removed if you confirm this choice. You can also clear your browsing history, downloaded files, saved logins, etc. There you go! You have selected a number of items: you just need to delete them from your web browser or clear them, depending on your choice, by clicking on Clear Now. After clearing your data, be mindful of your personal information and even the contents of your computer by taking some precautions while browsing the Internet. If you clear your browsing history, no one will be able to know which sites you visited. Avoid shady websites that might install malware on your device. This function is very useful if you share your computer with others or if you are browsing on a public access computer. Deleting browsing data cleans your hard drive, largely but only partially. For a deeper clean, you can contact your ISP or even reformat your hard drive: in the latter case, you will leave no trace behind. Any personal data you provided to a site is generally kept by that site, even if you deleted everything from your browser. If you believe they should not keep this data, contact the site administrator, and according to what they tell you, do as you see fit. Contact your Internet Service Provider (ISP). Ask them how your online activity is tracked and how it can be erased. Indeed, your ISP has the right to monitor your Internet activity for security reasons, but this practice is strictly regulated and defined in your ISP's policy. It’s not because you delete cookies and clear caches that you will get rid of viruses and other malware. The best method to erase all traces is to reformat your hard drive. Of course, before proceeding with such an operation, you will have taken care to back up all your important data.",3.6440722942352295
037_62485,"Use a cotton swab to apply it directly to the scratch. Once applied, gently rub the material around it in circular motions. Let it dry for an hour and wipe with a clean cloth. If the scratch is still visible after the first application, try reapplying the oil and let it dry for several hours. As with all other methods, you should test the solution you are using on a small inconspicuous piece of leather to ensure it does not cause a stain. Find a clean cloth, such as a cotton towel, and soak it in lanolin cream. Rub it perpendicular to the scratch. This will help to smooth and repair it, although you may need several applications before the scratch disappears. Test the lanolin cream on a less visible part of the leather, as it may darken the material. Before trying this solution, you need to be sure of the type of leather you have in front of you. This solution only works for aniline and bycast materials. To warm the leather, you can hold a hairdryer very close to the material or press an iron onto a damp cloth that you have placed over it. If using the hairdryer, you can massage the material with your hands around the scratch. The heat should bring out the natural oils and dyes. If this happens, the scratch may even close up by itself. If using the iron and damp cloth, hold it in place for ten seconds. Remove it and observe the scratch. If it appears to have disappeared, let it dry and use it as usual. If it is still there, reapply the iron once more. Avoid burning the leather. If you burn yourself touching it, let it cool before reapplying heat. Find a shade that matches the color of your furniture. To start, apply the polish to the scratch with a clean cloth or cotton swab. Then rub the product in to penetrate, and use a clean cloth to quickly wipe over the scratch to smooth the polish. This will not repair the scratch, but you may be able to hide it. If you need a darker color, apply a new layer. If you find that the color does not match after application, use a damp cloth to remove it right away. This solution will work even better on highly pigmented leather (but also on bycast leather), as polish is generally not designed to be applied to leather furniture.",3.4704842567443848
037_59191,"The hookworm bites the intestinal wall, causing pain and abdominal cramps. Your infested dog is also likely to suffer from dysentery (diarrhea accompanied by blood). Additionally, if there are bleeding in their intestines, once the blood passes through, it will give their stool a dark color. These parasites can also cause vomiting that may contain blood. The blood lost from the intestinal wall, or that ingested by hookworms, can lead to anemia in the host. This makes the animal lack energy and appear extremely tired. If the infestation is not treated, anemia can also cause death. By lifting the lip of a healthy dog, you should notice that its mucous membranes are pink. But in an anemic dog, these membranes are pale or even white. In cases of severe infestation, these parasites deprive the host of nutrients. As a result, they grow poorly and their coat may have a dull and rough texture and color. However, be aware that puppies can stop growing for various reasons. Therefore, if you think it is suffering from stunted growth, take it to the veterinarian for examination. The larvae migrate to the lungs. When the dog coughs and swallows, they reach the intestine, where they mature. Consequently, you may likely notice that it coughs intermittently. A dog living in an unsanitary environment is more prone to develop hookworm larvae in its legs, causing severe irritation in that area and forcing it to bite its paws. Keep in mind that this is not the only way these parasites can enter the body. Therefore, an infected dog may not necessarily have irritated paws. You should especially do this if it involves puppies that have not been dewormed. After 2 weeks of their life, they should receive the first treatment, followed by additional doses every 2 weeks for 2 months. If your puppy has not received this treatment, it is more likely to be infested with worms. If you adopted a puppy from a good animal shelter or animal protection center, it should have already begun this treatment. However, if you got it from an uncertain source, such as an online ad, it is likely that it has not been treated and is therefore at risk of infestation.",3.2372515201568604
037_13244,"The deck or ""sabot"" must contain exactly 60 cards, and you should shuffle them well. To have a balanced deck, the number of ""Energy"" cards should be between a quarter and a third of the total cards in the deck. However, in reality, you can choose any combination you like. If you do not have 60 cards and it is a casual game, ask your opponent if they agree to play under those conditions. Also, check that your opponent's deck has the same number of cards as yours. To do this, simply flip a coin. The player who plays first cannot attack in the first turn. You must draw from the top of the deck and set the cards aside, face down. You will choose from your hand of 7 cards. You can easily recognize a basic Pokémon, as its card has the word ""Base"" in the upper left corner. If you don't find one, shuffle your deck again and draw 7 more cards. In this case, you have made a mulligan, which allows your opponent to draw an extra card. If you have a basic Pokémon, it will be used to attack. Just place it face down on the playing field in the first row in front of you. If you have multiple basic Pokémon, you can also place them face down on the ""Bench,"" under the active Pokémon. However, you cannot have more than 5 Pokémon on the ""Bench"" at the same time. At this point, you can look at your hand, but not at your ""Prize"" cards. Stack these face down in the designated area on the board. Each time you knock out an opponent's Pokémon, you take one ""Prize"" card. You win the game when you collect all your ""Prize"" cards. For a short game, have a limited number of these cards. EX or GX Pokémon follow a special rule. If you knock out one of these Pokémon, you are allowed to take 2 ""Prize"" cards instead of one. Contrary to common practice, you should not take or keep your opponent's ""Prize"" cards. When you defeat a Pokémon, take a ""Prize"" card from your own pile and add it to your hand. Generally, this is on the opposite side of the ""Prize"" cards, to your right. Your discard pile is located below your deck. When you are ready to start the game, ensure that your active Pokémon and any other cards on the ""Bench"" are face up. Your ""Prize"" cards and other cards should be face down. You can see the cards in your hand, but not the ""Prize"" cards or those in your deck. The game ends when one of the players wins. To be declared the winner, you must either collect all your ""Prize"" cards or knock out all of your opponent’s Pokémon. You also win when your opponent has exhausted all the cards in their deck.",4.286897420883179
037_29481,"Even if you frequently change the water, the pieces will get dirty. Fortunately, it is quite easy to clean them, especially if you do it often. All you need is a little isopropanol and salt, but you can also invest in specialized cleaning products for a cleaner result. There are other solutions for cleaning the pieces if they do not have large residues, including: vinegar and baking soda, hot water and effervescent tablets for cleaning dentures. Use paper towels to wipe away large pieces of residue in easily accessible corners and to dry the pieces. If you try to clean them while keeping them in place, your bong may slip from your hands and you will cry over the broken debris on the floor. Try not to let water flow through the mouthpiece, as it could bring in residues that you do not want to come into contact with your mouth later. Place them in resealable plastic bags filled with isopropanol. You need to add enough alcohol to completely cover the surface of the pieces, then let them sit. If you can find it, try 90-degree isopropanol, as it will be much more effective at removing resin remains than 70-degree alcohol. If the pieces are very dirty, you should soak them overnight to make cleaning easier in the morning. Use coarse salt if possible, adding two tablespoons if the bong is more than 30 cm tall. Salt is an abrasive that will not dissolve in alcohol, allowing you to scrub the inside of the chamber without even putting your fingers in. The alcohol should loosen the residues and eliminate odors, while the salt should scrub away the resin remains. Cover the top of the device with one hand and plug the stem with the other before shaking. Think of the salt as a sponge that will wipe away the resin remains in the chamber. When you are finished, let them sit while you clean the bowl and the stem. By soaking these pieces, you should be able to detach the stuck resin since they are generally dirtier than the chamber. Put some salt in the bag and shake it, trying to get the salt over the entire surface of the pieces. You should use separate bags to clean the two pieces, as you might bump them against each other while shaking, which could break them. Wipe away any dirt that might remain; it should come off easily after being in contact with alcohol. If you have difficulty removing them, try soaking them overnight and repeat the steps with the salt in the morning, as it should generally be easier. Clean off any salt or alcohol residues and rinse the pieces thoroughly. Set them aside to dry and reuse them when you feel like it. If you really want them to shine, mix hot water with the juice of half a lemon and wipe them with the mixture to remove water stains. It is better to spend five minutes cleaning it occasionally than an hour scraping off residue buildup. Take some time to clean it frequently with salt, once a week if you use it every day, and you will have a nice clean bong for years to come.",6.450294017791748
037_57988,"Hindi is the language of northern India and ""Bollywood."" Mastering the language will make it easier for you to communicate with colleagues, agents, and producers. Most major films are not subtitled, which requires you to learn the language. Additionally, your credibility will be enhanced. Therefore, learning Hindi is essential. Note that English is widely spoken in Hindi cinema; thus, a good knowledge of English will give you an advantage over your competitors. Look to the most popular actresses for inspiration and get an idea of what is expected from a Bollywood actress. Typically, she has long, slightly wavy dark hair and a fair complexion. She pays attention to her appearance, particularly her eyebrows, nails, and lips. Like in ""Hollywood,"" beauty is an important criterion, and in fact, it is the most significant in ""Bollywood."" Most actresses are very feminine and adhere to beauty standards defined by the industry and by viewers: long dark hair, fair skin, a slender figure, and soft features. 

Dance is a unique form of body language. It is not enough to just have rhythm and fluid gestures; you must also learn the codes of dance, as body and hand movements are precise, and poor execution can offend your audience. Thus, learning to dance is essential. The popularity of Hindi cinema has led to the opening of many dance classes, whether in schools, online, or through private lessons. While not all roles require dancing, all films include choreography, so knowing how to dance is a considerable advantage. Music, singing, and dancing are integral to Hindi cinema (and Indian cinema in general) and contribute to its appeal. There are typically six musical sequences per film, making singing important. The earlier you start, the better you will be. However, note that in the final version of the film, songs are usually dubbed by professional singers. More and more singing teachers are offering lessons by phone or on Skype, so if you don’t have a teacher nearby, consider online courses.

However, dancing and singing alone are not enough to succeed. To make a name for yourself, you need to have a strong acting ability and graceful movements. Attend classes with a drama teacher, join a theater troupe, or take courses at a film school if you can afford it. Of course, you need that special something that will make you a big star, but do not overlook technical skills, as they will set you apart from your competitors. Therefore, it is essential to practice. Take advantage of every opportunity to develop your acting talent. The more you perform in front of a camera or on stage in front of a real audience, the more you will improve.",3.9006011486053467
037_15217,"The easiest way to heat milk is to put it in the microwave, but you need to watch it closely. A cup (250 ml) of milk usually reaches room temperature after 45 seconds and boils after two and a half minutes. Stir it every fifteen seconds to prevent it from overflowing. Set your microwave to 70% power to allow it to boil more slowly. Do not forget to stir it every 15 minutes. You can also boil milk in a large, deep saucepan. If you wish to boil milk on a stovetop, use a sufficiently large and deep pot so that it has enough space to bubble and slide up the sides. Turn the heat down to medium-low if you plan to make a sauce or a glass of hot milk. Do not turn your back on it for even a moment to avoid overflow; stir it constantly. Lower the heat as soon as the milk starts to boil to prevent it from burning. Milk overflows when a thin layer of proteins and fats forms on its surface, preventing the steam underneath from escaping as it heats. The steam eventually escapes violently, causing the milk to spill over the edge of the pot. Using a long spoon will help promote the escape of steam before the pressure builds up. You will still need to use the spoon to stir it occasionally to release steam. If you want to make yogurt or cheese with milk, heat it one degree per minute. On most stoves, this corresponds to a low medium temperature. If in doubt, opt for a low temperature. Heat your milk on low or medium heat for 30 to 40 minutes and stir it every minute. As soon as you see tiny bubbles and steam forming, it means it is about to boil and has reached a minimum temperature of 80 °C. If your stove emits too much heat and you cannot bring the milk to a boil slowly by placing it directly on the burner, use the double boiler method.",2.837890148162842
037_45122,"Fill a pot with water to a depth of 5 to 7 cm and place it on the stove. Heat it over high heat to bring the water to a boil. Then, slightly lower the heat so that the liquid simmers vigorously. For a vigorous simmer, the water should produce small bubbles, but not large bubbles across its entire surface.",0.8088212013244629
037_28639,"Think about refrigerating the bowl of your ice cream maker the night before preparing. For most, ice cream makers come with a bowl that should be refrigerated for several hours before proceeding with the preparation. If you forgot to freeze the bowl or couldn’t do it, prepare the base as described below. Put it in the refrigerator and the bowl in the freezer, then churn it the next day. French ice cream is also known as crème anglaise. It is made with egg yolks, which gives the ice cream a smooth, rich, and creamy taste and texture. Do this as soon as you are ready to prepare the ice cream. Take a large bowl and place it in a sink. Fill the sink with ice and cold water to a level that reaches ½ to ⅔ the size of the bowl. Cover the bowl with a strainer. The ice bath should contain more “ice” than “water.” You will need to temper the eggs to prevent them from coagulating, but it is possible that a few lumps may accidentally form. Using a strainer will help you remove all of them. Start by separating the egg yolk from the white. Put the egg yolks in a medium bowl and add sugar. Whisk everything until you achieve a smooth mixture of pale yellow color. Store the bowl somewhere as soon as you finish. Initially, the mixture will be thick and dark yellow. Keep whisking until it becomes pale. Take a medium saucepan and pour the milk into it, placing it on the heat. Add the vanilla extract, bringing the milk to a boil over medium heat. As soon as it starts to simmer, remove it from the heat. It is also possible to use a vanilla bean. Cut the pod in half, then scrape the seeds into the milk. Add the pod as well. Consider adding other herbs and spices to the milk for more flavor, such as chocolate, mint leaves, coffee beans, lavender flowers, etc. Measure ½ to 1 cup (125 to 250 milliliters) of warm milk. Gradually pour it into the egg mixture while whisking. This will allow you to gradually warm the egg mixture and prevent it from coagulating in the next step. Pour the mixture into the milk, then heat it until it thickens. First, add the tempered egg mixture to the milk. Return the saucepan to the stove and let it simmer over low heat. Stir the preparation slowly but constantly throughout the cooking. Don’t forget to frequently scrape the bottom and sides of the saucepan. You can move to the next step once you have a crème anglaise thick enough to coat the back of your spoon and has reached 80 °C (170 °F). Pour the mixture through a strainer into the bowl of the ice bath. After putting everything in the bowl, remove the strainer. If you notice anything in the strainer, like lumps of egg or vanilla pod shells, throw them in the trash. Slowly add the heavy cream to the mixture and cool it completely. Leave the cream in the ice bath for about twenty minutes, stirring occasionally. You can also cover the bowl with plastic wrap and refrigerate it for 3 to 8 hours. To enhance the flavor, add your favorite essence, liqueur, or flavoring.",4.784435033798218
037_46754,"Choose a large pumpkin at the supermarket or market. Cut off the top of the vegetable, remove the seeds and pulp inside with a spoon, and carve scary faces on one side. When you are satisfied with the result, place a candle inside each pumpkin and put the lid back on to give your pumpkin a spooky glow. There are many pumpkin patterns available online if you are unsure how to do it. Just print one that you like, hold it on the pumpkin with pins or tape before carefully cutting all around the dotted lines. Help children with knives, saws, and other potentially dangerous tools to carve the pumpkins and keep young children away. You should not give sharp objects to young children. If you have some at home, you should instead choose pumpkins of different shapes and sizes to decorate with acrylic paint. Then use them to decorate the dining table, porch steps, or window sills. Ask your children to personalize them with monsters, animals, or characters from their favorite books, movies, or TV shows. Pumpkins decorated with autumn leaves, flowers, and abstract patterns also make excellent decorations in homes without children. Hang spider webs in long dark hallways, stairs, and light fixtures in the corners of the ceiling. Use small pieces of tape to make them easier to remove later. To make the decoration more realistic, stick a few spiders in your webs. You can find packs of fake spider webs at supermarkets, decoration supply stores, and costume shops as Halloween approaches. Ideally, you should hang the spider webs high enough to avoid your guests getting stuck in them. Inflate and tie several balloons together and place them in white garbage bags. Twist the bottom of the bag around the balloons and secure it with rubber bands. Use a permanent marker to draw eyes and other decorations on the bag, then release them to haunt your office, kitchen, or living room. You can save a lot of time and avoid exhausting yourself by renting a helium tank. Helium is also essential if you want your balloons to float in the air. Wrap strips of white toilet paper or crepe paper around the front door or a door leading to the room where the party will be held. Cut out two hypnotic eyes from kraft paper and glue them on the door between two rows of paper. If you wish, you can also place some crumpled green or yellow tissues under the paper strip to give the illusion of deformed skin straight from the grave! Draw small red crossing lines on the kraft paper eyes with a pen, marker, or red pencil to give the appearance of veins. You can also use large plastic eyes that you can find in many supermarkets or craft supply stores. Place a white sheet on the table, then cut out eyes and a mouth from fabric scraps before securing them with pins on the bottom of the sheet. To finish, place a large bowl in the middle of the table and fill it with candy. The crumpled sheet will give the appearance of a moaning ghost at the table and scare anyone who wants to grab some candy. If possible, use a plastic bowl. A glass bowl could easily break if someone steps on the sheet by accident.",4.310148239135742
037_3894,"The circus encompasses many disciplines and offers numerous roles. Additionally, there are different types of circus, creating even more opportunities. To join a circus, you will need to develop one or more specialties that may be valued in a circus. This could be aerial silks, trapeze, acrobatics, juggling, trampoline, tightrope walking, diabolo, clowning, stilt walking, or any other remarkable or unique skill. Most circus arts are very demanding, so you won't be able to learn everything in one night. It will take time, investment, and practice to be ready. If performing isn't your thing but you still want to share in the excitement of the circus, there are also tasks that don't require physical or acrobatic skills. You can work in technical roles, costume management, with animals, or in design and production. However, this article will focus on performance arts. Most circus arts, although they may seem easy to practice, often require months of training before they can be performed well and safely. If you are practicing acrobatics or working in the air, you will need to learn to be very flexible and have a good understanding of your body. For trapeze and related arts, you will need a lot of upper body strength to stay upright while swinging. Practitioners often face injuries at some point. The stronger your body is, the better it will withstand these challenges. If you take up juggling or clowning, you won't need to be shaped like a marathon runner, but you will still need to be in good physical condition to move quickly or lift your arms for juggling. Some circus artists do not work for just one circus, but instead tour with multiple shows, much like an actor can appear in different films. You are not required to stay with the same company all the time, but you can tour with them for a specified period. Conversely, you might want to be part of an official company. You must always be ready to perform and give your best at every moment, which can be tiring. There are pros and cons in both cases; it's a personal choice. Do you want to work for a group like Cirque du Soleil? Or something more traditional, like Bouglione? Do you prefer to work on a small scale or tour in fairs and festivals? It's up to you, but remember that working for large shows requires more effort and commitment. Before seeking a circus willing to hire you, you will need to demonstrate a sample of your talents to your future employer. Having previous experience in dance, gymnastics, or similar disciplines can help, but it's not necessary. You can develop a short routine ready to be presented to your future employer. This represents a full-time job in itself. You will need to find a coach, acquire the necessary equipment (for your safety, for instance), and train daily to become the best in your field. This must be a priority to enter the circus world.",4.029675006866455
037_20412,"It represents the degree of reliability of the sample mean compared to the mean of the entire population. The larger the sample, the smaller the standard error, and the closer the sample mean is to the original population mean. Divide the standard deviation by the square root of N, where N is the sample size. Standard error = σ/√n. Thus, for the example above, if it were a sample of 5 students from a class of 50. The 50 students had a standard deviation of 17 (Σ= 21), the standard error = 17/√5 = 7.6.",1.131321668624878
037_21973,"Next, open the image that contains the watermark you want to remove. You also have the option to use the online version of Inpaint at http://www.webinpaint.com/. It is located on the left in the toolbar at the top of the window. It is represented by a red dot made by a pencil on a piece of paper. To do this, click on the down arrow next to the red dot in the toolbar at the top of the page. If, for example, you want to remove a small watermark or a fine line, you should decrease the marker size for better accuracy. This action will prompt Inpaint to process the image and completely remove the watermark from the photo.",1.222822666168213
037_57985,"They control the amount of water that flows through the pipes and can be found under the sink. There should be two, made of plastic or metal, connected to the faucet to separately control hot and cold water. This action will allow you to open them and increase the water pressure. If you have low water pressure, make sure the valves are open. Turn each one counterclockwise until the arrow points in the direction of the pipes. This means that the water valve is fully open and you should have full pressure. Ensure that both valves are completely open so you can more easily control the water temperature. If the water pressure is too high, turn the valves a quarter turn clockwise to reduce the pressure. If you turn one of the valves, make sure to also rotate the other in the same direction. Try completely closing the valves and then operating them again to see if the problem is resolved.",1.6306297779083252
037_34433,"Ask friends that you have in common with him what his hobbies and favorite pastimes are. Visit his social media profile to discover the TV shows, movies, and songs he loves the most. Also, pay attention to the sports he usually plays at university (or school) or with his friends. For example, you could ask his friends questions like, ""What does André love to do outside of school?"" or ""What is his favorite TV show?"" Try to find him and follow him on social media platforms such as Twitter, Instagram, Facebook, and Snapchat to learn about what he likes. If he follows you back, you can start building your friendship from there. You can also use social media to learn more about his interests and to communicate directly with him. In fact, you might feel more comfortable talking to him online, and from that point, your friendship can begin to develop. People are often attracted to those with whom they share common interests, and it will be easier for him to communicate with you if he notices those similarities. First, think of things you have in common with him. This could be a particular TV show or sport. Then, use that thing to break the ice when you have the chance to talk to him for the first time. For example, you might know that he likes action movies or video games as much as you do. However, don't pretend to like something just to be friends with him. There’s a good chance you’ll find at least one thing that you both like, so you don’t need to fake it. If you don’t have much interaction with him, you might find it easier to get closer to him when he is with friends you have in common. If you have friends who know him, ask them to introduce you when you are all together. If you don’t have any friends who know him, join a group or club that he is a member of. Not only will this approach allow you to communicate more often, but it will also create a common interest that can feel more natural. In his presence, try to reflect an open and friendly attitude. In other words, avoid aggressive body language, such as clenching your fists or crossing your arms. Instead, have open body language, for example, by relaxing your arms, nodding, and smiling. When you talk together, make sure to establish eye contact to show him that you are interested and focused on what he is saying.",3.5686097145080566
037_46756,"You should show the recruiter your appreciation for their time and express how happy you were to be considered. Immediately afterward, send a note: this will demonstrate that you are interested and keep your name in the running. You will appear professional and polite, in addition to the qualities you displayed during the interview. In some cases, a phone call may be acceptable. If you got the interview through someone you know, you might call to show your gratitude. If you know someone in the company whom you can trust, ask them to put in a good word for you. Obtain information on how the hiring process is progressing and what you could do to improve your position. Networking should never stop. Always be on the lookout for opportunities for yourself and your network.",1.3296334743499756
037_27378,"This can be effective for shrinking a stretched wool sweater. Pour 15 ml of mild detergent without bleach into the water. You also have the option to use detergents designed for washing wool. Mix the detergent into the water with your hand. Check it every three minutes and move it in the water. You also have the option to moisten the fabric by spraying water on it. Do not crumple or twist the sweater while moving it, as this could damage the material. To do this, press a towel onto the sweater to absorb the excess water. You can also press the sweater against the sink wall to remove excess water. Another option is to roll the sweater in a towel (like a burrito) to remove more water. Be careful not to wring it out, as this could damage the fabric. Take the sweater in your hands and gently squeeze the parts of the fabric you want to shrink. Firmly place your hands on the sweater and use your fingers to apply pressure to the material. Do this with the entire garment if necessary, or only in certain areas such as the waist or chest. Place a towel to absorb the excess water from the sweater. Lay the sweater on a flat surface while you shape it. In principle, you should leave it on the surface where you reshaped it to avoid disturbing the work you have done. You can place it on a counter, table, your bed, or any flat surface where it will not be disturbed. Keep it away from pets, if you have any. Keep your sweater away from direct heat and sunlight to avoid excessive shrinking.",2.3556318283081055
037_49191,"Depression can feel endless when lethargy takes over and everything seems too difficult. This is why it’s important to see it as a journey made up of several stages, rather than something that heals instantly. At times, your determination will be tested by self-questioning and despair, but it is precisely during these moments that you must do everything in your power to avoid being ""depressed about being depressed!"" The ideas below are good examples to follow. Name your black beast. Winston Churchill referred to his depression as his ""black dog."" By framing it as a small companion, the difficult situation becomes more manageable. By naming it, you make it a state, not something that defines you. You might say, ""My black beast is making me irritable today,"" instead of saying, ""I’m always irritable; it’s hopeless."" Find a role model. Do you think you are the only one going through depression? Go to the library and browse five biographies. You will probably find that at least one was written by someone suffering from depression. Do a little internet research to find famous people who have gone through depression. Look at how many celebrities have revealed the battle they fight against depression. Read their stories. Note that others have managed to overcome their depression, and now you can even draw inspiration from their experiences! Be gentle with yourself. Life is neither a race nor a competition. As a person, you matter and have great value. Making things harder for yourself is tantamount to being harsh on yourself. Avoid obsessing over your depression or turning it into something sacred behind which to hide when things seem too difficult. The feedback loop created by being angry at yourself for your depression will intensify that despair. Try to name your struggle again, distinguishing it from your identity. Accept that the journey to well-being consists of small steps. Make a list of things that annoy you outside of your depression, such as unpaid bills, a need for a vacation, or a very demanding job. In another column, write down practical things you think you can do to address what annoys you. For example, you could find ways to pay those bills, schedule a vacation, or look for a new job. This is a vital aspect of overcoming depression. Depressed individuals tend to process information incorrectly. They often select a distorted and negative viewpoint from everything, which further drives them into depression. To make progress, it is crucial to combat negative thinking patterns. Cognitive-behavioral therapy and other forms of psychotherapy are helpful when you want to unlearn negative thinking and establish thought patterns that enhance your self-esteem and build your confidence. It is best to confide in a qualified person who can guide you in changing your way of thinking, but there are still some important things to keep in mind. Recognize that this feeling will pass. This step may be very difficult, but it is essential as it helps banish despairing thoughts. Make a list of all your strengths. When you are depressed, you tend to belittle any positive thoughts you might have about yourself. Instead, list everything good about you. Don’t forget your past successes and your hopes for the future, even if they seem random. If you can’t write this list, ask a trusted friend or family member to do it for you. You can update this list as you work on your depression. Self-acceptance is absolutely essential in overcoming depression, as it makes you aware that there are positive things in you, but also that you have challenges to face. This will help you stop judging yourself more harshly than anyone else. Make decisions, even small ones, and follow them with actions. This is something very difficult to do when you are depressed, but it is essential to combat the sense of helplessness that overwhelms depressed individuals. Little decisions like getting out of bed, calling friends, or cleaning the kitchen will do just fine. Once you act on them, they become successes. Learn to replace negative thoughts by focusing on them. Am I imagining the worst? Am I condemning myself for something bad that happened? Am I focusing on my weaknesses instead of my strengths? It would be helpful to organize negative thoughts in one column and rationalized thoughts in another column, so that you can confront and undo the former. In one column, you might write the thought: ""I am a failure,"" and in the second, you could challenge this thought with: ""I made a mistake. I’ve made mistakes in the past and everything turned out fine. I’ve also had many successes."" Once you have challenged the most difficult aspects of your negative thoughts, learn affirmation techniques. Affirmation techniques will help you find a way to stand without giving in to feelings of anger, fear, or helplessness. It is important to know how to affirm yourself to avoid falling back into depressive tendencies in the future. Sit down and try to identify what is good in your life. Whatever they are, those good things deserve to be found. Regularly revisit this list and update it. In your initial list, there might be one or two things like ""my home"" or ""my spouse."" Over time, the list will grow as you start to see joyful things in your life again. Replace sad thoughts with happy memories. You can control what you think about. Opt for positive and happy memories instead of sad thoughts. Change your language to view things more positively. By saying ""At least...,"" you transform something negative into something positive. You can also ask yourself, ""What have I learned from this experience?"" instead of regretting something and perceiving it as a failure. Once you are touched by depression, you are vulnerable, and this condition is more likely to return to your life if you do not manage its causes. Be aware of the warning signs, and respond constructively to take charge of the problem before it really starts. Aim to reduce its impact and duration. If you think your depression is returning, speak to your doctor, psychiatrist, or psychotherapist immediately to start treatment.",8.489645004272461
037_29746,"Players who are still young or less experienced will probably have much more fun if they can catch the ball before throwing it again. If you have 8 players or more, play a relay variant of ""four squares,"" placing 2 players in each square. When a player hits the ball to another square, they will jump out of the court and their partner will take their place. When playing with 2 players per square, if one player is eliminated, their teammate will also be eliminated. However, if everyone agrees, you can decide that the other player will remain in the game until they are eliminated themselves. In Australia, players bounce the ball in their own square, even if the ball has already bounced in that same square. The rules also allow touching the lines with the ball. In Black Jack, if a player catches the ball before it lands in their square, then the player who hit it will be eliminated. The game will then generally be much faster. You will need to mark your own court with chalk. The rules will be the same. If you have 3 players, one of you will wait for their turn. Always start by agreeing on the rules!",2.0210742950439453
037_10813,"Public transport is good for the environment and good for your wallet. Do the math to see if it would be cheaper than using your own vehicle. This could help you save money on gas and car maintenance. If your colleagues live near you, you can set up a carpooling system. Ask them if you can take turns driving to work and picking up your colleagues when it’s your turn to drive. This helps save on gas and maintenance. Make sure to stick to the carpooling schedule so as not to take advantage of your colleagues’ kindness. Your car’s tires have an optimal pressure that you need to maintain to use gas more efficiently. Use a pressure gauge to determine your tire pressure, then check the owner’s manual to see if it’s correct. This will help you save gas over time. If your tire pressure is low, you can add air at most gas stations. If you don’t use your car often or have a vehicle you don’t use, consider selling it to boost your finances and reduce your gas and maintenance expenses. Check your car’s value online before selling it to know how much you can get for it.",1.84041428565979
037_15965,"Video capture is a solution that allows you to download a protected video (like something on Netflix) for personal use. However, it results in choppy video and distant sound. You will also need to subscribe to the service in question to access the videos. Go to the OBS website and click on Download the installer on the right side of the page. Then: double-click the OBS Studio setup file, click Next, select I accept, and then Next, uncheck the plugin box if you want, click Install. This button is located at the bottom right of the window. Click on it to finish the installation and open OBS Studio. If OBS Studio does not open, click Start, type obs studio, and then click on OBS Studio at the top of the window. This will allow you to accept the terms of use and open the main OBS Studio window. A window will open, and to finish the setup: check the Optimize for recording, I do not stream box, select Next, then Next again, click Apply; if you prefer to apply your own settings, click No instead. Click the + icon under the Sources header, choose Window Capture or Game Capture, click OK at the bottom of the ""New Capture"" window, and then OK at the bottom of the window. This option is located at the bottom right of the OBS Studio window. The settings window will open. It is located on the left side of the window. At the bottom of the page, it allows you to open a dropdown menu. This option is in the dropdown menu. Click on it to set MP4 (the most common video format) as the video capture format. It is located on the left side of the window. Click and drag your mouse along this box at the top of the window. Enter the value indicated in Base Resolution (canvas) in the Output Resolution (scaled) box. For example, if your base resolution is 1920x1080, you will need to type this value in the Output Resolution (scaled) box. You will find it on the left side of the window. Click on each Microphone/Auxiliary audio device box, then on the name of your computer's microphone. It is located on the left side of the window. Click on the Start Recording text field, press a key combination (e.g., Alt+8), and repeat with the Stop Recording field using another combination. These two buttons are located at the bottom right of the window. Go to a site like Netflix or Hulu and log in with your account information. Click on the fullscreen display icon under the video player. In some cases, you can press F11 to start playback in fullscreen. The volume should be relatively high if you want to hear the sound of the video during playback. This is the key combination created earlier. OBS Studio will start recording; however, you will receive no notification of the recording. If you instead see an error message saying ""Recording failed"" or something like that, proceed as follows: click OK in the error message, select Settings at the bottom right of the OBS Studio window, open the Output tab at the top left of the settings window, click on the Encoder dropdown menu, select x264 from the dropdown menu, click Apply then OK. Click the Play button to start video playback. When the video is finished (or when you have recorded what you wanted to see), press the key combination that stops the recording. Your video will be saved. You will find your video by clicking on File then Show Recordings in the dropdown menu.",5.456402540206909
037_23978,"When a garbage disposal starts to smell bad, there’s a chance that a clog is somewhere in the pipe and is causing it. To get rid of the bad smell, first try to dislodge the clog. Never insert your hand into the pipe, even if the disposal is off. To dislodge the clog: unplug the disposal, shine a flashlight inside the pipe to see if you can locate the large clogs, stuck food, or other things; use pliers, a long tweezers, or tongs to dislodge the clog; plug the appliance back in; let water flow, turn on the disposal, and let it run for a minute; turn off the disposal and then turn off the faucet. Since the disposal is still running and draining food, it is difficult to clean it properly. This means that food particles can remain stuck inside and eventually start to smell bad. For a deep clean: plug the garbage disposal pipe, fill the sink with at least 10 cm of water, add 2 teaspoons of dish soap, stir the water to make it foamy, unplug the disposal, turn on the garbage disposal and let it suck the soapy water, turn off the disposal once all the water is gone. Once the disposal housing is cleaned and the food particles removed, brush the visible parts of the machine to detach any crumbs that remained stuck: rinse a dish brush or a cleaning brush with water, pour a generous amount of dish soap on the brush, scrub the accessible parts of the disposal, including the edges of the sink and the inside of the pipe. Pour 10 ice cubes into the disposal and then half a cup (95 g) of coarse salt. Let a slow stream of water run, turn on the disposal, and push the ice cubes and salt into the pipe. Let the machine run until the ice cubes and salt have dissolved. The ice cubes will dislodge stuck food particles in the pipe. The salt will clean the blades and eliminate potential sources of bad odors. To remove debris or leftover food, run cold water in a strong stream directed at the disposal pipe. Turn on the machine and let it run for 1 to 2 minutes. Always let the water run before turning on the disposal and turn it off before closing the faucet.",3.916172504425049
037_47735,"There is no need to position yourself exactly under the arms; just move your feet towards that area. If you are barefoot, make sure your nails are trimmed unless you want to scratch your opponent. Also, move your feet along the sides. You can then start to tickle the lower back with your hands for maximum effect. Keep in mind that you want to use all four of your limbs, so feel free to use them whenever possible. Use your big toes and heels to effectively tickle your opponent's sides. Also, try to tickle their legs. If your opponent is wearing shoes, try to remove them to enhance the tickling. Be cautious of your opponent's arms, which will be free. You should start tickling hard enough that they cannot respond to you.",1.3977997303009033
037_39809,"Any surgical intervention carries certain risks, and you must weigh the pros and cons before deciding on such a procedure. Anesthesia can lead to complications, regardless of the intervention, so discuss this with the surgeon or anesthetist. There is a risk of infection at the surgical site and surrounding areas; the lips and mouth are already a high-risk zone. Major bleeding or internal damage may occur. Surgery can also cause permanent or temporary nerve damage, leading to additional surgeries, numbness in the area, or chronic pain. Scarring may also occur, necessitating further procedures to remove affected tissue. This intervention should be performed by a certified surgeon, who will examine you and confirm if you are an acceptable candidate for the procedure. The surgeon will consider your medical history, examine your lips, discuss your concerns, and will approve (or not) the intervention. If approved, the surgeon will explain the details, costs, risks, and post-operative care. The procedure, which should last about an hour, will involve local anesthesia or a more comprehensive oral anesthesia. The surgeon will then make an incision along the length of the lip inside the mouth, remove a piece of tissue, and close it with stitches. The cost of this procedure can range from €1,500 to €4,000, and since it is purely aesthetic, it is generally not covered by health insurance or mutuals. You will often feel your lip pulling or hurting after a lip reduction intervention. You will receive care instructions and pain relief medication to alleviate discomfort. Avoid vigorous exercise. Sleep with your head elevated, for example, by using one or two extra pillows. Avoid very acidic foods or citrus fruits. Consume soft or pureed foods during the healing period. Rinse your mouth with an antiseptic mouthwash to prevent infections. You will need to have the stitches removed after seven to ten days if all goes well. By then, irritation and inflammation should have subsided. If you experience severe pain, bleeding, or unexpected side effects, contact the surgeon or your doctor immediately.",3.1598005294799805
037_32535,"Always wash and dry your feet before trying this treatment. Properly clean your feet with soap and warm water. Remove any soap residue. This vinegar solution is more effective when combined with another treatment like tea tree oil. It does not actually cure athlete's foot but keeps your feet dry. Additionally, it kills bacteria and eliminates bad odors. Ensure your feet are completely dry before starting the treatment. Do not use the towel you used for your feet on other parts of your body. Pour 1 cup of vinegar into 4 cups of water. You can increase the amount of solution, but always maintain a 1:4 ratio. This treatment is perfect for pregnant women affected by athlete's foot as it has no impact on the fetus. You can also use a bleach solution to soak your feet. Pour ¼ cup of bleach into a bathtub filled with hot water. Avoid this treatment if you are pregnant. Rinse your feet in a vinegar solution twice a day. Shake them when you are finished. Only use the amount of vinegar you need for each treatment and do not reuse the solution. Use a towel to dry your feet and apply another treatment like tea tree oil.",1.9739553928375244
037_19446,"Dip the shells in boiling water. Cook them over medium heat until they are ""al dente,"" meaning slightly firm but elastic. Check the packaging for the recommended cooking times. Once cooked, drain them well in a colander. Heat a pan over medium heat until it is hot. Cook for 2 to 3 minutes, stirring regularly. Cook with the carrots for another minute. Set aside. In a large bowl, mix the mozzarella, ricotta, milk, salt, pepper, red chili, and oregano. Stir until you obtain a nice creamy texture. Mix the carrots and mushrooms with the cheese. If necessary, add more milk for a less thick filling. Open the shells and generously spoon the filling inside. Place the shells side by side in a baking dish. You can also add some mozzarella on top if you like. Remove the aluminum foil 5 minutes before the end. In the end, your cheese should be melted and the sauce should be bubbling. Serve these delicious shells as is or with a nice salad.",1.9499576091766357
037_50179,"A true friend is someone with whom you can have really great times. You should be able to create your own jokes, laugh together, get into trouble together, and genuinely enjoy each other's company. No matter the circumstances, a true friend will always be honest with you. This applies whether it’s something trivial, like what clothes look good on you, or something that could change your life, like your partner cheating on you. A true friend will never leave you in the dark. A true friend will always take pride in being loyal to you, whether you are present or not. This means they will stand by you, even if they disagree with your choices, and they will always be there for you when no one else is. You can trust a true friend with anything, whether it’s feeding your cat while you’re on vacation or much more serious topics like your deepest secrets. A true friend is there when you need them, whether to share your greatest moments of joy or to help you through difficult times in your life. A true friend answers your calls. They will be present at that couple's outing you organized that is not really great. And a true friend won’t abandon you in tough times. A true friend will support you and your goals in life. A true friend will not try to change you, make you feel uncomfortable, or hold you back from your plans (unless it's truly for your own good). A true friend will encourage you to give your best.",2.3679513931274414
037_6679,"Before going to bed, meditate in a quiet, dark room. You will achieve better results by taking meditation classes, but to start, simply focus on your breathing or imagine yourself going up or down stairs. The goal is to stop thinking and enter a calm and comfortable state, sliding into a lucid dream from this state. Remember that lucid dreams initiated while awake are rarer and harder to achieve than dreams that become lucid once you have woken up. There are many meditation videos online designed specifically to help you achieve lucid dreams. A common experience among those who start having lucid dreams is waking up due to the excitement of having achieved a lucid dream! Generally, you will be warned when the dream starts to become ""unstable"" or when you feel sensations coming from the world around you. These techniques can help you continue your lucid dream. Spin your body in the dream or fall backward. Some people claim this helps, although the reason is unknown. In your dream, rub your hands together. This can help distract you from the sensations of your real body. Keep doing what you were doing before the dream became unstable and confirm to yourself that you are still in your dream. This technique is less effective than the one described above. If you send a sound at different frequencies to each ear, your brain will interpret the two overlapping sound waves as beats even if there is no beat in the sound. This sound changes the electrical activity of the brain, but so far scientists are unsure if it influences lucid dreams. There are many websites that offer a collection of binaural beats, so it might be interesting to try to fall asleep while listening to these sounds if you can sleep with headphones. Most lucid dreamers use sounds that resemble theta waves produced by the brain that occur during REM sleep, while others swear by gamma or alpha waves or by progressing through different types. Binaural beats can also come from background music or just the beat itself. Video game players claim to have a higher rate of lucid dreams than the rest of the population. Although further studies need to be conducted, it is possible that even a few hours of video gaming per week increase the likelihood of having a lucid dream. The type of game they play does not seem to make a difference. Galantamine, a drug synthesized from snowdrop, may be the most effective medication for inducing lucid dreams. Take between 4 to 8 mg in the middle of the night for best results. Taking it before bed could reduce the quality of your sleep and cause unpleasant dreams. Due to this possibility and unpleasant side effects, the use of galantamine is recommended only occasionally. Discuss with your doctor if you have medical problems. Galantamine can worsen existing medical conditions such as asthma or heart problems. This medication can also increase cases of sleep paralysis, a harmless but terrifying experience of being awake for several minutes without being able to move. Vitamin B5 or B6 may increase the reality of dreams, their strangeness, or their emotional intensity, which can lead to lucid dreams. However, you should take a dose of 100 mg to achieve an observable effect. This dose is much higher than the recommended daily dose, and taking such a high amount over a long period could cause damage to the peripheral nervous system. Use vitamin B only for having lucid dreams occasionally, at your own risk. Check with your doctor if you are already taking medications or if you have problems with blood, stomach, intestines, or heart. These medications can sometimes lead to waking up during the night, which is why they may be contraindicated if you have light sleep.",5.402907133102417
037_62255,"Cover a baking sheet with parchment paper. Arrange the candies side by side in small groups on the parchment paper. You can use candies of the same flavor or mix different flavors. The candies in the same group should touch each other so they form a lollipop when melted. Leave about 8 to 10 cm between two piles of candies to give them room to expand. For small square lollipops, arrange the candies in groups of 2. For large rectangular lollipops, arrange them in groups of 3. If necessary, leave them in the oven longer until they melt. However, do not leave them to the point of becoming liquid. To make caramel apple lollipops, follow these steps. Place caramels on a baking sheet, leaving space for the lollipop sticks. Bake them for 1 to 2 minutes or until they are almost melted. Press apple-flavored hard candies into the melted caramels. Return them to the oven for a few more minutes until the apple candies melt. Twirl each stick before releasing it. Be sure to insert the stick all the way into the melted apple candy. The lollipops will take 25 to 30 minutes to harden. Once the candy is hard, wrap it in cellophane.",2.3041434288024902
037_22520,"Make a pile with your books, put your pencils and pens in their case, and organize all the sheets of paper into binders or folders before you start filling your bags to get an idea of the space you need and how you will organize them. If your school has provided you with a list of necessary supplies, use it to guide you and ensure you have everything you need. Arrange small items like pencils, pens, and markers in their case to avoid losing them in the bag. Make sure it is completely empty before you start filling it to know the exact space available to you. By laying your bag flat on a surface like a table, bed, or even the floor, it will be easier for you to fill it when you want to put larger items in first. The backpack should be placed with the front facing up and the straps underneath. Once the bag is laid flat, open the main compartment and slide the large books in first. They will rest against your back, so you need to ensure they are flat with no bumps or angles pressing against your back. The padding at the back of the bag will help carry them more comfortably. If your bag is divided into two or more compartments, place the books in the one closest to the straps at the back. Stack the books with the heaviest at the bottom and the lightest on top. Once you have placed all your books in the bag, add the rest of your supplies on top, distributing the weight evenly. Start with the widest materials like binders and notebooks, then add your folders and the rest on top. Try to form a uniform layer so that your supplies do not shift when you carry the bag. Use the compartments and pockets on the front to store small items like cases and sticky notes. Any supplies you don’t want to crush under the weight of the books and your things should be stored in a separate pocket of your backpack. Expensive and fragile electronics like phones and tablets should be placed last on top of heavier items. If you have medications to take in case of emergencies like an inhaler, EpiPen, or insulin, store them last in an easily accessible spot. Keep your medications in a separate bag so you can take them out together if needed. If it’s too heavy, you could injure yourself. Try it on by putting it on your shoulders and walking a bit before heading to school. Try moving some items around if necessary before you leave for school. If the backpack feels too heavy or if the weight seems unevenly distributed, consider taking out some of your items like books or binders that you can carry by hand.",3.8396055698394775
037_8013,"During negotiations, your position will be stronger if you already have an agreement for a mortgage loan. That’s why you need to check your credit history and identify any unfavorable information that could delay your application. In France, a bank only grants credit after carefully examining the applicant's account. In the United States or Canada, it is possible to obtain a credit report for free once a year by contacting one of the credit agencies in the country. Check that your creditworthiness assessment does not contain any errors, such as an account that does not belong to you, a delinquent account, or an incorrect credit limit. This information impacts the amount of your mortgage loan and the corresponding interest rate. Generally, your credit score should be high enough to obtain a loan, around 620 in the United States. However, if it exceeds a certain limit (740), you may qualify for the best interest rates. Often, the credit score is indicated on your bank card statement. You can also ask your bank directly or use an appropriate service depending on your place of residence. Indeed, the lender will require you to include many personal details in your application. Therefore, make an effort to gather your supporting documents well in advance: the last pay slips, tax returns from the previous two years, the annual salary statement, proofs of other income, such as alimony, pension, or child support, bank statements for the last two months, information about your investments, proof of identity, such as an ID card, passport, or driver’s license, and your social security number. You can approach either a bank or a credit institution. You will need to fill out a form and provide copies of your supporting documents. Inquire with the lender to determine the time required for reviewing your file. Before submitting your application, take the time to research an institution that offers you the best interest rate. You can also examine offers from online lenders, but it will be necessary to do research first. Also, check with the court registry to ensure you are not subject to any lawsuits. If your application is accepted, the lender will respond with a letter stating the loan amount. This letter is not a contract, as the bank must assess the value of the house you are going to buy before releasing the granted amount. However, the letter does prove your eligibility for a mortgage loan. Generally, the validity of this document does not exceed 90 days. Therefore, only apply if you are sure you will complete the transaction. Avoid spending large amounts of money or changing jobs before being pre-approved. If you significantly change your financial situation, your loan could be denied.",3.7683606147766113
037_52716,"Even if an employee works remotely, you could bring them into the company for training. This is generally the most practical and least expensive training option for remote employees who live near an office or branch of the company. However, if they live too far away, this option may be excluded. Calls and teleconferences add a personal touch to the training process and can serve to clarify important work-related details. Weekly conversations will allow you to follow your staff's progress. Videoconferences are more effective for remote employees involved in the company's strategy or marketing: this channel allows for free discussion of ideas and procedures. If you and the employee are in different time zones, make sure to choose a time that works for both of you. Here are some great applications for videoconferencing: Skype, Zoom, or Slack. For companies whose activities require frequent collaboration and communication among employees, an instant messaging service appears to be the most appropriate option, as it ensures real-time communication for workers. If the employee has questions during training, they can refer to you via instant messaging for a quick response. Additionally, you can send them real-time feedback and messages related to their work through the same channel. Here are some free services your company can use: Skype, Google+ Hangouts, and Spark. Instant messaging may not be the best option if your employee does not work the same hours as the rest of the team. Email is a good option if the employee does not have the same working hours, is in a different time zone, or sets their own schedule. Easily send them your notes, training materials, links, and attachments via email. Make sure they know how long they have to respond to an email.",2.5530006885528564
037_49845,"If you have a plastic pouch, that should be your first choice. It has a smooth surface and is very thin. This will allow you to have a mousepad that is easier to use on your desk. You can also keep the entire pouch if you want a large pad or if you want to reuse the pouch later. You need to put something inside the pad to give it more weight and a surface for the mouse to glide on. The weight should be slightly less than half of the envelope. A thin book should do the trick. You can also use a piece of scrap wood or several pieces of cardboard. It should fit inside while leaving a little space at the end for you to close it. Take several pieces of opaque or transparent tape to seal the edges of the envelope. This way, the weight won’t fall out while you are using the pad. If you really need your pad right away, you can skip this step. However, it might be better to ensure that the pad stays in place on the desk while you use it. The simplest way to get a sticky surface is to tape the pad to the desk with bits of double-sided tape. You can also use regular tape, Patafix, or another type of adhesive of your choice.",2.5694570541381836
037_57174,"Once you have set the traps, check them at least once every 2 or 3 days. Clean them immediately after a catch to prevent the corpses of mice from scaring others away. Your traps may also emit a foul odor as the mouse decomposes, and diseases could spread if you leave the traps unattended for too long. Grab the trap with a plastic bag and dispose of it with the mouse, or dispose of just the mouse by throwing it in a trash bin. Avoid touching or handling the mouse with your hands, as dead rodents can transmit diseases. After disposing of the mouse, clean any fur or blood from the trap if it is still usable. If you used a humane trap and the pest is still alive, release it as far away from your home as possible.",1.5222971439361572
037_53614,"The vowels in Quenya are fixed and their pronunciation does not change depending on their position in the word. The diacritic (the accent on the letter) indicates whether the vowel is short or long. Memorize the sounds of the vowels and practice pronouncing them. ""Y"" is not a vowel in Quenya. However, it is a vowel in Sindarin. Quenya is written with an alphabet called Tengwar. You speak Quenya, but you write in Tengwar. Most consonants in Quenya are pronounced the same way as in French. There are a few unique rules specific to Quenya. Learn them and practice using them when you speak Elvish. The ""c"" in Quenya is always pronounced hard. It is pronounced like the ""c"" in ""corbeau"" and never like the ""c"" in ""cerise."" It is pronounced as a ""k,"" which can be a bit confusing since both letters appear in Tengwar but are pronounced the same way. All ""r"" sounds are rolled like in Spanish. The sounds ""n,"" ""ny,"" and ""m"" are always pronounced softly. They are called ""nasal consonants"" because they are pronounced by allowing air to pass through the nose. The letter ""y"" is always a consonant. Pronounce it with a harder sound like in ""yo-yo."" If the word you are reading in Quenya starts with a vowel, emphasize the first syllable of the word by stressing it and pronouncing it distinctly. Let the other syllables flow more softly on your tongue. The stress patterns in Quenya are universal; if the word starts with ""a,"" ""e,"" ""i,"" ""o,"" or ""u,"" stress the first syllable. When there are only two syllables, the stress always falls on the first, even if it does not start with a vowel. For example, a word like ""umin"" will be pronounced ""OU-min"" and not ""ou-MIN."" For words that do not start with a vowel and contain more than two syllables, always stress the third syllable. This means that an Elvish word like ""hyarmen"" is pronounced ""haram-EN,"" with the tone rising at the end of the word. Many Middle Eastern languages present a similar stress pattern. This could resemble Arabic or Aramaic at first. You might notice that there is always a vowel in the third syllable of each word in Quenya. This is a nearly universal pattern in Elvish and is one of the reasons that gives a more elegant pronunciation to these languages. In general, you can manage to stress Elvish words even if you do not follow the language rules by following the prosody rules of Italian when speaking Quenya. Native Italian speakers tend to use pronunciation patterns from their mother tongue to pronounce French words, which can give the impression of speaking Elvish correctly even if it is not the case. For example, if you used an Italian accent, you would place the stress on the first syllable of words like ""ando"" and ""vala,"" which is correct. In Tolkien's world, Quenya is spoken by the High Elves, scholars, and nobility. It is a kind of classical version of Elvish.",4.658116340637207
037_6823,"It is important for you to know what values you hold independent of your relationship. Make a list of everything that makes you a great person and that has nothing to do with your romantic life. You might be very intelligent, athletic, empathetic, compassionate towards animals, or very skilled in cooking. If your self-esteem is closely tied to the health of your relationship, it is possible that at the first sign of difficulty, you will doubt yourself. Fight against this by strengthening it. Do this by practicing mindfulness. It is not comforting to be afraid or uncertain, but some doubts are normal and even good. Start practicing mindfulness to learn to accept or at least endure the uncertainty that reigns in your life and your relationship. When these feelings arise, be aware of them, but let them express themselves. Breathe deeply through your nose and then exhale through your mouth. Do not try to change your thoughts or influence them. Simply try to deal with them. Practicing mindfulness daily will help you be less prone to doubt and have better control over your emotions. Steer clear of critical or negative people. The opinions of your coworkers, friends, and family may lead you to doubt your relationship. If someone constantly speaks poorly of your partner or your relationship, consider distancing yourself from that person. Loved ones may sometimes offer well-meaning but biased or selfish advice. Think about what you feel for your partner and what their behavior inspires in you before allowing yourself to be influenced by the opinions of others, which will only amplify your doubts. Be very careful when deciding to follow the advice of people or discussing your relationship with those who are overly critical or categorical. Instead, find open-minded and understanding confidants. Avoid using words like ""should"" and ""must."" If you use overly rigid language regarding your relationship, you will be more likely to face doubts and uncertainties. By removing these terms from your vocabulary, you will be more flexible and open-minded about the relationship. For example, if you tell yourself: ""she should answer the phone every time I call her,"" know that you may become unnecessarily angry if she is busy when you call. Do not automatically think: ""she must be spending Saturday with someone else"" just because she hasn’t made any plans with you this weekend.",3.476856231689453
037_47586,"This will serve as a border for the logo and give you an idea of the surface on which you will need to draw the bat. The oval should be as wide as the face. The bat will fit in the remaining space. It is possible to draw only the bat; in that case, ignore this step. Until 1969, the bat had rounded lines extending from its neck to the tips of its wings. After that date, the wings became straight and much more geometric, with sharper points. If you decide to draw it within the oval, it will need to be made of curves. Draw the first half, then copy it exactly by folding the paper.",1.1762444972991943
037_11363,"To avoid electrocution, do not clean the appliance while it is plugged in and contains water, as this could lead to an electric shock. Unplug it before you start to keep yourself safe. Fill a small basin or bucket with warm water and add a few drops of dish soap. You can use any type of dish soap. Soak a clean cloth in the soapy solution and wring it out. Use it to wipe the stained areas inside the drum of the dryer. Apply medium to strong pressure to scrub the stains. After a few seconds, check if the ink starts to come off. If it does, continue scrubbing. If not, you might need to try something stronger. Once you finish scrubbing the stained areas with the cloth, rinse it under warm running water. Wring it out and wipe the inside of the dryer again to remove any soap residue. When you are done, you can use the appliance again. Remember to plug it back in after cleaning!",1.6393849849700928
037_28053,"Explore the world around you. Discover new areas in your neighborhood or city, or if your budget allows, travel further. It is not possible to visit all the places in the world. However, it is possible to draw attention to certain places and develop more empathy by traveling to specific locations. In addition to finding your vocation and the purpose of your life, you should also have fun! Find hobbies that interest you and incorporate them into your routine. For example, you could join a knitting group or go climbing. By pursuing your passions, you will also meet more people and have a more enriching life. Check out ""Choosing a Leisure Activity"" to learn more. Eat fresh fruits and vegetables, and buy whole grain pasta and bread. Also, include poultry and fish in your diet (unless you are vegetarian). Beans, dried fruits, and eggs are also excellent. Do not consume too much sodium, carbohydrates, and saturated fats. Drink two liters of water a day if you are a woman and two and a half liters if you are a man. Try to get two and a half hours of moderate cardio exercise or one hour and fifteen minutes of vigorous cardio exercise each week. To strengthen your muscles, do weight exercises twice a week. By doing this regularly, you will have a better chance of leading a healthier and longer life. Your heart, muscles, and bones will thank you. Among moderate exercises, you can walk, do yoga, dance, or swim. For vigorous exercises, choose running or stationary biking. Whether or not you follow a certain religion, find something that gives meaning to your life. Why are you on Earth? What nourishes your soul? Particularly when facing difficult times in your life, your spirituality can help ease your burdens. It will also help you forgive others. Prayer and meditation can help you relax and refocus. A community that shares your spirituality or religion can also assist you in times of need.",3.0442354679107666
037_14883,"On the Dock of your Mac, click on the blue compass icon to open the Safari application. This menu item is located at the top left of the screen and allows you to open a dropdown menu. This option is found in the Safari dropdown menu and allows you to open the preferences window. This hand-shaped icon is located at the top of the preferences window. You will find this checkbox in the Cookies and site data section at the top of the window. Uncheck it to allow Safari to use cookies. If this box is already unchecked, it means that Safari is not blocking cookies.",1.1611435413360596
037_22993,"The solution to staying calm is to keep busy. It will obviously be more difficult to manage your in-laws if you have nothing else to do but stay in their company and wait for them to bore or insult you. You could mow the lawn. You might have intended to show your wife’s grandfather how the new DVD player works. Perhaps you told your mother-in-law that you plan to help her with baking this year. Finding something to do can help you bond with your in-laws, find common ground, and stay focused on something other than the ambient tension. Not only will you be busy, but your in-laws will appreciate you a bit more for helping them out, if you lend a hand at their place. Schedule something for the whole family that doesn’t create drama or take hours to explain. You could play a fun, simple board game together before the family dinner, or perhaps everyone goes for a walk after Sunday lunch. As long as your in-laws don’t see this activity as encroaching on their usual plans, they will be grateful that you found something fun and different to do. Just agree in advance with your spouse and your in-laws so that you don’t step on anyone’s toes. You can incorporate some of your in-laws' traditions into your gathering, whether it’s saying a prayer, preparing certain foods, or listening to Christmas carols. Your in-laws might enjoy watching a show before Sunday lunch. Will you be dead if you turn on the TV? Your in-laws will feel more included and happier to visit you by integrating their customs with yours. You might even share one of your own family traditions with your in-laws if you are the one visiting them, as long as it doesn’t bother them. It can be a small gesture, like bringing a casserole that has been part of your family for generations. This is another way to stay busy and active while you’re with your in-laws. Your holiday gatherings will be much more enjoyable if you don’t spend all your time with them in awkward silence. Ask polite and kind questions to make your in-laws feel welcome. Ask them about their jobs, weekend plans, pets, or a recent trip. Don’t make them feel like they are being interrogated, but ensure you ask questions about their lives while showing genuine interest in their answers. You can also share some of your own experiences if you have run out of questions. Consider preparing your anecdotes to ensure they are appropriate. You might know that your head will explode after four hours with your father-in-law. There’s nothing wrong with admitting this before the big day; it’s always better than denying the space you need. Therefore, you should ensure you have planned a small activity: go out to call your relatives, go to the store to buy some more groceries or drinks, or take your kids to the playground. Let others know in advance so that it doesn’t seem weird that you step out alone a little later that day. Remember, there’s nothing wrong with wanting to step away from your in-laws for a while. It will be less insulting than staying by their side while fuming with anger the whole time.",4.7770140171051025
037_51728,"Now that you have finished the face and beard, you can work on the body and add more details. Go over the outer edges of the circles and ovals you have traced. You will fill in the body now to give it relief. Only trace around the outer contours. Erase the intersecting lines to highlight the outline. Once finished, you should have a Santa Claus with more dimension, but still no clothes. He wears a vest that goes down to his knees, a belt, puffy pants, and gloves. Start with the vest. Draw the bottom by making a curved line on the outer side of each of his legs. These lines should curve away from the legs until they reach the knees. Then, draw two curves and connect them at the level of the navel. The bottom of the vest has a white fringe like the hat. Add the belt. It is actually a thick rectangle slightly rounded to follow the shape of the belly. The two flaps of the vest meet at the bottom of the belt, near the navel. Add a rectangular buckle and two loops, one on each side. Add one or two buttons in the middle of the vest. Under the vest, you find the pants which you can easily draw by making a few zigzag vertical lines. He also has boots that rise up to the shins. To finish, draw two cuff wrists where the wrists are and trace around the contours of the hands. Add additional details before doing this, such as extending the beard or drawing a more elaborate belt. Erase any unnecessary lines that remain. Then apply the appropriate colors. His hat, vest, pants, and boots are red. The boots are a slightly darker red than the rest. The fringes on the hat and jacket, including at the wrists, are white. You can color the gloves and the belt brown or green if you like.",3.192028760910034
037_61568,You can slide this bar from the top of the screen.,0.4324226379394531
037_27776,"The USB drive or external hard drive should connect directly to one of the USB ports on your computer. If you are using a Mac, you may need to use a USB-C drive (or a USB 3.0 to USB-C adapter). Your USB drive or external hard drive must be large enough to hold your entire iTunes library. The folder path varies depending on whether you are using a Windows computer or a Mac. 

If you are using a Windows computer: open File Explorer, click on Music on the left side of the window (you may need to scroll to find it), and look for the iTunes folder. 

If you are using a Mac: open Finder, click Go at the top of the screen, select Home from the dropdown menu, and then double-click on the Music folder. The iTunes folder should be there. Select the iTunes folder by clicking on it once, then press Ctrl+C (if you are using a Windows computer) or Command+C (if you are using a Mac) to copy the entire folder. 

If you already have music in iTunes on the new computer, first double-click on the iTunes folder and then copy the iTunes Media folder it contains. In the left sidebar of File Explorer or the Finder window, click on the name of the USB drive or external hard drive. If you are using a Mac, you will find a shortcut to the USB drive or external hard drive on the Desktop. In the window of the USB drive or external hard drive, press Ctrl+V (on Windows) or Command+V (on Mac) to paste the folder. Once you have properly ejected the USB drive or external hard drive, you can proceed to transfer your iTunes library to the other computer.",2.8018102645874023
037_52501,"For this method, you will need half a cup of white glue. Elmer's glue is perfect for this recipe, but you can use any white glue you have available. You will also need a small amount (about 1 teaspoon) of brown paint or food coloring, half a cup of hot water, and a teaspoon of borax powder. Additionally, you will need two mixing bowls, one of which will be larger. If you do not have brown paint or food coloring, you can use chocolate syrup, but use a bit more syrup in this case. Do not follow this method if you are concerned that a person or animal might accidentally eat your fake poop. Borax, while not deadly, can be harmful and cause stomach pains. 

Start by incorporating the half a cup of white glue and your brown coloring into your larger bowl. Add the coloring until you achieve the desired shade. In another bowl, mix your borax and water until the borax is visibly dissolved. Once both mixtures are ready, combine them in the large bowl while continuing to mix. You should immediately notice that the mixture starts to thicken and become more viscous, almost like pudding. Once combined, your preparation will quickly become too thick to be mixed by hand, so it should be kneaded like dough. Use your hands to take the borax mixture out of the bowl while kneading it. You should be able to form small balls without any preparation sticking to the sides of your bowl. The size depends again on your personal preferences. You can use all of your preparation or divide it into several pieces. For your prank, it is best if the person steps in it, as the texture you will get with this method will be the most realistic.",2.6120846271514893
037_56563,"This will certainly take some time, but it will show this boy that you don't need him to be happy. He may realize that he has behaved poorly and feel regretful about it. Find new activities and new friends. Visit new places and try new things. Post your new activities on social media, bring your new friends to parties he will attend, and mention these new things you are doing when you talk to him again.",0.8641958236694336
037_35937,"It is recommended to transplant cabbages outdoors about 2 to 3 weeks before the last frost. Check the long-term weather forecasts in your area to estimate this date. Once you know the date of the expected last frost, plan a date 2 or 3 weeks earlier to transplant the cabbages into the ground. For a fall harvest, transplant the seedlings 6 to 8 weeks before the average date of the first frost of winter. Cabbages need several elements to grow well, including sunlight. When transplanting them in the garden, look for an outdoor location that gets full sun for at least 6 hours a day. Avoid planting cabbages in the same bed as cauliflower, broccoli, tomatoes, or strawberries. Cabbages thrive when planted next to cucumbers and beans. Cabbages require very fertile soil. Mix the soil from the bed where you want to plant them with an equal amount of compost or well-decomposed manure. Water the soil to make it moist before transplanting the cabbages. The ideal pH for cabbages is between 6.5 and 7.5. You can test the soil's acidity in your garden with pH test strips, available at most garden centers or hardware stores. If you need to lower the soil pH, incorporate more compost or manure to make it more acidic. If you need to raise the pH, incorporate powdered lime. Plant the seedlings at the same depth as in the tray where you sowed the seeds (about 1 cm). Space them 30 to 60 cm apart and plant them in rows spaced about 60 cm apart. For the best results, transplant cabbage seedlings on a cloudy day to avoid traumatizing them with sudden sun exposure. Apply a layer of mulch 2 to 3 cm thick on the soil surface. The mulch will help retain moisture in the soil while the young plants grow, protect the cabbages from insects, and help maintain a consistent soil temperature. Shredded leaves, finely shredded bark, or compost are ideal for mulching cabbages. Cabbages need about 4 cm of water per week. If it doesn’t rain enough, water the soil sufficiently to keep it moist throughout the growth of the cabbages. Continue watering the cabbages until they start to mature. At this point, stop watering them to prevent the heads from splitting. Do this 3 weeks after transplanting them. When they start producing new leaves and forming a head, incorporate fertilizer into the soil. They will need fertilizing about 3 weeks after transplanting the seedlings by applying a nitrogen-rich fertilizer. Fish emulsions, liquid fertilizers, bone meal, and cottonseed meal are good fertilizers for cabbages.",4.272149562835693
037_32825,"Among the most common symptoms are a burning sensation, inflammation, white-gray liquid discharge, and an unpleasant fishy odor. You may experience all the symptoms, only some, or even none. The exact cause of vaginosis remains unknown, but some women are at higher risk than others. Many women who have previously suffered from bacterial vaginosis will develop a new infection within the current year. This could be due to the fact that some women naturally have a lower level of healthy bacteria. Unlike a yeast infection, vaginosis cannot be effectively treated at home. To treat the infection and relieve symptoms, you need to consult your doctor and obtain medication. They may prescribe oral medications such as metronidazole or tinidazole, or a cream containing clindamycin, for example. To diagnose vaginosis, your doctor will need to perform a pelvic exam and take a sample from your vagina to examine the cells under a microscope. They may also ask you to test the pH of your vagina. It is especially important to receive treatment right away if you are pregnant, as vaginosis could cause complications. Although there is no way to completely prevent it, you can reduce the risk of vaginosis by following some simple steps. Avoid douching, as it disrupts the balance of vaginal flora and can lead to infections. Avoid scented products like soaps, tampons, and sprays. Limit the number of your sexual partners. Although the exact cause is not clearly known, women who have multiple sexual partners, who have recently started having sex with a new partner, or who have sex with other women are at higher risk of developing vaginosis. Dry your vagina well after showering and avoid hot baths. Always wipe from front to back after using the toilet to prevent introducing fecal bacteria into your vagina.",2.809764862060547
037_23224,"Address your butcher or get it from a supermarket. Select a piece that is large enough for your meal. A quantity of 150 to 250 grams of steak per person should be sufficient. If you are a big meat eater, you can increase the amount. Choose steaks that are at least 3 cm thick, preferably 6 cm. Thin steaks will dry out and harden easily during cooking. Fresh sirloin is a deep red with generous marbling of fat. It is these marbling that will give flavor to your steak. There should be a band of white fat around the steak. Rinse the steak under cold water on both sides, then dry it with paper towels. Good steaks do not require much seasoning, if any. It is enough to add salt and pepper on both sides. If you wish, you can add minced garlic or garlic powder, cayenne pepper, chili powder, or Italian spices for variation. Sirloin is good meat for marinating, as it pairs very well with many flavors. Choose your favorite marinade at the supermarket or prepare it yourself by mixing equal parts of oil, vinegar, and spices. Place the steak in a ziplock bag and add the marinade. Close the bag and let the steak marinate for 4 hours to a whole night. When you are ready to cook your steak, take it out of the plastic bag, dry it with paper towels, and move on to the next step. Let the steak sit at room temperature for an hour before cooking. If you cook your steak while it is still cold, it will be harder to achieve the desired doneness. With a steak at room temperature, it is easier to choose the doneness: rare, medium-rare, medium, and well done.",2.933182954788208
037_24765,"Use the 3.5 mm cable to connect the transmitter to the audio jack of the iPad. If you live in an urban area, an FM transmitter would be difficult to use due to crowded frequencies. Set the radio to the same frequency you have set on the transmitter. Play any music you want on your car radio.",0.8459138870239258
037_32881,"In most countries, there are specific laws and regulations regarding the processes for launching a fundraising campaign. You need to distinguish the different regulations applied in each country, and there may also be taxes that you need to pay depending on the cause for which you are fundraising or your location. Before you start planning a fundraising campaign, consult your country’s government website to review the guidelines governing fundraising in your country. For any questions, visit the headquarters of a nonprofit organization in your area and ask for advice and information. Knowing your audience is the main key to successful fundraising. Try to have an idea of the type of donor that is most appropriate for each form of fundraising. This will better inform you about which fundraising technique you should adopt. Check the contribution records and donation logs for the cause you are supporting. Consider demographic factors. Is the society older, younger, more liberal, or more conservative? You can get an idea of which fundraising technique might be most successful based on this data. If you are dealing with an older society, you might try reverting to traditional fundraising techniques. Actions like bake sales and auctions might work better. A younger society would be more attracted to something more trendy and fun, like a karaoke contest. Young people also tend to be more tech-savvy, so they would be more attracted to a crowdfunding campaign. Some charities are more serious and effective than others, so before investing your money, research and seek information about them online before taking any action. You will find that some charities are heavily criticized by those involved; for example, they may spend significantly more on flashy advertising campaigns than on helping others, remember the League Against Cancer... Only approach organizations that are not involved in any controversy. If you want to organize a fundraising campaign, it would be challenging to do it alone. Team up with people who have the same vision and support the same cause. Work together to set up a successful fundraising initiative. In most areas, there are groups dedicated to various causes. Try to find a group actively operating in your area, attend one of their meetings, and propose your idea to see if there are people among them who would like to help you organize the fundraising. Churches play a significant role in fundraising. If you attend a church, try to make an appeal there as well. You can post on websites like Facebook and Craigslist announcing that you are looking for volunteers to support you in a fundraising effort.",3.841207265853882
037_19473,"To maintain a good attitude, express gratitude a little bit each day. Gratitude is a good way to keep a positive mood and stay upbeat every day. Before you go to bed each night, give thanks for three reasons. Don't forget to tell the people around you as well. For example, you might thank the sun for brightening your day or your cat for being so affectionate with you. Integrate encouragement into your daily routine. It should be a simple, short, positive, and impactful phrase that you can repeat to yourself at different times throughout the day. Encouraging yourself with a positive phrase is the right attitude to have, especially at the start of the year. Choose a short phrase that motivates you to move forward. You might tell yourself, for example, ""I can do it"" or ""It's easy"" to push yourself to keep going. Say this little phrase when you wake up and at all other moments during the day when you start to doubt yourself. Adjust your phrase according to what comes up. If you have an important exam at school, encourage yourself by saying, ""I studied well; I will succeed"" as you wake up in the morning and as many times as necessary until you have completed your exam. When you have the chance, do a good deed for someone's benefit without expecting anything in return. By doing so, you will bring joy to someone who didn’t expect it. This attitude is perfect for starting the year positively and full of compassion. Smile at people you meet on the street, even if you don’t know them. Volunteer for charitable works. Pick up an empty bottle from the side of the road to put it in a trash can. Assist an elderly person crossing the street. Buy a coffee for your coworkers during break. Leave a generous tip at the restaurant.",2.607353448867798
037_17271,"It is similar to the multi-sensory attack mentioned above, but offers many more possibilities. As its name suggests, it allows for the establishment of potential series in seven different directions. To use it, you must arrange your tokens in a very precise way and must control: the central hole of the bottom row, the holes that are separated on both sides of the grid by a space in the second row from the bottom, the three holes in the middle of the third row from the bottom, and the fourth and fifth holes from the bottom in the central column.",1.1106750965118408
037_17982,"Determine the stitch length and thread tension needed for the fabric you are going to sew. If you are unsure, read your machine's manual and adjust it according to the given instructions. Thread the machine with sewing thread that matches the color and strength of the fabric you are about to sew. This is also a good time to plug in an iron so that it is already hot when you need it. Pin the two pieces of fabric together with the wrong sides facing each other. It may feel counterintuitive, as this is the opposite of what you usually do for basic sewing. A French seam consists of two stitches, with the fabric folded over the first so that the final seam is on the right side. Pin the fabric along the edges you are sewing together. This will help keep the fabric well aligned. It is advisable to position the pins perpendicular to the fabric edge to avoid pricking yourself while guiding the fabric through the sewing machine. They will also be easy to remove as you advance the fabric. Sew the two pieces of fabric together, leaving a 5 mm seam allowance. Remove the pins as you progress. To keep the seam allowance consistent while sewing, watch for the guide that should be marked on your sewing machine's needle plate. You can also use a presser foot that is 5 mm wide. This way, you can simply ensure that the edge of the fabric stays aligned with the edge of the presser foot. The seam allowance is the strip of fabric that lies between the seam and the fabric edge. Generally, patterns indicate a specific seam allowance to leave so that the finished item is neither too large nor too small. The second stitch of the French seam will require about twice the seam allowance you use for this first stitch. When cutting the fabric pieces, make sure you have added a sufficient seam allowance to all measurements. You can use a 1.5 cm seam allowance for this stitch if you prefer that measurement, but remember that you will also need to increase the seam allowance for the second stitch to encase the fabric edges. It is recommended to remove the pins right before you sew over them. This way, the fabric will stay well in place, but your machine's needle will not risk hitting a pin and breaking. When you finish sewing, remember to cut the ends of the threads and remove any remaining pins. Trim the fabric edge outside the seam to leave a 5 mm strip. You can use straight or pinking shears. If you are sewing a delicate fabric, pinking shears may better prevent the edges from fraying. Remember that this seam will not be visible when you are finished. It is okay if the cut edge is slightly frayed or irregular. It would be ideal if you could leave only a 3 mm seam allowance to avoid wasting fabric, but on most sewing machines, you need to pass more than 3 mm of fabric under the presser foot so that the feed dogs (the small metal teeth located under the presser foot) can grab it and move it forward. Unfold the two layers and lay the fabric flat on an ironing board. Press the seam on both the right and wrong sides of the fabric so that it is nice and flat. Then fold the fabric along the seam with the right side inside (the opposite of what you did for the first seam). Press the fabric, making sure that the seam you just made is right at the edge, at the fold. Press the fabric very carefully and cleanly so that the seam on the outer edge is perfectly straight. Make sure the iron is set to the correct temperature for the fabric you are sewing. If it is too hot, you risk burning the fabric.",5.6601293087005615
037_28548,"Make sure to primarily consume organic products. You should avoid those that contain pesticides and other chemicals such as hormones or antibiotics that increase the risk of inflammation. You should also limit the amount of processed foods you consume to reduce the intake of preservatives and additives that can also trigger inflammation. This way, you will consume complex carbohydrates instead of simple sugars that promote inflammation. Prepare and cook your meals yourself as much as possible. This will help preserve the vitamins, minerals, and nutrients found in natural products. A simple rule is to avoid overly white foods like wheat flour, white rice, and regular pasta, which are processed products. Instead, consume whole grain bread, brown rice, and pasta made from whole grains. Whole grains should make up two-thirds of your diet. Fruits and vegetables contain many antioxidants that help reduce chronic inflammation. Preferably, consume fresh products. You can also use frozen products, but you should avoid consuming them with fatty sauces. Avoid fruit-based foods that have added refined sugar, for example, in syrup form. Choose brightly colored fruits and vegetables, as they are particularly rich in antioxidants. You could consume the following vegetables and fruits: berries like blueberries or raspberries, apples, plums, oranges, lemons, green leafy vegetables, summer and winter squash, and peppers, as they reduce chronic inflammation. You should consume at least 20 to 35 mg per day. Foods rich in fiber include whole grains, vegetables, fruits, and seeds. Here are some foods that are excellent sources of fiber: consume bulgur, brown rice, buckwheat, oats, millet, quinoa, apples, pears, dates, figs, all kinds of berries, green leafy vegetables (like spinach or cabbage), carrots, broccoli, Brussels sprouts, bok choy, beets, peas, lentils, dried beans of all types, pumpkin seeds, sunflower seeds, sesame seeds, nuts, almonds, pecans, hazelnuts, and pistachios. Choose lean meats, as they have a better ratio of omega-3 and omega-6 fatty acids. Avoid eating the skin of poultry. Only choose meats from animals raised without hormones or antibiotics and remove the fat before consuming. By limiting your meat intake, you will reduce your saturated fat intake, which should not exceed 7% of the calories you consume daily. You can reduce your saturated fat intake by avoiding cooking your dishes with butter or margarine. Instead, use canola or olive oil. Heart specialists recommend avoiding “trans” fats. Read the labels of the products you are considering buying to avoid those that contain hydrogenated fats. In this case, you can be sure that the product contains “trans” fats even if the label indicates that it does not. Fish flesh contains quality proteins and a good amount of omega-3 fatty acids that are beneficial for the heart. By consuming plenty of these omega-3s, you will reduce chronic inflammation. Among the fish rich in omega-3s are tuna, salmon, trout, mackerel, and sardines. Remember to stay well hydrated by drinking plenty of water. In fact, certain herbs and spices can reduce pain associated with rheumatoid arthritis. They can be consumed through dietary supplements after discussing them with your family doctor. It is actually preferable to absorb them through your diet rather than through supplements. Among these herbs and spices that have anti-inflammatory properties are: garlic, turmeric, basil, oregano, cloves, cinnamon, ginger, and chili peppers. Moderate exercise contributes to improving overall health by particularly strengthening muscles and bones. A physiotherapist can help you choose the physical exercises that will be most beneficial for you. Remember that relatively low-intensity activities such as light weight exercises, aerobics, walking, Tai Chi, hiking, and yoga are entirely appropriate. They will particularly help strengthen and stretch your muscles. You need to find the right balance between exercise periods and rest periods. If you experience a rheumatoid arthritis flare-up, during an exercise session, take a short break rather than completely stopping your activity to go to bed. Among these are anti-inflammatory agents. Your doctor might also prescribe antibodies that can reduce the tumor necrosis factor (“cachectin”). Scientists do not know exactly how this glycoprotein can affect rheumatoid arthritis, but they have found that it has some effectiveness in reducing the pain and discomfort associated with this disease when used in combination with anti-inflammatories. Your doctor may otherwise prescribe proteins produced through genetic engineering that should also be combined with anti-inflammatories. Non-steroidal anti-inflammatory drugs and analgesics (pain relievers) are used in combination with other medications. Disease-modifying antirheumatic drugs like methotrexate can severely damage the liver and make it hypersensitive. Other side effects include fatigue, fever, cough, and respiratory disorders.",6.681067705154419
037_55624,"Examine your negative thoughts and worries by identifying the types of mental distortions associated with them, meaning you need to pinpoint the partial or false truths that your mind is telling you. Here are some examples of cognitive distortions. 

Black-and-white thinking: This type of thinking allows no room for nuance. You are either good or bad, right or wrong, with no complexity or middle ground. 

Overgeneralization: You take a single negative experience and elevate it to a supreme rule. This kind of thinking often includes words like ""always,"" ""never,"" or ""everyone."" 

Mental filtering: You filter out all the positive elements of a situation and only focus on the negatives. For example, you might have had an amazing date but only concentrate on the awkward silences at the beginning of the evening. 

Jumping to conclusions: You draw negative conclusions without any obvious evidence, such as believing you know what others think or what will happen in the future. 

Catastrophizing: You fixate on the worst that could happen and exaggerate small problems. 

Emotional reasoning: You believe that what you feel at the moment is an objective reflection of reality. If you feel bad, it must mean that the situation is bad. 

Arbitrary rules: You follow strict, often arbitrary rules and create unrealistic expectations about what should or should not be. 

Labeling: You label yourself and others based on flaws you believe you have, even if you have clear evidence to the contrary. 

Personalization: You take responsibility for situations that are beyond your control. If it rained during the party you organized when the weather forecast predicted sunshine, you blame yourself for the bad weather. 

Magnification and minimization: You minimize your positive attributes while idealizing others. When someone gives you a compliment, you dismiss it. 

Create a ""thought journal"" that you use solely for this purpose. When you have a negative thought, find a blank page and follow the steps below. 

Write down the trigger, which could be another thought, an event, or a situation, for example: ""I argued with my partner this morning before going to work."" Note the negative thought that came to you during and after the trigger. Ask yourself: ""What was I thinking?"" ""What were the things I was telling myself?"" and ""What was going through my mind at that moment?"" You might have told yourself: ""I messed everything up. This is the end of the relationship. He is tired of putting up with me; he doesn't love me anymore, and he will leave me."" 

Write down the words that describe how you feel and underline those that are strongly related to the trigger, for example: ""scared, alone, hurt."" You underline ""scared."" Look at what you have written and try to find thought patterns that do not help you. For example: ""catastrophizing, jumping to conclusions, black-and-white thinking."" 

Draw two columns under each negative thought: one where you will list evidence supporting the negative thought, and another with a list of evidence against the negative thought. By filling out these columns, you will see if your negative thought is based on something real. 

Continuing with the example of the argument with your partner, the evidence for might include: ""He really got angry, he turned red, and he left slamming the door. He didn't call me during his lunch break like he usually does."" In the evidence against column, you might write: ""We've had worse arguments than this one, and we always improved the situation by talking about it. He told me he needs a moment to calm down after getting angry, but when he's calm, he becomes more rational and ready to compromise. He told me earlier this week that he has appointments all day today and won't be able to call me during his lunch break. He has told me several times that he is committed to making our marriage work, no matter what. We don't argue that often."" 

This process allows you to observe your thoughts objectively. You analyze and evaluate them to see if they are based on facts instead of accepting them without questioning them. Ask yourself the following questions about your negative thoughts and write down the answers in your thought journal: What are the different ways to view the situation? If I didn't have this kind of feeling about the situation, how would I see it? What are the realistic probabilities of this happening? How would an outsider view the situation? Is it really helpful for me to think this way? What are the things I tell myself that are truly helpful?",6.528728246688843
037_2524,"Caterpillars are sensitive to bacterial infections and can become ill just from being touched. For this reason, it is important to wash your hands before handling them. Be very careful when touching them, as they are very fragile and you could easily kill them. Be careful not to drop them, as they can die even from a small fall. They will cling tightly to the surface they are walking on. If you try to catch one while it is walking, you might pull off its front legs. If you want to move a caterpillar, let it climb onto the transport surface by itself. If you want it to get off your hand, lower it towards a leaf and let it descend on its own. If you have a caterpillar and want to change its host plant, put the new plant in its container and give it a few hours to move to the new plant before removing the old one. If you find a caterpillar with spikes or hairs, it may sting you if you try to catch it. Most stinging caterpillars are also brightly colored. In France, processionary caterpillars are particularly known for their stinging hairs and are easy to recognize as they move in long lines of dozens of individuals. If you get stung by a caterpillar, you can use adhesive tape to remove the small stinging hairs before washing the area with soap and water to eliminate the venom and reduce irritation. You can also try applying ice or baking soda to the area to relieve pain and inflammation. Caterpillar stings are similar to bee stings, meaning they are rarely fatal, but they can lead to serious reactions. If you suffer from asthma or allergies, or if you observe allergic reactions like difficulty breathing and inflammation, consult a doctor immediately.",2.696164608001709
037_20311,"The person with the three of spades will start the game by playing as best as they can. For example, they can lay down a sequence, a triple, a double, or a single card, which will be the three of spades, since the card played must include the three of spades on the table. Once done, the next player will try to do better. Note that if this is not the first game, it is the winner of the previous round who starts this new game. To play, you must lay down a similar set to what the previous player played, but of a higher value. If your predecessor just played a double or a triple, you must do the same but with a higher value. Similarly, if they played a single card, you must play a single card, but stronger. If you do not have a stronger card in your hand than what the previous player has just laid down, you must pass your turn. It is the next player's turn to try, and if they cannot play either, it goes to the following player. Note that if no player can play, the last player can lay down any set they wish. If you have three doubles or something stronger like a four-of-a-kind (four cards of the same rank) in your hand, do not hesitate to play them, as the goal of the game is to get rid of all your cards as quickly as possible. Note that you can play a double sequence of three cards (for example: 55, 66, 77) or a four-of-a-kind. A four-of-a-kind is stronger than a double sequence of three cards. To beat a four-of-a-kind, you need a four-of-a-kind of a higher rank, such as four kings being stronger than four tens. Generally, when a player lays down such a high set, the other players are forced to pass their turn. Note that simple sequences or double sequences of three, four cards, and more must not include cards of rank two, although these are the strongest cards. If you have a strong hand, do not hesitate to place it on the table. It does not matter if the other players cannot raise the bid, just go for it! You can play a four-of-a-kind or even a pair of twos, which are the highest-ranked cards. After you have played all your cards except one card, you must announce it to all the other players. At that point in the game, you can only play one card when it is possible. However, it is not necessary to finish with a single card; you can hold all other combinations (double, triple, sequence). Regardless of the number of cards you have in hand, the goal is to get rid of all your cards as quickly as possible. Therefore, be strategic and visualize the game according to doubles, triples, etc. The game can end with any combination. Strive to be the first to place cards on the table, as this is the first step towards victory.",4.441551446914673
037_5637,"This recipe requires a larger number of ingredients but allows you to create objects that can withstand a fall of one meter. Mix one cup of polyvinyl glue, ½ tablespoon of stearin, 1.5 tablespoons of glycerin, 1 ½ tablespoons of petroleum jelly, and ½ tablespoon of citric acid in a non-stick saucepan over low heat. Mix thoroughly. Use the lowest possible temperature to heat your saucepan. Gradually add one and a half cups of cornstarch to the mixture while stirring continuously. By proceeding slowly, you will avoid lumps. Continue mixing until you can lift the dough from the saucepan. The consistency will become increasingly sticky, then heavy and thick, making it difficult to stir. However, keep mixing until you can lift the dough from the saucepan. Place the dough on a work surface covered with parchment paper. The dough should be warm, slightly sticky, and lumpy. Knead it for 20 minutes to eliminate all lumps. The dough should become silky and no longer sticky. Let the dough cool a bit if it is still hot at the end of kneading. Store the dough in a ziplock plastic bag to prevent it from hardening before use. Remove as much air as possible from the plastic bag before sealing it. After modeling, this hardening dough can be painted with acrylic paint.",1.984736442565918
037_14581,"She must have the size you need for your fake fireplace. Be sure to check the edges and don't worry about the color. Also, remove the screws and rails from the drawers. Now, your dresser should look like an open shelf. Make sure to retrieve the three best boards from the sides of the drawers and remove the handles. If necessary, fill the screw holes with wood filler, plaster, glue, etc., and let it dry. You need to do this horizontally at the top of the open front of the dresser. In other words, the drawer front must be in the same position as that of the top drawer. Attach it to the dresser using discreet small finishing nails or preferably screw it in starting from the inside of the dresser. Then, screw outward through the back of the drawer front. Be sure to measure from the bottom of the new board you just nailed down to the bottom of the opening (and not to the floor). Since you will continue to cover the large opening of the dresser by attaching drawer fronts (placed vertically) on both sides of the opening, you will likely need to adjust the size of the boards or the furniture. If the opening you measured in the fifth step is larger than the length of the fronts, you need to cut the bottom of the dresser. On the other hand, if it is smaller, you need to cut one end of each front. Do this vertically on both sides of the opening. One of the boards should slightly overlap the right side of the opening and the other should extend a bit beyond the left side of the opening. Additionally, the tops of both fronts should rest on the base of the already attached board. If you cut the ends of the boards, make sure to orient the cut edges downward for a more uniform finish. Attach the boards to the right and left sides of the dresser using discreet small finishing nails or preferably screw them in starting from the inside of the furniture. Then, screw outward through the back of the front. To attach the side drawer to the top one, you will need small pieces of wood. Align them in the space between the drawers (inside the dresser) and screw them to both fronts. Paint the outside with glossy white paint to give it a modern touch. Be sure to paint the inside black to camouflage the wood. If you cut the bottom of the dresser to fit the fronts, the furniture will look incomplete when placed on the ground. To create a base, simply look for a coffee table of the right size, cut its legs, paint it, and place it under the fireplace.",3.6042768955230713
037_58518,"Sperm can survive up to 5 days in your body. Therefore, if you start having intercourse two or three days before your ovulation date, you should be able to get pregnant. For more safety, have intercourse every day or every other day during the second and third weeks of your cycle. Artificial lubricants can slow down or kill sperm. Ask your partner to take time for foreplay. However, if you still need lubricant, opt for a natural product, such as mineral oil or canola oil. Stress can disrupt your cycle. Calm down and have fun. If your life is full of unnecessary stressors, try yoga or practice meditation. Spending just 15 minutes of your day combating stress can help you greatly.",1.3002119064331055
037_62408,"You will achieve a more flattering angle by taking the photo from above. This will highlight your eyes and make your face and neck appear smaller. Photos taken from below can also give a sense of power, but they often emphasize the chin and nose, two parts of the face that are not always flattering. It is better not to take the photo too high to avoid distortion. Hold the camera a bit away from your face and slightly above eye level, then take the picture. Look at your face in a mirror or the camera (you can also take a photo of yourself) and find the part of your face that looks darker, as it is farther from the light. Take the photo from your shaded side to create an artistic and slimming effect. This method may not work in full sunlight. Instead of taking a traditional portrait, try capturing the photo in different ways. Here are some methods you might use: a profile photo, half of your face (either the right or left), or a close-up of your eye, mouth, or cheek. The best photographers use a rule called the rule of thirds. This means your eye should be positioned one-third of the way down from the top of the photo and from one side. This creates a more interesting photo and likely a more flattering angle. The lens will distort anything physically close to it. A selfie, typically taken by holding the camera at arm's length, often makes the nose appear larger than it is, which may not be appealing to everyone. If you want to take a close-up photo, zoom in slightly with the camera and hold it away from you, or take a photo from further away and crop it to give the impression it was taken closer. If your camera has a timer, place it on a stand, set the timer, and step away. The photo you will get will be much better. Even though the front camera is probably more convenient for taking pictures of yourself, there’s a good chance that the camera on the back is of better quality and can therefore take better photos. It’s easier to see what you look like in a mirror, which is why you can place a mirror behind your camera or phone to have a better idea of the photo you are about to take. Make sure you don’t smile awkwardly! Even though it’s not always a possible solution, it’s best to ask someone to take the photo for you. You will have a better chance of focusing on what you are doing and how you are standing if you are not worried about how you are holding the camera and how you are going to take the photo. Ask a friend to take a picture of you. They might tease you for it, but they might also ask you to take a picture of them. If you find yourself at an event or participating in an activity, ask someone else to take a photo of you (and with your friends if there are several of you). Just make sure that this person is trustworthy so that they do not steal your camera or phone.",4.488947153091431
037_34121,"When your dog goes to the bathroom, whether outside or inside, give them a lot of attention and gentle pats. Say ""Good dog!"" Have a little celebration with the animal to help them understand that what they did is commendable and deserves encouragement. Once the dog finishes going to the bathroom, encourage them immediately. Make sure your compliments are directly associated with the action the dog just performed. Otherwise, they might get confused about the true reason for the praise they are receiving. Do not use an aggressive tone with your dog while training at home. You should not make them feel scared or anxious about going out or doing their business. Do not yell at your dog if they accidentally go to the bathroom. Be patient with them, as they are learning to obey your commands. Do not shove their face into their feces. Do not yell at the animal or hit them either. If you are not kind and patient with your pet, they may eventually associate punishment and fear with going to the bathroom. If you happen to catch your dog relieving themselves by accident, make a loud noise or clap your hands to startle them. They will immediately stop going to the bathroom or urinating, and you can then lead them to the designated spot to finish.",2.4110124111175537
037_23955,"Upon your arrival, you will receive a form to fill out. On this form, you will need to provide specific information about your medical history, as well as any illness, trauma, or unusual pathology you have recently experienced. Answer each question honestly and as accurately as possible. Be sure to inform the doctor or nurse of any medications you are taking, as well as any health information that may be important to verify. It would be a good idea to note key points of your medical history in advance, in case there are important things you might forget. After these steps, you will undergo a quick examination to confirm that your heart rate, blood pressure, and hemoglobin levels are normal. The specialist may also collect other information such as weight, height, gender, and age. They will then prepare you for blood donation by positioning your arm and locating the injection site. A quick check is necessary to assess your physical condition and ensure that the blood donated comes from a healthy person. Let the technician taking care of you know if you prefer to sit or lie down during the donation. You will also need to specify which arm will undergo the process. Once you are ready, relax and make yourself comfortable. You will feel a small prick followed by a slight cool sensation while the process is ongoing. The donation process takes between 8 and 10 minutes, during which a maximum of 480 ml of blood is collected into a bag. Find an activity to distract you while the technician does their work. A book, smartphone, or MP3 player are excellent options if you’re looking to stay still. If you haven’t made any of these arrangements, you can pass the time chatting with the technician or mentally reviewing your tasks for the day. However, the process will be over before you realize it. Make sure that whatever activity you choose does not cause significant disruptions. You may be asked to keep your arm perfectly still during the blood donation. If you are sensitive to the sight of blood, focus your attention on something else in the room.",2.990511894226074
037_10609,"The genetic profile is the main factor that determines the speed (as well as the thickness) of beard growth, and there is nothing you can do about it. Although you can take measures to stimulate the process, you must primarily accept that your beard will grow as it wishes and at its own pace. Some people say that regularly trimming the beard allows it to grow faster; however, there is no proof that this is true. It is possible that regular shaving before growing a beard stimulates hair follicles, but again, the effectiveness of this method is not fully proven. Once your beard starts to grow, simply avoid touching it! Wet your face with warm water. If your beard has not started to grow yet, apply a gentle facial cleanser with massage. If it starts to come out, additionally apply a mild shampoo on the hairs. Use clean cold water to rinse the cleanser and shampoo, then pat your face dry with a soft towel. Follow this ritual every morning and evening. Regularly wash your face to remove dirt and oil from the hair follicles. This will promote growth. To know if a cleanser is gentle enough for your skin, apply a small amount to your chin and wait 10 minutes. If you show no signs of reaction (for example, redness or irritation), you can safely apply it to the rest of your face. With the tips of your fingers, press firmly (but not too hard to cause pain) on your face and then massage in circular motions the area where the beard is growing. Try this tip for 10 minutes, twice a day. Once a week, wash your face as usual with the gentle cleanser or shampoo, but rinse this time with warm water and do not dry your skin. Gently work the exfoliant into your entire face (including on all the hairs) and then rinse it completely with clean water and pat dry. Exfoliation will help remove dead skin cells that prevent hair follicles from reaching their full growth potential. Before applying an exfoliant to your entire face, put a small amount on your chin for 5 to 10 minutes. If you do not feel burning or irritation, it means you can use it safely. Although you should be cautious of products sold as effective in stimulating beard growth, oils and beard softeners actually have some benefits. A soft and hydrated beard will grow slightly faster. Avoid beard oil if you have acne, as it may worsen your breakouts. In any case, you should use products that will improve the appearance of your beard, regardless of its growth speed. As with most home remedies, the evidence of effectiveness for these tips is at best limited. However, they are unlikely to harm you, and you can safely try one or both of the recipes below. Prepare a fine paste from 15 ml of freshly squeezed lemon juice and 15 g of ground cinnamon. Apply it in a thin layer on your beard, leave it for 20 to 30 minutes, then rinse before applying your usual facial cleanser. Use this paste 1 to 2 times a day, but stop immediately in case of irritation. Mix 45 g of dried mustard leaves with 60 ml of amla oil until you get a smooth paste that you will apply in a thin layer on your beard. Leave it for 15 to 20 minutes before rinsing and washing your face with your usual facial cleanser. You can store this paste in the refrigerator and use it daily for 2 or 3 days.",5.186969757080078
037_9266,"Once you have installed Virtual DJ, open the software. You will first be asked to select a skin. Skins vary in complexity and give the program a different appearance. To start using Virtual DJ, choose the basic skin (default interface). Virtual DJ is a robust software that offers many possibilities, so you will need to familiarize yourself with it and explore its features. To do this, it is best to choose the clearest and easiest-to-use interface. When you launch Virtual DJ for the first time, you will be asked to select the folder where your music is located. Choose the folders you want to add by navigating through your computer from the search bar or on Mac, using Finder. If you usually use iTunes, you can click on the iTunes music library file (iTunes Music Library.xml) found under My Music, iTunes Library. To begin, you need to get acquainted with the three main areas of the program before you start playing your sound. 

The active waveform. At the top of the screen (just above the decks), you can see a small rectangular window with waveforms (red and blue peaks and troughs) once you have loaded tracks. This window is dynamic, and the track scrolls from right to left showing you the volume peaks. The small squares appearing under the waveform indicate the beats of the track that is or will be played. This way, you can visually track the progression of the tracks and easily sync them when you want. This window is called the CBG (computer beat grid). When you perfectly align the red squares with the blue ones, both tracks will be synchronized on the same beat (tempo). Load two tracks (one in the left deck and one in the right deck) by dragging them with your mouse from the directory on the left and have fun! 

The decks. Called Decks, the virtual decks represent physical turntables. Imagine you have two physical turntables in front of you. The right deck is red while the left deck is blue, corresponding to the blue and red active waveforms you can see just above. The left virtual deck simulates a physical turntable, and when a track is played, a blue line (surrounding the deck) shows you the elapsed time and the remaining time before the track ends. The right virtual deck is red and has the same functions as the left deck. Start a track, click on the deck playing it with the left mouse button, and move the mouse while holding down the left mouse button to hear the result! 

The mixer. The mixer placed between the two virtual decks allows you to make basic adjustments such as changing the output volume, input (gain), bass, treble, and mids, as well as balancing the sound more or less towards the right or left deck. Choose a folder containing tracks on the left side of the screen and click on it. You will see the tracks in that folder appear. You can select a track to play by dragging it with the mouse onto a deck or by clicking on the track title in the window below the mixer. Generally, the track will be added to the left deck, and the right deck is used for the next track. Click on the gear icon at the top right (settings). Here you can configure and customize Virtual DJ to suit your preferences for playing, mixing, and editing. Click on Settings and observe the available options. You will find options related to remote control, internet, and also skins. Click on Skins to access possible modifications. You can search online for new graphics and custom skins to transform the appearance of Virtual DJ. Some skins are very nice, but others can sometimes make the software difficult to manipulate. You can find beautiful skins on the official Virtual DJ website. For Virtual DJ 7, click here, and for new skins for Virtual DJ 8, click here (right-click to open in a new tab). There are words next to most of the software controls and buttons to make it easier for you and to make the software easier to use. 

Play/pause. This button allows you to start a track and also to pause it. Stop. The function of this button is quite easy to guess, right? Beatlock. This function allows you to lock the tempo (beat) of the track and synchronize other tracks to its beat. For example, if you want to scratch with the right deck (or left), this function ensures that the playing track will continue to move at the same speed. The beatlock function offered on Virtual DJ allows you to do things that are not achievable with physical turntables. Pitch. This function allows you to vary the tempo of a track temporarily or permanently. You have two ways to access it: using the two arrows next to the SYNC button (for an adjustment) or with the slider above these two arrows (for a permanent change). This function allows you to perfectly synchronize one track with another in the middle of a mix. The keylock button above the slider lets you change the speed of a track without changing its pitch. The Virtual DJ software has many users worldwide, so you will find many tips and valuable information online to learn how to use this program in the best way. You will also find resources on YouTube and other websites.",8.060909748077393
037_22868,"If you want to change your relationship with your mother, do not be afraid to take the first step. If both of you are waiting for the other to make the first move, nothing will ever change. Sometimes, a change in a relationship requires personal change. For example, if your relationship with your mother is complicated because you have betrayed her trust, make efforts to become more responsible and regain her trust. The longer you wait to resolve conflicts, the worse the situation will get; therefore, you need to address your issues as quickly as possible. Some things are not worth arguing about; do not let them harm the healthy relationship you are trying to build. If you feel like starting a fight with your mother, take a moment to ask yourself if it wouldn't be better to let it go. This is usually the best strategy for minor, inconsequential matters. For instance, if you and your mother disagree on the kind of party you want to plan for your father's birthday, you should simply let it go. Do not just dismiss issues that are not important to you. For example, if you and your mother disagree about your college studies, you should not disregard her opinions to avoid conflict. Whatever the issues are between you and your mother, try to see the situation from her perspective and understand how she might feel. Empathy will help you move past your past disputes and move on. Always take the time to ask yourself why your mother feels the way she does. Remember that her different life experiences may have influenced her opinions. You will feel more empathy for your mother by doing your best to understand her point of view. It is important not to forget that your mother is a human being who makes mistakes, just like you. Do not expect her to be perfect. Whatever has happened between you and your mother in the past, you have the power to forgive her. This does not mean that you accept what she did, but only that you want to move on and do not want those past mistakes to interfere with your present relationship. If you want your mother to know that you forgive her for something she did, tell her directly. For example, you might say, ""I want you to know that I felt really hurt when you said those negative things about my boyfriend, but I forgive you, and I would like us to move on."" Try not to bring up your past disputes during your current arguments. You can also encourage your mother to forgive you. If your mother says or does something that hurts you, it is important to tell her how you feel. This allows you to talk about it and resolve the issue before it becomes a big fight. When you do this, avoid insulting her or accusing her of anything. By using first-person phrases, you will keep the focus on your feelings rather than on her actions. For instance, you might say to her, ""I feel like I disappoint you when I say those kinds of things,"" instead of saying, ""You never appreciate the things I do for you."" If your mother explains that something you said or did hurt her, it is important to understand that and try to make efforts to correct the problem. If you and your mother are unable to repair your relationship on your own, you should consider seeing a therapist together. A neutral third party can help you understand the obstacles that prevent you from having the relationship you want with your mother.",5.386688947677612
037_55885,"To create roses, cut large circles from your piece of felt. Choose the color you want and also consider a few shades of green felt to make the leaves of the flowers.",0.5967340469360352
037_21908,"Use a small amount of water to facilitate the process. This baking soda method allows you to soak the colored strands directly in the preparation, instead of pouring it over the hair. That’s why you need to have enough water to dip the hair into a container. Heat the water until it boils. The water will fizz strongly when the baking soda begins to dissolve, and this reaction is completely normal. Place it on the countertop, near the sink. Do not dip your hair into the pot while it is still on the stove. Let it sit like this for about a minute. The water will continue to fizz and take on the color of the Kool-Aid you used for your hair. Pour the baking soda solution down the sink and rinse immediately. Also rinse your hair with hot water under the faucet. If your hair gets too tangled or continues to fizz, wash it in the shower with shampoo. At this point, the Kool-Aid is completely removed.",1.6722338199615479
037_31351,"Volunteering is much better when done with people you love. Have a good time and realize that your good actions help the planet. This will help you feel good while having fun. Do it a few hours a week at a shelter. You can play with the animals and help them. Get involved and become a Big Brother or Big Sister with your friends to do things with your little brother or sister and their family. Provide some services at the soup kitchen or food bank with your friends. If possible, also try to make a donation.",1.0792295932769775
037_50768,"The default theme examples you will find on your Xbox are ""Spectrum,"" ""Day,"" and ""Night."" Your Xbox will now display the new theme.",0.602731466293335
037_42405,"For example, you may find yourself thinking that ""you cannot accomplish something"" and you say to yourself ""I will surely fail"" or ""no one will pay attention to what I say."" This discouraging and unnecessary inner voice will prevent you from having confidence and a high opinion of yourself. When a negative thought crosses your mind, turn it into a positive thought. You can achieve this by using positive affirmations, such as ""I will try,"" ""I will certainly succeed if I put in the necessary effort,"" or ""people will want to listen to me."" Start by examining a few positive thoughts each day. Additionally, strive to give positive thoughts a greater space in your brain than that reserved for negative thoughts. This exercise will become more natural over time. To maintain good morale, stay connected with your loved ones, namely family members and friends. Moreover, avoid demoralizing people or situations. A so-called friend can actually have a bad influence on you if they continuously make negative comments or unjustified criticisms. A family member, even if well-intentioned, may also undermine your self-confidence if they give you advice on what you should have done in a given situation. When your attitudes become more positive and when you take the necessary steps to achieve your goals, you will find that these defeatists will double their efforts to demoralize you. As much as possible, limit your contacts with these individuals while you build your self-confidence. Take time to reflect to enrich your existence and associate with comforting and encouraging people. Avoid dwelling on things that can undermine your joy of living. This can include bad memories, a piece of clothing you can no longer wear, or places that do not foster your self-improvement. If you cannot get rid of the negative sources that spoil your life, at least think of ways to limit the damage. Thus, you will find it easier to develop your self-confidence. Allow yourself time to examine all the elements that demoralize you, including your friends, a job that no longer interests you, or unbearable living conditions. Everyone excels at something. Therefore, identify the activities in which you excel, and then strive to improve your talents. Allow yourself to be proud of your achievements. Be imaginative, whether in art, music, writing, or dance. Find an activity you love and cultivate a talent related to that activity. Additional activities and interests will make you more confident. Furthermore, they will increase your chances of meeting true friends. By engaging in your favorite activities, you will gain confidence, as you will benefit from a therapeutic effect and feel satisfied and happy. Do not hesitate to be proud of your talents or skills and reflect on things that contribute to your growth. This can include your sense of humor, your empathy for others, your listening skills, or your ability to overcome fatigue. You probably think you have nothing admirable, but if you dig deep, you will realize that you possess several exceptional qualities. Write them down so you can examine them thoughtfully. Many people with low self-esteem struggle to accept a compliment. They think the person is mistaken or lying. If you respond to a compliment by rolling your eyes and saying ""yeah, right"" or shrugging, you need to rethink how you react. Take the compliment you receive to heart and respond positively. A good attitude is to thank with a smile. Show your conversation partner that you appreciate their compliment and strive to fully appreciate it. You can include the compliment among your qualities and use it to bolster your self-confidence. Studies related to what is called facial feedback have shown that facial expressions can actually prompt the brain to record or reinforce certain emotions. Therefore, by looking at yourself in the mirror and smiling every day, you can feel happier and more confident in the long run. This will also help you feel more content with yourself and accept your appearance. Other people will likely return your smile. So, in addition to your happiness, the reaction you receive will contribute to strengthening your self-confidence.",5.583484172821045
037_55938,"Cricket requires specific and suitable equipment to play properly. The bare minimum includes six stumps (poles), four bails (pieces of wood that sit atop the stumps), two cricket bats, and a ball. Most teams also wear appropriate uniforms and safety gear for the wicketkeeper. The stumps and bails are wooden pieces assembled together to create what is called the wicket, which is one of the most important objects in cricket. The installation of the wickets is explained in detail at the end of this section.

The cricket bat is a large willow bat, flat on one side and rounded on the other to ensure its strength. The ball should be hit with the flat side of the bat to give it more power. The cricket ball is about the size and composition of a baseball, but it is divided into two hemispheres stitched together, similar to a tennis ball. It is traditionally red, with white stitching, though nowadays the ball can also be white for better visibility during important matches.

The cricket uniform consists of long trousers, a shirt (short or long-sleeved), and a pair of shoes. Most cricket players wear spikes for better traction on the field, but this is not mandatory. In matches with a traditional red ball, the uniform is usually white or cream, while colored uniforms are reserved for games with a white ball.

The wicketkeeper (a ball catcher) can wear safety gear similar to that of baseball catchers: a pair of gloves, pads (to protect the legs), and a helmet. Other field players are not allowed to wear safety equipment.

Cricket is played on a large oval-shaped field. In the center of the field is a rectangular surface called the pitch. The boundaries of the field must be clearly marked by a line. The pitch is where the bowler bowls the ball to the batter of the opposing team. The length of the pitch must be 20.12 meters and 3.05 meters wide.

A cricket field is generally oval-shaped, although no specific shape is mandated by the rules of the game. The pitch is divided into several segments by lines called creases. There are four in total: the popping crease, sometimes referred to as the batting crease, marks the limit beyond which the batter is no longer safe and can be out (for example, when one of the wickets is broken by the opposing team during a run, it is called a run out).

The two return creases are lines parallel to the longest side of the pitch, located on either side from a popping crease to the end of the pitch. The white lines that close the pitch are the bowling creases. They are parallel to the popping crease and are located between the two return creases, thus dividing the playing area into two rectangles on either side of the popping creases. The bowler can stand on or behind this line before bowling the ball. Each end of the pitch is marked by lines (creases), leaving a rectangular space between them in the center of the pitch. Outside these ground limits, the rest of the cricket field is not marked.

A wicket is a structure consisting of three wooden poles, called stumps, driven into the ground, and two small sticks called bails that sit atop each pair of stumps (left-middle and middle-right). In most cases, if a bowler's ball hits a wicket and knocks off a bail, the facing batter is out. Defending the wickets is therefore an important part of the offense. The three stumps must measure 71.1 cm in height (above the ground) and are spaced 22.86 cm apart.

The wickets are positioned so that the central stump is centered on the bowling crease and the other two stumps are equidistant on either side along the line. One wicket is planted in each bowling crease, totaling two wickets on the pitch. The batters stand in front of the wicket they must defend during the game.",6.5545220375061035
037_10843,"Benzoyl peroxide is similar to hydrogen peroxide in that it acts as an antibacterial agent and reduces excess sebum. Salicylic acid reduces inflammation and unclogs pores, helping to fight and eliminate pimples. Benzoyl peroxide and salicylic acid are the main active ingredients in topical treatments (like creams or lotions) or cleansers specifically designed to treat acne. You can find these products over the counter at your nearest pharmacy. Be patient, as it may take 6 to 8 weeks before the effects of the treatment are visible. If nothing changes after 10 weeks, try something else. Lemon juice acts as an antibacterial and an exfoliant. It not only eliminates the bacteria responsible for acne but also removes excess sebum and dead skin on the face. Lemon juice also acts as a natural bleaching agent that, over time, lightens acne scars. After washing your face as usual, apply 1 to 2 teaspoons of pure lemon juice to the affected areas using a cotton ball or swab. Let it sit for 30 minutes. If you apply lemon juice before going to bed, just let it dry and go to sleep. If you do this during the day, rinse the juice off with cold water. When your face is dry, apply your usual facial moisturizer. Be cautious when using lemon juice on open wounds, as you may feel a stinging sensation on your face. Due to its bleaching properties on the skin, you should avoid this method if you have naturally dark skin. Tea tree oil is an effective natural substance against the bacteria that cause acne. It is gentler compared to most other acidic treatments. You can apply pure tea tree oil directly to your pimples after washing your face, or you can mix it with either aloe vera gel or honey to create a cream that you will apply to the pimples. Make your own exfoliant by mixing ½ cup of sugar, 1 tablespoon of honey, ¼ cup of olive oil or sesame oil, and 10 drops of tea tree oil. Once mixed, apply it to your skin and scrub for 3 minutes to exfoliate. Finish by rinsing with hot water. For some acne-prone individuals, tea tree oil can be very irritating. Try it first on a small area of skin before applying it to the rest of your face. Do not use it if it causes irritation. Baking soda is a very effective and particularly affordable natural exfoliant. You can mix it with hot water to create a paste that you will apply to your face as a mask for 15 minutes. Before rinsing, gently scrub your skin to remove excess sebum and dead cells. You can also add a teaspoon of baking soda to your non-exfoliating facial cleanser before washing your face. Baking soda will give exfoliating properties to the cleanser.",4.5543317794799805
037_51468,"This conversation will not be easy, and you will benefit from noting the reasons why you want to end this friendship or even writing a script for the discussion. Since you will want to hurt this person as little as possible, make sure to present these reasons tactfully and not accuse them of the direction your relationship has taken. You might even discuss what you will say with another close friend, a parent, or a sibling. Just ensure that it is someone who can keep a secret. If your friend hears from someone else that you no longer want to be friends (or worse, from multiple other people), it will greatly affect them. If this person was one of your close friends, you owe them an explanation and should also allow them the opportunity to respond, rather than just cutting ties through email or text message. Be direct (without being mean) and don’t make up a lame excuse or that person will always wonder what really happened. Choose a calm and private enough place so that your friend can react without embarrassment (they might want to cry, for example). Avoid having this discussion in the cafeteria, for instance. It is very easy to misinterpret a letter or an email. Therefore, try to talk to your friend in person or at least on the phone. Otherwise, they might show your letter or email to other people. Try to be kind while remaining firm. Don’t say, “You know, you’ve become a real pest and our friendship is over.” Instead, say something like, “Our friendship has become a very negative energy in my life and I think it would be best if we are no longer friends.” Your friend might have accusations to make or questions to ask you. They might become defensive, start yelling, get angry, or cry. They have the right to do so: let them express their feelings (unless they become violent, in which case, leave immediately). In the end, you will both feel better after saying what you had to say, even if it is difficult at the moment. Your friend may feel terribly guilty for acting the way they did and might want to do everything possible to save your friendship. If you want, you and your friend might still be able to piece things back together. If your friend tries to start an argument, don’t fall into the trap. Don’t get involved in a dramatic scene. Even if they call you names, don’t respond. Stay with your friend until they feel better. Your friend might take your news very badly, and you may need to stay by their side until they have calmed down enough to be alone.",3.672309398651123
037_23334,"Bloating is caused by the accumulation of gas in the stomach and intestines. This leads to many different symptoms, ranging from excess gas to frequent burping and abdominal rumblings. You may notice swelling or distension in your abdomen. You might also experience abdominal pain, which can range from mild to intense or from dull to sharp. Sometimes, passing gas or having a bowel movement can relieve this pain. Many factors can cause bloating, including excessive air swallowing, smoking, constipation, lactose intolerance, or overeating. Generally, most of these factors can be treated without medical intervention. If you are unsure of the cause of your bloating, consult your doctor. Common conditions that often cause bloating include irritable bowel syndrome (IBS), gastroesophageal reflux disease (GERD), celiac disease, and small intestinal bacterial overgrowth. Other rarer conditions may also cause bloating. Serious disorders that can cause bloating include ascites, tumors, celiac disease, dumping syndrome, ovarian cancer, and pancreatic insufficiency. For these conditions, your doctor may prescribe medications that will vary depending on the issue and its severity. Always follow your doctor's instructions regarding prescription medications. Your bloating should subside within 1 or 2 days with appropriate food or medical treatment. If it is not a serious case, it will eventually resolve on its own. However, there are certain situations that require medical attention. If your symptoms do not improve within 2 weeks following medical treatment, consult your doctor immediately. Do the same if: you experience intense pain that prevents you from resuming your daily activities or if it persists for days; you have acute diarrhea; you are vomiting; you notice blood in your stools or there is a significant change in the frequency or color of your stools; you experience unexpected weight loss; you feel chest pain.",2.8857617378234863
037_47952,"Do not let your leg support your weight any longer and walk as little as possible. Keep your knee above the level of your heart while lying down. Raise your knee and foot by placing them on pillows or on the armrest of a chair. Use crutches if you feel pain when extending your leg or bearing weight on it. If you need to use the crutches for more than a few days, consult a professional, as it may be an issue that requires specific care. Apply ice directly to the swollen part of your knee for 10 to 20 minutes. Do this three times a day to reduce swelling. You can also use an ice pack or a bag of frozen vegetables such as peas instead of using ice. If you are suffering from an injury that has caused swelling, avoid applying heat to it. This includes warm compresses, hot showers, and saunas. Wrap your knee in an elastic bandage to compress it. This will help reduce the swelling. Try an elastic bandage with a closure that keeps the bandage in place without the need for pins. You can use a compression bandage from any pharmacy. However, be careful not to wrap the bandage too tightly. If you experience numbness, tingling, increased pain, or if your knee changes color, the bandage may be too tight. A gentle massage may help increase blood flow to your knee. If it hurts, avoid massaging that area. Try an anti-inflammatory medication such as aspirin, acetaminophen, naproxen, or ibuprofen, which are non-steroidal anti-inflammatory drugs (NSAIDs). When taking this type of medication, be sure to follow the recommended dosage. You can also try applying a topical pain reliever. Ask your pharmacist for advice on how to apply it correctly. You might try using a lidocaine patch to relieve pain.",2.9623615741729736
037_24500,"Pornography and sex are complex subjects, and there is no consensus among psychologists and medical experts on whether the effects of pornography or a pornography-related habit can be described as an addiction. That said, the warning signs below will alert you that your pornography habit should be taken seriously: you find it difficult to stop watching pornography, you lie about the number of pornographic films you watch, your relationships, job, or studies are neglected in favor of pornography, you prefer watching a pornographic film to having sex. Keep a journal to note all the times you have a strong urge for pornography or have watched it. Describe the scene that preceded this urge, including your mood, what you were doing, and how you felt that day. Stress, lack of sleep, friends who use or talk about it, or easy access to pornography are among other possible triggers. As much as possible, avoid all triggers entirely. If watching a half-erotic advertisement on TV is your trigger, then avoid watching programs that might have that kind of content. If it’s the route you take to get to university, take a different path. If you cannot reasonably avoid a trigger, think in advance about how you will counteract its effects on you. If the trigger is unavoidable, make a psychological plan in advance for what you can do in that situation. Imagine yourself ignoring that trigger, think about what to eat for dinner instead, or leave the computer and go get some fresh air. Keep distraction items on hand, like a good book or a collection of puzzles. If you are sexually frustrated or bored with a romance, try starting a relationship or having more casual sex. If you are trying to stop watching porn due to its unrealistic representations of sex and bodies or how it teaches you to treat sexual partners, consider watching unconventional porn that tries to address these concerns, such as videos that have won awards at the annual Feminist Porn Award ceremony. If your attempt to stop watching porn proves difficult or causes too much stress in your life, seek the advice of a professional therapist and read the 12-step method. Therapy is important, especially if you have experienced past sexual or physical abuse or have suffered from depression or anxiety. If you have an unsatisfactory sexual relationship with a partner, consider attending support meetings to find a solution together. A study has shown that even ordinary relationship guidance can improve sexual relationships.",3.675649404525757
037_10329,"A Tornado Detector is used to detect a tornado. Build it using your workbench: In the first row, from left to right, place Iron, Redstone, Iron. In the next row, place Redstone, Gold, Redstone. In the last row, place Iron, Redstone, Iron. A Tornado Siren will alert you when a tornado is about to occur. To build a Tornado Siren, open your workbench and then place the following items. In the first row, from left to right, place Iron, leave empty, Iron. In the next row, place Redstone, Gold, Redstone. In the last row, place Iron, leave empty, Iron.",1.319183111190796
037_42042,"Clear the room. Keep only what you use. If you haven't touched something in over a year, throw it away. Add wall shelves to free up floor space and use tables or ottomans with storage compartments. Add shelves or hooks in the closet. Place small items in baskets or boxes on the shelves. A desk may not be necessary. Add a hook to the back of your door for coats and accessories. Buy a bed with storage. A bed with alcoves or high enough to store boxes underneath is perfect for saving space. If you want, you can add a bed skirt to hide the boxes. Either keep your wall shelves and pictures near the floor or bring them closer to the ceiling. Do not place anything in the middle, as this will divide the height of the room. If you place pictures on the walls near the floor, they will make the ceiling feel taller. Alternatively, placing wall shelves closer to the ceiling will have a similar uplifting effect. The ceiling is one of the largest spaces in your home and the least used. Although not always possible, you can hang objects or paint your ceiling to create more open space. If you have bikes, you can hang them from your ceiling with a pulley system, which will free up a lot of floor space. Choose a color slightly darker than the rest of the room to draw the eye up to the ceiling. Wallpaper on the ceiling creates an illusion that draws the eye upwards and gives the impression of a larger room. Minimize hanging lights. A hanging light can draw attention, but too many lights will make your ceiling feel lower. Opt for more floor lighting.",2.5660314559936523
037_39836,"If there is a red underline under a word, it means that the word is misspelled. If there is a green underline under a sentence, it means that the expression or sentence is grammatically or syntactically incorrect. You are not required to run the Grammar and Spelling tool. These markers should appear automatically if you make a mistake. Many versions of Word automatically correct misspelled words, but you may need to correct errors yourself. There should be a small book-shaped icon at the bottom of the page, near the lower-left corner. If there is a checkmark on it, it means there are no errors in the document. If there is a red X, click on the book. The program will display the various errors and suggested corrections. When you right-click on the word underlined in red or the phrase underlined in green, a menu will appear offering actions and suggestions. You should see a list of ""correct alternatives"" for your word or phrase. You will also have the option to Ignore or Ignore All. For example, if you write ""lavion,"" Word will suggest correcting the word to ""l'avion,"" but also to ""lavions"" and ""avion."" Click on the suggestion that seems correct, and the program will automatically replace the misspelled word with its correct counterpart. In case of doubt, do an online search to find the correct spelling of the disputed word. Note the words you often struggle to spell. Try to learn from your mistakes to make fewer errors. Make the decision to improve your spelling and try to catch up when you make mistakes. If you have difficulty achieving this, use flashcards or an app with flashcards to practice spelling the words correctly.",2.727992057800293
037_32144,"When a counselor seeks advice from a colleague, they must not disclose any personal information about the client. The details shared should not allow for the identification of the client. Furthermore, only necessary and relevant information needed to obtain advice should be provided. When discussing cases with family or friends, modify the details that could identify your clients. Alter the facts so that the client remains entirely unidentifiable. All discussions about your clients should take place in a private setting. If you need to take an urgent call, make an effort to go to a secluded place where you can speak freely. The client may not want everyone to know that they are consulting you. Do not approach them in public unless they signal you first.",1.268172025680542
037_61521,"You already have his number, congratulations! The hardest part is over. Leave a simple but intriguing first message. Ask about him. People like those who are interested in them. Ask him how his day went, if he watched the latest episode of a series you both watch, if he finished his English homework, and all the things you know he might have thought about. If you know what you have in common, talk about it! Do you both play a sport or an instrument? Do you share a common circle of friends? This way, you will have something to respond to, which will fuel the conversation. Use emoticons. With electronic messaging, it’s hard to be sure of a person’s intentions. Emoticons soften whatever you choose to say. A smiley signals that you mean your words in a positive sense, while a wink is a sure sign that you are flirting. Responding within seconds to all his texts can make it seem like you are waiting for his messages. While it’s fine occasionally, it’s better to keep yourself busy with other things too. Go about your day normally. It’s not a good idea to make him wait. Don’t leave him hanging; just respond to his texts as you would for any of your friends. Once the conversation has started, find a moment where it feels natural. “Did you talk to David? Did he tell you that I like you? Well, it’s true.” “Haha! I really like you. Are you going to the game on Friday with someone?” Whatever his response, don’t jump to conclusions. Breathe first and then respond. If he seems hesitant, don’t push. He may need a moment to think. Keep the conversation going, don’t suddenly drop it. If a few days pass and he doesn’t make a move to explain, bring it up again in a similar way. If he says no, try to lighten the mood. He probably feels uncomfortable too. “Oh, that’s cool. I just wanted to make sure you knew. But you’re not borrowing my highlighter anymore!” “I understand. I have a lot to do as well. I just started a new activity!” If he says yes, find a time to hang out. Don’t jump in your car to go to his place and don’t start looking for the names of your future children. Just arrange to see each other over the weekend.",3.6060492992401123
037_17648,"Do not hit the ""snooze"" button, do not linger in bed, and do not watch television at the start of your day. You probably did not plan for 10 to 15 extra minutes in bed when you set the time you needed to get up to be on time for your appointment. By getting up late, you create a chain of delays throughout your day. Those few extra minutes in bed will push all your tasks later. Therefore, get up as quickly as possible. Stretch, splash your face with cold water, and brush your teeth right away to wake up your body. If you struggle to get up on time, it may be because you go to bed too late. Try going to bed earlier than usual and see if things improve. Going to bed early is often enough to make it easier to get up in the morning and be productive during the day. Unless you are sure otherwise, assume that you need 8 hours of sleep per night. For example, you might think it takes you 15 minutes to shower and believe that starting at 6:30 means you’ll be done by 6:45. But what about the time before and after the shower? You may actually spend 20 or even 30 minutes in the bathroom, which is why you never leave on time. Think about the things you do every day and try to estimate how long they really take. Time yourself over several days to see how long certain tasks take. Use a stopwatch and note your times throughout the week. Then average them out to see how much time you need to get ready in the morning. What activities prevent you from leaving on time? You might not even realize how much time you waste when you check your email, spend too long doing your hair, or stop for coffee on the way to work. Once you identify the time-wasting activities, try to change your habits. For example, by standing while you check your email, you can avoid surfing the internet for an hour. If it’s 8 PM, set your watch to 8:05 or 8:10, so you always have a little buffer. Forget this detail, and if you think about it, you might say, “I can wait 5 more minutes...” For example, if you need to leave the house by 8 AM, tell yourself, “At 7:20, I start taking my shower.” “It’s 7:35, I need to brush my teeth.” This will help you stay on schedule. Create a precise timetable to develop these good habits. Consider printing this schedule so you can refer to it in the morning. Post it in your bedroom, office, kitchen, and other places where you will see it easily. You may often be late because you plan to stack appointments without allowing time to travel from one place to another. Review your schedule to ensure that activities are separated by several minutes, allowing time to rest, eat, travel, and do everything you need to do between appointments. If you tend to be spaced out and forget the time, you probably need more clocks in your life. If you don’t like wearing a watch, keep your phone close at hand. Wall clocks easily capture your attention and help keep you on track. Ensure all your clocks and watches are set to the same time, so you don’t get confused. Use timers, alarms, and reminders throughout the day. For example, you could set your phone to vibrate or ring 10 minutes before you need to leave for your next class or appointment. Some people intentionally set their watch a few minutes ahead to always be on time. You might try this technique and see if it works for you. However, many of these people eventually realize that knowing their watch is ahead gives them extra time and they still end up being late. Knowing what time it really is will help you stay grounded and be on time.",5.1746299266815186
037_25657,"The image set of a quadratic function, represented by a parabola, is of the type ]−∞,s] or [s,+∞[, where s is the y-coordinate of the vertex. For a rational function, the image set is of the type ]−∞,r[ or ]r,+∞[, with r being the x-value that nullifies the denominator (x=r is the equation of the asymptote). The image set of a root function is of the type [c,+∞[, where c is the constant of the function. Not all parabolas have their vertices on the x-axis; however, the image set is always determined by the y-coordinate of the vertex. If a parabola has its vertex at y=−4 and opens upwards, its image set is [−4,+∞[. It is very convenient to use a curve plotter or a graphing calculator to quickly obtain the graph. If you do not have a graphing calculator, create your coordinate system on paper and draw the curve by plotting some points. If two or three points are not enough, add more until you can guess the general shape of the curve. Once your graph is drawn, you should clearly see the lowest point of the graph. If not, it means the function tends towards −∞. The image set of a rational function is often ℝ with the root (r) of the polynomial in the denominator removed, presented in the form ]−∞,r[ ∪ ]r,+∞[. Once your graph is drawn, you should clearly see the highest point of the graph. If not, it means the function tends towards +∞. The notation for the image set follows the same rules for presentation as that for the domain of definition, using inclusive or exclusive brackets, commas, and the symbol ∪ (union) for distant intervals. The image set [−2,10[ ∪ ]10,12] means that f(x) can take any value from these intervals, including 2 and 12, except for f(x)=10. For the bounds at +∞ and −∞, the brackets are always exclusive (]−∞ and +∞[).",3.1797244548797607
037_58710,"Your garland is made up of an alternation of two characters. You can create a more complex garland. To do this, draw more elaborate characters and shapes while ensuring that all your elements are connected to each other.",0.652773380279541
037_33400,"You should perform this operation twice a year. By regularly renewing the joints, you reduce the risk of mold settling in your bathroom. Use a penetrating sealing product that covers the cement between the tiles while allowing moisture to escape. With this type of product, you will protect the cement from cracking. Remove any impurities that may be embedded on the surface of the cement so that you can apply the sealing product directly onto it. Clean the cement well before applying the sealing product. You can use bleach to whiten it as mentioned above. Make sure to let the cement dry well after cleaning it. Ensure that the bathroom is well-ventilated. Open a window or skylight, leave the door open, or run a fan if necessary. Apply the sealing product with its applicator brush or a sponge. Coat the cement with the product moving from left to right and top to bottom to always know what has already been done. Remove any excess sealing product within 10 minutes of application, before it dries.",1.7948846817016602
037_24252,"Proper cleaning after use will eliminate the stains that moths are attracted to. Wash all your clothes, including synthetic ones. Remove lint from your pockets, as well as sweat, perfume, and drink stains with your regular washing routine. Then, dry them in a dryer to kill any larvae or eggs that may be in the clothes. Do not apply starch to the clothes before storing them, as it can serve as food for moths. Moths cannot enter sealed boxes or plastic bags, regardless of the stains on the clothes. Storing clean outfits in these containers is an excellent way to protect them without relying on toxic mothballs. Some people claim that cedar scents and chests are helpful. However, scents do not work, and chests are only effective because they act as airtight containers. Take out the clothes that you have not stored in containers once or twice a month. Put them in the dryer. Alternatively, expose them to the sun for a few hours. The heat will neutralize moth eggs. After exposing them to heat once or twice a month, remove any remaining insects. Shake the clothes well or brush all sides to remove any hidden larvae and eggs.",1.8454601764678955
037_4351,"What does financial security mean to you? If your answer is being rich, your dream may not be very realistic. However, if it means being able to pay off debt, save for your child's education, or prepare for retirement, then your goal is realistic and achievable. Having a clear idea of what you want and why you are saving money will help you stay motivated and make progress. After defining clear financial goals, consult a financial advisor to find ways to invest or save money. If you want to feel financially secure, you need to assess your current situation to determine if changes are necessary. Start by analyzing your finances, including your spending and savings. Consider your income and savings (if any). Keep a daily, weekly, and monthly record of your expenses. Carry a small notebook in your purse or pocket and write down each of your expenses, including purchases, bills, and the date and time of each expense. If possible, also note how you felt during the purchase. Analyze your spending habits. Do you usually buy things when you're sad or stressed? Do you impulsively buy unnecessary items, or can you find the same item for a lower price elsewhere? Make sure not to spend more than you earn. If this happens, you will be in debt, and restoring your finances will be difficult. Learn how to reduce expenses. You don't have to deprive yourself of everything that makes you happy, but it's crucial to set limits. Don't go shopping when you feel like it, and don't buy things you don't need. Some expenses are unavoidable, such as rent, groceries, and utility bills. However, even with these basic expenses, you can still find ways to spend less money by shopping wisely and avoiding unnecessary fees. Make a list before you go shopping and stick to it. Buy generic items, on sale, or in bulk whenever possible. You can save a lot of money while getting the same product at a better price. Buy used products as much as possible. Compare prices before making a purchase. If you see an ad both online and in newspapers, you can likely find the same product for less in another store. Prepare your meals at home. Avoid eating out as often as possible. Bring your lunch and thermos of coffee to work every day. This way, you can save a lot of money and use it for other expenses or savings. Look for cheap entertainment options. You can find many movies online for free or at a low cost (on legal streaming sites) or borrow free CDs, books, and movies from the library. Adjust the thermostat during the day when you are not home and at night when you sleep. Don’t leave the heater or air conditioning running when you are not home or when you sleep. However, if you have a pet, remember it needs a comfortable temperature during the day and night, even when you’re not home. Avoid buying on credit or with a credit card. Save until you can make your purchase and avoid stress and debt. If you have a part-time job, look for another part-time or full-time job. Even those working full-time can find side jobs to earn a little extra money. If you can pay bills with your current salary, the second job can be used for saving. Keep an eye on classifieds in newspapers and job sites. Look for easy side jobs that won’t interfere with your daily schedule. You might find opportunities as a dog walker, babysitter, or even occasional freelance work. There’s nothing wrong with taking some time to save money. Saving requires planning and hard work for most people, but its impact on financial security is massive. A great way to start is to open a savings account. Start modestly, for example, by setting aside €20 a month or every time you get paid. Over time, these deposits will accumulate and become substantial savings. Many banks offer automatic transfer options so that a portion of your salary is automatically deposited into a savings account. Some banks have programs where small purchases made with a debit card or check are rounded up to the nearest whole number, and the difference is deposited into a savings account. This is an easy and quick way to build savings without even realizing the difference. Avoid withdrawing money from your savings except in emergencies. If you can wait for the next paycheck to make a purchase, do so and leave your savings account intact.",6.281011343002319
037_3580,"Formatting your boot disk will erase your operating system and all files stored on it, so be prepared to reinstall the operating system on the drive. Having a backup copy of your important files will make the transition easier. Consult this guide for more details on how to back up your data. You can also use a boot disk or a LiveCD. This will allow you to boot from that disk instead of using the hard drive, enabling you to format it. You will need to set the boot order in the BIOS to boot from the disk. Consult this guide for more details on configuring your boot order. To open your BIOS, restart your computer and press the setup key. This is usually ""F2,"" ""F10,"" or ""Delete."" You will need to start the installer and get through the initial pages until you reach the screen with a list of your installed drives. You will begin a custom installation of Windows. You will see a list of all your hard drives and the partitions they contain. Select the drive you wish to format, then click the “Format” button at the bottom of the list. The hard drive will be formatted to NTFS. You can only format your boot disk in NTFS. Now that the disk has been formatted, you can reinstall Windows or install Linux on it. You will need an operating system on your computer to use it. Reinstall Windows 7, Reinstall Windows 8, Install Linux.",2.1729278564453125
037_3044,"Allergies can become severe enough to threaten life due to their effects on breathing and blood circulation. This is known as anaphylactic shock, a condition regarded by the Red Cross as an emergency because of the rapid and serious nature of the reaction. If there are other people nearby at the time of the reaction, ask one of them to call emergency services while you address the issue as explained below. If you are alone and observe severe symptoms (see below), seek treatment as soon as possible. Depending on your allergy, your reaction may start with mild symptoms and then progress to more serious problems. It is also possible for severe symptoms to appear immediately. If you experience any of the symptoms listed below, you are experiencing anaphylactic shock that requires immediate treatment. Severe symptoms can include swelling of the lips, tongue, or throat, shortness of breath, difficulty breathing, coughing, low blood pressure, weak pulse, difficulty swallowing, chest pain, nausea and vomiting, dizziness, and loss of consciousness. The EpiPen is a device used to inject epinephrine and treat anaphylactic shock. Take the EpiPen by holding it firmly in the middle and pointing the orange tip downwards. Remove the safety cap, which is usually blue. Place the orange tip on the outside of your thigh. You do not need to remove your pants since the needle will go through your clothing. Firmly press the orange tip against your leg to release a needle that will inject the dose of epinephrine. Keep the device in place for about ten seconds to ensure that the entire dose is injected into your body. Remove the EpiPen and keep it with you so that medical teams know what dose you received. Massage the injection area for about ten seconds to help the medication spread throughout your body. Even if the expiration date of your EpiPen has passed, you can still use it, although its effectiveness may be significantly reduced. Immediately call emergency services, clearly informing the operator that you are having an allergic reaction. Do not risk driving to the hospital, as the personnel sent to you will likely already have epinephrine to administer. Even after receiving the dose of epinephrine, you will still need medical assistance. The effects of the medication wear off after 10 to 20 minutes, and the allergic reaction may occur again. Go to the hospital immediately or call emergency services for further medical care. After receiving medical treatment and once the allergic reaction has passed, make an appointment with an allergist. They will conduct tests to identify your triggers and prescribe medications, an EpiPen, or immunotherapy injections to better manage your symptoms.",4.04798698425293
037_37270,"In the morning, this gesture helps to wake up and refresh oneself. In the evening, it is essential as it removes impurities and sebum accumulated during the day. Wash your face using a hypoallergenic cleanser suitable for your skin type. Apply it to your entire face using small circular motions. Work the product for thirty to sixty seconds depending on your skin's sensitivity. Rinse thoroughly with lukewarm water. If you are wearing makeup, first remove all residues with a gentle product. Prefer lukewarm water to rinse your face, as hot water tends to dilate the pores and loosen the skin. Conversely, cold water tones the skin but does not clean it. Gently pat your skin dry with a clean towel. Do not rub your face, as this can irritate and dry out your skin. Indeed, skin dryness can be due to water quality, work conditions, or lifestyle. Chemical compounds, fragrances, alcohol, and other additives in cosmetic products can irritate and dry the skin. From cleansing products to makeup removers and cosmetics, carefully choose gentle products with clear and minimal compositions. Weather conditions such as wind, cold, or sun can harm the epidermis and dry the skin. This effect is exacerbated when you squint to protect your eyes, as you exert more effort on the surrounding muscles. Exposure to dust or pollution generally dries out, irritates, and dulls the skin. The area around the eyes is particularly sensitive to this factor since the skin there is very thin. Rubbing your eyes seems like a trivial gesture, but it is extremely aggressive for the eye contour. The skin almost rubs directly on the bone, as the subcutaneous tissue is underdeveloped. This prematurely damages your skin, especially since it is particularly thin. When tired or upon waking, blink several times instead of rubbing your eyes. Chlorine, especially present in pool water, has a generally drying effect. It is particularly aggressive for the delicate skin around the eyes. To limit its impact, wear goggles when swimming and rinse with clear water after swimming. The muscles surrounding the eye socket are generally very active, as we blink an average of 10,000 times a day! This tension in the area is increased by certain activities such as long-distance driving or screen work. Take care of your eyes by taking regular breaks. Lack of sleep, smoking, or a diet too rich in sugars and fats are lifestyle habits that affect the overall appearance of the skin and leave marks around the eyes. Since the skin is made up of 70% water, it is essential to drink enough to maintain its hydration level. Drink at least 1.5 liters of water daily in small sips throughout the day. Adjust this amount according to the climate and your level of physical activity. Whether you are at the office, at home, or outdoors, always keep a water bottle within reach. Dryness around the eyes may be a symptom of a more significant issue. If accompanied by redness, inflammation, or small spots, consult your doctor immediately. Dehydration of the eye contour may be due to a localized dermatological disorder such as blepharitis, contact dermatitis, or eyelid eczema. In this case, a specialist can prescribe the appropriate treatment. A dry and marked eye contour may also be the result of medication. If you start a new product, read the instructions carefully to anticipate side effects.",4.784625053405762
037_30652,"A positive outing could really help them feel better. Suggest taking them out for ice cream or to see a movie they've really wanted to watch. You could also arrange to spend time together. You might write to them: ""Hi, I know you had a bad day. How about we have pizza and watch a movie later?"" If you live too far apart, you could talk on the phone or via webcam. Ask if you can help with cleaning or shopping, or if there’s anything else you can do to assist them. For instance, you could help them with their homework or studying for an upcoming history test. By giving your time and energy, you show that you care and also give yourself the chance to lift their spirits in person. If you don't live close to each other, ask how you can help from a distance. Send a text asking if they want to help you build a blanket fort or watch bad movies at your place. Invite them to swing at the park. Suggest a competition for the silliest costume. Choose something fun and unexpected to ensure it makes them smile. You could also challenge them to a foam noodle fight in the pool or organize a treasure hunt. If you live too far apart, you could also arrange these kinds of competitions via video. If your friend is really depressed, your texts might not make much difference. If they don’t feel better after several weeks, they should probably reflect on what is really going on. Consider discussing it with their parents, partner, family members, or a counselor to get additional help. If there’s no one to contact, you might consider discussing the situation directly with them. You could start the conversation like this: ""I'm worried about you. Have you ever considered talking about how you feel with a specialist?""",2.6187784671783447
037_12139,"Adopting a strategy to cope with rejection will help you avoid fearing it, as it will allow you to build self-confidence in your ability to face it effectively. Instead of reflecting on the situation, we react under the influence of our emotions and feelings. Your emotional state and physical health have a significant impact on your cognitive state, and you are likely to instinctively let your feelings and emotions take over. However, it is important to remain calm and listen to what the person rejecting you has to say so that you can respond rationally and appropriately. For example, how would you react to someone interrupting you in traffic when you are tired and sick, compared to someone who interrupts you just after you learned that you got a promotion? In the first case, you might be enraged, while in the second, you might let it go. The situation remains the same, but circumstantial factors like your mood and physical state influence your reactions differently. To give another example, although you may want to scream at a recruiter for not hiring you, it is important to remain calm and respond appropriately in a professional setting. You are not obliged to like the decision, but you must respond with respect. Keeping a journal can be very helpful for personal development and cognitive reflection as it gives you a place to write down your doubts, fears, thoughts, ideas, and feelings. This way, you will feel better able to release them and avoid dwelling or ruminating on things you cannot change (such as a breakup, a rejection letter from your university, or being turned down for a scholarship, etc.). Writing can thus be a useful way to rid yourself of feelings of fear. Transforming your feelings and free-floating ideas into written phrases can help you understand them better. As for the fear of rejection, writing about such feelings can help you manage them by evaluating them from a neutral and less emotional perspective. Here are some examples of things you might note regarding rejection: the object of your fear of rejection (e.g., I fear being rejected by this person if I ask them out), how you would feel if you were rejected (e.g., worthless, unpleasant), the most likely reasons someone might reject you (e.g., because they recently broke up with someone), the positive aspects of rejection (e.g., I will have more time for myself and can look for new dates), what you might miss if you didn’t try (e.g., if I hadn’t approached this person, I might always wonder what it would have been like if I had and what their response would have been). Have you ever thought something like: ""If I don’t get into this school, it means I am worthless and will never achieve anything?"" or perhaps, ""This person rejected me, does that mean nobody else will love or accept me?"" These are examples of naïve and all-or-nothing thinking. Such statements are incorrect generalizations of one case to justify or explain your entire personality or nature. It is crucial to abandon such rigid thinking in favor of a deeper understanding of the meaning of rejection. Rigid and all-or-nothing thoughts are typically the result of strong emotional states such as extreme sadness or rage. Knowing how to identify and manage such feelings or thoughts will enable you to be resilient, stronger, and thus reduce your fear. Here is a process to follow: identify the all-or-nothing statements and write them down. For example, ""If I don’t get this job, it means I am worthless and will never achieve anything."" Identify all components of the all-or-nothing attitude. For example, ""Having this job makes me useful, and not having it makes me useless."" Refute any fixed ideas. For example, ""I didn’t have this job before, and my life has never been so useless."" Stay positive. For example, ""I have applied for other positions in the past and have been hired. Now, I have an excellent cover letter because of these positions. I have very good interview skills."" Rejection is a part of life, and one way to cope with your fear is to understand that it can happen, it affects many people, and it does not mark an end but actually a new beginning. Did you apply for a job? Good, hundreds of others have done so too. Did you make advances to someone? There is a 50% chance they will say no (and a 50% chance they will say yes!). Be aware that you can only control yourself. For example, if you apply for a scholarship, you will not know what other candidates included in their CV or application letter. However, make sure you did your best. You can only control what you do, not what others do. Understanding that rejection is a normal thing will prepare you to face it effectively. You will see that it happens to everyone and that the world is not against you. Moreover, the more it happens to you, the more normal it becomes, and the less you will fear it. This may be easier said than done when you feel upset about your situation, but learning to accept it gracefully will benefit not only your mindset but may also be beneficial to you in the future. Instead of lashing out, show understanding and empathy. On one hand, you have probably rejected someone in the past and know how it feels to break someone’s hopes. As the rejected person, here is a situation where you will want to be the stronger one without responding hurtfully or arrogantly. The better you get at facing it, the easier it will be for you to control the fear it brings. For example, let’s say you applied for a job you were not hired for. Most of us would stop there, but it may be more advantageous to go further by sending a note to the recruiter thanking them for their time in reviewing your application and responding to you. Such a note can help you close the subject of rejection and rid yourself of bad feelings. It is also important not to burn bridges, as you may need to apply for another position within the same company one day. You might also accompany your thank-you note with a question like, ""What aspect would you advise me to improve?"" to know what the recruiter thinks would make you a better candidate in the future. To give another example, if your crush rejects your advances, accept the rejection graciously by saying something like, ""I understand and respect your decision. I hope we can always remain friends."" You will appear as mature as respectful, which can win anyone’s admiration. Although the person may not want to date you romantically, they might be happy that you left room for a friendship possibility. Rejection happens, but you will not be rejected from everything. You will not be able to achieve your goals and dreams or even meet other people if you do not put yourself out there to create opportunities. Since you dared to try, it is normal to expect a little rejection sometimes. It is all part of normalcy because these opportunities were not necessarily meant for you, and it simply means that there are better opportunities waiting for you to seize them. Remember that your life is not made up of rejection alone, and you still have plenty of time ahead to experience both success and rejection. It is important to maintain a broader perspective that goes beyond the exact moment of your rejection situation. Look at your past and your future. If you find yourself overwhelmed by a particular situation in which you have been rejected, ask yourself this question, ""Will this moment I am currently experiencing matter to me in a week, a month, or a year?"" Being rejected by your crush may feel like the end of the world today, but a few days later, you will remember it as a minor incident. It may hurt now, but over time you will forget it and be able to move on. At 40, you will hardly remember your crush, even though it is painful now. Look to the past. Certainly, you were not able to land that job you wanted so much. Yet, you have successfully applied for others. You know you can be hired because your CV proves it! One rejection should not determine your whole life. Do not fear what has not yet happened. We often think there is a direct link between our feelings and the situation at hand. Note that a rejection simply means you did not get something you were seeking. Feelings such as fear, doubt, sadness, and any other weaknesses are caused by yourself. Try to spot those moments when you assign intense feelings to neutral situations. For example, let’s say someone turns you down for a particular job. Sometimes we react on the spot by thinking negatively in this way, ""They rejected me intending to hurt me."" However, what is more likely is that the person who rejected you did not think about the rejection so deeply. For example, in the case of employment, the recruiter is much more focused on finding the ideal candidate than on passing a personal judgment on your abilities. They did not fail to hire you to hurt you, but because you do not seem to be the ideal candidate for the position. It is essential to make the effort to identify not only the objective meaning of the rejection but also the feelings you assign to this reality. For example, ""I was turned down for this job, which means I will never work for this company. This rejection raises doubts about my skills. I feel sad because I felt very competent for this position."" Knowing how to identify the feelings you assign to the situation will help you become aware of your personal worries and doubts that you will examine in the next steps.",13.896571397781372
037_56944,"This is the dark blue application with a white ""f"" on it. Tap it to open the login page if you no longer have access to your account. This link is located under the fields for email address and password. It allows you to open a menu. If you see ""Forgot password?"" on this page, skip this step. This option is found in the menu and redirects to Facebook's password reset site. Tap on the text field at the top of the page and type in the email address or phone number you use to log into your Facebook account. If you have never added a phone number to Facebook, you will need to use your email address. This is the blue button under the text field. Your Facebook account will appear. Tap on one of the account recovery options at the top of the page. 

By email: Facebook will send a reset code to the email address associated with your account. 
By SMS: Facebook will send a reset code to the phone number listed on your profile. This is the dark blue button under the account recovery options. Tap it to ask Facebook to send you a code by email or text message. Depending on the chosen reset method, the process may vary. 

By email: open your inbox, look for a message from Facebook, and note the 6-digit code listed in the subject of the email. 
By SMS: open your phone's SMS application, look for a message from a 5 or 6 digit phone number, and find the 6-digit code in the message. Tap on the text field ""Enter code"" and type the 6-digit code you received by email or text message. Do not wait more than a few minutes between receiving the code and entering it, otherwise, the code will be invalid. You can tap on ""Resend code"" to get another code. This option is found under the text field and allows you to submit your code before redirecting you to the next page. Then, tap on ""Continue."" This will log you out of your Facebook account on all computers, tablets, and phones where it was active. It will also log out the hacker. You will enter your new password in the text field at the top of the page. This will replace your old password with the new one. From now on, you will be able to log into your Facebook account with this new password, and the person who hacked your account will no longer be able to access it.",3.6949260234832764
037_60860,"You need something right now to change your mindset. If you stay home alone, you will only encourage a flood of thoughts that lead nowhere. So, get your social network moving. Call friends and organize something together for the weekend. Go have lunch with your mom; you've missed her anyway. Fill your schedule to the brim so that you cannot think about her. You might find nothing more interesting to do than stay at the bottom of your bed, eat gummy bears, and not leave your pajamas for several days in a row. Although it is very tempting, you won’t realize how good it feels to get up until you’ve done it. Force yourself to do something, even if you don’t feel like it. You will be glad you did later. This might not be the best advice to give, and if it's not to your liking, you don’t have to agree with it, but a fling can be the best distraction you can give yourself. Just make sure it’s also a fling for the girl! There’s no point in breaking hearts left and right; karma rarely forgives. Protect yourself. You’re not going to become a cynical and heartless seducer. It’s fine to have a fling, but not to the point of haunting bars every night and waking up every morning with a stranger. So find a girl who just wants to have some fun and take advantage of it. This will simply prove to you that you still have more than one arrow in your quiver. When you were in a relationship, you probably left a lot of things hanging. You didn’t have time and couldn’t do everything you loved before. Rediscover them! What have you recently let go of that you would like to do again? You will be much happier doing what you love and becoming an ace at it. You will feel fulfilled, renewed, and in full control of your means. Don’t know your passion? Find it! Use your free time to step out of your comfort zone and find what suits you. When was the last time you were fascinated and felt in your element? Talk about a distraction! Do you know what will do you good? Knowing that you are even sexier than when you were with her. So get back into sports and start lifting weights. Not to mention that it will give you bursts of endorphins! You feel good when your blood is flowing and when you release endorphins. It’s good if your arms are literally buzzing with bursts of endorphins. So, pay attention to your body and exercise. You will be healthier, happier, and you’ll look good too. It’s easy to forget how wonderful it can be to live solo. You do what you want, when you want, as often as you want, and with whom you want. You can get up whenever you feel like it, change plans, and be adventurous. It’s great! Go out on the weekend and stay at your friends’ places until three in the morning. Walk across the region on a whim. Spend all your savings to treat yourself. Stuff yourself with fries without remorse. Apply for a job abroad. Tap into your potential, take risks, and do something just for you.",5.241665601730347
037_15987,"If there are other people in the elevator, help them get out.",0.448134183883667
037_45133,"Most sorting centers accept all types of glass containers that have held drinks and food. However, some may ask you to sort between clear glass and colored glass. Check the sorting rules before you start. Look for sorting guidelines in your country for more information. Your local website can provide details on different glass recycling programs for containers or at recycling centers. Read the labels on the various collection containers. If there is no recycling container or curbside glass collection, search online for the nearest recycling center. Contact them to find out what types of glass are accepted. Many recycling centers require you to rinse your food glass containers. You don't need to wash them thoroughly, as the center will deal less with very dirty bottles, which is often the case. This saves about half a liter of water compared to making a new glass bottle. Furthermore, the energy saved and the reduction in pollution far outweigh the cost of washing the glass. Remove plastic or metal caps, aluminum collars from wine bottles, and any other materials that are not glass. A single outdated item can damage an entire container or limit its recycling. The recycling center usually removes paper labels itself. Check your municipality's recycling regulations if in doubt. Ceramics cannot be recycled. A single flower pot can ruin an entire glass container. Many recycling centers ask you to sort glass by color. Each color contains different ingredients with specific characteristics. Containers with all sorts of colored glass are not in high demand, as the quality for recycling cannot be anticipated. Most recycling programs accept clear and brown glass. Green glass is also accepted, and some accept blue glass. Some areas (at least in France) have containers that accept all types of glass, including those with metal and plastic elements. A study has shown that this can reduce the glass recycling capacity from 90% to 60%. If possible, switch to a more efficient program. Recycled glass is crushed into flakes and then heated again to form new objects. An unsuitable type of glass can ruin an entire batch by melting or amalgamating at the wrong time. You should not recycle the following items with regular glass: glass cups and dishes, frosted glass, Pyrex and other heat-resistant glass (cooking dishes and laboratory items), windows, mirrors, and glass panels, light bulbs, eyeglass lenses, glass exposed to hazardous materials or biological contaminants (like blood), and broken glass (to protect employees).",3.362387180328369
037_59683,"Forgiveness is something that helps you first. You will hurt yourself if you hold grudges against those who have hurt you. It might be more beneficial for your happiness and well-being to forgive those who have wronged you, even if they do not apologize to you. Try writing them a letter that you do not send. In the letter, you can explain how you felt after they rejected you and that you forgive them to feel better. If you have a group of friends who regularly exclude you, you might want to consider finding others. True friends will not reject you. Find people who will appreciate your personality and want to avoid hurting you, for example, by rejecting you. Try signing up for a club or a sports team to meet people with whom you have things in common. You can also avoid being rejected by taking control and inviting people to do activities with you. Invite your friends to spend an afternoon at the mall or to go see a movie with you over the weekend. You can also organize a party and invite everyone, even those who have excluded you. It is difficult to be rejected, but sometimes it can be hard to spend a little time alone, which is why you should take advantage of it whenever possible. If you are rejected and have nothing else to do, you can do things that you enjoy doing alone. For example, you could read a book you have wanted to read for a long time, finish a self-portrait you started, take a long bath, or even watch one of your favorite movies.",2.882814645767212
037_47550,"Do not lower yourself to their level. Continue to go about your business nonchalantly and peacefully. Do not be nervous or threatening. If they have nothing better to do than watch you all day, it is their time they are wasting, not yours. If you are busy and do not have time to care about the curious onlookers, pretend to listen to music on your phone or iPod. Put on your headphones when passing through common areas (halls, elevators, parking lots, and places where you might meet others) to discourage nosy neighbors: they will see that you are busy and will turn to an easier target. This trick is more effective if your headphones are large enough to be seen from a distance. If someone approaches you and does not see the headphones, they might still try to talk to you. There will always be people who, despite your headphones, will try to ask you questions. Set your phone to silent or vibrate mode if silent mode is not available. When your neighbors approach, hold your phone to your ear and pretend to be answering an important call. Remember to smile and nod at them while “talking” on the phone. This shows them that you do not want to avoid them, but that you are too busy to talk. Here are examples of what you might say: “Yes, it will be done, I’ll send it to you tomorrow without fail.” “How is the situation? I heard there was a problem?” “There’s been a problem we are trying to solve.” You can also slip in simple “yes, yes,” “huh?,” and “ah, okay.” These expressions will be more appropriate if you doubt your acting skills. Stay in your backyard or go to a place where they cannot see you. This is possible for certain activities since you can host an outdoor gathering or play with your children behind your house rather than in front. This is not a permanent solution, just a technique to avoid the curious. If your neighbors are very curious, they will find a way to spy on you despite your efforts. Staying in the backyard will spare you their curiosity for a while, but you must prepare for them to find you sooner or later. If you spend your life avoiding your neighbors, you are bending to their rules. You will either have to address them directly or act as if they do not exist if the issue is serious. You will waste your energy unnecessarily if you spend your time fleeing them. Your neighbors will have fewer reasons to spy on you. If they continue asking questions about what you are doing and why you are doing it, the simplest solution is to do nothing at all. Do nothing interesting and resume your activities when your neighbors are gone. Keep in mind that if you act like someone who has nothing to do, your neighbors may think they have a chance to chat with you. If you are unsure this solution will work, it is better to avoid them than to wait for them to leave. It may be a wise decision if you believe your neighbors are lurking around your home. Lock your house and, if you go on vacation, install a security system or surveillance cameras. Ask other people in the neighborhood to keep an eye on your property while you are away in case the overly curious neighbors start spying around. Also, consider getting a guard dog. Be aware that depending on the circumstances, this solution borders on paranoia. Perhaps your neighbors really do enter your property when you are away, but perhaps you are just imagining things. If you firmly believe that your neighbors are entering your property without your knowledge, address them directly and firmly ask them to stop. Warn them that the next time they act this way, you will not hesitate to call the police. For example, you can refer to them as “activities” or “spiders” to signal to your loved ones that they need to change their behavior. At the signal, you can all quietly move behind the house or start making a lot of noise. If you want your neighbors to stop spying on you, install a barrier around your home. Check the legal provisions related to installing such equipment. If your barrier separates your homes, you will need to ask your neighbors for permission to build it. Ensure it does not encroach on their property lest they have another reason to bother you. Dogs or small children are good reasons to build a large barrier around the house. Just say that you do not want your dog to escape. If you do not want to build a barrier around your home, try planting a hedge, bushes, or a row of trees. However, be aware that such barriers take years to grow. Ask yourself if you really want to be confined due to overly curious neighbors. A barrier may solve your problem, but it may also encourage your neighbors to come up with other strategies. If they go out, go home and come out again after five minutes. Greet them energetically by saying, “Hey, how are you?” Ask them if they can lend you a cup of sugar or a lawnmower. If you keep asking them for things, they will probably start to avoid you.",7.1060950756073
037_61752,"As your baby moves and grows, your belly will be under a lot of strain. Get rid of your belts and bands that tighten your waist. Opt for maternity leggings. Buy leggings that are twice your normal size or a pair of maternity leggings. They look great when paired with long sweaters and shirts. Avoid rigid fabrics. Instead, choose soft materials. Yoga pants are highly recommended because they are loose and very practical. Avoid clothing with zippers and buttons. It is essential that you wear pants or skirts with elastic or ties instead of zippers or buttons. Knitted clothing and other soft fabrics are comfortable, easy to wash, and wear. Do not wear overly tight outfits. You should not wear Lycra clothes. Although these fitted tops perfectly hug your belly, you will feel like a sausage in a casing for now. Meanwhile, by buying clothes designed for pregnant women, you will look slimmer than if you wore an enormous shirt twice your size. For some people, satin is not a good fabric to wear when pregnant, nor are brightly colored clothes. Avoid overly baggy tops and tent-shaped shirts unless you prefer that style. Choose outfits that elegantly hide the extra pounds you've gained and highlight your silhouette. Tunics are also a great option. While perfectly fitting your shoulders and arms, they harmoniously cover your bust, camouflaging the weight you've gained. V-neck or low-cut shirts are perfect as they draw attention to the neckline. Occasionally, you can wear tank tops and other panel-shaped garments. This can help you effectively contain the volume of your breasts or manage their growth. Layer a tank top or cardigan made of soft fabric over it. Buy these outfits in sufficient quantities. Wear them under tops that you cannot fully button. Layer one or two under an oversized cardigan or jacket. You need work clothes that you can wear throughout the week while looking good. You can wear a wrap dress if it suits your workplace, or a solid-colored or multi-patterned wrap dress that ideally hugs your silhouette. This will allow you to dress appropriately for work and help you feel comfortable and elegant for weekend shopping. As your belly grows, simply adjust the position of your belt, transforming your dress into an empire-waist garment. This will showcase your bust and belly. Another essential and practical item to add to your collection is a pair of dark maternity jeans with stretchy fabric integrated into the waistband, paired with maternity boots and black jeans. The style and color will highlight you throughout your pregnancy and allow you to work, regardless of your professional or social situation. Besides wrap dresses, wearing skirts and dresses is very delicate during pregnancy. You should especially avoid very short skirts. Skirts and dresses designed to accentuate the back (like men's suits) are very trendy, and as your belly grows along with your baby, they retain their original appearance. Wear maxi or straight dresses. If you choose to wear a skirt, make sure it's slightly fitted yet a bit loose. You can wear fine and lightweight skirts, particularly oval, pencil, sarong, flared, or gypsy styles. High-waisted skirts made with good quality fabrics are highly recommended, especially when they reach the knees or just below. Wrap dresses are ideal for pregnancies. They are comfortable, cover the belly, and are more or less sexually appealing. Maternity pants are mainly elastic-waisted pants designed for easy wear. You can find them in many department stores. There are maternity jeans with elastic waistbands. Do not deprive yourself of maternity jeans under any circumstances. They can actually be the perfect choice for a first maternity clothing item. Avoid any clothing with zippers or buttons.",5.458829879760742
037_2743,"If you don’t already know how to measure your waist (you might have needed it to buy pants, for example), it is very easy to measure. Take a measuring tape and wrap it around your natural waist, which is generally located at the top of your hips, just below your navel. Look at the number where the tape overlaps: this is your waist measurement. Some women's belts are designed to be worn at the hips rather than at the waist. In this case, place the measuring tape a few centimeters lower so that it rests naturally at the top of your hips and then take the measurement as usual. The next step is to find fabric for your belt. If you don’t have any fabric on hand, you should be able to find it at a relatively low price in a craft store (or even online). Almost any type of comfortable and sturdy fabric is suitable for your belt. Whatever type of fabric you choose, you will need a strip measuring 17 or 18 cm longer than your waist measurement, with a width of 12 or 13 cm. Here are some fabrics that work well for belts: cotton (plain or patterned; cotton canvas is particularly durable), polyester, rayon, bamboo fabric, wool (it can be expensive). When your fabric is ready, lay it flat on your workspace lengthwise (so that it goes from left to right) with the pattern facing down. Fold the long edges of the fabric over about 1.25 cm. Use a hot iron to press the folds well. Use thread and a needle or a sewing machine to sew the folded edges, leaving a seam allowance of about 75 mm. You need to do this so that none of the raw edges of the fabric are exposed once you finish your item. This is a golden rule in sewing: exposed raw edges wear out much more quickly than folded edges, so they should be avoided at all costs. Fold the ends of the fabric over about 1.25 cm and press them to mark the folds, as you did in the previous step. Then, fold the entire strip of fabric in half lengthwise to create a long, thin strip (with the pattern now visible). Press this fold and then sew along the bottom edge and the top edge (the one created by the fold you just made), leaving a seam allowance of about 75 mm. At this point, you are more or less finished. For this simple belt style, all you need to do is tie the belt at your waist and wear it. If you want, you can even add a decorative knot to personalize your belt a bit more! If the unsewn ends of your belt bother you, you can sew them just like you sewed the other edges of the fabric. Be aware that this type of belt might be too wide to fit through the loops of some pants. You can fix this problem simply by folding the belt in half lengthwise again and sewing the two edges together. However, keep in mind that if you make several stitches on the same edge, the belt might end up looking less neat.",4.449078798294067
037_3546,"The workplace is in no way a place for flirting. It is too easy to get caught, and although many French companies treat this neutrally, in some cases it can justify a dismissal. Therefore, keep love stories away from the office. For example, in some companies, you could be fired, while in others, one of you could be transferred to another department, suspended from your duties, or receive a negative note in your personal file. At least sometimes, invite the rest of the staff to dinner with you. People will notice if you leave and come back together all the time, and they might start to suspect something if you don't occasionally spend time with other colleagues. Of course, it may seem tempting to go on vacation together, but if you constantly go at the same time, people may start to guess your relationship. If you want your story to remain secret, choose different times for your vacations. Of course, you are not reckless enough to post your romantic status on social media and tag a specific person, especially if you have colleagues following you. However, it would also be wise not to post pictures of your couple. If your colleagues constantly see photos of you two, they may suspect something. Remember that social media posts, even those shared only with friends, can be reposted and made public. If you are alone with your partner at the end of the day, seize that chance! Go out for dinner at a restaurant and enjoy the evening together. The key is to prepare well and bring a change of clothes to come to work in the morning, in case you hadn't planned to spend the night at home. If someone asks you questions about your relationship, tell them the truth; at least you won't get into too much trouble for lying. After all, if someone has asked you suggestive questions, there are probably more people who suspect you are a couple. So, it’s better to be honest.",9.559778928756714
037_30816,"The ideal temperature can vary depending on the type of oven. If you are using a convection oven, it is recommended to preheat it to 190 °C. If you are using a gas oven, start at a lower temperature (170 °C). After that, add the sausages and grease them by rolling them briefly before placing them in the oven. Line the baking dish with aluminum foil if you want to avoid making a mess. Turn them over 2 or 3 times during cooking. Be sure to turn the sausages at least halfway through the cooking time. This will allow them to cook evenly and give them a light golden brown color on the outside. They may have a lighter or darker color as they brown and will not brown at the same time. Use a thermometer to check if the thickest part of the sausages has reached 70 °C. When you cut one open, it should not be pink in the center and the juices released should be clear. If you are unsure if they are fully cooked, put the baking dish back in the oven and cook for another 5 minutes and check again.",1.748875617980957
037_22156,"Heating pads activate upon exposure to air and are invisible under clothing. Using a heating pad can reduce cramps and relieve pain without resorting to the use of absorbent papers. Some patches release constant heat for up to 8 hours, and they can be applied directly to the abdomen or back to reduce discomfort. Keep a patch in your car or bag so that you always have one on hand in case you need it. Over-the-counter pain relievers, such as ibuprofen and acetaminophen, can help reduce pain and discomfort. For optimal results, take these medications as soon as cramps begin and during the onset of symptoms. It is generally more effective to take the medications when the pain is mild rather than waiting until it is already very strong. The dosage of ibuprofen is 200 to 400 mg orally, to be taken every 4 to 6 hours as needed. The recommended dosage of acetaminophen is 500 to 1,000 mg, to be taken every 6 hours as needed. If you are at a hotel or restaurant for a business meeting, you can also ask the concierge or waiter for a pain reliever. Most restaurant and hotel staff keep a stock of over-the-counter medications for employees and will be happy to provide some to customers. If you start to experience cramps and did not bring any medications with you, ask a friend if they have some. While period pads are very convenient, they can irritate the cervix in some women and worsen cramps. If your cramps are very painful, it may be helpful to use sanitary towels for a day in case topical irritation increases discomfort. Most public restrooms in educational institutions and businesses have towels available in feminine hygiene product vending machines. Potassium can help stay hydrated and soothe muscle cramps caused by dehydration. If they occur when you are not at home, grab a banana as a snack. It is a portable food that can temporarily relieve your discomfort.",2.7408864498138428
037_29686,"If you are brave, ask her directly if she is in a relationship. If you take an open approach, she might suspect your true intentions. Therefore, avoid this if you want to keep your feelings secret. Casually ask her: ""Hi, I was wondering if you were in a relationship. Just out of curiosity!"" If you’ve already had the courage to ask her if she has a boyfriend, move to the next step and find out if her relationship is serious. If it is, it will be harder to convince her to go out with you, but if it’s just a fling, she might be open to dating you. Ask this: ""Are you truly committed to a relationship or is it just a fling?"" Again, she might suspect your intentions, so be careful. Be direct but considerate. Try asking her: ""How is it going with your boyfriend? Are you happy?"" Be very cautious when raising this question: she might actually be offended or become defensive since you are asking about her private life. Her reaction will depend entirely on her personality. Therefore, assess her previous responses to see if it is appropriate to ask such intimate questions. If your initial questions make her uncomfortable, inquire with her friends or find the information you need in other ways. Directly asking her about her relationship can be a bit risky for you, as she might take offense. Personal questions could embarrass her, and she might understand where you are going with all of this. Ask her indirect questions like: ""What are you doing tonight?"" ""What do you like to do in your free time?"" She might spontaneously talk about her boyfriend and spare you the trouble of having to ask for explicit information. Look for signs of flirting. Although some girls naturally flirt whether they are single or not, in most cases, when a girl seems to be attracted to you, it likely means she doesn’t have a partner. Try to reciprocate her advances. If she responds positively, she is probably single. Pay attention to the things she buys. If you are lucky enough to meet a girl in a store rather than at school or work, you might get some clues from her purchases. See if she is buying food in bulk, items for men, or baby products. Her friends might know more about her relationship and could help you. Even if they might reveal your interest, this method gives you a better chance of concealing your intentions. Ask them how serious her relationship is. You might get a more honest answer with this tactic. Her friends can analyze her relationship from the outside, which means you will get more information about her dating situation. Ask her friends if she is happy. This option is undoubtedly better than directly asking the girl in question. In fact, her friends may be less offended and will provide you with more objective information about her relationship. If they spend a lot of time with her and her boyfriend, they may have already seen or heard of small arguments or disagreements between them. Although this method might seem a bit like spying, it’s the best way to get a sense of her love situation without revealing your game. To get an idea of her love life, check the ""Relationship"" section on her Facebook profile or pay attention to her posts on Twitter or Instagram. Don’t get too discouraged if you see photos of her with other people; they might be her exes or close friends. See if she looks happy. Checking her profiles may not indicate whether she is in a serious relationship or not, but it can help you gauge how happy she is. Look for any quarrels or disagreements with her boyfriend in her profiles. Use this method as an indication and not as proof. Don't bring up a specific post you may have seen, as she might realize you are spying on her.",5.38116717338562
037_39677,"This may seem like the most difficult step, but it is a necessary one! If she gives you her number, you can assume she is open to you texting her. Here are some tips on how to do it. 

Don’t get her number in a weird way. You shouldn’t come off as someone who is spying on her, so try to avoid secretive methods to obtain her number. This includes getting her number through her friends, online, or any other sneaky means. Her phone number is private information, and she should have the right to share it with whomever she wants. 

Find an excuse. Don’t worry; she will probably know it’s a thin disguise to get her number, but she might be willing to give it to you anyway! If you’re with a group, ask for her number so that everyone can coordinate plans. If you’re in the same class, ask if you can exchange numbers to keep track of homework. 

Exchange numbers. Give her your number, then say, ""And what’s yours?"" or ""Sorry, I don’t have your number yet."" Ask her directly. If you don’t have an excuse, don’t worry - you can just ask her. Stay relaxed and start with something like: ""Hey, can I text you one of these days?"" or the classic, ""Can I have your number?"" This should work well if you accompany it with a fun date or an interesting exchange that goes well. 

Timing can make all the difference between a good call and a bad one. Choosing the right moment can make you seem confident yet interested, increasing your chances of getting her number at the right time. 

Wait a day or two. There’s a subtle limit; if you call her too quickly, you’ll seem desperate, and if you call too late, you’ll appear uninterested. Give her a day or two to wonder if you’ll call, creating interest in her. 

Call her in the evening. If you phone her in the middle of the day or at a time when she might be at school, it will make things awkward; she will be stressed about having to turn off her phone, and it will be hard for you to know if she is interested. So, try to call her in the evening, around 7 or 8 PM. She might have finished dinner or homework and be ready to chat a bit. 

Before picking up the phone, take a few deep breaths and try to calm down. Don’t risk mumbling or stumbling over your words because you’re too nervous. Practice speaking and keeping a clear and bright tone of voice. 

Find a bit of privacy. If you are really nervous, try calling from a closed space. You will be less worried about people overhearing what you say or ruining your concentration. How you speak to someone who answers the phone says a lot about your manners and nervousness. 

If someone else answers the phone, say ""Hello, is Anabelle available?"" The other person might ask who is calling. To respond, just state your name or your name along with some context (""This is Arthur, I’m in her Spanish class""). If she isn’t available, manage that calmly and ask if you can leave your number for her to call you back later. 

When she answers, say something like: ""Hey, Sophie, it’s Arthur, you gave me your number on Tuesday."" Reintroducing yourself might seem odd, but it’s an important step for her to know right away who is calling. How her day went, her homework, her work, her friends, and her interests are perfect and easy subjects to focus on. Don’t worry too much about discussing complex deep topics at first; what you really want to show her at this moment is that you are interested in what she thinks and want to get to know her better. 

Keep the conversation focused on her. Most people are comfortable talking about themselves because it’s a topic they know well, so ask questions about her interests, what she thinks about something that happened recently, how her day went, etc. Make things easier by asking her about a subject she loves, say something like: ""I know you’re interested in watercolor, I’d love to know more."" 

Ask about her day. She might need a listening ear to talk about something that happened. Bring up something you talked about the last time you saw her. It could be a joke, a shared interest, or just picking up the conversation where you left off. Think of it like listening to popcorn in a microwave: if you only hear silence for 3 seconds, it’s time to stop. Ending the conversation while it’s still lively and interesting can help you avoid awkward silences and create anticipation for the next time. 

Finish with a compliment. Saying something like ""This was great! We should chat again one of these days"" lets her know that you’re not hanging up because of something wrong she might have said. Even if you really want to talk to her as soon as possible, wait a little bit. Expecting her to talk every day puts a lot of pressure on her because that level of intimacy is usually reserved for people in serious relationships. But you can call her once or twice a week and see if she starts calling you back!",7.117808818817139
037_61126,"This is a simple and fun recipe that appeals to rabbits and other small animals. You will need a handful of Cheerios cereal, a handful of sunflower seeds, rabbit pellets, and a handful of oats. Mix the ingredients and serve them to your rabbit. This recipe should only be an occasional treat. If your rabbit eats it regularly, the sugar in the Cheerios could cause health problems. Your rabbit will love these little sweet treats. You will need four tablespoons of crushed Weetabix, four tablespoons of oats, honey, five tablespoons of crushed rabbit pellets, and one chopped carrot. Mix all the ingredients except for the honey. Then, gradually add honey until the ingredients just stick together. Take small balls of dough about the diameter of a €2 coin and give them to your rabbit. Rabbits rarely eat sugar in the wild, even naturally sweet ingredients like honey, so if your pet eats it regularly, it may have dental issues and develop diabetes. These treats should remain occasional treats. This is a healthy snack that your rabbit will enjoy. You will need a cabbage leaf, five blueberries, four small carrots, two cherries, and three grapes. Place the cabbage leaf at the bottom of a bowl. Cut the carrots into very thin slices. Pit the cherries and cut them into pieces. Cut the grapes. Finally, add the blueberries. Serve it all to your rabbit. You can make fruit and vegetable salads for your rabbit by trying different combinations of ingredients. Determine which foods your rabbit likes or dislikes and create treats tailored to its tastes.",2.2426977157592773
037_43934,"The worst thing you can do is let an unwanted guest know that you have a guest room available. Therefore, you should not boast about your ability to host people. Only talk about your guest room to close friends or family. Don’t invite anyone to stay at your home, not even suggest it, unless you really want to. Don’t brag or talk about your house to people you don’t want to host someday. Let them know that your house is not comfortable or relaxing. The best way to keep an unwanted guest away is to tell them that your home is not really welcoming. By letting them know that you live in an unkempt house, they will be put off and not want to stay there. Make them understand that your children are very noisy. Tell them how your house is messy and in need of a big clean. Let them know that you have a very aggressive dog. Do not make yourself or your home available when they are in town. If you know someone is coming to town and might try to invite themselves to your home, make yourself scarce. If you are not there, it will be very difficult for them to settle in at your place. Tell them that you are going out of town. Inform your family that you will not be in town or that you will be traveling during the holidays. Plan activities to keep yourself occupied when they are around. If you meet someone from out of town, consider doing so in a completely neutral place, like a restaurant or café. Do not invite them to your home; they may want to stay there. If you agree to let someone stay at your home for a certain period, be sure to clearly communicate the conditions of their stay before it begins. For example, impose a specific deadline for them to leave. Tell them that they can only stay for two days and that they must leave on the morning of the second day before 11 a.m.",2.6112632751464844
037_5531,"Your supporters should sign a petition to support the creation of your community center. On this petition, you should include their names and email addresses. It is possible to present this petition to potential donors and politicians to show interest in your project. You can also use it to create a mailing list to inform members of your progress. You can ask volunteers to stand outside shopping malls to ask pedestrians to sign the petition. You can also collect names and email addresses from all the mailing campaigns you have launched. It is also possible to circulate your petition at a neighborhood meeting, such as a public assembly, a parent-teacher meeting, or a community representatives meeting. You should try to gain the support of your municipality. Contact councilors, municipal officials, and the mayor. Inform them of your plan to create a community center and ask if they can help you. They might grant you financial assistance or help promote your organization within the community. After finding some supporters, you can present your project to the public. Organize a public meeting in a city space where citizens can come to listen to your speech. Consider inviting donors, decision-makers, and local media. During this meeting, you need to present your project. At the end, allow audience members to provide their own ideas and suggestions. Suitable venues for holding public assemblies include schools, places of worship, or government buildings like the town hall. Call in advance to make a reservation. At the start of the meeting, clearly state your objectives for the evening. Ask several speakers to present the different aspects of your project, including financial support, services that will be offered to the community, and government support. You can take advantage of this meeting to solicit donations from the public.",2.456284284591675
037_16828,"Everyone has their own way of expressing themselves, but certain communication styles can prevent you from saying what you think, believing in what you say, and make you appear rude. Those who are passive tend not to speak up to avoid confrontation. They easily give in when intimidated and struggle to say ""no"" for fear of being mean. Usually, they are emotionally sincere but express their honesty inappropriately. They react exaggeratedly, and when interacting with others, they tend to belittle them. They raise their voices, make accusations, and do not want to hear the opinions of their interlocutors. Those with a passive-aggressive personality are unclear about what they really want, what they think, and what they are looking for. They are not direct, make promises they fail to keep, ignore their interlocutors, and are sarcastic. They can give the impression of making judgments. Think of situations where you usually struggle to express yourself. Imagine what you would like to say to someone. Take the time to gather your thoughts. Write down what you want to say. Practice with a trusted friend. Simulate a real situation with a professional, such as a psychologist, who can give you honest and objective feedback. Phrases like ""I want..."", ""I am..."", and ""I need..."" allow you to clearly and directly illustrate how you feel without blaming your interlocutor. They are especially useful when you want to express negative feelings or hold a difficult conversation. You can use the following formula in almost any situation: ""When you do (action), I feel (...) and I need (action)."" For example, if you want to resolve an issue with a colleague, try saying: ""When you leave the office for lunch and don’t come back for three hours, I feel uncomfortable having to do all the research for our project alone. I need to spend more time with you so we can do it together."" If you want to express your concerns to a friend, you might say: ""When you keep canceling our meetings at the last minute, I feel sad and disappointed. I need to be informed earlier when you plan to change our schedule."" Additionally, expressing yourself correctly through your body will help your intentions be better understood by your interlocutor. Standing confidently makes you appear more self-assured. Start by looking your interlocutor straight in the eyes. Maintain eye contact with the other person. Do not look down, look away, or give angry looks. Stand tall or sit up straight. Avoid placing your hands on your hips, clenching your fists, or pointing at your interlocutor. Don’t fidget. Don’t raise your voice, shout, or be hesitant.",3.866516351699829
037_55180,"If you have a sum in parentheses affected by a factor, you can use distributivity (also known as ""expanding the expression"") while being careful to maintain the negative sign. Let's recall the rule of signs with multiplication: a negative (-) times a negative (-) gives a positive (+), a negative (-) times a positive (+) (or vice versa) gives a negative (-). To better understand, let's take the example below: 

−4(9−3x) = 48 (initial equation), 
−4(9)−(−4)(3x) = 48 (multiply -4 by each term in parentheses), 
−36−(−12x) = 48 (do the calculations), 
−36+12x = 48 (note that -(-12) equals +12). 

To find x, you need to group like terms. Group and add all the constants, and do the same with the terms of power 1. Grouping means putting the unknown on the left side of the equation and the constants on the right, resulting in the following calculations: 

−36+12x = 48 (initial equation), 
−36+12x+36 = 48+36 (add 36 to each side), 
12x = 84 (add the constants and isolate 12x on the left). 

To find x, you will need to divide the constant by the coefficient of the unknown. Once this operation is done, you will have your unknown on the left and its numerical value on the right: the equation will be solved. The calculations are as follows: 

12x = 84 (initial equation), 
12x/12 = 84/12 (divide each side by 12), 
x = 7 (this is the solution). 

For this, you will need to factor by -1. In algebra, whenever you see a ""-"" sign, imagine, even if it might not be useful, that it is + (-1). From there, you will be able to expand the product to have a sum. Then, you can solve the equation normally. 

Let’s take the following equation: 4x−(x+2) = 4. You have the “-” sign that you will transform for the sake of the cause into + (-1): 4x+(−1)(x+2) = 4. Use distributivity to expand and solve the equation: 

4x+(−1)(x+2) = 4 (reformulated equation), 
4x−x−2 = 4 (calculate (−1)(x) and (−1)(2)), 
3x−2 = 4 (group the like terms), 
3x−2+2 = 4+2 (add 2 to each side), 
3x = 6 (isolate 3x), 
3x/3 = 6/3 (divide each side by 3), 
x = 2 (this is the solution).",4.365932464599609
037_48532,"This consent must be expressed freely. A person who is unconscious or inebriated cannot give consent. It is best to regularly check that your partner agrees with what you are doing. Of course, if you are practicing bondage, it is more difficult to check. This is why it is important to establish limits in advance. If you want to be an effective dominant, you will need to identify with your partner the forbidden acts or those that could be. You will need to consider a number of criteria, such as pain, stress, or psychological discomfort. It would be helpful to create a list of desired, prohibited, or mandatory acts to frame your partner's behavior and yours. This list includes acts you enjoy, those you will do on request, and those you will not do. Establishing a contract can be a fun way to create this list. This contract has no legal value, but it has the advantage of clarifying the limits of the play itself. It is important to observe your partner's body language. In a bondage relationship, there is almost always a victim. Normally, you should be able to notice a refusal during this type of relationship, especially if your partner is gagged. Watch their eyes and body for stiffness or signs of fainting. These are cues that indicate your partner is not enjoying the situation. In any case, you should set the components of the play in advance. To ensure consent during play, partners should agree on two words or gestures, a safe word and a caution word. The caution word will be used to express doubt or fear of danger. The safe word means a total and immediate withdrawal of consent. Here are some examples of safe or caution words. Safe words may include terms like stop, gently, red, and yellow. The definition of a gesture depends on several things, including visibility of the face and the body parts that can move. However, gestures to indicate caution may include blinking, nodding, and movements of the head. Sometimes during play, the ropes may tighten or slip into dangerous areas. This is why it is essential to have scissors when using rope. Even if they are of no use, they will help your partner relax and enjoy the moment, rather than worrying about potential asphyxiation. Like any intense activity, it is necessary to stay hydrated. This is especially important if you are wearing thick clothing or leather accessories. Water can also be part of the play and used to tease your partner. This is an excellent method to become familiar with the complexities of this play, as many accessories carry risks. Therefore, learning to handle ropes or knowing how to be a dominant can help you practice safely when you are in your dungeon. Check with your sex shop to enroll in a class, but you should first verify that it is constructive and emphasizes consent and safety.",4.233724355697632
037_4475,"If you are sending it yourself, it will take a lot of time to write the addresses, gather the mail, and prepare the shipment. Set aside some time to fully dedicate yourself to this task. It is recommended to use the same address for sending and receiving confirmations to avoid confusing your guests who might respond to the wrong address. The address to use is the one you use most frequently. The inner envelope should remain open and positioned to face the flap of the outer envelope. The text of the invitation should also face the flap of the inner envelope. This way, the guest will come across the invitation as soon as they open the envelope. Before putting stamps on the invitations, go to the post office to get an idea of the shipping costs. This way, you will know if you need to pay additional fees for the invitations to reach their destination.",1.6401584148406982
037_21740,"Even though there are no strict rules regarding the structure of your letters, many people choose a three-part format. A well-written letter typically includes a greeting, a body (with paragraphs), and a conclusion. The greeting should begin with the words ""Dear (name of your correspondent)"" and should be placed at the very top of the page. After the greeting, you can develop the body of the letter, which is the main part where you will write what you want to say to your correspondent. To conclude, you should summarize or finish the letter. Generally, this consists of a final paragraph and a sign-off, such as ""Sincerely,"" followed by your signature. You will have plenty of time later to share more with your correspondent as you get to know each other better. 

Be specific. Instead of saying you like movies, arts, and exercise, say that you love Marvel movies, sewing, and biking. As you learn more about each other, you will be better equipped to respond to their views, sense of humor, and ideas in the body of the letter. You will feel more comfortable expressing yourself and confiding in your correspondent. The more you write to them, the easier it will be to know the topics that interest you both. If you are writing to a correspondent who is in prison, do not include information that could incriminate you. Letters going in and out of prison are closely monitored, and you could get into trouble if the prison staff discovers your secrets. If you are an undocumented immigrant, do not mention this in your letters; you can never know who your correspondent will share this information with. You should also keep details about your income and assets private. Do not reveal too much too soon. You might consider renting a P.O. box if you don’t want a stranger to have your address. 

Show interest in their life. Ask them about their work, hobbies, and family. Invite them to share their opinions on various topics. Develop a genuine curiosity about their life and don’t be shy while writing. For example, if they tell you they run, ask them how fast they run, if they’ve ever participated in a race, or what the longest distance they’ve ever run is. Even if you have many questions, avoid asking for too many details. If you are writing to a correspondent abroad, assume they have a different level of comfort with you. They may have difficulty speaking openly about certain subjects. If you sense reluctance from them, avoid prying into their habits and life. If they do not answer certain questions, do not bring them up later and assume it’s a sensitive topic. Conversely, if they are more direct and insist that you respect certain boundaries, do so. For instance, if they ask you not to talk about their sexuality or family, do not insist. Similarly, do not feel obligated to answer their questions if you do not feel comfortable doing so. If they try to bring up a topic or issue you do not want to discuss, do not feel compelled to talk about it with them. Let them know there are subjects you’d prefer not to address. Like any other friend, your correspondent should respect your boundaries and consider your feelings. 

The last part of the letter is to wrap it up. Say goodbye and leave them with a thought or question they can respond to. For example, if you mentioned in your letter that you are looking forward to summer, you might write: ""Hopefully, the weather will clear up soon. I would really love to go swimming again. What are you going to do this summer? Do you like swimming too? Is there another summer sport you enjoy?"" Leave two lines and write: ""Sincerely,"" ""Take care,"" or ""Until next time,"" followed by your signature underneath. The envelope should have the recipient's address and a return address (yours). Write your address in the top left corner of the envelope. Write your name first, then your address below, and on the third line, write your city, postal code, and country. Follow the same format for the recipient's address, but place it in the center of the envelope. 

Don’t forget the stamp. You should take your letter to the post office the first time you send one to find out how many stamps you need, especially if your correspondent lives abroad. If they live in France, you can use regular stamps and have the letter weighed to know how many to use. Slip it in the mailbox or take it directly to the post office. Your correspondent, just like you, is probably busy. Do not expect a response the next day. Wait at least two weeks. If they do not write back in two weeks, send them another letter or, if you have their email address, send them an email. Many people prefer to use instant messaging technologies like emails, texts, or other apps because they consider letters a waste of time. However, one advantage of a letter is that it takes more time and requires more patience.",7.03945517539978
037_26543,"Indeed, it is necessary to clean these components thoroughly. The flap can be easily removed by pulling it upwards, while the strainer usually needs to be unscrewed with an appropriate screwdriver. Both the strainer and the flap must be cleared of soap and hair deposits. You only need a few centimeters of water at the bottom of the bathtub to use the plunger. It is this water that will allow you to create a pressure phenomenon to unblock the drain. Place the rubber part over the drain opening, then push down on the plunger. Lift it immediately afterward. Sometimes you need to apply a bit of pressure. Be careful not to splash yourself! After a few pumps, you will see dirt rising, the stuff that was clogging your pipe. After about ten pumps, check if any dirt has come up into the bathtub. If nothing has risen, you will need to press harder on the plunger. You should pump until the water drains fairly normally. If you cannot unclog your pipe, you will need to resort to another method.",1.6384074687957764
037_7119,"Siphoning wine involves using a few relatively simple tools, most of which are part of the basic equipment for anyone making wine at home or are available at any winemaking supply store. To siphon wine correctly, you will need: one or more sterilized carboys or buckets, a tube, and an airtight stopper for the wine. To sterilize your tube, you can use potassium metabisulfite or sodium metabisulfite diluted in water. You can find this type of solution commercially or mix it at home. In general, one tablespoon of this solution should be diluted in about 4 liters of water. Everything that will touch the wine must be sterilized using the metabisulfite solution. Typically, you should pour a little solution into the bucket or through the tube, then discard it somewhere it won't cause issues. The metabisulfite solution is very harsh, so it’s best to use it in a well-ventilated area and wear a respiratory mask and gloves when handling it. Follow the instructions on the package. Take the container with the wine and the sediment and open it, then place it on an elevated surface. Depending on the amount of wine you are going to produce, you may need a substantial surface or just the surface of your table and the kitchen floor. Ensure that your tube is long enough to reach the point from which you are going to siphon the wine. Siphoning is based on gravity, so it is essential that the barrel or tank filled with wine is positioned higher than the highest point of the clean bucket or carboy you will use to receive the wine; otherwise, it will not work. Place the cut end of the tube into the barrel, ensuring that you do not touch the sediment at the bottom. It would be better if you could clearly see the layer of sediment at the bottom of the wine when you are ready to siphon, and it should be dark and thick enough. Let the tube drop deep enough into the wine, but leave at least 2 to 5 cm of space above the sediment layer. Insert the other end of the tube into the clean receptacle or let it hang above the receptacle. You will need to start siphoning before quickly inserting it into the receptacle. Make sure the tube is long enough to reach into the receptacle. It’s not very complicated: start sucking on the other end of the tube like a straw until the wine begins to flow, then quickly place the tube into the clean receptacle. It takes a bit of practice to do this without ending up with a mouthful of wine or spitting it out. But then again, there are worse things in life than having a mouthful of wine... When the wine starts to flow, quickly insert the tube into the receptacle and try to maintain a ""steady"" flow. Keep an eye on the sediment, ensuring that it is not disturbed or that none of the tubes splash and introduce too much oxygen into the wine. When the second receptacle fills up or if the sediment starts to come up, pinch the tube to stop the flow of wine and stop siphoning. Making wine is as much an art as it is a science, and you will lose some wine during the process. At what point have you siphoned enough wine? You will probably estimate it visually and make that decision yourself. That is part of the job. Don’t complicate your life by trying to siphon just to the edge of the sediment layer. Just remove as much wine as possible and discard the sediment. If you are making wine at home, there will always be a little sediment left at the end. Once you have transferred all the wine into the new container, install the airtight stopper, which you should screw on tightly and lock. There are different types of airtight stoppers, each with its own instructions, so it is important to follow the manufacturer's instructions for your specific model. Most of them simply attach directly into the opening of the carboy.",5.388027667999268
037_31735,"Bourbon can be consumed neat (straight), with water, on the rocks, or mixed into a cocktail. Indeed, bourbon has gained popularity as a base spirit for cocktails. The Manhattan is probably the most well-known bourbon-based cocktail. Don’t be surprised if you feel like a gangster while drinking this classic. You can also try the Mint Julep, a very refreshing classic from the southern United States. However, if you prefer basic cocktails over fancier concoctions, simply try a bourbon and coke. This mix is easy to drink (and will save you money at bars). Bourbon is not just for drinking; it can also add delicious flavor to your dishes. Bourbon chicken is a classic dish where the chicken is infused with a delicate bourbon flavor. You could also try a sugar and bourbon sauce that would be delicious on salmon.",1.3464455604553223
037_54352,"If you suffer from thyroid disorders, you should maintain a healthy and balanced diet. Typically, this means your diet should consist of whole, unprocessed foods. Adopting a healthy lifestyle will help to enhance your thyroid functions. By following an appropriate diet rich in whole, unprocessed foods, you avoid consuming inflammatory foods that negatively impact the thyroid. Most people with thyroid issues are sensitive to gluten. Therefore, try to limit or completely eliminate gluten from your diet. To promote the proper functioning of the thyroid gland, you should avoid caffeine, alcohol, and tobacco products. These substances can increase stress hormone levels, which can affect the thyroid and lead to hormonal imbalances. If you do not want to completely give up alcohol and caffeine, at least limit their intake for a few weeks and then consume them in moderation. In fact, some studies suggest that black coffee may even be beneficial for neurological health. Certain foods can help stimulate and regulate thyroid activity. If you have a thyroid condition, make sure to include these foods in your diet. Here are some examples of such foods: 

Berries, especially blueberries, gooseberries, raspberries, elderberries, strawberries, and blackberries. These fruits are very high in antioxidants that boost the immune system and reduce inflammation. Fresh vegetables of all colors (green, red, orange, yellow, and purple) and various forms (leaves, stems, tubers, and flowers). Certain fish species like salmon, mackerel, and tuna which are rich in omega-3 fatty acids. Other sources of omega-3 fatty acids include walnuts, flaxseed oil, and borage oil. Omega-3 fatty acids play an important role in the production of natural anti-inflammatory substances in the body. Foods containing vitamin D, such as fish and mushrooms or vitamin D-enriched dairy products. You can also expose yourself to sunlight for 10 to 15 minutes. High-quality proteins should be included in every meal. Poultry, beans, eggs, nuts, and legumes are excellent protein sources. You should increase your intake of nutrient-rich foods that enhance thyroid function, aiming for at least one serving daily. Consume more vitamin A-rich foods, including vegetables (sweet potatoes, spinach, other greens, carrots, pumpkin, broccoli, red peppers, and zucchini), fruits (melon, mango, and apricots), as well as legumes, meat, liver, and fish. Tyrosine is an essential amino acid for improving thyroid gland function. It is found in turkey meat and egg whites. Selenium also plays a role in regulating thyroid function. Brazil nuts are the best source of selenium, though it is also found in tuna, beef, halibut, mushrooms, sunflower seeds, and soy. Check your iodine intake. In developing countries, increasing iodine intake with iodized salt can improve thyroid function. However, there is a risk of excessive intake, which could cause chronic lymphocytic thyroiditis. Consult your doctor for recommended iodine intake and whether you need to adjust yours. If you suffer from hypothyroidism, the thyroid works more slowly than usual, but some foods can interfere with its functions, inhibiting and worsening the disorder. Limit the consumption of certain vegetables, such as cabbage, Brussels sprouts, rutabaga, broccoli, and Chinese cabbage. These foods can affect the absorption of iodine by the thyroid gland. However, if you still want to consume them, steam them and do not eat them raw. It is recommended to limit the intake of peanuts and peanut butter as they can also affect iodine absorption in the body. You should also avoid foods high in mercury, such as swordfish, shark, mackerel, and almost all types of tuna. These foods harm the thyroid gland.",5.376404523849487
037_32747,"These street festivities typically include performances by DJs or musicians, fireworks, and confetti. Some require tickets to be purchased in advance, while others are completely free. On New Year's Eve, several events take place at historic locations around the world, drawing national attention: for example, Times Square in New York City, Central London in England, the Eiffel Tower in Paris, Sydney Harbour in Australia, and the Brandenburg Gate in Berlin, Germany. Many cities host street parties and outdoor celebrations that you can attend. If your city or municipality does not currently organize an outdoor event, you can set one up. Websites like Meetup are great starting points. If you really want to party while celebrating New Year's, just go to a nightclub with your friends. Nightclubs will likely hire the best DJs and offer special drinks at competitive prices. Several luxury restaurants and hotels host galas on New Year's Eve, featuring performances by orchestras, jazz bands, or professional musicians and singers. Attendance at such events usually requires purchasing tickets in advance. Note that most official events require guests to wear formal attire or black tie. In addition to giving patrons the chance to play slot machines and card games, casinos generally host events on New Year's Eve where they offer dinner and a show featuring groups, comedians, and professional singers. Depending on the laws in the country where you reside, you must be at least 18 to 21 years old to enter a casino. Besides the numerous events organized throughout France, Las Vegas also hosts an event where all the casinos work together. Some people participate in a church service that takes place on New Year's Eve, called the midnight service of Saint-Sylvester. This celebration includes worship songs, shared meals, and a message delivered by the church leader.",2.6612701416015625
037_40462,"Find a quiet place away from the noise and hustle of the house to study or do your homework. Put your phone in a drawer or far from you so you're not tempted to check it. Some people are better able to concentrate while listening to music. If it helps you get into your zone, listen to classical or instrumental music. Your brain cannot stay focused for long periods. Take a quarter of an hour to get up, stretch, go to the bathroom, snack on something, or do an activity that allows your brain to rest. Try to take regular breaks between each homework assignment or section instead of getting up in the middle of a problem you are working on. Keep a notebook handy while you do your required readings. Summarize each chapter of the book by writing the section header, summarizing the main ideas, and defining key concepts. You will be better prepared for class and will appreciate your notes when it comes time to review for an important exam. Generally, it is less effective to highlight or underline in the text while you read. It might be helpful to highlight the thesis of a paragraph or a major argument. However, if you highlight a large block of text, you won't help yourself retain that information. Instead, try making flashcards. Studies have shown that flashcards are more effective than other memorization techniques. A study group will help you and your friends stay focused and motivate each other. Plus, everyone learns and understands information differently. A certain concept might pose challenges for you, and you could help another student who has a problem with a concept that you understand. Ask three or four students to form a study group with you after class, on the weekend, or during breaks.",2.4380359649658203
037_52395,"Exposure to UV rays is one of the most common causes of hyperpigmentation. Although this will not change the hyperpigmentation you already have, you will avoid further discoloration. Always wear sunscreen. When you are directly exposed to the sun, wear a hat and long sleeves. Do not use tanning beds. Limit your time spent outdoors and do not sunbathe. In many cases, you may not be able to stop taking a medication just because it causes hyperpigmentation. Hyperpigmentation is a common side effect of birth control pills and other hormone-based medications. If changing or stopping the treatment is a feasible option, then do it. Hyperpigmentation can result from trauma to the epidermis, which can be caused by plastic surgery or other professional skin treatments. Be sure to do thorough research before opting for plastic surgery. Make sure that your doctor or surgeon is highly qualified.",1.3686933517456055
037_25823,"You can stand, but if you are a beginner, it will be easier to sit. An accordion is heavy, and after 8 hours of working with the instrument, you will be tired. Well, you don’t have to work for 8 hours, although if you want to become a pro, you will need to take it seriously. The position of your body is important both for playing the instrument and for your health. If you stand incorrectly, you will have back problems and won't play properly. Stand up straight and find a position where you feel comfortable. When you take your accordion in your arms, you will immediately feel the need to find the right balance between you and the instrument. To perfectly control your new friend, you need to be comfortable with it. Furthermore, to produce a good sound, you must control your accordion well and not be hindered by its sometimes significant weight. Your right hand will play the notes on the right keyboard while your left hand will slide under the strap that allows you to open and close the bellows to create sound and play the bass and chords. The instrument rests on your shoulders thanks to the straps provided for this purpose. Generally, there is a small knob on the left that allows you to adjust the tension of the strap for the left arm. When you move, the instrument should move with you, staying close to your body and not drifting away. A back strap is a piece of leather (sometimes plastic) that connects the two back parts of the straps over your shoulders, bringing the accordion closer to your chest. Do not place this strap too low, as this would shift the weight of your shoulders down and the instrument would slide on your shoulders when you play. Position the back strap higher up on your body or hold it diagonally in place. Follow this simple principle: when the straps are well-adjusted, the instrument is too. There is a small strap at the top and bottom of the bellows keeping it in place. To be able to open and close the bellows to produce the air that generates sound, you need to release these two straps.",3.0293192863464355
037_33475,"To plot a graph, you need two scales: one for the x-axis (abscissas), which often can be a linear scale, and another for the y-axis (the phenomenon), which can be either logarithmic or linear depending on the case. Most often, the phenomenon is on the y-axis, but for clarity, you can also place it on the x-axis. In both cases, the curve will be identical; it will just be oriented differently. The choice of scale depends on the data to be represented as well as the analysis—detailed or more general—that you plan to perform on the curve. This axis is typically that of the independent variable, which you have control over, as you defined it from the start, for example, in an age-group study. An independent variable is not influenced by the phenomenon being studied and only has a single connection to it, such as a change over time. Among the countless independent variables, examples include specific dates (years, months...), a time span, age groups, or increasing dosages of the same medication. If you have extreme data with not too large a gap, use a linear scale (1, 2, 3... or 10, 20, 30...). If the gap is huge (for instance, between 4 and 1,000,000), choose a logarithmic scale. Examples of such exponential data include population explosions, rapid price inflation in a crisis country, or compound interest investments. Closely observe your data and see if you must start from 0. If your lowest data point is in the millions and your highest in the billions, start your scale at 10^6. The following increments will be 10^7, 10^8, 10^9... You have all your data pairs in the form (independent variable, dependent variable), and you need to place the first point. Locate the first independent variable on the x-axis, such as a date or age. If you are just starting, it's best to mark a small point with a pencil at the exact location on the x-axis; you can erase it later. Find the exact location of the corresponding dependent variable on the y-axis for the provisional point you just plotted. Suppose you have a decimal logarithmic scale; identify the two graduations between which your value fits and place it on one of the ten intermediate graduations. For example, between 10^6 (one million) and 10^7 (ten million), the space between each fine line represents 1,000,000 units. For instance, the value 4,000,000 will be situated between 1,000,000 and 10,000,000 and will be the fourth small graduation (from the bottom) above 10^6. With a logarithmic scale, 4,000,000 is in the upper half of the range. If it could be represented with a linear scale, it would be in the lower half (below 5,000,000). What happens between two graduations, which is the convergence of the lines towards the top of the interval, happens identically across the entire scale: this is logical; it is the exponential effect. At the intersection of the two lines originating from your two points, place a point. Proceed similarly, without error in the graduations, with the other pairs of coordinates. When you are done, you just need to connect the points in order: your curve is complete.",4.728670835494995
037_42663,"Visitors should be welcomed as soon as they park in the church parking lot. Entering a new church can sometimes be an intimidating experience, so it is important to make visitors feel as comfortable as possible. To achieve this, some churches assign welcoming members to the parking lot so that visitors know where to go and are not scared before even entering the building. For this task, choose church members who are particularly warm and friendly. This task could engage dynamic young members before the service or allow older members to feel valued. Ensure that those in this role avoid accusatory phrases such as ""What are you doing here?"" or ""What do you want?"" Assume that everyone is where they are supposed to be. Say ""Hello! Welcome! How are you?"" Listen and offer your help. Don’t let visitors bear the heavy burden of introducing themselves first; it is your responsibility to make the first contact. Visitors should feel relaxed and free to either sit quietly in their corner or chat and make new friends if they wish. Relieve visitors of this pressure by introducing yourself and your family while asking newcomers for their names. Treat visitors simply as people rather than ""visitors."" No one likes to feel set apart in a specific category. Ask them questions and learn how to make your visitors feel at ease. Look for common ground with them to help them feel at home in your community. Many community members have forgotten what it is like to visit a church for the first time. Most visitors do not seek to be educated on doctrine or sermonized during their first visit; they primarily want to know where to park and where to sit to listen to the service. They just want to feel welcomed. So, do your best to ensure that visitors are comfortable and have a pleasant experience with your community. Make sure visitors know where they can park, where to get a cup of coffee, and where to leave their coats. Provide them with a brochure outlining the day's service and be available for any questions. If time allows, give them a quick tour of the building. Show visitors where the service will be held and other elements that might interest them. You could also enlighten your visitors about your community's history. Different churches often operate in different ways, and you should not assume that your visitors know how to navigate a church. Be attentive to your visitors' questions, but do not make them feel pressured. Ask your visitors if they would like more information by posing questions to determine what they are looking for. If a visitor is only in your church because they are passing through your town and live in another region, there would be no point in trying to involve them in your community. Welcome this visitor appropriately, but do not seek to integrate them into your church life. This step can be tricky, as you will need to determine which visitors might be willing to join your community. The best way to learn more is to invite visitors to sign the church guestbook and leave their contact information so you can follow up with them later. Every person is different, and some visitors might simply want to attend the service and be left alone. If they enjoy the experience, they will come back, and you can then get to know them better. Do not assume that quiet or unsociable guests do not appreciate your church or are uncomfortable; they might simply want to attend the service to form an opinion about your church. When you think you are dealing with this kind of visitor, give them space. Go introduce yourself so they know who to approach if they have questions, and then let them enjoy the moment.",5.15775465965271
037_49101,"You have about three days during which oil paint remains slightly wet on the canvas. During these three days, you can modify or completely remove any mistakes using a damp cloth. Before finishing, take a step back and look at your painting as a whole to see if any changes need to be made. If you have a lot of paint left on your palette at the end of your session, it can be reused the next day: scrape the colors with your knife or spatula to form a small pile of paint. Then take a clean cloth, coated with turpentine, to clean the rest of the palette. Seal your leftover paint tightly with plastic wrap and store it away from light and heat. Do the same for all used brushes. Under warm running water, with mild soap, wash the brush directly on the soap as if you are literally painting on the soap. Rinse in the direction of the bristles until no more paint flows from the brush. Gently stroke the bristles between your index finger and thumb under running water, ensuring that none of the hairs are bent, twisted, or broken. This is a bit tedious, but it is the only way to keep your materials in good condition. Oil paint will ruin poorly cleaned brushes. Another tip: make sure to tightly close the lids of the turpentine and medium jars until the next use, even if these products look cloudy. When the turpentine settles, the paint pigment slowly sinks to the bottom of the bottle and the turpentine rises to the surface. During your next session, you will have clean turpentine. You just need to pour it into a clean container and wipe away the pigments that remain at the bottom. Of course, you can pour the turpentine back into its original bottle. This saves a lot of money! For oil paint to dry completely, it takes a total of 2 to 3 months. Let your work dry in a protected place so that it does not get damaged, touched, brushed against, or stained. This place should not be too hot or too humid. Do not let your canvas dry in complete darkness, as this can cause yellowing: linseed oil yellows in the dark and deposits a thin layer on the canvas. Also be mindful of any insects that may hover around your canvas. They can cause unsightly stains if they get their legs in your paint. Once your painting is completely dry, add a layer of varnish to protect it and preserve the colors. When the varnish is dry, you are done! Hang your painting somewhere for everyone to see your beautiful work.",3.670056104660034
037_39967,"It will be difficult to be consistent if you have no idea what you need to do. When starting on this new path, you should set simple goals with specific and measurable outcomes. Begin by defining what consistency means for you. Do you want to become more consistent in your physical exercise? Do you want to achieve better quality in your work? Do you want to be more available and reliable in your relationships? Once you have identified the goal that interests you, you can break it down into smaller steps to reach it. For example, if you want to get fit, you might start by deciding to exercise five times a week or by joining a fitness class. Be specific. Instead of saying that you will appreciate your partner's efforts more consistently, you should commit to thanking them when they do the dishes, prepare dinner, or help with household chores. It can be easy to accumulate tasks and promises, but with a calendar, planner, or schedule, you can know exactly whether you are following your plan. A schedule will help you manage your day to ensure you do everything you want to do. It will also help you understand if you have time to take on other tasks. Use a paper calendar or a desk calendar. Alternatively, you can download an app on your phone like Google Calendar or Outlook. Set aside a realistic time to accomplish each task. If you are unsure of how much time you will need to finish, you can give yourself a little extra time. For larger goals, such as writing a book or trying to lose weight, you need to set smaller daily tasks that will help you move toward your goal. For example, you might set a certain number of words to read every day or plan your meals to stick to your diet. Also, remember to take breaks! Do not accept additional tasks for the day. Sometimes, it can be easy to forget the goals you have set, your habits, your commitments, or your promises, especially if they are things you haven’t shared with anyone. To remember them throughout the day, you need to set reminders in visible places. Write them on sticky notes that you can then stick on your mirror, on your computer, on the fridge, on the car dashboard, or in your planner. Slip a piece of paper with your goals written on it into your wallet, desk drawer, or bag. If you are trying to establish a new habit, set a reminder on your phone. Create an alarm or use an app to remind you to do it. Consistency often involves commitments you make to others that you need to keep. However, it’s easy to get overwhelmed if you make too many promises. If you think it will be difficult for you to keep your promise, say no. For example, if you tell your partner that you will handle half of the household chores, you need to make sure you have time after work to do it. In some cases, you could negotiate a promise that you can keep. For example, if someone asks you to help them move, you could say, ""Okay, but I can't come before three o'clock, but after that, I'm free. Does that work for you?"" This also includes the promises you make to yourself. If you know you won't be able to write ten pages a day of your new novel, you should promise yourself to write at least a little every day. If you complete one of your goals, you can reward yourself. Even small goals deserve a small reward to help keep you motivated. For example, if you manage to finish all your work by five o'clock every day for a week, you can take an evening to relax. Go see a movie or treat yourself to your favorite dinner. If you are training for a marathon and you have met your daily exercise goals, you can sign up for a 5K race to give yourself a sense of achievement. If you have managed to improve your relationships by being more consistent, your friendships will be the reward. If you are proud of yourself, you can invite your friends to dinner or host a meal at your place.",5.483125448226929
037_47291,"If you start to notice that he is not communicating with you as frequently as before, you should take a step back and avoid contacting him. When you are the only one texting, calling, or trying to make plans without any reciprocity, it is clear that he does not want to see you. Try this approach for a week and see if he starts to change. Don’t contact him at first and see if he initiates conversations with you. He will notice that your conversations have stopped and will either reach out to you or not give you any sign, which will prove that he no longer wishes to continue seeing you. You may have mutual friends with the boy you are in love with. If possible, ask his friends if he is interested in someone else or if he still has plans with you. Conversely, observe if he asks you for advice about his romantic relationships with other people. This clearly shows that he is interested in someone else and sees you only as a friend. If he starts asking you questions like, “how can I get this girl to notice me?” or “what kind of date should I plan for her?”, it is certain that he is not romantically interested in you. This is the best way to know if he is still interested in you. Speculating about his way of communicating with you, his behavior, or his attitude can help you get an idea of how he feels, but you will never know for sure until you have a discussion with him. This may seem scary and anxiety-inducing. No one wants to feel rejected, and it’s a vulnerable position to put yourself in. However, you may misinterpret his signals or not even see the signs that are rather obvious to him. You have the option of approaching the topic directly or indirectly. You can ask him the question: “would you still like us to continue seeing each other, or do you think it’s better if we are just friends?” This gets to the heart of the matter and gives the man the chance to share what he feels. This is very important because losing a man who interests you can be very hard to handle emotionally. Whether the man who has lost all interest in you is your boyfriend, someone you have feelings for, or an ex, you need to take care of yourself and be kind to yourself. Do things that make you happy. You can go out with friends, cook your favorite meal, take a walk, paint a picture, or see a new movie. Accept, with dignity and grace, that he may no longer be interested in you. Keep your distance from him and try not to unload your frustration or anger on your mutual friends. It is normal to regret the outcome of this relationship. You might also harbor some regrets thinking about what your future together could have been. Once you have finished with all this sorrow, move on by focusing on the other positive aspects of your life. Keep the bigger picture in mind. Certainly, this situation is difficult for you, but know that there are many wonderful men looking to build a relationship.",4.380582809448242
037_17810,"Meditation can be very beneficial for your brain. The practice of meditation can help you become more attentive without much effort, as it will become one of the parameters of your brain. Learn more about meditation and find a method that suits you. Meditation becomes more effective when you train your mind to practice it. Try to find a book or audio recordings to guide you in your meditation. You can also take courses offered by professionals. To begin, find a quiet place to meditate. Close your eyes and sit comfortably. Choose a mantra to focus on. A mantra is a word or sound that you repeat, either out loud or to yourself. Common choices include ""ohm"" or ""love."" Your romantic relationship affects all aspects of your life. Research has shown that more attentive couples are happier and healthier. Ask your partner to join you in becoming more attentive together. Try meditating with your partner. The simple act of wanting to become more attentive at the same time and in the same place can help you form a bond. You can also become more attentive by developing your communication skills with your partner. Focus on really listening to each other. One of the best ways to become more attentive is to truly listen to what the other person is saying. Often, when you are talking to someone, your inner voice is active while they speak. Sometimes, you judge what they say or think about something else. To be more attentive, you must really pay attention to what the other person is saying. If possible, hold important conversations face to face. Look the other person in the eyes. This will help you create a connection with the person you are listening to and absorb what they are telling you. It is important to be aware of your health to be truly attentive. Pay attention to your body, your energy levels, your hunger, and your pain. By attuning yourself to your body's signals, you will improve your overall well-being. Train yourself to be more attentive by being mindful of the foods you choose to eat. You should think not only about what you like and don’t like but also about the nutritional value of what you are eating. Additionally, be aware of the act itself and notice how your senses (sight, smell, and taste) respond to these different foods.",3.1849606037139893
037_17676,"Sometimes, in a couple, one partner or even both may have doubts about the relationship. The person will then tend to distance themselves, usually without giving an explanation to their partner. You might not know what is wrong and wonder if you did something wrong. This may tempt you to approach your girlfriend to determine the problem. However, this behavior tends to annoy the person who is having doubts and may lead them to take action. If you find yourself in this situation, do your best to give them the space they need. This approach isn't guaranteed, but by stepping away for a few days or weeks, you might help your girlfriend realize that she appreciates your relationship and feels lonely without you. Even if everything doesn't go as you hoped, by distancing yourself, you will also realize that you had a life before meeting your girlfriend, that you were happy, and that you can live a beautiful life even if she is no longer part of it. If you truly feel that you cannot live without your girlfriend, you can take certain steps to try to save your couple. However, it is important to understand that if your girlfriend is unhappy and does not want to be with you, both of you will be unhappy. Try to identify what aspect of your relationship makes her unhappy. The sad truth may well be that she simply no longer loves you. Other aspects might also be the root of her unhappiness. Try to identify these issues and address them. Surprise her. If you have been together for a long time, you might not be making much effort to make her happy anymore. For that, surprise her with something special. You could surprise her with a candlelit dinner or take her dancing at her favorite place. You could even settle for a small gesture, so she knows you are thinking of her, such as giving her favorite candies or flowers she likes. Try to remind her of the good times. There is a reason why you and your girlfriend got together. However, when times are tough, those reasons can seem distant. Try to return to those reasons by recalling your first date or a big laugh you shared. You need to make her relive the positive feelings from the beginning of your relationship. Write her a love letter. This approach is very simple, but many people love receiving love letters. This does not mean you should be sappy or cliché; just write a simple letter reminding her how much she means to you. You could mention a good memory you share or a common future plan. Try to be more open and vulnerable. During this difficult time, you might tend to shut yourself off and share less with your girlfriend. This could actually worsen the situation. Instead, try to open up more to her. Tell her when you are having a bad day, share your fears, and let her see this more vulnerable side of yourself. Encourage your partner to be independent. One possible reason your girlfriend is no longer happy with you is that she feels stifled and unable to be independent. Try to encourage her to do what she wants to do, rather than doing everything to keep her close to you. For example, if your girlfriend wants to apply to a prestigious school, offer to help her with the application process. If she wants to travel somewhere, tell her to go for it. This may not be what you want, but in some cases, the best solution is to let her go. If it is clear that she is not happy with you, but she cannot leave for one reason or another, be brave and show her how important her happiness is to you by deciding to break up with her yourself. You can do this gently by being honest. Tell her that you realize she is no longer happy with you and that you know she does not want to hurt you, but it is time to end the relationship. This may not necessarily make the breakup less painful, but at least you will have control over the situation. You may even feel relieved after being unhappy in your relationship for some time. When you end your relationship with your girlfriend, it is important to forget the anger you feel towards her. By dwelling in your anger and resentment, the situation will only become more difficult. To move on, you will need time. If you are sad after the breakup, you will feel better over time. You could adopt many approaches to feel better, but in any case, you will need to give yourself the necessary time. There is no set duration. You might need a few days, a few weeks, or a few months. Try to see each passing day as a step in the right direction. The day after the breakup, you might be tempted to call your girlfriend or send her an email or text. However, this will only prolong your sorrow. If necessary, delete her number and remove her from all your social media. If she tries to contact you, ignore her call or message. If she sends you an email, delete it without even reading it. This does not mean you will never be able to talk to her again. However, you will probably regret everything you might say the day after the breakup, and it will not bring you anything good anyway. If you do not want to completely get rid of her contact information, write it down on a piece of paper and give it to a trusted friend, who can only return it to you when you have recovered from the breakup. If you do not want to completely get rid of something, whether by throwing it away or giving it away, put it in a box or bag and store it out of sight. If you fear being tempted to relive your memories with these items, get rid of them completely or ask a friend to keep them for a while. If you have the right to spend an evening crying and being sad after the breakup, try to stay active. Make plans with your friends and do things you enjoy. Try to participate in events where you can meet new people. If you have fun with people you love, you won’t have time to dwell on the loss of your girlfriend. Also, try to stay physically active. It is widely proven that being physically active helps you feel good, both physically and mentally. After the breakup, you may be tempted to lounge around doing nothing, but instead, try to go for a walk or run. If you enjoy team sports, join a club. While the end of a love story is always sad, you can still learn from it. Take the time to reflect on the relationship with as much honesty as possible. Your ex-girlfriend probably made many mistakes during your relationship, but you surely made just as many. Instead of dwelling on her faults, think about what you could have done better. For example, in your future relationships, you could try to communicate better, so your future girlfriends can more easily tell you when something bothers them. If, in your last relationship, you tended to get angry or defensive when your partner brought up an issue, you must make an effort to be more open and calm in the face of problems. It can be difficult to be honest with oneself about our own shortcomings. Keep in mind that hiding behind your pride will not help you.",9.728515386581421
037_52505,"The most important expense items are often housing, services, entertainment, clothing, food, travel, and healthcare. Start by reviewing your accounts from the past few months. Calculate the money you have spent in each expense category and other relevant characteristics. Some banks provide a summary of your expenses over a period based on the places where you used your debit card. If you pay more often in cash, keep your receipts so you can do your accounting. After gathering this information, compare each expense category. Do they seem reasonable to you (think in terms of percentage of your salary)? Set a maximum amount not to exceed for each expense category. Don't forget to allocate a portion of your salary for your retirement and savings. Start by putting aside 1% of your salary for retirement and gradually increase this percentage. The more you save for retirement, the more you can enjoy your later years. Don't think this period won't be costly, and talk to retirees in your circle. Experts recommend spending less than 30% of your salary on housing. In some cities, this goal may not be realistic, so consider changing neighborhoods. In addition to your retirement, also set aside money for emergencies. For example, put aside the equivalent of 6 months' salary in case you lose your job or are injured. Once you have established your budget, you can determine which expense categories you need to reduce. Start with the most important items first. If your rent is 900 euros and you spend 300 euros per month on food, it is advisable to find lower rent. If you borrowed to buy your house, look for a loan with a better rate. After that, you can tackle your food expenses by avoiding restaurants and buying cheaper ingredients.",2.524625301361084
037_27545,"About fifteen days after the funeral or whenever you feel ready, invite friends and close ones to a dinner in honor of your child. Specify that this gathering is to share the good memories everyone has. Ask each person to bring photos of your son or daughter. You can organize this at your home or choose a place your child loved, like a park, playground, or community house. Some companies provide online spaces where you can share photos and videos of your child, and even tell their story. You could create a Facebook page in memory of your child and restrict access so that only family members and friends can see it. Gather photos of your child, their drawings, excerpts from their notebooks or diary, and put everything in an album. Attach a caption or a little story to each image. You can open this album whenever you want to feel close to your child. It is also a way to help younger children learn more about their older brother or sister. You might invest money in a project in honor of your child. For example, you could donate to your local library and ask them to buy books in your child's memory. Depending on their policy, they may put a special label on the book cover featuring your child's name. Think of activities and organizations that represent the things your child loved or that mattered to them. You can contact your university's development office or work with a foundation to set up a scholarship. Depending on the country for this scholarship, you will need around 20,000 to 25,000 euros if you imagine a scholarship of 1,000 dollars per year, but each institution has its own rules. A scholarship is also a way for your friends and family to honor your child's memory by making a donation. Depending on the circumstances of your child's death, you might get involved with an organization that advocates for a particular cause or that calls for changes in our legislative system. For example, if your child was killed by a drunk driver, you could join the ""Ferdinand"" association that fights against drunk driving. Take inspiration from the story of John Walsh. After the murder of his 6-year-old son Adam, he fought for stronger legislation against individuals guilty of violence against children and hosted an investigative show on violent criminals. October 15 is the World Perinatal Bereavement Awareness Day, a day to honor the memory of babies who died before term or shortly after birth. That evening, at 7 PM, participants around the world light a candle and let it burn for at least an hour. Due to time zone differences, the result has been described as ""a wave of light spreading across the globe."" Initially, birthdays can be painful dates, and at first, you might choose to do your best to cope with the day. But on the other hand, some people feel good about celebrating. There is no right or wrong way to handle this. If it brings you relief, then feel free to organize an event to celebrate the joyful, good, and funny personality of your deceased child.",4.113837480545044
037_28613,"The professional will examine your skin for papules and rashes, which will help them determine the substances your body is reacting to. They have the knowledge to know if you are just experiencing irritation from the substance or if you are actually allergic to it. If the allergen has caused large papules, it is possible that you are very sensitive to that substance or food. The doctor will inform you of the substances for which you tested positive. It can happen that the first test gives false positives or false negatives. If you want to be more certain, ask the doctor to redo the test. Generally, if the test has been positive for an allergen more than once, it means that the subject is allergic. You could also change your lifestyle to avoid any contact with allergens. Once you have determined the substances to which your body has allergic reactions, you must do everything in your power to avoid them. This may involve eliminating certain foods from your diet or replacing beauty products to avoid exposing your skin to allergens. The doctor will inform you of the severity of the allergy to certain substances so that you do not endanger your health. For example, if you have a mild allergy to cats, the doctor may recommend avoiding contact with the animal or taking a specific medication before interacting with it. If you suffer from a very severe peanut allergy, they may recommend that you avoid consuming them and ensure that the foods you plan to eat do not contain them before ingesting them. Some allergens can lead to minor reactions, such as a rash or skin irritation. But if you continue to expose yourself to these allergens, the reactions may worsen over time. Therefore, try to avoid them to stay healthy.",2.576491117477417
037_1542,"You may realize that you are constantly thinking about diapers. If you think about diapers so often that it interferes with your daily life, this could signal that there is a problem. Persistent thoughts about obtaining something specific can indicate an addiction to that object. You might find it difficult to do certain things because you are thinking about diapers. Has your productivity at work decreased, or do you find it more challenging to complete household tasks? You might notice that your thoughts are not focused because you are thinking too much about diapers. If you struggle to engage in normal and functional behavior (such as getting up, going to work, shopping, or doing housework) because of your diapers, that could also be a problem. Interfering behaviors can be emotionally painful, and it is important to regain control of your behaviors before they spiral out of control. If you have difficulty connecting with others because of your use of diapers, this could be an issue. You might have problems with your family or partner because you wear diapers, yet you continue to use them despite the issues they cause in your social life. When your habits and lifestyle interfere with your social life but you continue to do so, it may be a sign of addiction. Reflect on whether your relationships have declined since you started regularly using diapers. Consider if your relationships with friends, family, colleagues, or your partner have suffered due to your habit of wearing diapers. Declining relationships may be characterized by limited or ceased contact, increased tension, or difficulty connecting with others. If you have noticed changes in your behavior since you began wearing diapers, think about their impact on your life. If you realize that you cannot go without diapers, that you spend a lot of time engaged in diaper-related activities to the detriment of your daily activities, and that you have little interest in anything else due to your fascination with diapers, this could indicate an addiction. You might try to reduce your use of diapers only to find that you cannot. You may continue to wear diapers even when it is likely to lead to negative consequences, for example, if you do not have enough money to continue wearing them. You might also try to stop wearing diapers only to find it extremely difficult. If they make you happy and are just a satisfactory part of your environment (or the one you share with your partner), there is nothing to worry about. If diapers make you sad, isolate you socially, or make you feel depressed, you should consider changing how you use them. If you have developed a dysfunctional emotional response to wearing diapers, this could indicate an addiction. Examples of dysfunctional responses include extreme anxiety when you run out of diapers or in situations where you cannot wear them, relief that can only be provided by diapers, and a strong emotional dependency on diapers. Reflect on how diapers make you feel, both when you are wearing them and before you wear them. Ask yourself if you have negative thoughts about diapers. Wearing diapers at home can create a sense of security and a feeling of fear when you leave your home. If you tend to feel too shy to leave your home while wearing diapers, consider only wearing them at home. Isolation breeds more isolation to the point where social interactions can become strange and awkward. Before reaching this point, make sure to schedule regular meetups with others. Create a schedule for when you can wear diapers and when you cannot. Do not let them interfere with how you live your life and how you spend time with your friends. If you have relationship issues because of your diapers or want to change your habits, it may be helpful to discuss it with a therapist. They can help you understand how to manage the emotions associated with wearing diapers. You can start to gradually stop wearing diapers or create a healthier relationship with them if you struggle to find a balance between your life and diapers. A consultation with a therapist can help you with the conflicting feelings you have about your passion for diapers or your embarrassment in discussing it with your partner.",5.466105937957764
037_26606,"In a bowl, pour 240 ml of baking soda into a cup of warm water. Stir well to make a paste. Apply the paste to the stain with your cloth or sponge. Wait for it to dry. Take a clean, soft cloth and use it to wipe away the paste. Check if the stain is completely gone. Mix vinegar and warm water in equal proportions. Pour everything into a spray bottle (if possible) to evenly cover the stain with a precise amount of product. Spray the mixture onto the stain. After 5 minutes, come back and prepare to finish with a thorough rinse. Soak a soft cloth in warm water. Rub the cloth in the direction of the grain of the metal on the stained area. Make sure you have removed all the vinegar. Dry with a soft cloth. Ensure there is no remaining water, as it may also damage the backsplash.",1.4254369735717773
037_58194,"The dye will only add to the color already present. If you use a colored rose, the dye might give it a different color or might not even appear! For best results, use a fully opened flower. This method is suitable for both fresh and dried roses. Use a sharp knife to cut the base of the stem at an angle. Then, remove the leaves, thorns, and buds. Place the rose in a vase filled with clear water while you prepare the dye in the next step. Keep the stem submerged while you cut it. This helps to avoid air bubbles that can clog the stem and prevent the rose from absorbing the dye. The preparation of the dye depends on the type of dye you are using. For example, try using ink, food coloring, or fabric dye. If you can find flower dye, you will achieve better results. Choose your preferred dye, then prepare it by following one of the following techniques. Mix the ink or food coloring in four liters of water. Add 1 tablespoon of alum. Mix the fabric dye in four liters of water. Pour in enough dye to achieve the color you want. Prepare the flower dye according to the instructions on the packaging. Hold the flower upside down by the stem, then dip it into the dye. Stir it a bit in the liquid to cover all the petals. You should only leave it in the dye for two or three seconds. This method is different from other dyeing techniques. You will only dip the rose in the dye, not the stem. Hold it upside down above a bucket to let the excess dye drip off. Gently shake it if necessary, but be careful not to let droplets fall on surfaces you don’t want to stain. Shake it again to let the excess water drip off. If the color is too dark, you can rinse it under water for a longer time. Remember that the color may lighten as the rose dries. If the color is not dark enough, let it dry completely, then repeat the dyeing steps. If necessary, you can dye other roses while this one dries. However, be patient; if you use the rose while the dye is not dry, you may leave stains on your skin, clothes, or other materials. If you are dyeing a fresh rose, you need to fill the vase with water to prevent it from wilting. However, dried roses do not need water. If you are using fresh roses, you should add a packet of preservatives to the water in the vase. This allows the flowers to last longer. Since you will only be dyeing the rose, you do not need to worry about the dye diluting in the water through the stem. You can then use a clear vase without worrying about the water changing color.",3.8601694107055664
037_44105,"Do not fast if you suffer from certain illnesses. In fact, fasting may worsen some of these conditions and put you at risk. Therefore, unless expressly approved by your doctor, do not fast with water if you suffer from any of the following conditions or are in any of the situations described below: a nutritional disorder such as anorexia or bulimia, hypoglycemia (low blood sugar), or diabetes, an enzyme deficiency, end-stage kidney or liver disease, alcohol addiction, thyroid insufficiency, tuberculosis, an infectious disease or acquired immune deficiency syndrome (AIDS), advanced cancer, lupus, vascular disease or poor blood circulation, heart disease, including heart failure, arrhythmia (particularly atrial fibrillation), heart attack, valve problems, or cardiomyopathy, Alzheimer’s disease or an organic mental disorder, having undergone an organ transplant, paralysis, being pregnant or breastfeeding, or taking medications that you cannot go without. Consider starting with a one-day fast. Limit the period to 3 days if you are fasting without medical assistance. This short period has been shown to be beneficial for your health. A longer period requires medical supervision, such as during a food fasting retreat. This short period is a safer choice that can offer fewer risks and more benefits to the body. Consider fasting with water for one day during the week at most. Choose a relatively empty period when fasting will not impact your daily routine. As much as possible, avoid working and try to rest physically and mentally. A multi-day fast can be intimidating. Discuss the issue with your doctor, read books on the subject written by well-known authors, and talk to people who have tried it before. Think of fasting as an adventure. It is better to follow steps rather than abruptly stop eating. At least 2 or 3 days before the fast, start eliminating sugar, processed foods, and caffeine from your diet, and primarily eat fruits and vegetables. Also consider reducing your food portions a few weeks before the big day to help your body transition more easily. It is also possible to intermittently fast before committing to a strict water fast. Such a plan can be spread over a month: 1st week: skip breakfast, 2nd week: refrain from breakfast and lunch, 3rd week: skip both breakfast and lunch, and reduce dinner portions, 4th week: begin your water fast.",3.3159711360931396
037_36937,"If you want to gently break up with someone, it is important to choose the right place and time. If you wish to end a relationship while being considerate of their feelings, you need to consider when and where to do it. For difficult conversations, it is best to do it in person. Humans have evolved to understand non-verbal language that reassures them during tough conversations. For example, a spontaneous pat on the shoulder can reassure someone and indicate that they can still be loved even if the relationship did not work out. The visible sadness on your face can help your partner see that you genuinely care about their feelings, even while ending the relationship. If possible, choose to talk in a place where your partner feels comfortable. For instance, you could go to their home to talk. You might feel uncomfortable, but it will give them a sense of power during this difficult conversation, which will help them digest the bad news. If you think the conversation will last a while, try to have it at a time when you won’t be interrupted by external factors. For example, you shouldn’t break up with your partner an hour before they leave for work. Instead, visit them at home in the evening. This will allow you to discuss all the issues. If you are gently breaking up with someone, you must take responsibility for your decision. Sometimes, people think it would be easier if their partner made the decision to break up. However, it is your feelings that have changed. It is your responsibility to initiate the breakup conversation. If you try to lead your partner to the breakup you want using hints, you will be dishonest and create a confusing situation. Your partner might not understand the message and would start questioning themselves while you subtly distance yourself. For example, if you show less and less physical affection towards your partner to indicate your disinterest, they may wonder if you still find them attractive. If you want to gently break up with someone, you must take responsibility for your decision. It is important to be honest when breaking up with someone. Even if it is not necessary to list all the reasons that led you to this conclusion, it is important to be direct about your expectations. You should clearly state that you want to end the relationship and quickly explain why to your partner. The most important message that summarizes most breakups is: ""you are not what I am looking for."" You are entirely entitled to express this opinion. This will allow your partner to feel the end of the relationship, as they will understand the logic behind it. You can kindly say to them: ""I’m sorry, but I no longer love you. I now need something different and I think it would be better for us to go our separate ways."" If the relationship was less serious, you can be more brief. Try saying: ""I’m sorry, but I don’t feel anything special between us, I think it would be better for us to remain friends."" Honesty is important, but it shouldn’t be brutal. You should not dwell on your partner's past mistakes or current issues. If you are breaking up because you are no longer attracted to your partner, it is best not to discuss it. If you feel resentment due to past arguments, expressing it may make you feel better. However, it is painful for your partner to hear. If you want to gently break up with someone, keep the reasons for the breakup general and do not describe your partner's flaws in too much detail. Once again, while you need to be honest, you also need to be direct. You are not doing your partner a favor by beating around the bush and avoiding the subject. Start the conversation with a direct statement of what you want, for example: ""I wanted to talk to you because I don’t feel that this relationship is working."" From that point, keep the conversation brief. It can be difficult to break up with someone, but it is important to remain calm and composed. This way, you will be able to express what you want concisely. You could create a confusing situation by showing too much emotion, which could obscure the message. Try to spend some time emotionally preparing for the conversation by rehearsing the scenario in your head. You may write down what you wish to say. It might be better not to memorize your words, as you could come off as cold. However, you should have a general idea to help you stay focused. Practice repeating your words several times before the confrontation. You might lessen the pain of the breakup by offering some form of consolation. If possible, offer your friendship to your ex. For example, say: ""I hope we can remain friends."" However, remember that many people struggle to remain friends, especially just after a breakup. If you don’t think you can stay friends with your ex, don’t suggest it.",6.573489665985107
037_12706,"Japanese indigenous numbers tend to be simpler than those of the Sino-Japanese system and are only used for counting from 1 to 10. This group of numbers is considered universal. However, you cannot use indigenous Japanese numbers for counting money, time, or people. There are no quantifiers in the indigenous Japanese system, which makes it easier to use in daily life, such as when ordering a coffee or three sushi. Use flashcards or a similar method to learn the first five numbers in the indigenous Japanese system. If you already know how to read hiragana, you can practice reading the numbers. One (1) is said as ひとつ (""hitotsu"", pronounced ""hi-to-tsou""). Two (2) is said as ふたつ (""futatsu"", pronounced ""fou-ta-tsou""). Three (3) is said as みっつ (""mittsu"", pronounced ""mi-tsou""). Pause between the syllables. Four (4) is said as よっつ (""yottsu"", pronounced ""yo-tsou""). Five (5) is said as いつつ (""itsutsu"", pronounced ""i-tsou-tsou""). Once you master the numbers up to 5, you can move on to the next five using the same method to remember them. Now, you can count to 10 using the indigenous Japanese system or Wago. Six (6) is said as むっつ (""muttsu"", pronounced ""mou-tsou""). Seven (7) is said as ななつ (""nanatsu"", pronounced ""na-na-tsou""). Eight (8) is said as やっつ (""yattsu"", pronounced ""ya-tsou""). Nine (9) is said as ここのつ (""kokonotsu"", pronounced ""ko-ko-no-tsou""). Ten (10) is said as とう (""tou"", pronounced ""to-ou"").",3.0714285373687744
037_20455,"If you are a first-time parent, your life is radically changing, and you are constantly learning how to juggle different aspects and needs of your life. Keep in mind that your children's grandparents also need to adjust to their new status. Before you confront your children's grandparents about their attitude, first determine if you are in the midst of an adjustment period. Do you think that with time and patience, the discord could resolve itself? If you prefer to nip things in the bud, for example, if you can no longer tolerate frequent and unannounced visits, make a list of the behaviors that bother you the most. If you have read the first part of this article regarding relationships with grandparents, you will find many parallels in the following points. Even though the relationship between your children and their grandparents is different from that between grandparents and grandchildren, there are still commonalities. We live in interpersonal family relationships, and whenever we are in conflict, it may help to consider the situation from the other party's perspective. 

It is highly likely that you and your partner will need to have an open conversation with your children's grandparents, but before that, ask yourselves why they are acting the way they do. For example, you may be annoyed by your mother's constant concern about how and how often you feed your child (which you may perceive as criticism), but she may be worried about you because she faced difficulties in that area when you were a baby. Similarly, you might feel extremely frustrated by impromptu visits, but you may see things differently if you realize that you haven't invited them very often either. Most likely, the grandparents are eager to spend time with their grandchildren. This step naturally follows the previous one: you do your best to consider the grandparents' perspective. Nothing good will come from only seeing the worst in their motivations. 

You might think that your mother-in-law has always been waiting for a chance to catch you out, which explains why she keeps bringing prepared meals (does she think you are incapable of feeding your family?), but don’t dismiss the possibility that she is just trying to lighten your daily load. If your parents have called or visited you little, you might think they are not interested in your newborn and therefore in their grandchild. Even if that is a possibility, start by telling yourself that maybe they don’t want to intrude. They might be eagerly waiting for you to make the first move. You have your own relationship with your children's grandparents, but you may not know much about their experiences with their parents or in-laws. Their attitude is likely a product of their experiences as parents, and they probably have different expectations about the investment they should make with your children. 

Ask them specific questions about their relationship with their parents and in-laws, such as, ""Mom, how often did you see Grandma when I was a baby?"" or ""Did you ask her for a lot of advice?"" Similarly, ask them about how they raised their children: ""Was John difficult when he was a baby?"" or ""How did you manage?"" By learning as much as possible about your children's grandparents, you will discover them as individuals, and this will help you identify how to improve your relationship. It’s challenging enough for you to extricate yourself from conflict and constantly changing advice on the best way to raise a child. Understanding how norms have evolved (sometimes drastically) over the years will help you understand where your children's grandparents are coming from. 

You may feel frustrated hearing your mother-in-law constantly talk about introducing certain foods to your baby, but once you discover that this is also recommended by pediatricians, you will understand her better. Likewise, there was very little information regarding sudden infant death syndrome, and the practice of placing the baby on their back while sleeping is a recent development. If this point is non-negotiable, you can understand that the information available during their time was different, and this will help you explain certain things clearly regarding your expectations. Rather than sidelining them or imposing a list of uncompromising rules, find areas where you can seek their advice and involve them. 

You have good reasons to want to establish a rigorous sleep schedule for your child, but consider the grandmother's talent for soothing and putting the baby to sleep: if she can rock and lull the baby to sleep in minutes, ask her for advice. When the grandparents are babysitting, you can ask them to rock the child and prepare them for sleep at 7 PM sharp. It is important to be as flexible as possible with the grandparents. There will inevitably be some issues, especially regarding safety concerns, where you must remain firm, but decide what behavior is least acceptable. For example, if it’s important for your child to have a balanced diet, a few sweets when their grandparents visit will not ruin your efforts. On the other hand, if you do not trust them to lay the child down on their back without a pillow and without toys in the crib, you will not let them babysit for a nap or overnight. 

Grandparents cannot read your mind or guess what you expect from them. You have spent a lot of time creating the routine that works for your children after hours of research and consultations with your pediatrician. When your children are with their grandparents, make sure to be very clear and specific in explaining your expectations. Similarly, while you want them to be an integral part of your children's lives, you may not have anticipated that they would come to see you every other day. Be clear if you want to reduce these visiting times: ""Mom, Dad, weekdays are a bit complicated, maybe we could see each other on Saturday or Sunday this week?"" Above all, you must protect them. If at any point you think your child is harmed by an interaction with anyone, including the grandparents, you must take the necessary steps to protect them. 

There is no rule that says we must maintain ties with abusive people simply because they are family. However, the relationship between grandchildren and grandparents can potentially be one of the most important, filled with love and recognition. It is also your duty to surround your children with love and protect them. Improving your relationship with their grandparents will help strengthen the bonds between them and their grandchildren.",8.246693849563599
037_9474,"This type of material is very effective for sterilizing and cleaning all types of tiles and joints. In fact, no chemicals are involved. You can find this kind of device in all DIY stores, and some retailers may even rent one to you. Make sure that your steam cleaner includes the necessary accessories for cleaning joints: a steam suction hose and a small brush. Refer to these instructions to correctly assemble and fill your device. This precaution will prevent you from damaging it. Do not add any chemicals or soap to the water steam reservoir of your cleaner. The instruction manual should tell you how long after turning it on you need to wait for your device to be ready to operate. Start from one end of the room and continue to the other end. It will be the steam that lifts the grime and dirt from your joints. It will also kill any mold that may have taken residence there. A steam cleaning will eliminate the jointing compound! Therefore, only use steam if there is no compound. If it is old, you can take the opportunity to replace it.",1.6223869323730469
037_3218,"According to the current arrangement of your furniture, it might be easier to simply pivot them and move each piece in one motion. If you want a bit of change but do not wish to move mountains, this technique might be right for you. For example, if your bed is parallel to the door or window, simply turn your bed to place it along the perpendicular wall. A simple pivot in one direction or the other should suffice. Choose the angle of each piece of furniture that will serve as the axis. Then, imagine the arrangement of each piece once you have pivoted it around that axis. Some people dislike being awakened by direct sunlight, while others love it. Some may not want the sun in their eyes later in the day when sitting at their desk, while others will actively seek it out. It’s all about your preferences and choices, but you must consider how light enters your room when deciding how to arrange your furniture. You could mark the areas illuminated by the sun in the morning and afternoon with tape on the floor or walls, so you can move your furniture based on the light, even if the sun is not entering your room at the exact moment you are rearranging it. You can also move your furniture based on the spacing of your windows. For instance, you could align your bed, shelves, and other furniture with your windows, or place them against the wall between each opening. By positioning your furniture wisely, you can create space in your room or even separate a large room into several areas. If you have a desk or dresser, you could save space by placing that piece at the foot of your bed. This option is ideal for a small room where you need to combine sleeping space and work space. If you have a large room, use your desk or a storage piece to separate the space where your bed is from the area where your desk will be. Curtains, tapestries, or drapes can also help isolate your sleeping space from the rest of your room. Hang the textile from the ceiling and wall with tacks to do a test and see if the result pleases you. How do you enter and exit your room? Which spaces and elements need to remain easily accessible? When rearranging your room, it is important to consider both aesthetics and practicality. To move freely, you need to ensure there is enough clear space. Thinking about this space will be as important as thinking about how you will arrange your furniture. If people frequently come into your room, place the bed as far from the door as possible, so you don’t have to sit on your bed or around your sleeping space with your guests. If you have a shoe rack, do you have space to place it near the door? This way, you can easily access your shoes when you need to go out. Where are the ""catch-all"" spaces in your room? You might slide storage boxes under your shelves, under your bed, and in your closets to keep things off the floor and free up space. Ensure that walkways and things you need to access regularly are not blocked. Can windows be opened, curtains and shutters closed, and doors used freely? Make sure your new furniture arrangement allows you to use each piece correctly, opening drawers and doors without difficulty. It is common to place chairs and desks facing the door, so you are facing anyone who enters the room. This way, you will feel more comfortable and aware of your surroundings, and you can easily welcome anyone who knocks at the door. When considering how you want to move your furniture, take the opportunity to clear new storage solutions. See if you could incorporate any of the following solutions: new shelves, plastic storage bins, decorative baskets, trash cans and laundry baskets, glass jars on your window sill. Installing new curtains is an easy way to change the color palette of your room or refresh your space. This might be enough to subtly alter the light entering the room and allow you to see your room in a new light without having to make too many changes. You could also simply remove your curtains and let more light into your room.",5.576339244842529
037_37269,"These bacteria are naturally present in the body. They are involved in the functioning of the digestive system as well as in skin beauty. Dietary sources of probiotics are mainly yogurts, sauerkraut, and fermented products. Note that there are also dietary supplements and even cosmetic products containing probiotics. Prefer those that contain vitamins, minerals, and trace elements essential for your skin's beauty. For example, you can consume: yogurts, fruits like kiwi or mango, nuts, cereals such as quinoa, eggs, fatty fish, and spices like turmeric. Beta-carotene, vitamins A, C, and E, selenium, or polyphenols are antioxidants. They contribute to cell regeneration and the elimination of free radicals responsible for the premature aging of the skin. You can find them in abundance in fresh fruits and vegetables as well as in green tea. They will help strengthen the action of the compounds present in your daily diet. However, be aware that they do not replace them. Fish oil, vitamin mixes, or fatty acids should be preferred to care for and maintain the eye area as well as overall health.",1.8278911113739014
037_47485,"Hold the bulb so that it rests on its base (where the leaves are gathered). Cut it into 2 pieces on the cutting board while holding the knife with your dominant hand. Always use a sharp kitchen knife to avoid the risk of injury. Try to cut your vegetable as straight as possible while holding the knife firmly. Now cut each half into 2 pieces on the cutting board. Cut them from top to bottom with a steady and resolute hand. Always hold one bulb with your non-dominant hand so that it does not move when you cut it. Remove a good part of the heart from each piece of fennel without pushing the knife too deep so that it retains its character and flavor. You can keep the heart to make delicious soups, broths, or vegetable stocks. Place a quarter of your bulb flat on your cutting board. You should always place the cut side of each piece of fennel against the cutting board, as this flat side will make it much easier to cut your fennel into pieces without it slipping. If you place the rounded side on the cutting board, the piece of fennel will move when you try to cut it, which may risk cutting your finger! Make a continuous and steady motion. No, you’re not going to play 421, not yet. It’s just time to cut your fennel into small dice-shaped pieces. Use a sharp kitchen knife to limit the risks to your fingers. To create small pieces, form equal dice measuring just under half a square centimeter. You can get medium-sized dice by cutting them so that they measure just over half a square centimeter. The larger pieces measure just under 1 square centimeter. These proportions vary according to your preferences and the recipe you are following. Protect your fingers. Always keep the fingers of your non-dominant hand (holding the vegetable) away from the knife blade while firmly holding the piece of fennel on the cutting board so that it does not slip. Always be very careful when handling a sharp kitchen knife, as it cuts very well and without distinction!",2.9374942779541016
037_38076,"When you enter the main screen of the application, it asks for permission to allow auto-import. Enable or disable this option according to your preference. Whether it's from the ""Gallery"" app or from the file explorer app, select a file or an image that you want to import. Tap on the file or the image and share it. Choose the folder where you want to import the file.",0.8351743221282959
037_14480,"Look at the result in the mirror. If the chain is too tight, slide the cuff a little lower on the edge of your ear. If the chain hangs too low, you can slightly raise the cuff on the edge of your ear. Make sure the chain is not tangled in the earring loop and falls outside of the cuff and the earring loop. Make the final adjustments with your fingers.",0.9996275901794434
037_53009,"It will be very versatile. Dark jeans are very practical when you want to easily transition from day to evening. You can wear them to work and effortlessly adjust your outfit for the evening at the end of the day. Dark jeans are very dark blue. Sometimes, they look almost black. They will be perfect for spring or summer. Light blue jeans are nice for spring or summer days. This fabric can range from very light sky blue to the classic blue of traditional jeans. These pants pair well with light tops suitable for warm seasons. You can also wear light jeans with a sweater in autumn or winter. Wear them in the evening. High-waisted black pants are always ideal for a night out in the city. Choose one for going to a nightclub or for a romantic dinner in a restaurant. You can also wear one of these pants on days when you want a polished look but do not want to make too much effort to put your outfit together. Choose fabric containing elastane. Some jeans are made entirely of cotton. Others are made from a blend of cotton and other textiles like elastane. Those that are only cotton look nice but stretch very little or not at all. It can therefore be uncomfortable or painful to sit for a long time when wearing them. If your pants contain elastane, they will stretch slightly when you sit or move. Read the information on the garment label and make sure it contains elastane. Some high-waisted jeans with an elastic waistband already contain this material.",2.131105899810791
037_57865,"Stress causes an increase in cortisol, which is the hormone responsible for fat accumulation in the body, particularly around the belly. It also promotes emotional eating, which is eating for comfort rather than to satisfy a biological need. If possible, eliminate stress-inducing people or things from your life. You can also combat daily stress and anxiety by improving your time management. This will help you avoid rushing to finish tasks on time. If you often feel stressed, take a few minutes each day to sit down, close your eyes, focus on your breathing, and clear your mind of all thoughts and worries. According to studies, lack of sleep can wreak havoc on appetite and body fat. If you don’t get enough sleep, you are more likely to gain weight and accumulate fat around your belly. Adults should sleep between 7 and 9 hours per night, not only to stay healthy but also to feel well-rested. Turn off all lights and avoid electronic devices (phones, tablets, or computers) at least 2 hours before going to bed.",1.895141839981079
037_33059,"Employers have the option to conduct a screening test before hiring (pre-employment), every year if they have reasonable suspicions, after an accident, or randomly. Your right to refuse the test will depend primarily on when it is conducted. Depending on your place of residence and the timing of the test, your rights may vary significantly. For example, in some U.S. states like California, it is illegal to conduct random screening tests as they are considered discriminatory. However, pre-employment tests are allowed. An employer can terminate your contract or deny you a promotion if you test positive. In some countries, the state may also deny you unemployment benefits, daily allowances, or disability benefits. This should be the first step in your process to contest the test results. The Human Resources Department will be able to inform you about the procedures for conducting a new test. They will provide you with the documents you need. Present them with relevant documents and the medical forms you filled out before taking the test. The duration of handling your case will primarily depend on your employment situation within the company. Don’t forget to keep a list of everything you have eaten and your medical prescriptions. As mentioned earlier, a false positive can be triggered by food, vitamins, over-the-counter medications, and dietary supplements (for athletes). However, it can also be due to human error, which justifies conducting a new test. It is possible that the laboratory responsible for conducting the tests confused the results. It is also possible that it does not comply with current standards. The testing methods may not be updated or may be outdated. Samples may have been contaminated. If you believe your test results have been compromised, or that your rights were not respected during the procedure, you should directly contact a labor law attorney near you. The attorney is more familiar with the laws and regulations related to screening tests than you are. They will be able to inform you about possible legal remedies.",2.844874382019043
037_43131,"But be subtle. Don’t say, “I spent the whole weekend with Marc, he’s so handsome,” or he will quickly understand that you’re just trying to annoy him. Instead, say something like, “Have you heard of the Arctic Monkeys? Marc burned me their latest album and I’m listening to it all the time.” Mentioning a boy subtly will make him much more jealous than if you were gushing about all the boys you know. Don’t mention too many names either. Just stick to mentioning the name of one or two boys during the conversation. To make a man jealous, you can’t be the nicest person in the world to him. But don’t go too far either. If you’re openly mean, talk too often about the boys you’re seeing, and behave tactlessly just to make him jealous, you can be sure you’ll cool him off and others around you will also be annoyed by your behavior. You can be a little unpleasant, especially if you’re trying to win back an ex, but don’t lose sight of who you are. If you’re talking to the guy you’re trying to make jealous, don’t give him all your time. Chat with him for a few minutes, then tell him you have to go, that you’re heading to class, meeting friends, or that you have nothing to do at all. If he thinks he can talk to you for hours until he has to leave, who will have the power in this relationship? Not you! Even if you’re crazy about him and lost in his big blue eyes, force yourself to keep your distance. Don’t give him 100% of your attention when you talk to him. Show him that you have other things on your mind. If he asks if you had a good weekend, just say, “It was… just so good!” Let him guess what you mean by that: he will likely think you had a good time with another guy at the movies, even if you were at your Aunt Flo’s 50th birthday. If you have to leave, don’t say, “I have a dentist appointment!” Instead, say, “I’m late for this… thing I have to go to.” He might think you have a date with a guy, and why would you deny it? To make him jealous, don’t be an open book. Let him guess what you might be doing and come up with his own scenarios that he’ll be jealous of! If your goal is to go out with him, don’t try to make him jealous for too long. If you want to make a guy who broke your heart jealous and seek revenge, then that’s fine. But if you want to stir the jealousy of a guy you like and seek to attract his attention, then know your limits. You can flirt a little with other men at first, but if you go too far, he’ll think he doesn’t interest you, that you’re not a nice person, or that you’re an “easy girl.” Once you and this guy develop a real connection, limit your jealousy tricks. If you’re dating this guy, you can keep his attention, but there are better ways to do that than making him jealous! If you want to start a relationship with this guy, you need to build it on foundations of trust and not doubt and suspicion.",4.772313833236694
037_45098,"You have already been told that breakfast is the most important meal of the day. A healthy and balanced breakfast jumpstarts your metabolism after a long night of fasting and prepares your body to face the day. Breakfast will give you more energy to be active throughout the day, which in turn will increase your appetite. An example of a healthy and balanced breakfast includes whole grains, yogurt, muesli, and fresh fruits, as well as a fruit smoothie. If you are trying to increase your calorie intake, try peanut butter on a slice of whole grain bread. It is delicious and full of healthy fats. Regularly eating small portions instead of the traditional three meals a day is a great technique to boost your appetite. People with a small appetite can often feel overwhelmed by large portions offered at lunch or dinner. On the other hand, small meals may be less intimidating and less filling, and eating them frequently allows you to consume the same amount of food overall. Eating smaller portions can also help you feel less bloated and sluggish after meals, which is why many individuals with small appetites dislike large meals. Try consuming 4 to 6 small meals a day to avoid feeling too full. Don't be afraid to break traditions and eat when it suits you best. If you prefer to have your largest meal in the morning instead of the evening, go for it. If you prefer to split dinner into two small meals, that's fine too. Eating healthy snacks can help if you struggle to eat a lot at the table. The small amounts they represent are less intimidating, and eating frequently can help you reconcile with food. Try placing small bowls of your favorite snacks around the house, like on the kitchen counter or the dining table in the living room, to encourage you to snack throughout the day. Choose foods rich in sugars and healthy fats, such as bananas, avocados, and nuts, delicious spreads and dips like hummus or cream cheese, or savory snacks like popcorn or pretzels. Remember that snacks should not replace meals but rather complement them. So, avoid snacking close to mealtime, or you may lose your appetite. It’s easier to eat more when you consume foods you enjoy. Take your time shopping and preparing dishes and snacks you like, so you don’t find yourself not eating just because there is nothing to your taste in the cupboards. If you have reached your ideal weight, you shouldn't worry too much and force yourself to have an ultra-healthy diet. If you love chocolate cake and pizza, treat yourself and allow yourself to enjoy your sweets or favorite dishes. However, you may feel bloated or sick if you eat too much greasy food, so consume them in moderation. You might also try eating small comfort dishes or foods you associate with home or childhood, like beef stew or chicken pot pies. Foods that evoke good memories may be easier to eat. The smell of certain foods can be overwhelming and may put you off eating an entire dish, especially if you weren't particularly hungry to begin with. Avoid foods like tuna or stinky cheese (unless you love them) or anything with a smell that disgusts you. Remember that hot dishes smell stronger than cold dishes, so try to eat more sandwiches, salads, or cold meats if you are bothered by odors. On the other hand, foods with very pleasant or fragrant smells can be very appetizing and make you hungry. Try adding herbs and spices to your favorite dishes to create delicious aromas and make those dishes even more interesting. Soon, you won't be disappointed by bland and boring meals. Cinnamon is considered an appetite stimulant. Add it to pastries, sprinkle some on buttered toast, or include a bit in a cup of hot chocolate to enjoy its warm and spicy aroma. Herbs like basil, oregano, thyme, rosemary, and fennel can all add interest and flavor to many dishes. Try these herbs in different dishes until you find combinations that you like. Fiber, a nutrient found in fruits, vegetables, and whole foods, is an essential component of any healthy diet. However, high-fiber foods can be very filling, so it might be better to eat these foods in moderation if you are trying to increase your appetite. Your body takes longer to process high-fiber foods than any other type of food, which is why fiber is especially recommended for people trying to eat less while maintaining their energy throughout the day. But if you are trying to boost your appetite, reducing high-fiber foods like brown rice or whole grain pasta and cereals can help you feel hungrier. This should only be used in the short term, as fiber is essential for the natural and healthy functioning of your body.",6.257915735244751
037_41961,"By doing this, you can start personalizing your evening right from the invitations. Additionally, if you need guests to bring something that matches the theme, you can also notify them on the invitations. For example, if your theme is an awards ceremony, you can create awards and try to find a red carpet. You can also tell your guests to wear their fanciest and most feminine outfits. Even if there is only one guest attending your party, you can still have fun by following these different steps. A good idea would be to limit the size of the group you invite. Once you go beyond six girls, it can become a bit chaotic, and you will have trouble ensuring that each participant has a good time. In addition to that, you need to determine where all your guests will stay and sleep. Do not hand them out when you are at school, or else you will make others envious. Instead, send them via email. If you cannot use email and need to hand out the invitations at school, do it at a time when it won't be very noticeable. Make sure to list everything your guests need to bring, such as CDs, pillows, or sleeping bags, among others.",1.8794586658477783
037_25554,"It is important to eat enough to manage your symptoms. When you skip a meal, your blood sugar decreases, which negatively affects your mood. Try to have at least three meals a day. If you don’t like having three large meals, you can have six small meals throughout the day. Low omega-3 levels can affect depression. Docosahexaenoic acid (DHA) and eicosapentaenoic acid (EPA), both omega-3s, increase serotonin levels, a neurotransmitter that regulates mood in the brain. There is no correlation between increased omega-3s and decreased mania. To get enough omega-3s, consume a serving of fatty fish such as salmon, mackerel, or sardines, a tablespoon of olive, canola, or soybean oil, or a handful of flaxseeds or walnuts daily. If you wish to take omega-3s as supplements, it is recommended to take fish oil that contains 6.2 grams of EPA and 3.4 grams of DHA. When buying fish oil, be sure to read the label to see if these two ingredients are present to more effectively combat bipolar symptoms. People with bipolar disorder have lower serotonin levels. This neurotransmitter affects your mood as well as your cravings for carbohydrates and sugar. Consuming sugar activates the reward centers in the brain, releasing dopamine and allowing people to feel good. Carbohydrates are an important part of your diet. However, some carbohydrates are better than others. Try to avoid carbohydrates that contain refined sugars, as they spike blood sugar levels before causing a sharp drop, making you feel more tired and depressed. Complex carbohydrates release energy over the long term and can impact your serotonin levels. Consume more complex carbohydrates like sweet potatoes or whole grains. Eat less sugary carbohydrates like white bread, pasta, and white rice. Add lean proteins and fibers for a healthier diet. For example, eat peanut butter with apples or hummus with carrots. Magnesium has effects similar to lithium in reducing mania and rapid cycling. Magnesium also helps improve sleep. Consume more beans, sunflower and pumpkin seeds, spinach, soybeans, cashews, and Swiss chard to add magnesium to your diet. Adults should consume up to 200 mg of magnesium daily, although this amount may vary depending on the form of magnesium, such as if it is combined and forms magnesium chloride. Check with your doctor to ensure you are taking the appropriate amount if you are taking it as a supplement. Whole foods are those that have not been cooked or processed in any way. Fruits and vegetables are whole foods that contain many nutrients needed for good physical health. Vitamin C can help control your cortisol levels, which lowers stress. Vitamin B9 is essential to prevent a rise in homocysteine, a hormone that is very common during depression. Folic acid has been shown to be present in smaller amounts during states of depression and mania. Consume vitamin C by eating citrus fruits, berries, peppers, kale, spinach, broccoli, and cauliflower. It is recommended to consume between 75 and 90 milligrams of vitamin C daily. Obtain vitamin B from beans, spinach, asparagus, mangoes, and whole grain bread. If you take supplements that contain folic acid, you should take 200 IU daily if you have bipolar disorder. Caffeine and alcohol can both affect your mood, stress levels, and depression, which is why it is important to avoid these two substances as much as possible. This is especially important if you are taking medication for your bipolar disorder. You could create serious drug interactions, experience sleep disturbances, and mood changes. Instead, drink tea or sparkling water with lemon. Comorbidities are additional diseases or disorders you may have alongside bipolar disorder. People with bipolar disorder may also have other comorbidities, such as diabetes, obesity, metabolic syndrome, migraines, back pain, asthma, ulcers, and others. By eating well to manage your symptoms, you will also reduce the effects of these comorbidities on your life. People with bipolar disorder are more often affected by obesity due to their sedentary lifestyle, psychological mechanisms related to their illness, and the medications they take.",5.722428560256958
037_1022,"Does the shape of your body resemble a pear, an apple, or an avocado? Everyone tends to gain weight as they age, and body shape, particularly the waist-to-hip ratio, is a quick method to estimate fat distribution, which can indicate potential health risks such as high blood pressure, diabetes, heart attacks, and certain types of cancer. Divide your waist measurement by your hip measurement to get this ratio. Make sure to measure your waist about 5 cm above the navel and your hips at the widest point. In this case, a ratio of over 1.0 for men and over 0.85 for women indicates that you have more belly fat than is healthy. Add one year if you exceed the recommended ratio. The Body Mass Index (BMI) is another way to measure your body status by dividing weight in kilograms by height in meters. A high BMI can indicate a significant amount of fat, which may expose you to obesity-related problems. To calculate it, simply multiply your height by itself (also called ""squaring it"") before dividing your weight in kilograms by your height squared. You now have your BMI. If you are above 25, you are overweight. For those who are not good at math, there are also websites that do the calculation for you, like this one. Add one year if your BMI is below 18.5 (underweight). Add two years if you are between 25 and 29.9 (overweight) and three if you are over 30 (obesity). Subtract one year if you are between 18.5 and 25 (healthy weight). The most accurate way to assess your body composition, in addition to the waist-to-hip ratio and BMI, is to perform a body fat analysis. The most accurate way to do this is through bioelectrical impedance. During this test, which you can do with a trainer, you will lie down and place two electrodes on your foot. Then, a low electrical current will be sent through your body. You won't feel it. The test will then produce an accurate result of the proportion of fat and lean tissues such as bones or muscles in your body to compare it to an average result. To get an accurate result, you should not have exercised, used a sauna, or consumed alcohol in the hours prior. Women also have more fat than men. For women, do nothing if the percentage is between 15 and 24% and add half a year if it is between 25 and 33%. Add a year if you are below 15% or above 33%. For men, do nothing if the percentage is between 6 and 17% and add half a year if it is between 18 and 24%. Add a year if you are below 6% or above 25%.",4.126234292984009
037_2752,"Mix 2.5 tablespoons (about 30 g) of plaster into 1.5 tablespoons (about 20 ml) of water. Incorporate 1 cup (240 ml) of latex paint. Combine 2 tablespoons (25 g) of calcium carbonate with 1 tablespoon (15 ml) of water. Pour this mixture into 1 cup (240 ml) of latex paint. This paint can be easily used in sprayers. It is perfect for painting furniture and aging it afterwards with sandpaper. Calcium carbonate powder is available either online or in health food stores. Just use calcium carbonate, plaster, and latex paint. Mix 2 tablespoons (25 g) of powdered calcium carbonate, 2 tablespoons (25 g) of plaster, and 2 tablespoons (30 ml) of water. Add 2 cups (475 ml) of latex paint and stir well. You will obtain a permanent paint that cannot be easily scratched or aged. This substance is easier to find than plaster of Paris and calcium bicarbonate. However, the result is very grainy. If the texture does not matter, you can prepare paint using baking soda by incorporating ⅓ cup (60 g) of baking soda and ⅔ cup (160 ml) of paint. For a thick paint, dissolve ½ cup (90 g) of baking soda in 3 tablespoons (45 ml) of water and add this mixture to 1 cup (240 ml) of latex paint.",2.203813076019287
037_56221,"Although there is still doubt about the effectiveness of this eye exercise for improving vision, some eye doctors recommend it for people with serious eye problems. These include difficulty focusing, amblyopia, and strabismus. Ask your doctor if these eye exercises might be suitable for you. They may also suggest exercises not listed here. Blinking isn't really an exercise, but it is necessary for eye health. A common issue when working on a computer or watching television is that we don’t blink enough, which can lead to dry eyes and visual fatigue. Take breaks during your work and try to blink every three to four seconds for two minutes. This will help lubricate your eyes and alleviate symptoms of visual fatigue. Drawing patterns with your eyes will strengthen the eye muscles and improve vision. Start by making an ""8."" Once you can form an ""8"" in one direction, try it in the opposite direction. Then, try lying your ""8"" down to create the infinity symbol. Trace this pattern one way, then the other. When you tire of the ""8,"" you can also try drawing other shapes. This exercise can help your eyes stay focused when looking at objects at different distances. Hold your finger about 25 cm from your face. Focus on it, then change your angle of view to look at an object about 6 meters away. Alternate between these two focal points every two seconds for about three minutes. This will help maintain some sharpness of vision when concentrating on moving objects. Hold your hand in front of your face with your arm fully extended. Raise your thumb and focus on it. Move your thumb towards you until it is about 8 centimeters from your face without losing sight of it. Then extend your arm again and continue focusing on your thumb.",2.8649826049804688
037_8041,"Before performing your split, stand upright with your feet shoulder-width apart. Lean forward onto your dominant foot (the one in front). It is preferable to practice splits on a soft surface, such as a classic or yoga mat. Avoid practicing on tile or hard floors if possible. Keeping your front leg straight, gently slide forward, directly in front of you. Hold this position and do not let your body return to its initial position or slide back. Try to remove your socks so that your feet do not slip. Another option is to attempt this exercise on a mat while keeping your socks on. As you stretch your front leg, do the same with your other leg. Stretch it back while maintaining your position. When you feel a pull in your thigh, stop stretching your leg. Forcing your body to continue this exercise after that may cause pain or even injury. If necessary, use a small chair or table to maintain your balance as your body approaches the ground. When both legs are stretched as far as possible, take a break and hold your position. Try to count to 15 or even 30. The goal is for your body to learn to relax while holding the lunge. Rest your arms on the small chair, table, or on the ground if needed. Remember that stretching can create discomfort, but never pain. If you feel pain in this position, stop the exercise immediately. Once you have held your position for as long as possible, gently return to your initial position. After resting for a few moments, you can start the exercise again if you feel your body is capable. Take your time and focus on technique when practicing this exercise. Most people naturally lack flexibility. Mastering this exercise can take several months of practice. Be patient and do not give up if you feel that your flexibility is not improving. Depending on your age, this may take longer.",2.7555363178253174
037_28028,"There are two main types of tire swings: vertical and horizontal. The horizontal model has three attachment points to keep the tire horizontal, while the vertical model is attached by a single point. Both types are made in a similar way, but with some small differences. Generally, vertical tires are easier to install and take less time. It should have approximately the same characteristics as those required to suspend a classic swing. Look for a sturdy hardwood tree, like an oak, with a strong branch of the right size. The main difference with the classic swing is that the tire swing needs to be further from the trunk of the tree, as this model swings much more from side to side. Allow at least 1.5 meters between the swing’s attachment point and the trunk. If the branch is more than 3 meters high, you may need to leave even more distance. The main element of this swing is the tire. You can find inexpensive or even free tires at recycling locations, like a landfill or dealership. A completely worn-out tire is too dangerous for a car but perfect for a swing. Whether you plan to position the tire vertically or horizontally, you will need a cordless drill. To make a horizontal swing, take four chains of equal length, four stainless steel quick links, a swivel safety hook, and three U-brackets. The chains should have a diameter of at least 1 cm and a length of 1 to 1.5 meters. To make a horizontal swing, aside from the tire, you only need a strong rope. Since it is likely recycled, it will probably be very dirty. Even new tires can stain clothes and skin. Use a pressure washer to clean the tire before making it into a swing. If you do not have a pressure washer, try using one at a car wash. When it rains, water must be able to drain to prevent it from accumulating inside the tire and getting you wet or dirty. Make some holes in the part that will be closest to the ground. If you’re making a horizontal swing, drill holes in the center of one of the side faces of the tire. If you’re making a vertical swing, make one or two holes in the tread. Before installing the tire, ensure it will be suspended from a sturdy support. Attach the suspension rope or chain to the branch you have chosen. If you are making a horizontal swing, simply pass one of the four chains over the branch and tie its two ends together using a quick link to form a closed loop. Hang the swivel hook on the quick link with the hook part facing down. To make a vertical swing, pass the rope over the branch and make a slipknot (for example, a bowline) at one of its ends. Pass the other end through the loop and pull on it so that the knot rises to the branch and tightly secures the rope. Attach it to the rope or chain you have installed. When you are finished, the swing should be ready to use. If you are making a horizontal swing, start by drilling three pairs of holes in the side face of the tire where you have not made a drainage hole. Space the three pairs evenly so that they define three sections of equal size. Space the two holes in each pair so that you can insert a U-bracket. Pass each bracket through the link at one end of the remaining chains before inserting its legs into one of the pairs of holes in the tire. Secure the brackets in place with the accompanying plates and nuts. When you are done, attach the last link of the free end of each chain to the swivel hook. Once the safety hook is locked, the swing should be ready to use. If you are making a vertical swing, simply attach the ends of the rope to the tire opposite the drainage holes you have drilled. Make a flat knot and ensure that the rope is tied very tightly. All that is left is to try it out.",5.4032511711120605
037_2728,"In terms of fashion, ""true BCBG"" individuals are aware of certain rules and adhere to them. If you want to project this image, avoid going against these rules as well. If you make certain faux pas, people will not identify you as belonging to this social group. Never wear loafers with socks. Never wear an outfit without any color. If you wear a black dress, add earrings, a scarf, or a necklace that brings a touch of color to the ensemble. True BCBG individuals are recognized by their natural ease in social settings. Therefore, do your best to always be polite and elegant, and you will be perceived as one of them. Smile and look your conversation partners in the eye. Remember good manners: say thank you, please, and excuse me. Respect social codes. Send a thank-you card when someone gives you a gift. If you are invited to someone's home, do not arrive empty-handed. Swimming, horseback riding, tennis, and golf are, for example, chic and elegant activities. Try to join a club for one of these sports. You could learn to ride horses or join your university's swimming team. Being clean and tidy is indeed an essential aspect of the image of a BCBG person. Make sure to wear deodorant, shower every day, and apply a hint of perfume. Always be well-groomed, and if you wear makeup, touch up your nose during the day. Take care of your nails. There is no obligation to polish your nails if you don't want to, but ensure that your fingernails and toenails are always well-trimmed and tidy.",2.688572883605957
037_38294,"Carefully read the guidelines for your assignment or any instructions you have received for your writing project. Make sure you thoroughly understand the requirements of the assignment and the expected outcomes. With all this information in mind, it will be easier for you to understand the type of research you need to conduct, the question your thesis should answer, and the objectives you should achieve. If you have any doubts about the requirements of the assignment, approach your teacher. Meet with them after class when they are free, or send them an email. If you decide to email them, don't forget to specify your name and the class time in the subject line. Once you have chosen a topic, start writing everything you know. During the process, establish connections between the ideas you already know and try to ask yourself questions that you may not yet be able to answer. A true brainstorming session simply involves writing everything that comes to mind without paying much attention to organization, time spent, or expected outcomes. However, there are many more structured brainstorming methods that you can consider. 

Practice freewriting. Freewriting is a technique that involves setting a time limit (usually 5 to 10 minutes) and writing continuously until that time is up. Don't worry about punctuation, grammar, aesthetics, etc. The most important thing is to keep writing. At the end of the exercise, you should find that you know more than you thought. Then, you should start making connections between the ideas you have. Create a mind map. This technique involves creating a kind of map by noting some of your ideas and visually connecting (using colors or drawing lines between related elements) items that share similar characteristics. This will help you visualize more clearly the ideas that are related to each other. Start with preliminary research. Remember to choose reliable and reputable sources and to focus on areas you are already familiar with. The most reliable research sources are articles and scholarly works found in libraries and academic databases such as World Cat or Google Scholar. Choose websites that end in .gov or .edu, which will be more reliable than .com or .org sites. Avoid sources like Wikipedia, personal blogs, and non-academic sites in general. A great way to determine if a source is reliable is to check the author's credentials. If the author holds a Ph.D. in a related field, they are an expert. On the other hand, if the author is a blogger or journalist, they may have less strict requirements for fact-checking. Some non-academic sites may contain reliable information or point to other reliable sources. They can also be helpful for obtaining basic information on a topic. Among many other things to consider, a solid thesis must be interesting. A topic that seems uninteresting to you will also be uninteresting to your readers. Try to focus on an idea that you really want to understand, as this will help make your article more engaging for your readers. Keep in mind that it is not always easy to find information on a topic that interests you. If your preliminary research does not yield anything valuable, simply choose another topic.",4.343773603439331
037_27432,"Smiling makes you appear happier and more attractive to others. Just the act of smiling can already make you feel happier. When you smile, your brain releases neurotransmitters like dopamine and serotonin, which instantly improve your mood. Additionally, seeing someone smile is perceived as a reward by other people's brains. When you smile at someone, they feel rewarded and start to associate positive emotions with you. Furthermore, smiling at someone encourages them to smile back, which increases their joy and helps you stand out. A person who is closed off will not attract many people. By being open and generous, you will draw attention, especially if you make an effort in this regard. In other words, be generous but don’t overdo it; people will notice. Try volunteering, as it will help you appear generous in the eyes of others and also give you the chance to meet new people. Volunteering will make you feel better about yourself and build your confidence, which is often more attractive than physical beauty. However, the line between confidence and arrogance can be thin. Confidence is knowing your strengths without boasting about them. Your confidence will show in your behavior, so you won’t need to talk about it. A good way to build confidence is to list your strengths, successes, and qualities. Focus on the positives about yourself. If you’re unsure where to start, ask a friend for help or think about the compliments you often receive. To build your confidence, stop speaking negatively about yourself or at least temper your negative remarks. For instance, instead of saying, ""I feel awful,"" you could say, ""I don't feel very attractive today, but I'm grateful to be healthy and enjoy life."" Pretend to be confident; if you can’t genuinely be confident, start by faking it! This largely depends on how you present yourself, such as speaking clearly, adopting an appropriate tone, and making eye contact. Also, stand up straight, as slouching betrays a lack of confidence. Even if you’re not the most attractive person, good hygiene and taking care of your appearance can greatly enhance your attractiveness. By grooming yourself, you signal to others that you are confident, even if you don't truly feel that way. Most girls are very attracted to confidence. To take care of yourself, ensure you maintain good hygiene: shower daily or at least every other day, brush your teeth twice a day, floss, and keep your nails clean. A disheveled appearance is unappealing. Remember to use deodorant and cologne. Take care of your hair; while you don’t need to adopt the latest hairstyle, get regular haircuts to eliminate split ends and avoid looking unkempt. Additionally, style your hair daily so it doesn’t look messy. Choose clothes that fit well and flatter your figure, and ensure you are comfortable in your chosen outfits.",4.172576189041138
037_61665,"Even if you suspect that you suffer from obsessive-compulsive disorder, never try to self-diagnose. Psychiatric diagnoses can be quite complicated and are meant to be conducted by a mental health professional to treat patients. If you find yourself unable to manage the issues of obsession and compulsion on your own, consider consulting a psychologist or mental health professional for diagnosis and treatment. Ask your doctor for a referral if you don't know where to start. Psychotherapy for treating this disorder involves discussing your obsessions, anxieties, and compulsions during regularly scheduled sessions. Although psychotherapy cannot cure the illness you suffer from, it can be effective in coping with the symptoms of OCD and making them less noticeable. Therapy can help address this disorder in 10% of cases, but it can improve symptoms in 50 to 80% of patients. Therapists and psychologists use different techniques during their sessions to help their patients overcome this disorder. Some therapists use exposure therapy, where patients are gradually exposed to external situations that have caused anxiety for them, such as deliberately choosing not to wash their hands after touching a doorknob. The therapist will work with the patient until this anxiety begins to decrease. Some therapists resort to imaginary exposure, during which a short narrative is used to simulate situations that most often cause anxiety in the patient. The goal of this imaginary exposure is to teach the subject to control their anxiety arising from a situation and to desensitize them to anxiety triggers. There are also several medications that have proven effective in the short-term treatment of obsessive thoughts or compulsive behaviors associated with OCD. Keep in mind that such medications treat the symptoms without actually curing the disorder. Therefore, it is preferable to combine medication treatment with therapy sessions rather than use only one of these treatments. Among these medications are: clomipramine (Anafranil), fluvoxamine (Luvox CR), fluoxetine (Prozac), paroxetine (Paxil, Pexeva), and sertraline (Zoloft). Although many people consider this condition to be a problem caused solely by a dysfunction of the individual's brain, it is important to keep in mind that the onset of OCD is often preceded by a series of stressful or even traumatic events. Being in situations such as the death of a partner, losing an important job, or being diagnosed with an incurable disease can cause stress and anxiety in the individual. For some people, this stress and anxiety can gradually lead to controlling certain aspects of their life that may seem less important to others. Work on establishing a strong support system, where your past experiences will be respected appropriately. Surround yourself with people who will show support for you. Feeling supported by a group has proven important for improving mental health in general. Find ways to spend more time with people you care about. If you do not feel sufficiently supported by all the people you are in contact with, consider going to a local support group for people suffering from OCD. These meetings are usually free and can be an excellent way to start talking about your disorder with others who are both supportive and somewhat familiar with what you are experiencing.",4.492265462875366
037_40749,"It will allow you to reset your iPod without needing this code if iTunes asks you to enter it and you do not remember it or if you have never synced the device with this software before. By using recovery mode, you will not be able to back up the content of your device. This means you will lose all your personal data. It is necessary to start this procedure from a completely turned off iPod. Press and hold the power button, then slide the power slider to completely turn off the device. Having never synced it with iTunes before, the only way to put your iPod into recovery mode is to connect it to your computer and use iTunes. If it is not already installed on your PC, you can download the latest version of iTunes for free from apple.com/itunes/download before installing it. Hold the button down until the Apple logo appears, and only release the pressure when the iTunes logo appears on your iPod's screen. If the home button on your iPod does not work, download and install the ""TinyUmbrella"" application from firmwareumbrella.com, start it, and then click on Enter Recovery Mode to continue. This command will initiate the restoration process of your iPod. If this recovery procedure proves unsuccessful, refer to the next section to use DFU mode. When the recovery procedure is complete, you will be prompted to restore your iPod to its original state. You can restore a backup if you have one.",2.415510654449463
037_57994,"A warm and welcoming smile will put everyone at ease, and you will appear to be having a good time. People will notice your smile and find you friendly, pleasant, and open to conversation. Studies have shown that smiling can help reduce your anxiety, blood pressure, and heart rate, which will also make you feel more comfortable in social situations. When people do not feel comfortable in a situation, they tend to physically close themselves off to those around them. Be aware of your posture. If you feel nervous or are in a bad mood, remember to stand up straight, keep your arms at your sides, and lean towards the people you are talking to. By maintaining this posture, you will improve your mood and help others approach you. Show that you are interested in what others are saying by leaning towards them while they speak. Turn your feet, legs, and body to face your conversation partner. This shows them that you are actively listening and engaged in their story. Do not cross your arms in social situations. It could project a negative attitude that says you are too busy or do not want to be disturbed. Others will observe your body language for cues about your disposition, so it is important to pay attention to what you are projecting. In social situations, people will look around the room and start conversations with those they make eye contact with. Do not look down at the ground or your feet. Look up and be aware of your surroundings to attract the attention of others. When someone approaches you, smile and maintain eye contact throughout the conversation. If it is a one-on-one discussion, look the other person in the eye for seven to ten seconds. In a group discussion, make eye contact with others for three to five seconds. This will show others that you are trustworthy and interested in the topic. It is okay to feel nervous, bored, or unhappy, but you want to appear approachable, so you need to manage the negative emotions you project. Rocking back and forth, playing with your hair, and fidgeting show others that you are bored, stressed, or nervous. Be aware of these habits and take a deep breath when you feel the need to fidget. Avoid touching your face too often, as it indicates that you feel anxious. Tapping your foot can also signal impatience or boredom, making others feel that you are not interested in what they are saying. When talking to someone at a party or event, pay attention to their gestures, posture, and attitude to try to mimic them. If that person maintains an open attitude, adopt the same. If they are using a lot of hand gestures while telling a story, try to do the same. By mimicking a person's body language, you can build better trust and connection if used properly. In good conditions, this helps to create a positive rapport and shows the other person that you enjoy their company. Consider your relationship with this person before imitating their body language. Avoid doing this with superiors. For example, if you imitate your boss's body language during a meeting, it may come off as rude and forced.",4.304751396179199
037_54171,"Even though the default ""assisted"" controls are convenient for getting into the game, you lose a lot of control and finesse by using them. Switch to manual controls to have total control over your players. This will allow you to manipulate the ball more dynamically, as well as manage your defense more effectively. Although it may be tempting, try to avoid jumping straight online. You will encounter many good players, and if you don’t practice a minimum, you will get crushed. Play an offline season to get used to the controls and use the ""Training Mode"" to practice different formations, corners, and penalties. The training mode is also a great way to practice your offensive play. When starting online, you need all the help you can get. When you are still in the adjustment phase, use one of the most powerful teams to face your opponents. Barcelona, Man. U., AC Milan, and Real Madrid. Once you have mastered the game, avoid using these teams, as many players consider them ""easy"" choices. In your first online matches, focus on defense rather than scoring goals. You can work on your attack later; a good defense wins matches. Passing is incredibly important when playing online, as you will likely face a stricter defense than when playing against your computer. Don’t always bring the ball down the same side of the field. Avoid using the same player for every action. Fake one move, then do another instead. One of the keys to winning an online match is to constantly surprise your opponent. This also applies to shooting. Don’t always use the same shot power or type of shot. Vary your strikes to keep opposing defenders on their toes. You can modify your shot type using the ""shoulder"" buttons in your controls. Use different shots for different situations. Scoring opportunities can be rare in FIFA, so you need to maximize your chances. There are a few factors to consider before shooting: Space: shooting into an already occupied space rarely works in your favor. Make sure the path is clear in front of your player. Positioning: make sure you are inside the penalty area before shooting. A shot from the halfway line is doomed to fail. Angle: if you are too far to one side of the field, your shooting angle will be very limited. In that case, pass to one of your teammates. If you have a particularly tall striker, send him more balls at head height. If your opponent is good at dribbling, take advantage of that and try to deceive them. Try to avoid having players run the length of the field for attacks and defenses. Let the formation do the work and pass to a better-placed player according to the situation and position on the field. Take time to discover the strengths and weaknesses of all the teams that your opponents might choose. Knowing which team your opponent is likely to pick will help you organize your defense and take down their key players. If you care about your FIFA ranking, warming up online will help you blend more easily into your online game. Play a quick match to get your legs moving, then log in to find a real opponent. Use offline mode to practice setting up your preferred actions or those you think you will adopt in online competition.",4.727659225463867
037_55288,"Many men experience a decrease in libido due to stress, depression, anxiety, relationship issues, and fatigue. Physical problems that prevent erection also cause anxiety, which only worsens the issue. Seriously ask yourself if underlying emotional troubles may be responsible for your decreased libido. Sexual therapy is known to be effective for libido issues in 2 out of 3 cases. A sexologist can identify the causes of your problem and recommend an appropriate treatment. Ask your partner, if you have one, to get involved. It is important that both of you make efforts to achieve the same goal and know how to reach it. Stress significantly decreases libido. The same goes for work and children, which hinder the development of a healthy relationship. Try to find time to rest and enjoy your partner. You are not required to have sexual intercourse in the evening when you are tired and stressed. Look for free time during the day, if possible in the morning or in the shower. Even if you do not have time to be intimate with your partner, you can take a few minutes to kiss them, hold their hand, or massage their shoulder. Sprinkle your day with physical interaction every time you see each other to keep the excitement alive.",1.9056980609893799
037_12270,"These symptoms occur at a more advanced stage of HIV, sometimes several years after the virus has been contracted and remained latent in the body. This seemingly harmless symptom can easily be overlooked in the beginning, especially if it occurs during allergy season or during flu or cold season. If you have a dry cough that you cannot combat with just medication, it may be a symptom of HIV. They can be red, brown, pink, or purple. People at a more advanced stage of HIV often have rashes, more frequently on the face and torso. They may also be present in the mouth and nose. This is a sign that HIV is developing into AIDS. Peeling skin and red skin are also signs of advanced HIV. The spots may also look like bumps. A rash usually does not accompany a flu or cold, so if you have these symptoms at the same time, see a doctor immediately. Pneumonia often affects people who have an immune system that is not functioning properly for other reasons. People at an advanced stage of HIV are prone to developing pneumonia from a microbe that normally would not cause such a severe reaction. At an advanced stage of HIV, patients generally develop a yeast infection or fungus in the mouth called thrush. This looks like white spots or other unusual spots on the tongue and inside the mouth. This is a warning sign that means the immune system is not properly fighting an infection. Nails that are yellow or brown and are split or cracked are common among patients at an advanced stage of HIV. The nails become more susceptible to fungus, whereas normally the body is able to fight them off. In the early stages of HIV, this can be caused by excessive diarrhea; at an advanced stage, it is called ""wasting."" It is a strong reaction of the body to the presence of HIV in the system. This includes memory loss, nervous depression, or other neurological diseases. Advanced HIV affects the cognitive function of the brain. These symptoms are serious and must be treated in all cases.",3.078423023223877
037_2231,"Mix half a glass of plain yogurt, half a glass of mayonnaise, and an egg white. You might be disgusted at the idea of using a condiment as a conditioner, but mayonnaise is excellent for giving your hair a healthy shine. The egg white contains proteins that help repair damaged hair, while yogurt helps restore a balanced pH to your scalp. This mixture spreads easily and can be used just like a regular conditioner. Simply mix the ingredients in a bowl and apply them normally. Do not wash your hair with hot water, as the egg white may cook on your head. Substitute plain yogurt with vanilla yogurt to give your hair a slight vanilla scent. Mix a tablespoon of honey, 125 ml of whole milk, and a few drops of olive oil in a bowl or glass. Mix the ingredients well before applying them to your hair. Add a teaspoon of cinnamon to the mixture for a delicious spicy scent. Some people believe you can also make your hair less brittle by adding a mashed banana. Mix aloe vera gel or shea butter with two or three tablespoons of olive oil to make the product easy to spread. Distribute the mixture through your hair after shampooing. You can also apply aloe vera or shea butter without olive oil for a simple and effective leave-in conditioner. You don't need to apply a lot; just take a little of the mixture on your fingertips and put it on your ends to treat split ends. Leave the oil on overnight. Oil is essential for hair health, and this overnight conditioner is great for keeping your hair in good condition. Consider covering your hair with a shower cap to avoid getting oil on your sheets. This method is particularly useful for dry and damaged hair. Repeat the process two or three times a week or as often as necessary to maintain your hair. Warm the oil until it is warm to the touch, but not hot. Distribute the oil through your hair from roots to tips. Rinse your hair to remove the oil the next morning. It will serve as a deep-cleaning conditioner. The following recipe combines many properties of homemade conditioners to produce a deep-cleaning conditioner that fights dandruff. Use a blender to mix the following ingredients and enjoy all their benefits: one ripe avocado; 2 or 3 teaspoons of honey; a teaspoon of coconut oil; 4 tablespoons of aloe vera juice (available in most health food stores or specialty grocery stores); a teaspoon of fresh lemon juice; if the mixture is too thick, add aloe vera juice or water. Add herbs, oils, or scents to the mixture according to your taste. The basic principles of conditioner are quite simple: you need a base (like yogurt, avocado, honey, etc.), an ingredient to balance the pH (vinegar, lemon juice, etc.), and an oil (olive oil, coconut oil, mayonnaise, etc.). From there, you are free to mix ingredients of your choice to find a balance that suits you. Try adding ingredients like: ground flaxseeds; lavender, lemon, sage, bergamot, or rosemary extract; milk or cream to dilute the mixture and make it easier to apply.",4.284240961074829
037_19606,"If you are just an acquaintance who has heard some bad news, you might not be the best person to deliver that information. However, if you have a familial connection to the individual involved, you are likely the right person to share the news. For example, it is inappropriate to share personal or sensitive information on social media platforms just because you have the information. If the information pertains to a death or another significant event, allow the family and close friends of the person time to call or visit others before you start sharing the news at your level. The worst thing you can do is announce the information in a public place where the person cannot turn away or even sit down to cope with the news. Choose a location where they can sit or rest. Also, opt for a place where you will not be disturbed. To have a good conversation, consider the following points. Turn off all electronic devices that could distract you, such as the television, radio, music, etc. Draw the blinds or curtains if you think that could enhance your intimate conversation, but do not block too much light if it is daytime. Close the door or draw the curtains to create a private space for both of you. If you think it will help, consider bringing a family member along. Sometimes it is impossible to wait because the information needs to be announced immediately before rumors start circulating. However, delay the announcement of the sad news if possible until the recipient is available and receptive. In other words, announcing bad news to someone who just got home from work or school or after an argument with your partner is certainly not the best thing to do. Although there is no good time to deliver bad news, you should at least allow the person to return calmly and rest. If the news is so important and urgent that you cannot wait for the ""ideal moment,"" take a deep breath, stop any activity, and say something like, ""I need to talk to you, Jeanne, this cannot wait, and I am afraid."" The sense of urgency could also apply to a phone call, but it is better to ask if you can meet as soon as possible so you can share the information in person with the recipient. If that’s not possible, or if the person wants the information immediately, you’d better ask them to brace themselves, as what you are about to tell them will not please them. If you are afraid of how they might react, also suggest having someone nearby for support. It is also important that you know what the person already knows to avoid repeating the same things or prolonging an already difficult situation. This step is very important as it will help you adjust the words and approaches you will use to begin revealing the information. Consider trying to understand if the person seems to have a feeling that something terrible has happened. Try to find out if they are experiencing fear, anxiety, dread, and whether this news comes as a surprise or not (like a death due to a car accident) or if it is an inevitable situation that was expected but had not yet occurred (like the failure of cancer treatment). Think about the content of the bad news. How bad is it? Are you trying to tell someone that their cat has died or that you have lost your job? Are you trying to tell someone that a family member or close friend has passed away? If the news relates to you (like losing your job), the effect will not be the same as if it relates to someone else.",4.7305521965026855
037_31393,"What is a solar eclipse? It occurs when the Sun, Earth, and Moon are perfectly aligned. The Moon then sits between the Sun and the Earth, causing the revered god Ra to disappear from our view. There are four types of solar eclipses. The total eclipse: the Sun is completely covered. The annular eclipse: when the size of the Moon is smaller than that of the Sun. The hybrid eclipse: an intermediate between the previous two. The partial eclipse: the Moon only covers part of the Sun. A solar eclipse can last from a few seconds to several minutes. The duration of a total eclipse can reach up to about 8 minutes. The solar disk will be replaced by its silhouette, and most of the solar corona will then be clearly visible. This phenomenon is possible because the distance between the Sun and the Earth is 390 times greater than that between the Earth and the Moon. The diameter of the Sun is 400 times larger than that of the Moon, so the ratios are approximately the same (~0.5 degrees (~30') of angular arc). If you, your children, or your friends wish to admire a beautiful solar eclipse, there are certain things you should NEVER do, as you would put your health in serious danger. Do not observe a solar eclipse through a telescope or binoculars. Do not do it directly even if you wear polarized sunglasses or not, or if you use protective film. The Sun's rays are powerful and can damage your eyes very quickly. Even if you think your fancy sunglasses can offer total protection, that's not true in many cases, especially when looking directly at the Sun. Infrared and ultraviolet rays are waves you cannot see, but they can significantly damage your vision. To safely watch the eclipse, you can create a pinhole camera with a needle (or a punch) and a piece of paper or cardboard and another sheet. The image will pass through a small hole and be projected onto the piece of paper or the ground, a few meters away. You will then see the image of the Sun appear in the form of a crescent hidden by the Moon. You will need to find the right balance between the size of the hole and the projection distance, which may require several attempts. Take a piece of cardboard and pierce a hole in the center with a pin or needle. Now place a second sheet on the ground; it will serve as a screen when the show starts. Stand upright and turn your back to the god Ra. Hold the perforated cardboard above the ground next to your body or a little above your shoulder. You must ensure that your head does not spoil the view. The cardboard you hold should be between the Sun and the sheet on the ground. When your pinhole camera is perfectly positioned, you can distinctly see a circle on the paper laid on the ground. The edges of this circle may appear a bit blurry, which is normal. To fix this, simply move the perforated cardboard closer to the ground (toward the sheet that serves as a screen) or further away. Once the Sun is covered by the Moon, the point you saw on the ground will turn into a sort of zero (0) if it is a total eclipse or a small crescent when you look at a partial eclipse. To view a solar eclipse comfortably, you can also use a modified camera. To observe the eclipse without projecting its image onto a surface, you can use a telescope, astronomical binoculars, or binoculars, but you will need to place a solar filter to protect your eyes. Amateur and professional astronomers use them when they want to look at the Sun. They have two objectives: to filter out ultraviolet and infrared rays and to reduce light intensity. Solar filters have a thin layer of chrome, aluminum, or silver on their surface. They are large in diameter but generally quite expensive. If your budget is limited, you can make a filter from Mylar. Mylar is a thin sheet of metallic aluminum and is very powerful. It reduces light intensity by a factor of 1,000,000 while perfectly filtering UV and infrared radiation. You must use perfectly flat sheets that have no creases. Since they are easy to cut, you can easily adapt them to view the phenomenon. Cut them and mount two pieces on a pair of glasses! You cannot use a Mylar filter on observation instruments, and you must adhere to the usage deadline. NEVER look at the Sun without protection, and be cautious at the beginning and end of the eclipse if you remove protection during a total eclipse. You can also protect your eyes with a maximum index glass plate for welding masks or several layers of completely opaque black-and-white negatives that are fully developed and contain an emulsion. Be careful, as some negative films do not contain this; that is the case with color films. If you have a telescope, astronomical binoculars, or a pair of binoculars, you can safely enjoy the show by projecting the image captured by your instrument onto a screen, wall, or the ground. Without a filter, you must not look at the eclipse through the instrument (you would permanently damage your eyes) but simply project its image somewhere. Start by covering one side of your binoculars (preferably the side you would normally look through) or your binoculars with their protective cap or a piece of cardboard. Turn your back to the Sun and hold or place your observation instrument so that the side that is not closed is pointing toward the god Ra. Align your binoculars, telescope, or astronomical binoculars using its shadow. Position the instrument about 30 centimeters away from the surface where you will project the image. This can be a large sheet of white paper laid on the ground or taped to a wall, a screen, a white wall, or a piece of white paper held with one hand. The further the surface receiving the image is from your instrument, the larger the projected image of the Sun will be. Practice well before the time of the eclipse so that you are ready when the show takes place! To ensure the projected image is perfectly stable and you can move freely, place the observation instrument on a table, chair, or tripod. You can use this method to observe the Sun even when there is no eclipse. You must then place the instrument in the shade after approximately one minute of observation to avoid damaging it, as it will heat up quickly. Let it rest for several minutes before continuing. You can look directly at the Sun while protecting your lovely eyes with a maximum index glass plate used for welding masks. By doing so, your eyes should be fully protected (even on the sides) throughout the duration of the show. This system also works when you use astronomical binoculars, a telescope, or a pair of binoculars. If the plate can only cover one side of your binoculars, cover the other side with the plastic cap or thick cardboard. If you live in (or near) a large city, there is certainly at least one store specializing in astronomical observation instruments! You will find all kinds of filters adaptable to different devices like binoculars, astronomical binoculars, or telescopes. Their prices generally range from 25 euros to 600 euros depending on your instrument. By purchasing a solar filter from a specialized store, you can be assured that the filter is effective and that your eyes will be well protected from ultraviolet rays and infrared rays. You should obviously buy a filter that is perfectly suitable for the type of instrument you are using, but if you go to a reputable store, this should not be a problem, as the seller will assist you. If there is an amateur astronomer club in your area, contact them online or by phone and do not hesitate to meet the members who will share their knowledge and advice; they are passionate about astronomy. If there is an observatory, check for public open days and go there. Make sure that the filter you wish to use is not damaged. Mylar, for example, is fragile and ineffective when the sheet has been folded or if it is punctured. The filter you use must be securely attached. If it moves a little, you need to ensure it won't fall off by securing it in place with tape. NEVER use filters that you have to mount on the inner end (the side you look through) of an observation instrument. They can be easily damaged by the concentrated Sun's rays through the lenses or mirrors, putting your vision at risk. Only use filters that mount on the outer end (the side opposite to the one you look through).",11.151480913162231
037_38925,"Going for a walk and getting some fresh air can work wonders for a headache, especially if it is caused by stress or staring at a screen for too long. Find a quiet place, take deep breaths, and let your mind wander. Your headache will be forgotten in no time. Get as close to nature as possible. A peaceful country road or a secluded sandy beach are ideal, but if you are stuck in the city, the nearby park will do. Increase your pace and go for a little jog if you like. Studies have shown that aerobics can help reduce the intensity of pain, and regular exercise can decrease the frequency of headaches. Apply an ice pack to the painful area of your head. Try to place it on your forehead, temples, or the back of your neck. The cooling effect of the ice pack will help relax your muscles and relieve the pain. Headaches caused by stress or tension can often be easily relieved by simply allowing yourself a moment to relax. A warm bath scented with soothing essential oils can work wonders, but even a quick shower can help you shake off the stress of the day. Gently and consistently apply pressure to the painful area of your head with your index finger or thumb. Hold the pressure for seven to fifteen seconds, then release. Repeat if necessary. Alternatively, ask someone to massage your neck and back or treat yourself to a massage. Force yourself to take a nap, and your headache might miraculously disappear upon waking. Find a quiet room, close the curtains, lie down on a bed or couch. Close your eyes and try to release the tension in your back, neck, and shoulders. Clear your mind, focus on your breathing, and try to drift into peaceful sleep. Headaches are often caused by hunger. Try eating a small healthy meal, then wait half an hour to an hour for the pain to subside. Try to eat at the same times every day to avoid headaches. Don't significantly delay or skip meals. Remember to eat slowly; you wouldn't want to end up with a stomach ache in addition to your headache!",3.1213204860687256
037_26387,"Click on the Windows logo in the lower-left corner of the screen. This will open the Start menu. This program allows you to modify the internal options of your computer. To open it, follow these steps: type regedit; click on the blue regedit icon at the top of the Start menu; click Yes when prompted. To navigate to the Windows Defender folder, you need to expand all the necessary folders in the left column of the Registry Editor. To do this, follow these steps: expand the ""HKEY_LOCAL_MACHINE"" folder by double-clicking (you can skip this step if it is already expanded); expand the SOFTWARE folder; go down and expand the Policies folder; expand the Microsoft folder; click once on the Windows Defender folder. Right-click on the Windows Defender folder, and a dropdown menu should appear. If your mouse does not have a right-click button, press the right side of your mouse or click it with two fingers. If your computer has a trackpad, instead of the mouse, press it with two fingers or tap the bottom right corner. The link is at the top of the dropdown menu. Selecting it will bring up a popup menu. This option is in the menu that just appeared. By clicking on it, a blue and white icon will appear in the Windows Defender window, on the right side of the page. Name it DisableAntiSpyware. When the DWORD file appears, type DisableAntiSpyware, then press Enter. Double-click on the DWORD file DisableAntiSpyware. A popup window will then appear. Replace the number in Value data with 1. This will enable the DWORD value. The button is at the bottom of the window. Click on Start, then on Power, and select Restart from the menu that appears. When your computer restarts, Windows Defender will be disabled. If you decide to reactivate Windows Defender, you will need to change the value again. Go back to the Windows Defender folder in the Registry Editor. Click once on the Windows Defender folder. Open the value editor for DisableAntiSpyware by double-clicking on it. Replace the value 1 with 0. Click OK, then restart your computer. You can delete the DisableAntiSpyware value if you no longer wish to use it.",3.125412940979004
037_57503,"The amount to use is approximate, but you will need at least one cup (or 180 g). If necessary, use a funnel to introduce the powder into the drain. This method will work best in a dry drain and sink. You can wipe the sink with a towel. Hot water will help the baking soda reach the clog. Additionally, it will help dissolve it, especially if it is made of grease. If it seems useful, pour in more water. Wait a few minutes before proceeding. Then pour in 250 ml of vinegar. Pour the baking soda into the drain. As soon as you pour in the vinegar, place the sink stopper so that the foam goes down instead of rising. You will hear bubbling due to the chemical reaction between the vinegar and baking soda. Use distilled white vinegar. Once the bubbling stops, remove the stopper. Add 500 ml to 1 L of boiling water. The water will remove debris as well as residues of vinegar and baking soda.",1.58465576171875
037_14639,"Think about what you want and why you want it. Is it an object or an adventure? Once you have determined this, ask yourself a number of questions. These will help you prepare in advance for the discussion. Here are some of these questions: Why do I need this thing? Why should my parents give it to me? If you cannot come up with good answers to these questions, it is probably pointless to approach your parents for now. If you don't know why you want something, it is unlikely that you will be able to get it. To discover what might constitute a ""good"" reason for your parents to give you what you want, try to understand what they value. Depending on cultural and family differences, this could be many things. Helping out in the family business or taking care of your siblings may impress some parents, while others may want to be more impressed by your efforts in school and extracurricular activities. Remember moments when they praised you and appreciated your actions. These are the ""good"" reasons why you might get what you desire. It is also possible that some parents are convinced by logical arguments. Prepare some solid arguments justifying the reasons why you want this object, trip, or adventure. This will provide evidence that you are not acting on impulse or whim and that you have thoughtfully considered your request before presenting it. You can present good arguments, such as that it will help you progress in school, prepare you for adult life, or help you grow. You can also say that it will fuel your imagination, provide relief from life's difficulties, or be useful for the whole family or community. Self-centered reasons or those based on irrational desires will be very unconvincing. Avoid saying you want something because your friend has it. For parents, this would mean you are being a follower, wanting to be like others, and that you don't really value the gift you desire. ""I just want this,"" ""I deserve it,"" or ""I have to have it"" are all bad arguments you should not present. Moreover, saying they are bad parents if they don’t comply with your request will probably not help either. Check eBay, Amazon, and other online sites for used products to get the lowest prices. If it is a trip, look for the cheapest options as well as inexpensive places to stay. When you approach your parents with all this information, they will know that you are not just concerned about what you want, but that you also care about their financial resources. Determine the time it will take to save half the amount or even the total. If your parents are willing to pay part of it, they will let you know during the discussion. If you are almost certain that you will not get what you are asking for, try to accept this possibility. If you get what you want, you will be more satisfied, but in case your fears are confirmed, it will prevent you from holding a grudge against your parents. If your parents refuse to give you what you are asking for, it may be because they think you do not deserve it. Face this directly by offering to work in exchange for what you want. They will likely respect your effort and dedication. Even if they do not agree with what you propose, maintain your offer of working more. It may impress them over time, and you might eventually get what you asked for. In fact, you need to prove to them that you have become a responsible person. For example, you can offer to do the laundry, clean the kitchen and bathrooms, sweep the floor, take care of pets, mow the lawn, pressure wash outdoor surfaces, and tidy up wherever there is a mess. Your parents may not have enough money to give you what you are asking for. They may even have the money but not feel comfortable paying for this gift (or trip) because it is too expensive. By offering to contribute, you will show them that you are invested and willing to fight for what you want. Look for a part-time job to earn money. If you are not of working age, ask them if you could do small jobs for them. Save any money you earn until you have the ability to pay half of what you want (or the fuel that will allow you to take a trip). Only approach your parents when you have everything together. Proving to them that you can plan, work, and save on your own can convince them.",5.762517929077148
037_13730,"Thus, for most of your body, your skin will be protected from sunburn and will breathe better. Avoid dark-colored clothing, as they absorb a greater amount of solar radiation than light-colored clothing. Wear clothes made of lightweight natural fiber textiles that allow air to pass through (which is not the case with many synthetic textiles). Wear a wide-brimmed hat that provides shade for your face. Take breaks to rest when you need to work or engage in physical activity in hot weather. If possible, avoid physical activities or outdoor work during the hottest hours, that is, between 11 a.m. and 3 p.m. If you wear loose, light clothing, you should apply a layer of sunscreen to the surface of the skin that it covers to protect it from ultraviolet rays. If you feel thirsty, your body has already started to dehydrate. Drink small amounts of fluids regularly while you are exposed to heat, even if you are not thirsty. In a temperate climate, a man should drink about 12 glasses (about 3 liters) of liquid per day and a woman should absorb about 9 glasses (about 2.2 liters). If you are excreting only a small amount of urine or if it is dark in color, you probably have not consumed enough liquid. Do not drink beverages that contain alcohol, a large amount of sugar, or a high dose of caffeine. Avoid drugs, such as amphetamines, cocaine, or ecstasy, which can increase the body's sensitivity to heat. Amphetamines and cocaine can even directly cause an increase in body temperature. If you settle in a new area with a climate very different from that of your home region, it will probably take you months to acclimatize and gain the energy and endurance of the natives. Heat can produce a significant state of fatigue, and you are likely to feel much weaker than expected. Avoid strenuous activities during the hottest hours of the day (between 10 a.m. and 2 p.m.). Plan to take many breaks to give yourself opportunities to cool off. Here are the main categories of people who are particularly vulnerable in high heat conditions: the elderly, children, pregnant women, people who work outdoors, people who have recently moved to a region with a warmer climate than their home region, people with health issues such as those suffering from asthma, high blood pressure, diabetes, lung disease or obesity, and people particularly prone to dehydration such as those with digestive disorders, as well as those taking medications that increase sensitivity to heat, such as certain diuretics, antihistamines, beta-blockers, tranquilizers, and antipsychotics. This will give you enough time to prepare for a period of intense heat. Be aware that on days when the air is very humid, your body sweats more slowly, making it harder for it to cool down naturally. Also, know that it can take only a few minutes of exposure to high heat for heat shock to occur, but it can also happen slowly after prolonged exposure to heat over several days.",4.176852464675903
037_4374,"Prices vary greatly from one store to another. Find retailers with good customer service, as computer components can be defective even when new. It's better to buy from a store that makes returns or exchanges easy. For a multimedia PC, you won't need the latest and most expensive processor unless you're using it for video games. You’ll need one that can play videos in High Definition (HD). A mid-range four-core processor should be sufficient. Try to find a low-power processor, as this will reduce your cooling needs and consequently the noise from your machine. The choice of your motherboard will largely depend on your processor. USB 3.0, Ethernet, and Wi-Fi connectors are essential for any good motherboard. It’s also better if it has HDMI and DVI connections, depending on the TV you will use. The HDMI connection transmits video and audio signals, but if you use another type of connection, you will need an audio cable such as SPDIF. If you plan to acquire a Solid State Drive (SSD), ensure that the motherboard is compatible with SATA III technology. The size of the motherboard will depend on the case you choose and vice versa. RAM is one of the easiest components to choose for assembling a multimedia PC. Since RAM can have manufacturing defects, check the manufacturer’s reputation before purchasing. The PIN numbers of the RAM sticks must match the PIN numbers of your motherboard. Ensure that the type of DDR and frequency are compatible with your motherboard. RAM is currently DDR 4. Since RAM is relatively inexpensive, get the highest frequency supported by your motherboard. For capacity, you will need at least 4 GB, with 8 GB being recommended today. You will only need a video card if you plan to play games on your multimedia PC. Most motherboards are sufficient for video playback and streaming. If you add a video card, make sure that your case and its power supply are suitable. Your storage needs will depend on what you plan to use your multimedia PC for. If you stream videos and watch DVD and Blu-ray movies, you won’t need much storage. However, if you archive video and music files, you might need several terabytes. In any case, you will need a hard drive of at least 60 GB to install your operating system (OS) and multimedia software. Today, the recommended standard is one terabyte (T). Consider using an SSD for your operating system. They are silent, consume little electricity, and are significantly faster than traditional hard drives, allowing for quicker computer startup. However, SSDs are more expensive and may not be the best choice for storing large amounts of data. You could also have a 128 or 256 GB SSD for the operating system and a traditional 1 terabyte drive for your data storage. Every modern multimedia PC should have a Blu-ray player. This will provide you with the best image quality for watching movies in HD. Most Blu-ray players offer a reading speed of 12x. Since disc players can have manufacturing defects, make sure to buy a reputable brand. Blu-ray players also read DVDs and CDs. Look for a specific case for multimedia PCs: these are usually ""towers,"" meaning vertical cases. You will need to find ventilation that is both effective and quiet; don’t skimp on cooling, especially if you play a lot. Also, ensure that the case is large enough to accommodate all your components. When you buy the motherboard and case, ensure they are compatible. Check that the case has a ventilation system; otherwise, you will need to add one or two 120 mm fans, which are generally the quietest. Your wattage needs will depend on your components, but if you don’t have a video card and your hard drive is an SSD, you shouldn’t need more than 300 watts. Look for a modular power supply case, allowing you to connect only the components you need. This will reduce the space taken up and the noise due to its low wattage consumption. Having a wireless mouse and keyboard will be very convenient for using your computer. There are also several remote control options via Bluetooth or infrared. You will need video and audio cables to connect your multimedia PC to your TV and audio equipment (optional).",5.823671817779541
037_17737,"This is more important than creating a quality control department. Depending on the size of your company, you may already have one. This department tracks and documents quality issues and also works to resolve them. However, relying on such a department can lower your company's performance, as it may lead other employees to think that quality is not their responsibility. Investing in training for all your employees, at all levels, rather than in a single dedicated quality control department, will show your employees that they are also responsible for improving the quality of your services, regardless of their role in the company. Look for gaps in your employees' training. Have your employees attended customer service seminars, either online or in person, to improve their performance? Organize training sessions targeting the gaps in your team's skills, such as customer service at the checkout or how to address a consumer in a meeting. For instance, if you want to improve service at the checkout, organize a training session on that topic. You can show them how to greet customers, process transactions quickly and efficiently, and make change or handle card transactions. You can also set up role-playing scenarios, with one employee acting as a cashier and another as a potential customer. Do not stop training after the first days or weeks of your employees' work. Teach them to always seek improvement and learn more about their work, the company, and the best ways to serve your customers. This program will teach new employees the importance of quality and service in your company before they start working. It should be a well-structured program presenting the products, services, and the company's strategy. It must reinforce its approach to customers and your commitment to quality customer service. The program should also include a presentation of your service approach. Give examples of past and current issues encountered in customer service, as well as the solutions you have implemented to address them. This will help new recruits understand your approach to the system and how you solve problems. Have your old and new employees work together. More experienced workers can share their experience and advice to help improve performance in certain positions or roles. Your former employees can also provide tips for delivering quality service to your customers. Whenever possible, personally conduct the orientation of your new employees. Lead one of the training sessions to show them that you are seriously committed to this program. This will also give you the opportunity to instill the values of your company in them before they take up their positions and set them on the path to success. This simple rule states that employees should greet customers within the first 30 steps or 30 seconds they are in your store. This attention will ensure that your customers feel welcomed and wanted, which will give them a better impression of your company. Make sure to train your employees to communicate this welcome with their body language as much as their words. A ""Hello"" will not have the same impact if your employee does not look customers in the eye, does not smile, or does not stand up straight. If your business is fully digitized, set up an automated response system so that your customers know their message has been received and that you are acting to resolve their issue. This means you must show them that what they do daily in the workplace has a huge impact on customer satisfaction. Linking the individual behavior of your employees to a broader system will help instill the importance of quality service on a daily basis. One way to do this is to challenge your employees to commit to providing the best possible service to your customers for an entire month. At the end of this month, show them evidence of improved sales performance and a decrease in customer complaints. Encourage your employees to consider customer service as a story of your business. Your employees are the primary representation with which your customers will know your company. Generally, their behavior helps create the culture of your company or store. By understanding that these interactions with customers are not limited to just checkout interactions, but mainly come from how customers feel in the store, you can motivate your employees more easily to improve the quality of your service. For example, the Trader Joe's chain in the United States is regularly ranked as one of the best companies in terms of customer service because its employees are trained to recreate a relaxed atmosphere in the store and provide personalized recommendations on their products. This approach makes the in-store experience more enjoyable, encouraging customers to return even though their stock is more limited than other retailers. These should represent a challenge while remaining achievable. Research on the subject has proven that having specific and challenging goals leads to better performance. Avoid overly simple or vague goals like ""Do your best."" Focus on specific actions and attitudes, such as greeting all customers with a smile, assisting them in fitting rooms, and ensuring that checkout transactions are quick and pleasant. For example, a Las Vegas casino team had to meet the goals set for each position in the business, as well as those set for the group in the area. The manager worked with each employee to ensure that the goals were challenging yet achievable. The company used a combination of goals and rewards to motivate each team member. Motivate your employees by recognizing their accomplishments and their ability to meet and even exceed customer service goals. There are two main ways to reward your employees. Financial rewards: one of the simplest ways to implement financial rewards is to increase your employees' salaries and bonuses. But if you are not in a position to give more money to your employees at once, you can improve their finances in other ways. For example, give them the time off they request, offer better health benefits, and be flexible for childcare or elder care. Non-financial rewards: create a reward program showing your employees how much you appreciate their work and attention to customer service. Focus on a program recognizing their length of service, positive feedback from customers, and employee accomplishments. Use rewards like plaques, certificates, company products, gift cards, or free merchandise. Although these rewards are not monetary, they will give your employees a sense of pride and accomplishment, which is necessary to keep them motivated. Another way to motivate your employees and strengthen them in their position is to give them the opportunity to advance in your company. Create leadership positions for the most senior employees or those who demonstrate a high level of performance. Encourage new recruits to aspire to a higher position and give them the opportunity to prove their skills. You may choose to hold an annual performance meeting so that your employees can position themselves and know how to improve their performance for the coming year. These meetings are also a great way to encourage positive behaviors from your employees and show them the direction their career is taking in your company. It is crucial that you show your employees that they can be as helpful as they are friendly. A polite and pleasant salesperson who knows nothing about the merchandise they are selling will not satisfy your customers. Similarly, an employee who knows about a problem but cannot resolve it will not impress your consumers. If your employee cannot provide an immediate solution, train them to learn to put in place an action plan aimed at resolving the issue as quickly as possible. For example, if a customer reports an issue with one of your lawnmowers, but your store is closing in 5 minutes, you can promise to send a salesperson to their home the next morning to fix their model. This is how you will establish extremely high-quality customer service. Every customer who enters your store or business should leave happy. Even if you or a member of your team makes a mistake, the customer should leave satisfied. Do not act defensively and do not blame your customer for making a mistake. Listen patiently and offer them your sincerest apologies. Then, explain to them how you plan to resolve their issue. The politest employee in the world will not make excuses for their incompetence or inability to meet a customer's needs. For example, imagine a customer returning to the store with a blouse that was damaged in the washing machine and for which they kept the receipt from two days ago. They then ask to be refunded because the item was not cheap and did not hold up in the machine. The employee calls you to discuss the best way to serve this customer. Start by apologizing to the consumer for the poor quality of your inventory. Then explain that although you cannot refund them (as stated on their receipt), you can offer them a gift card equivalent to the amount of the defective item, as well as a discount on their next purchase. This way, your customer will recognize that you have responded to their request and that you want them to be satisfied with your services. You can then assure them that you will investigate with your manufacturer and remove the remaining stock from your shelves. Customers who are not satisfied with your services should receive encouragement to return to your store. This will allow you to satisfy them, much more than simply contributing to resolving their problem. Your employees can provide you with interesting information about possible improvements you can make to your customer service. Listening to this feedback will also show them that you care about what they have to say and that you take their opinion seriously. Conduct a quality survey at least once a year. Send your employees a questionnaire via email and set a date by which they should return it to you. You can also attach bonuses or a prize to motivate them to submit their feedback. Maintain an open dialogue with your employees by starting each day with a motivational speech before the doors of your store open. Present the expectations for the quality of service for each customer who enters your establishment. Show them specific behaviors that demonstrate to customers that the team wants to provide quality service, such as greeting them as soon as they step through the door, conversing with them at checkout, and offering help in choosing their size or trying items in the fitting room. Use concrete examples to show them, rather than explain, how to provide quality service.",13.191791772842407
037_4895,"Most birds make noise, either by singing or squawking. Their voices are most often heard during waking hours in the morning and before sunset in the evening. Some birds are more likely to make noise than others, but you should know before bringing one home that you cannot prevent them from making noise. Cockatoos are considered one of the species of birds that use vocal communication the most. Their voices are mostly heard only in the morning and evening, but they are universally recognized as the loudest birds. Macaws are also very noisy, but their voices are only heard in the morning and evening, similar to cockatoos. Conures make high-pitched and piercing sounds, but they only make noise to ""call"" their owner and not to ""chat."" Cockatiels, budgerigars, lovebirds, and parakeets make noise throughout the day. So if you are looking for a bird that stays silent, avoid these species. Every time you react to your bird’s incessant squawking, regardless of its species, it will think that this annoying behavior helps it attract your attention. Bird owners react to squawking by showing affection or even running around the room and shouting for the bird to be quiet. Ignoring its noises will be difficult at first, but this is the only way to train it not to seek attention this way. Leave the room when your bird starts making noise. Only return to it when it has stopped squawking or screaming. Only return to the room if the bird has been quiet for at least 10 seconds. Praise your bird and reward it with a treat. It will understand that it only gains your affection by being quiet. Praise your bird when it whistles or whispers, especially when it is not screaming. This method is particularly effective with parrots, as it is easier to teach them words in a low voice than sounds. Do not raise your voice if your bird screams or sings loudly. Speak softly whenever you address your bird and whenever you are in its presence. Praise your bird every time it lowers its voice to imitate yours. If your bird starts making sounds at an acceptable volume, give it food or something to play with every time it behaves this way. Over time, it will associate this vocal range with what you choose to give it as a reward. Always praise it immediately. If you let time pass between its action and your reaction, it will not make the connection between the two. Every time your bird screams or speaks loudly, stop showing it affection and leave the room immediately. Use a specific treat as a reward. Try to find out what your bird likes most and use its favorite treats for training sessions. Your companion will be more inclined to comply with your requests.",3.9508869647979736
037_14693,"If you come home from school and go straight to your studies, you will feel drained of energy and will find it hard to concentrate. Take half an hour to prepare your body and mind for studying to study more effectively. Go for a short walk before studying. Stretching your muscles with a little walk will help your body relax and your mind clear before you start revising. If you are hungry, eat before studying, but have a light snack or a small meal. You might feel tired if you eat too much before studying, making it difficult to concentrate. The mindset with which you approach your work can affect your efficiency. Work on maintaining a positive mindset every time you begin your revisions. Think positively whenever you study. Remember that you are acquiring new skills and abilities. Don’t get discouraged if you struggle with something. Remember that you study to improve, so it’s normal not to understand everything right away. Don’t fall into catastrophic thinking or black-and-white thinking. Catastrophic thinking includes thoughts like, “if I don’t understand this now, I’ll never understand it.” Black-and-white thinking looks like this: “I never pass my tests.” Instead, try to be realistic. Think: “I’m struggling with this information right now, but if I persist, I’m sure I’ll understand it.” Don’t compare yourself to others. Focus on achieving a good outcome for yourself. The success or failure of others should not matter. Mnemonic methods are ways to remember information by creating associations. This can be extremely useful when you want to study smart. Many people remember subjects by linking words together to form phrases that give those words a meaning related to the information they need to remember. For example, the phrase: “that I love to teach a useful number to the wise! Immortal Archimedes, artist, engineer, who can value your judgment? For me, your problem had serious advantages!” helps to remember the first thirty decimals of π by counting the number of letters in each word (i.e., 3.14159265358979323846264338379). Make sure to use mnemonic devices that you can easily remember. If you create one, choose words or phrases with personal significance that you can easily recall later. If you have taken notes, rewrite them. By rewriting your notes and slightly changing the words, you will engage with the material. You aren’t just repeating the information; you are trying to re-explain it to yourself. This can help you process the information and remember it more easily later. Don’t just copy the information. Try to condense it down to the simplest point. Then try to condense it further until you get to the most essential points.",3.8839468955993652
037_59469,"Varicose veins are those unsightly spider-shaped veins that some women may develop at a certain age. While it is not always possible to prevent the appearance of varicose veins, there are some measures you can take to stop them from developing. Engage in regular physical activity to improve leg tone and blood circulation. Wear sunscreen to protect your leg skin. Cross your ankles instead of your legs when sitting. Limit foods high in salt and its derivatives. Your body continuously loses dead skin cells, and your legs are no exception. Shaving your legs, walking, and wearing pants can irritate your skin. Therefore, you should help it regenerate by removing dead skin cells. Use a washcloth, loofah, or exfoliating product to gently wash your legs every time you shower. Try a sugar scrub for even better results. Apply a little moisturizer to your leg skin every evening before bed to maintain radiant and healthy skin. A cream or lotion prevents the skin from cracking, damaging, or forming patches. Most people find hairy legs unattractive. That said, you should never feel obligated to shave your legs to impress someone. You should find a way to remove hairs if you are going to a fancy party, want to have star-perfect legs, or simply find these hairs unappealing. Shave your legs. The most common way to remove hair is to shave your legs in the shower. It's easy and quick, but the effect is not long-lasting. Wax your legs. This can be quite painful at times, but waxing keeps your legs smooth longer than shaving. Use an epilator. These small devices work similarly to waxing, except they pull out each hair one by one. Unlike wax, these epilators are clean and reusable, but many women find them painful.",2.8328359127044678
037_57129,"Rabbits love routine. The best way to encourage your rabbit to play with you is to set regular playtimes. Rabbits are generally most active early in the morning. If you can, try to play with your pet at that time of day. If you cannot, be aware that many rabbits are also very active late in the day. Do not start a play session at just any time. Rabbits prefer to be left alone when they are eating, relieving themselves, grooming, and sleeping. If you see your rabbit engaged in one of these activities, let them finish before starting to play. Nevertheless, it is best to open your rabbit's cage or enclosure before they finish so that they understand it is playtime and can come out when they are ready. To ensure that your rabbit feels comfortable and safe with you, make sure they do not perceive you as a giant. Lower yourself to your rabbit's level. You might sit, squat, or lie on the floor. Allow your rabbit the opportunity to come onto your lap or physically interact with you. Some rabbits enjoy cuddles and will gladly try to sit on your lap. However, most rabbits prefer to remain independent during playtime. Rabbits can be fearful, especially at first. Do not force your rabbit to play certain games or with certain toys if they do not seem interested. Let the rabbit explore at its own pace. Do not roughhouse with a rabbit as you would with a cat or dog. Rabbits are naturally timid, and you risk scaring them. Greet your rabbit joyfully before opening its cage, saying its name and a positive phrase like ""hello."" This way, the rabbit will associate you with a joyful feeling and will be more inclined to interact with you. Pet your rabbit while saying nice things and giving it some treats. Your rabbit will then associate your physical contact with joy and safety.",3.1401240825653076
037_39415,"You will need: a French press, freshly ground coffee beans with espresso function, a spoon for measuring, a stick for stirring, and 50 cl of hot water. Remove the lid and the mesh filter connected by a metal rod. The filter and the piston will be used to press the ground coffee into the hot water. The fine metal mesh will separate the grounds from the liquid you will drink. Make sure its edges are raised when you remove it. Use a kettle or a pot on the stove. When the water begins to heat, pour a little into the French press container and swirl it inside to warm it up. This way, the glass will not break from a sudden temperature change when you pour in the boiling water. The grind is an important factor in getting a drink similar to espresso. If you buy pre-ground coffee, look for ones made for espressos. If you grind the beans yourself, look for those indicated as espresso. There is no specific type for this drink, but professional roasters often use particular beans for espressos. They will allow you to achieve the desired taste and texture as they are roasted to bring out the espresso flavor. To grind the coffee yourself, use a coffee grinder with an espresso function. Burr grinders grind the beans between two burrs (as the name suggests). They grind a few beans at a time to make a uniform powder. Blade grinders can also be effective, but they work by cutting the beans with spinning blades, which can lead to a less uniform grind. A very fine grind is required for espressos, finer than what is used for regular coffee made in a French press or percolator. The fine powder contributes to the flavor and mixes more with the hot water under pressure. However, it should not be so fine that it passes through the filter. The issue with a French press is that the holes in the filter are larger than those in an espresso machine. The coffee you grind should have a sand-like consistency. You can grind the beans slightly finer than you usually do for your press, but not too much, unless you mind having some grounds at the bottom of your cup. Pour about 35 g of ground coffee into the container. This step is quite delicate, as the goal is to make an espresso. When prepared in a machine designed for it, about 16 to 21 g of powder is needed for 25 cl of water. Since a French press is larger, try doubling the doses. You will have leftover coffee, but that’s alright. Pour a little almost boiling water over the coffee. Wait a few seconds, then add the rest of the 50 cl of water. The water should not exceed 93 °C. A temperature of around 90 °C is perfect. Before adding all the water, pour a little over the ground coffee to open it up and release all the flavors. Briefly stir the ingredients with a long spoon to avoid clumping and achieve a frothy consistency. Then, place the lid on and press the filter down until it is just above the surface of the liquid. Do not push the filter all the way down yet. You need to let the coffee steep first. Let it steep until the water is very dark (about 3 or 4 minutes). The longer you let the coffee steep, the stronger it will be. However, this doesn’t mean you should let it steep too long in hopes of getting a stronger espresso flavor. You will need to experiment to find the right steeping time. Keep an important rule in mind: this time controls the extraction. If it is too short, the coffee will not be extracted enough and will taste sour. If it is too long, the coffee will be over-extracted and taste bitter. Hold the lid of the French press in place and slowly and steadily press the piston down until it stops. You can experiment by pressing the piston halfway, lifting it, then pressing it all the way down to achieve a layer of fine foam. Let it rest briefly before serving. If you want to retain very fine grounds, pour the coffee into a coffee filter or a clean cloth. If you use a paper filter, it will slightly alter the taste and consistency of the drink. It will retain some of the foam that gives texture to the espresso, and the coffee may take on a slightly greasy taste as it passes through.",5.846693992614746
037_18434,"You will find these plants in a natural product or bulk store. They must be ground or powdered. ½ teaspoon of marshmallow root (to relieve inflamed tissues), ½ cup of slippery elm bark powder (to soothe irritated mucous membranes), ¼ cup of hot water, 2 tablespoons of honey. Pour 2 teaspoons of honey into a glass measuring cup and add enough warm marshmallow liquid to total half a cup. Pour the mixture into a bowl and discard the rest. Make a well in the middle of the powder. Pour the honey or marshmallow solution into the hole made in the slippery elm bark powder and, using clean hands, mix the ingredients. Shape small oblong forms the size of a grape (the size of a lozenge). You should get 20 lozenges. Roll the lozenges in the slippery elm bark powder to make them less sticky. Place them on a plate to dry for at least 24 hours. Once dry, wrap the lozenges in wax paper or parchment paper. Store them in a cool, dry place away from light. They will last for 6 months. You just need to unwrap them and let them dissolve slowly in your mouth. These lozenges are intended for adults, but they can be given to children who are old enough to take them safely (generally from 5 years old). For children under 5 years old, the lozenges may pose a choking hazard.",2.0466089248657227
037_12759,"She really cares about your well-being and would like to know what is happening in your life. Spending time with you will help her understand you better and trust you more. This will be useful when you ask her to let you go out. Make an effort to talk to her about your feelings, friends, school, etc. Ask her for permission to go to the movies, the mall, or to take a walk. As a teenager, your main responsibility is to do well in school. If you’re not doing this yet, your mother will find a way to decline your requests. Study to show her that you take your education very seriously. If you get a good grade, make sure to show it to her! If you are not doing well in school, show her how hard you are trying by doing your homework in places where she can see you or by participating in study groups. If you have tasks assigned to you, do not wait for reminders to complete them. Do them even before your mother expects you to. This will show her that you are hardworking, responsible, and that she can trust you. It is better to surprise your mother with your diligence rather than telling her how well you are doing with your chores. Let her discover it for herself. Go beyond her expectations. If your mother asks you to do something, obey her and do even more. For example, if she asks you to tidy your room, also vacuum it. This shows that you take the initiative, and she will appreciate the gesture. This applies both at school and at home: if you want to earn your mother’s trust so she can let you go out, behave in a respectful and mature manner. You are not required to be perfect; no one can be, but you should do your best. Show yourself polite and say thank you and please. Do not fight at school. Respect your mother’s friends by listening to them when they talk to you and engaging in small conversations with them politely.",2.803992509841919
037_21406,"One reason your phone might not turn on is that the battery is dead. In this case, plug your phone into the charger that came with it when you purchased it. You also have the option to power your phone by connecting it to a computer via a USB cable. On LG sliding phones, the Power button is usually located on the front of the phone at the bottom right. The button is represented by a curved line with a circle below it. To turn on the phone, press and hold the Power button until the screen lights up, then release it. To turn off the phone, press and hold the Power button until the screen goes dark.",1.1237151622772217
037_53961,"Take the hose in your hands and bend it in all directions along its length. This helps to dislodge clogs and even resolve smaller ones. If you feel unusual resistance while bending it, it’s probably because it contains a clog. Aim for those areas in particular. While twisting it, keep one end above the bucket so that nothing escapes and falls on the ground. A jet of water directly into the hose may help to unclog it. Hold the garden hose at one end of the drain hose and turn on the water at the faucet to push out the clogs. You can use a faucet with the same pressure as that of the garden for rinsing. Hold one end of the hose under the faucet and turn the water on full blast to push the clogs through. Use pliers to stretch a hanger. Once it is fully stretched, insert it into the hose and push everything inside to make it come out the other side. This technique is especially effective against larger clogs. You need to ensure that the hanger is well-stretched. The bent ends could get caught in the folds of the corrugated hose and damage it.",1.7106897830963135
037_26150,"It is clear that accidents or spills can occur, but if you have spilled water or any other type of liquid on your engineered hardwood floor, you need to clean it up promptly. If you let the liquid sit on the material for a long time, it could seep in and damage the plywood or the hardwood itself. It could also leave a permanent stain. When cleaning spills on the floor, you should gently blot to wipe them up. Avoid scrubbing or applying strong pressure to clean the area. If you do this, you risk warping the plywood underneath the hardwood or forcing the liquid deeper into the wood and damaging it. Although these abrasive liquids may clean certain surfaces, they are likely to damage your engineered hardwood floor. Vinegar and ammonia could erode or damage the surface of the plywood beneath the hardwood's top layer. You should refrain from using a steam cleaner on engineered hardwood floors. While a steam cleaner can be a useful tool for cleaning carpets, it is not recommended for use on engineered hardwood at all. In fact, steam could damage the surface of the wood by forcing water to seep into the top layer and the plywood. A steam cleaner can potentially cause more damage to hardwood than other cleaning techniques that use excess water (like a mop that is too wet). Since a steam cleaner will force moisture into the wood, it could harm the lower layers of the fiberboard or plywood. It is strongly advised against using abrasive and harsh cleaning products (such as metal scrubbing brushes or steel wool) on hardwood floors. There is a good chance that these products will cause scratches or otherwise damage the plywood beneath the hardwood. Although engineered hardwood floors are more resistant to liquids than ordinary models, you should still not leave water or any liquid cleaner on your material. Dry the floor by blotting it with a towel if excess liquid cleaner remains after you have finished cleaning. Similarly, if you use a damp mop, you risk damaging the top layer of the hardwood. If the wood absorbs a significant amount of water, it could warp. Therefore, you must ensure that you remove all water after cleaning the floor.",2.8840720653533936
037_36917,"To ensure your gel nails are perfect, start by properly preparing your natural nails. Take the time to cut, file, and shape your nails correctly. Before cutting them, decide on the shape you want for your nails. Cut the basic shape, then file the tip of the nail. Finally, finish by polishing the surface of the nail with a buffer. You can choose rounded, square, pointed, almond, or oval nails. Since gel nails are based on your natural nails, this is the stage where you will give them the desired shape. It is not like applying acrylic nails, where you can change the shape during or after the application.",1.1722776889801025
037_10575,"Use the fabric you want, as long as your piece is at least 2.5 cm wide and 12 cm long. Spray a little starch on your scraps to stiffen them and make the knot easier to tie.",0.6910898685455322
037_23884,"Your contact lists will be presented to you. Select the list to which you want to add the contact. It is located in the upper right corner of the screen and looks like a silhouette with a + next to it. You can search the Skype directory, save a phone number, or import from an iPhone. Searching the Skype directory allows you to look for users by their names, Skype usernames, or email addresses. After entering the search, a list of search results will be presented to you. Click on the contact you want to add and then click the Add Contact button. You will be able to customize your invitation text. Saving a phone number allows you to enter a person's name and phone number and then add them to your contact list. You can then call them using your Skype credit. Importing from an iPhone allows you to import contacts from your iPhone and add their numbers to your Skype contacts. This will only add names and phone numbers and will not add the person as a Skype user.",1.6719183921813965
037_14159,"Your final height is largely determined by genetic laws (about 70%), while health, diet, and environmental factors account for the rest (about 30%). Therefore, if you find yourself with a height above or below what you expected, you can only blame your genes for it. Moreover, it is pointless to rely on suspension scales to increase height! A simple online search can provide you with thousands of sites offering foolproof methods to grow taller, but most of them are useless. ""Special"" pills will not make you grow... On the contrary, they will only make you sick and waste your money! There are several sites that suggest exercises aimed at stretching the body. While stretching is beneficial and might slightly increase your height for a short period, this method won't lead to long-term changes. Remember that gravity always prevails. That said, physical movements that improve posture and make you straighter can at least help you appear taller. When we sleep, our body produces growth hormones. Therefore, peaceful and deep sleep increases your chances of maximizing your genetic growth potential. Regarding emotional, mental, and physical health, growing adolescents should aim for 8 to 10 hours of sleep each night, preferably following a regular schedule for a good balance of the biological clock. There is no magic food that can help you grow taller, but a balanced diet may be helpful in the growth process initiated by your body. You know the healthy eating procedure: consume more vegetables and fruits, less saturated fats and refined sugar, lean proteins, more fresh foods, and fewer processed foods. Certain nutrients like calcium, which strengthen the bones (and thus contribute to improved posture), are beneficial for appearing and feeling taller. Other essential nutritional elements such as vitamin D, zinc, and niacin, which you should include in a varied and healthy diet, can also provide additional benefits regarding body growth. You should not focus on movements that claim to make you grow taller. Instead, concentrate on a healthy routine that includes strength training and aerobic exercises. Good health offers your body a better chance to develop. As mentioned earlier, stretching is beneficial for the body, but stretching movements that claim to make you grow permanently have only temporary effects. Focus on fitness and health and let the growth process unfold normally (as far as your genetics predispose you to it). An hour or more of physical activity each day can help adolescents appear and feel good, which can have other benefits, even if you have not grown taller. You can research online to access recommended types of physical activities.",3.5375242233276367
037_38525,"One approach at this level is to start by freeing the gelatin trapped under the licorice as soon as possible and begin eliminating the chocolate. The downside of this approach is that you have less space to make combinations in the right grid given its small size. However, as soon as you break through the licorice barrier, the chocolate is free to spread throughout the grid, thus reducing your range of action to only a few squares. This approach works best if you have several future combinations in mind and can see what the board will look like a few moves later. One of the easiest ways to eliminate chocolate is to create two horizontal striped candies in the left grid and activate them once they reach the bottom rows. Remember that since the two grids are not the same size, this move will only work with rows 2 and 3 from the bottom of the left grid. You can also use a striped candy to eliminate all the cages in the right grid with a single move. This move requires planning and the ability to create striped candies. Once the chocolate is free, it begins to invade the adjacent squares. Keep in mind that if you eliminate a piece of chocolate, the chocolate does not progress on the next move. So, continue to make combinations near the chocolate and attack it with special candies to curb its expansion.",2.1465587615966797
037_51423,"Thinking of yourself as shy and reserved, you use that as a crutch. Why aren't you going to that party on Friday? Exactly. You have no reason. When you stop thinking of yourself in one way or another, the world opens up to you. You are constantly evolving. If you label yourself as a geek, you might adopt those characteristics. But if you realize that you are always evolving and changing, you could open yourself up to opportunities that would inspire that evolution—opportunities that would usually intimidate you. In the same vein as labels, stop thinking in black and white. Boys are not scary, authority is not evil incarnate, and textbooks are actually quite useful. Once you realize that it is your perception of things that determines what they are for you, you will see more possibilities and, from there, more options for your evolution. Some people think that traits are unchangeable, and that greatly affects how they act. Conversely, a constantly evolving mindset allows one to view traits as malleable and ever-developing. These mindsets develop during early childhood and can have a significant impact on personality. If you think things are fixed, you won’t try to change. How do you see the world? That can determine how you see yourself in relationships, how you resolve conflicts, and how quickly you recover from failures. Just stop. The strength of your brain lies in the fact that it is yours, and therefore you control it. If you catch yourself thinking, ""Oh Lord, I can't, I can't, I can't,"" you probably won't be able to. When that little voice starts to speak up, don’t pay attention to it. It won’t help you. Wear a rubber band around your wrist and snap it as soon as the bad thoughts start. When that voice gets going, give it the tone of Donald Duck. It will be much harder to take it seriously. Keep your head up. Literally. Changing your body language can actually change how you feel and, from there, how you think.",2.8140389919281006
037_21232,"When she talks to you about the things she wants to achieve in her life, career, or future in general, pay attention to what she says to see if she includes you in her plans. If she does, there’s a good chance she is interested in a relationship and sees you as part of her long-term life. If she doesn’t, don’t worry. She may feel too nervous to include you in her plans before discussing them with you. Women are very good at getting to know others because they know exactly what questions to ask. Notice the times when she asks you about your career plans, your ideal family, your hopes, and your dreams. These are signs that she would like her vision of the future to align with yours. She might ask you questions like, “How many kids do you want?” or “Do you want to get married?” She may also inquire about your relationships with your family, your past romantic relationships, or your beliefs in general. Questions lead to answers! If she has talked to you about her beliefs, past relationships, and family, she is likely comfortable around you and sees you as someone she can trust. Even if this is something normal among friends, it can indicate that she desires a deeper relationship. This is especially true if she has shared stories with you that are dear to her or even painful stories. If she feels comfortable enough to bring up topics that evoke emotions for her, it’s a good sign that she sees you as someone who can support her emotionally. Sometimes, you can tell if she likes you by paying attention to how she speaks, in addition to what she says. If she stumbles over her words while looking at you or seems fidgety, it likely indicates that she is attracted to you. If she tells you an embarrassing story or a funny joke, she might blush while looking at you or forget what she was saying.",2.7492306232452393
037_42671,"Start with your favorite music genre and add your favorite sounds from various artists that are closest to your preferred style. A 100% hip-hop, 100% classic rock, or 100% baroque playlist can be a great way for you to organize. You can also choose a single artist to start with. For example, if you have the entire discography of Bob Dylan, you will have a multitude of songs to choose from. Select your 50 favorite songs from that artist and organize them into a list. Another option would be to choose several music genres. Try to vary your musical style. Experiment with progressive jazz songs or a mix of gothic metal, folk, and classical music. Why not? No rules apply: you are free to choose what you like. Playlists are a great opportunity for you to put yourself in the shoes of a museum curator or a DJ telling a story through songs. Choose a mood, theme, or idea from which you will organize your music list. For example, you can create a list of songs that only talk about love. Be creative. Here are some possibilities: breakup songs, songs to listen to on Monday mornings, songs to listen to at work, songs to listen to with headphones, songs with aggressive lyrics, songs that make you feel high. Another way to create a playlist is to think about what the songs will serve. Generally, music lovers like to listen to different music styles for each situation, for example when they go to the gym, on a date, or when they want to sleep. Create playlists and select pieces that fit each situation. You can create a great playlist to listen to: during your workouts, your daily commute to work, during a barbecue, at a dance party, for meditation or relaxation. Try to create a playlist made up of songs you listened to during your early school years or during your childhood. Choose songs that always remind you of your father's favorite pieces or the songs you used to listen to on the way to extracurricular sports activities. Pick tracks that remind you of your best friend. Creating a playlist is a great way to stay in touch with the past. Try to tell a story through your list. How could you summarize your four-year college experience in ten songs? Give it a try! Many teenagers have successfully impressed their dates by dancing to love songs, and many amateur DJs have filled their dance floors by playing very danceable hits. Consider the reference points, tastes, and opinions of your audience. If you're trying to compose a playlist just for yourself, stick to what you like! Organize your musical selections around a specific theme or era. For example, you can create a playlist of the 100 most played songs in France in 1967 or a selection of songs by The Beatles. If you want, you can create a huge list of all the songs in the Rolling Stone magazine's list of the 100 greatest albums of all time. For fun, you could create your own music ranking.",4.107426643371582
037_38516,"If you love long-range combat, then sniper rifles are your preferred weapons. These weapons inflict the most damage, and have the best accuracy and range of all rifle categories in CoD Ghosts. According to their description in the game, the sniper rifles are: USR. Bolt action. Fatal shot above the waist, particularly maneuverable. The compensator reduces recoil with each kill. L115. Bolt action. Fatal shot above the knee. The compensator reduces recoil with each kill. Lynx. Semi-automatic. Movement slowed, fatal shot above the knee. VKS. Semi-automatic. Built-in silencer, the highest rate of fire and magazine capacity in its class. There are several techniques for those who want to become a professional sniper. Snipers are primarily independent players who kill at their own pace on their own territory. That said, it is helpful to know methods to prepare to become a sniper. Use the Variable Zoom and Chrome attachments to maximize your damage, range, and accuracy. These attachments are very suited for very long-range shots. Install a Motion Sensor to be alerted if an enemy approaches. Snipers are generally stationary in a hideout, so it is vital to know what is happening in your blind spot. Equip yourself with a submachine gun as a secondary weapon, just in case an enemy attacks you from behind or if you have to engage in close combat. It is not recommended to use a sniper rifle at close range, unless your weapon can perform a ""quick scoping"" like a marksman rifle. Use the Stealth perk to not reveal your location, even if you manage to kill an enemy. You have a chance of appearing on the radar, but with the Incognito and Off the Radar perks, you are practically invisible to enemies. Stay away from the rest of your teammates, and find a hideout to camp in. From there, you can observe and wait for an enemy to pass into your line of sight. After killing an enemy, consider changing locations so that the enemy has difficulty finding you. Based on overall performance, the L115 seems to be the best sniper rifle. Its shot is deadly from the knee, giving it the best kill-to-shot ratio in its class.",3.181518316268921
037_24258,"If you live in a place where winters are milder, in hardiness zones 7, 8, or higher, you should be able to plant poinsettias in your garden, and they will grow and thrive year after year. If you live in a place where temperatures drop below freezing in winter, it’s better to keep them in a pot and care for them indoors. Poinsettias are native to Mexico and need a warm climate to flourish. If you bought a poinsettia plant to decorate your home during winter, keep the plant in a pot until spring, even if winters in your area are relatively mild. The poinsettia should remain in the pot until temperatures are warm enough for repotting. Water it occasionally until spring. In early spring, in March or April, cut the poinsettia back to about 25 cm. This will encourage it to start a new growth cycle and prepare it for repotting. Water it and fertilize once a month until early summer when it’s time to replant. Choose a spot that receives morning sunlight and some light during the afternoon heat. Rake and aerate the soil to a depth of 30 to 40 cm. Enrich the soil by incorporating organic compost if necessary. Poinsettias prefer rich, well-drained soils. Dig a hole as wide as the pot it is in and plant the poinsettia. Gently pack the soil around the base of the stem. Apply mulch around the stem 5 to 7 cm thick. This will help keep the soil cool and moist. Spread 12-12-12 or 20-20-20 fertilizer at the beginning of the growing season or use compost if you prefer. If your soil is not very rich, you may need to fertilize once a month. Water the plant at the base when the soil around the stem feels dry to the touch. Avoid overwatering, as this can cause fungi to attack the plant's leaves. Occasionally pinch off small leaf shoots to encourage the plant to flower. You can discard these shoots or use them for cuttings. Cut old shoots at the end of autumn or early spring to encourage new branch growth in the following spring. Cut 20 cm long shoots from the tender ends of poinsettia stems or cut a 45 cm woody branch from the plant to obtain a new poinsettia. Dip the end of each shoot or branch in rooting hormones, then plant it in a pot filled with potting soil or a vermiculite-based mix. Keep the potting soil moist but not overly wet for several weeks until the shoot develops roots. Add fresh mulch around the base of the plant to keep the soil warm during winter. The poinsettia can winter outside in areas where soil temperatures do not drop below 7 degrees Celsius. Dig up the plant and bring it inside if you live in a cold winter area where soil temperatures drop below 7 degrees Celsius.",4.230875015258789
037_60763,"Start by plucking out any stray or long hairs with tweezers. Then take a clean eyebrow brush and brush through your eyebrows following the direction of hair growth. For most people, this means brushing from bottom to top starting at the inner corners, outward along the length of the arch, and then down toward the outer corners.",0.7693719863891602
037_34435,"Replace your negative words with affirmations. By changing your language, you will change your mindset and let go of your negative actions and thoughts. Replace a statement like ""I can't do it"" with ""I can do it."" Instead of saying ""I can't do this at all,"" say ""I will succeed."" Determine the reasons that lead you to believe you will fail. Identify the factors that have caused you to have negative behavior. Know that these are triggers. So, make an effort to regain your composure. Changing your language will not happen overnight. It will take time and energy. Have constructive attitudes while working. This way, you will get rid of false hopes and vain thoughts that come from your subconscious. When you are worried or tired, calm your nerves and stifle your demoralizing thoughts by repeating an incantation you have created yourself. A consistent use of the incantation will overcome the unproductive thoughts and actions dictated by your subconscious. Identify these thoughts, and accept your mistakes. Create your incantation using ideas that oppose your unfounded judgments. Compose two other alternative incantations that go in the same direction. Choose a part of your body that will be the seat of positivity. This part could be your heart or your abdomen. Place your hand on that spot when reciting the incantation. Focus and say your text with confidence. Suppose you lack confidence, your incantation would be ""I am excellent,"" ""I deserve it,"" and ""I am worth it."" This technique involves mentally repeating the achievement of your goals. It is a wonderful way to engage and train your subconscious. Start with exercises that only engage one or two senses. For example, try to visualize every detail of a photograph or a familiar object. You can also try to imagine memories and scenes from movies. Note the sounds, smells, colors, textures, and flavors. When you are able to concentrate and describe the details accurately, start visualizing your own approach to achieving your goals. It is essential to reflect on yourself as objectively as possible. Do not dwell on the negatives, or consider failure, but rather imagine that you are succeeding in reaching your goal! For example, if you are going to give a speech, suppose that you recover from a stutter or a phrase you omitted instead of thinking that you are provoking applause from the audience. Imagine well-defined goals. Be specific about the objectives you wish to accomplish. Identify the place, time, and circumstances of your success, and delve into the smallest details! Do not think of yourself as a superhuman. Instead, be like you really are.",3.663698196411133
037_3425,"Your appearance will leave an impression on the people you meet. This rule applies to all the girls you want to impress. You don’t need to wear a suit to make a good impression, but you should choose clean and appropriate clothing. Try to assess what your clothes say about you to determine if you are making a good impression. When you dress, make sure your clothes are clean. Ensure that your clothes fit properly. Clothes that are too big or too small could give you a strange look. Make sure your outfit is appropriate and matches the image you want to convey. To impress a girl you like, it is essential to have good personal hygiene. If you lack hygiene, you are likely making a very bad impression on the girl you are trying to attract. Keep these basic tips in mind to help you make a good impression: shower every day; use deodorant; brush your teeth at least once a day; have clean nails. Your body language says a lot without you having to say a word! When you are in the presence of the girl you like, carefully analyze your body language. To communicate effectively with your body, keep these tips in mind. Don’t slouch. Pull your shoulders back. Always stand up straight with your head held high. Avoid slumping when you are sitting. If you are nervous or cautious in front of this girl, it may be noticeable in your body language. Closed body language will discourage anyone from approaching you. Adopting a relaxed and open attitude when you are standing or sitting will help you show that you are confident and convey the message that you are ready to engage with the person. To have open body language, follow these tips: stand directly facing her. Keep your arms relaxed, along your body. Avoid crossing your arms or blocking your conversation partner in any way.",2.749128818511963
