uid,generation,generation_time
036_47378,"### Instruction1:
Rester chez soi aidera à prévenir la propagation de l'infection aux autres. De plus, obtenir beaucoup de repos est essentiel pour aider votre corps à combattre l'infection et à récupérer. Pendant que vous êtes infecté, restez à la maison et évitez les activités physiques intenses. Dormez autant que possible. Demandez à votre médecin des conseils sur le moment où vous pourrez reprendre vos activités normales. Il peut recommander d'attendre jusqu'à 14 jours ou même plus longtemps après la disparition de vos symptômes. Si vous ressentez des symptômes tels que des douleurs corporelles, des maux de tête ou de la fièvre, vous pouvez obtenir un soulagement avec des médicaments tels que l'acétaminophène (Tylenol), l'ibuprofène (Motrin, Advil) ou le naproxène (Aleve). Si vous avez plus de 18 ans, vous pouvez également utiliser de l'aspirine comme analgésique et antipyrétique. Ne donnez jamais de l'aspirine aux enfants ou aux adolescents de moins de 18 ans, car cela peut provoquer une affection potentiellement mortelle appelée syndrome de Reye. Suivez toujours les instructions posologiques sur l'étiquette ou celles données par votre médecin ou pharmacien. Avant de prendre tout médicament, informez votre médecin si vous êtes enceinte ou allaitez. Un humidificateur peut aider à apaiser votre gorge, vos poumons et vos voies nasales, ce qui peut atténuer la toux. De plus, cela aide à fluidifier le mucus pour que vos toux soient plus productives. Installez-en un près de votre lit la nuit et partout où vous passez le plus de temps à vous reposer durant la journée. Prendre une douche chaude ou s'asseoir dans la salle de bain avec la douche en marche peut également apporter un soulagement et aider à déloger le mucus dans vos poumons et vos sinus. Il est facile de se déshydrater lorsque l'on est malade. Pendant votre rétablissement du coronavirus, continuez à boire de l'eau, des jus ou d'autres liquides clairs pour lutter contre la déshydratation et fluidifier la congestion. Les liquides chauds, tels que le bouillon, le thé ou de l'eau chaude avec du citron, peuvent être particulièrement apaisants si vous avez une toux ou un mal de gorge. Il est extrêmement important que vous restiez chez vous jusqu'à ce que vous ne soyez plus contagieux afin de ne pas transmettre le virus aux autres. Votre médecin vous dira quand il est acceptable de reprendre vos activités normales. Vérifiez avec votre médecin avant de sortir, même si vous avez l'impression de vous améliorer. Votre médecin peut vous tester à nouveau pour voir si vous avez toujours le coronavirus. Si les tests ne sont pas disponibles, il peut vous permettre de quitter votre domicile après que vous ne montrez plus de symptômes depuis au moins 72 heures. Essayez de ne pas vous inquiéter, mais le COVID-19 peut provoquer des symptômes graves et vous pourriez développer une pneumonie, qui peut mettre votre vie en danger. Obtenez une attention médicale immédiate si vous développez des symptômes graves, tels que : difficulté à respirer ou essoufflement sévère, douleur ou pression persistante dans la poitrine, nouvelle confusion ou incapacité à se réveiller, lèvres ou visage bleus. Cette liste n'est pas exhaustive, alors consultez un professionnel de santé si vous présentez d'autres symptômes graves ou préoccupants.

### Instruction2:
Restez chez vous pour éviter de propager l'infection et reposez-vous pour aider votre corps à récupérer. Évitez les activités intenses et consultez votre médecin pour savoir quand reprendre vos activités. Prenez des médicaments pour soulager les symptômes et utilisez un humidificateur pour apaiser la toux. Hydratez-vous bien et restez à la maison jusqu'à ne plus être contagieux. Obtenez une aide médicale immédiate pour des symptômes graves.",5.975064754486084
036_27711,"### Instruction1:
Un peigne à rasoir est généralement divisé en trois sections. L'extrémité du peigne contient un peigne classique. L'avant du peigne est divisé en deux côtés différents : le côté à petites dents et le côté à larges dents. Le côté à larges dents peut être utilisé pour créer des couches en désordre. Le côté à petites dents est idéal pour éclaircir les cheveux et créer un look plus subtil. Si vous êtes débutant, commencez par utiliser d'abord le côté à petites dents. Une fois que vous vous sentez à l'aise avec ce côté, essayez l'autre côté. Visitez votre magasin de fournitures de beauté local pour acheter un peigne à rasoir et des rasoirs. Les rasoirs sont généralement vendus séparément. Ils sont généralement peu coûteux, mais les rasoirs de meilleure qualité seront plus chers. Utilisez une brosse pour peigner vos cheveux jusqu'à ce qu'ils soient lisses et que tous les nœuds soient éliminés. Cela aidera à produire une coupe plus uniforme. Si vous êtes débutant, il est recommandé de commencer avec des cheveux secs et de vous assurer que vos cheveux sont complètement lisses avant de commencer, par exemple en utilisant un fer à lisser. De cette façon, vous pouvez voir combien de cheveux vous enlevez et si c'est trop ou pas assez. Utilisez des clips ou des élastiques pour diviser vos cheveux en trois sections : une section supérieure, une section intermédiaire et une section inférieure. La section supérieure doit être composée des cheveux du sommet de votre tête jusqu'à la crête pariétale. La section intermédiaire doit être composée des cheveux de vos tempes à votre os occipital. La section inférieure doit être composée des cheveux à la nuque de votre cou. La crête pariétale est l'halo osseux ou la crête le long de la partie supérieure de votre tête. L'os occipital est la proéminence à la base de votre crâne.

### Instruction2:
Un peigne à rasoir a trois sections : une partie classique, un côté à petites dents et un côté à larges dents. Commencez avec le côté à petites dents pour les débutants. Achetez un peigne à rasoir et des rasoirs en magasin. Peignez vos cheveux lisses avant de couper, en les divisant en trois sections. Utilisez des clips pour faciliter la coupe.",3.9701497554779053
036_52903,"### Instruction1:
Tout comme vous appréciez avoir un sommeil ininterrompu, votre chien apprécierait également que vous ne le réveilliez pas. Tout comme les rêves humains, les rêves de votre chien servent à traiter et réorganiser ce qu'il a fait durant la journée. En permettant à votre chien de dormir et de rêver sans interruption, son cerveau sera mieux en mesure de traiter les informations. Une phrase utile à retenir lorsque votre chien rêve est « Laissez les chiens endormis tranquilles ». Vous pourriez avoir besoin de le réveiller s’il semble avoir un mauvais rêve ou un cauchemar (par exemple, des vocalisations de détresse). Dans ce cas, appelez-le doucement par son nom (sans le toucher) pour le réveiller. Quand il est réveillé, parlez-lui d’une voix rassurante pour l'aider à se calmer. Selon ce dont rêve votre chien, il peut être dans un état relativement actif pendant son sommeil. Si vous essayez de le réveiller en le touchant, il peut réagir de manière défensive et essayer de vous griffer ou de vous mordre. À première vue, les mouvements et vocalisations de votre chien pendant un rêve peuvent sembler troublants, et vous pourriez vous demander s'il fait une crise. Reconnaître ce à quoi ressemble une crise vous aidera à déterminer si votre chien en fait une ou s’il a simplement un rêve très actif. Par exemple, si votre chien a une crise, son corps deviendra rigide et il peut commencer à trembler fortement ou avoir une activité musculaire violente. Pendant une crise, votre chien peut commencer à haleter excessivement et pourrait vomir, uriner ou déféquer. Si votre chien a une crise, ses yeux peuvent être grands ouverts mais avec un regard vide. Il pourrait également commencer à avoir des vocalisations fortes et involontaires (gémissements, hurlements, cris). Ces vocalisations peuvent être très perturbantes pour vous, mais ne sont pas des signes de douleur et de détresse. Contrairement à un rêve, votre chien perdra probablement connaissance s’il a une crise. De ce fait, il ne répondra pas à vous si vous appelez son nom. Si votre chien a eu une crise, il sera très désorienté et confus après avoir repris conscience. C'est différent d'un rêve, dont votre chien se réveillera sans se sentir désorienté. Si votre chien a une crise, restez calme et éloignez-vous de sa tête et de sa bouche. Éloignez tout objet, comme des meubles, sur lequel il pourrait se blesser. Même s’il peut être inconscient, parlez-lui d’une voix apaisante jusqu'à ce que la crise se termine. Quand la crise se termine, rafraîchissez-le avec un ventilateur et appelez votre vétérinaire. Les crises nécessitent une attention médicale immédiate.

### Instruction2:
Les chiens ont besoin de sommeil ininterrompu pour traiter leurs expériences. Réveillez-les uniquement s'ils semblent avoir un mauvais rêve, en les appelant doucement. Reconnaître les signes d'une crise est crucial, car ils nécessitent une attention médicale. Maintenez votre calme et éloignez les objets dangereux si cela se produit.",5.220967769622803
036_7381,"### Instruction1:
L'expression de sentiments forts et négatifs aide rarement une relation. Si vous êtes souvent frustré ou en colère contre une personne en particulier, une discussion calme est beaucoup plus susceptible d'être productive. Éloignez-vous jusqu'à ce que vous vous soyez calmé. Commencez votre discussion en parlant d'un seul problème, comme une action spécifique ou un comportement répété qui vous frustre. Essayez de rester concentré sur ce sujet jusqu'à ce que vous l'ayez sérieusement discuté. Parler des causes sous-jacentes possibles ou d'actions liées est permis, mais essayez d'éviter de transformer la discussion en une liste de choses qui vous irritent. Essayez de vous mettre d'accord avec l’autre personne dès le départ pour rester concentré sur le problème en cours. Permettez à l'autre personne de s'exprimer sans interruption et d'être entendue. Essayez d'écouter attentivement l'autre personne, puis décidez comment répondre plutôt que de répondre impulsivement. Si cela vous semble difficile, essayez de répéter silencieusement les mots de l'autre personne pour rester concentré, et gardez votre visage et votre corps orientés vers elle. Par exemple, si vous avez une dispute dans une relation, faites en sorte de ne pas interrompre la personne. Laissez-la terminer son propos avant de répondre et réfléchissez à votre réponse plutôt que de réagir par instinct. Cela démontrera que vous comprenez ce que l'autre personne a dit, donnera à l'autre une chance de considérer ce qu'il ou elle a dit, et clarifiera certaines ambiguïtés dans la discussion. Cela peut être une étape très difficile car écouter réellement l'autre personne—au lieu de penser à ce que vous allez dire ensuite—peut être compliqué. Par exemple, si un ami dit que vous ne prenez jamais de temps pour elle, répétez-le et demandez : « Penses-tu vraiment que je ne prends jamais de temps pour toi ? » Cela peut permettre à l'ami d'entendre la plainte comme vous l'avez fait. Ayez une discussion honnête sur vos sentiments et ce que vous voulez changer, et demandez à l'autre personne des opinions honnêtes également. Évitez de faire des insultes ou des commentaires blessants. Utilisez des phrases qui commencent par ""Je"" pour parler de vos sentiments, et évitez les phrases avec ""vous"", qui peuvent souvent sembler accusatoires. Évitez les comportements passifs-agressifs, comme cacher vos véritables émotions ou insulter quelqu'un dans son dos. Évitez le sarcasme ou les insultes pendant cette discussion, même en plaisantant. Ce sont des mots comme 'toujours', 'quiconque', 'personne' et 'jamais'. Ces mots incitent la personne à se défendre en invalidant vos déclarations inapplicables, et entraînent un échec mutuel. Par exemple, ne dites pas : « Tu ne sors jamais les poubelles ! » Essayez plutôt : « Tu sors les poubelles moins souvent que nous ne l'avions convenu. » Essayez d'atteindre un compromis qui vous satisfait tous les deux. Écrire une liste d'idées ensemble peut parfois aider. Vous n'avez pas besoin de trouver une réponse parfaite lors de la première discussion non plus. Si nécessaire, précisez que la solution que vous décidez est temporaire, et fixez un moment pour en discuter dans quelques semaines afin de voir si cela fonctionne. Si vous êtes frustré que l'ami n'ait pas remboursé une dette, par exemple, voyez si vous pouvez trouver un compromis avec un plan de paiement plutôt que d'être simplement frustré de ne pas pouvoir récupérer tout l'argent d'un coup. Remerciez l'autre personne lorsqu'elle fait un effort pour changer son comportement. Même de petits changements—plus petits que vous ne le souhaiteriez—peuvent entraîner plus de changements si vous encouragez simplement la personne. En utilisant le même exemple de frustration concernant un ami qui vous doit de l'argent, dites à l'ami combien cela compte pour vous qu'il ait accepté un plan de paiement ou même qu'il ait accepté de s'asseoir et d'en reparler quand il pourra peut-être entrer dans un accord de paiement. En validant l'effort de l'ami, vous êtes plus susceptible de voir une coopération future.

### Instruction2:
Discutez calmement des problèmes relationnels sans exprimer de colère. Écoutez attentivement l’autre personne, concentrez-vous sur un seul sujet et évitez les accusations. Cherchez un compromis et remerciez l’autre pour ses efforts de changement.",8.02120327949524
036_47135,"### Instruction1:
La plupart des outils de marquage disposent d'une roue de coupe en carbure à l'extrémité, qui raye le verre, et elle est attachée à une sorte de poignée. Ces outils sont parfois appelés coupeurs à roues. Les roues viennent dans différents diamètres, les plus petites étant les meilleures pour le travail de détail. Les coupeurs à roues sont relativement peu coûteux, il vaut donc la peine d’en obtenir un de meilleure qualité. Recherchez des outils de marquage qui ont un design robuste et une vraie roue en carbure. Les outils moins chers peuvent coûter aussi peu que cinq dollars. Ceux de meilleure qualité se rapprochent généralement de vingt dollars. Vous pouvez obtenir des outils de marquage en verre dans des magasins de loisirs créatifs et des quincailleries. Les quincailleries portent généralement les modèles plus chers et plus robustes. Certains outils de marquage sont conçus pour marquer des lignes droites et d'autres pour marquer des lignes courbes. Sélectionnez votre outil en fonction du design que vous avez en tête pour votre miroir. Les différentes formes de poignées offrent une variété de prises. Choisissez celle qui est la plus confortable pour vous. Si vous avez un très petit travail à faire, recherchez un coupeur à roue en acier. Ils fonctionnent aussi bien que les roues en carbure et sont même moins chers. Si vous envisagez de couper beaucoup de miroirs, investissez dans le coupeur de miroir auto-huilant. Il peut durer plus longtemps que d'autres coupeurs et est généralement plus facile à utiliser. Pour faire une rupture propre, vos mesures et lignes de coupe doivent être aussi précises que possible. Utilisez un bord droit pour marquer vos lignes de coupe sur la surface du miroir. Marquez la ligne de coupe avec un marqueur ou une craie blanche. La ligne de coupe sera votre guide pour que vous puissiez faire passer l’outil de marquage dessus en un seul mouvement continu. Les lignes de rupture les plus propres seront créées lorsque vous marquerez d'un mouvement continu de l'outil. Marquez toujours vos lignes de score en commençant à un bord du verre et en finissant à l'autre. Placez votre miroir sur une surface dure et plane qui est exempte de débris. Tenez l'outil de marquage verticalement dans votre main et alignez la roue au début de votre première ligne de coupe. Placez le bord droit juste à côté de la ligne pour que vous puissiez marquer juste à côté. Cela vous donnera les résultats les plus droits et les plus précis. Vous pouvez faire passer l’outil de marquage le long de la ligne vers vous ou à l'opposé. Essayez les deux façons pour découvrir celle avec laquelle vous vous sentez le plus à l'aise. Si vous craignez que votre bord droit ne bouge pendant que vous marquez, essayez d'utiliser un simple serre-joint pour le maintenir fermement en place. Avec la plupart des miroirs, vous devriez entendre un bruit de grincement si vous le faites correctement. Si vous n'entendez pas ce bruit, vous n'appuyez pas assez fort. Si vous appuyez trop fort, vous remarquerez de petits éclats se rassembler autour de la marque. Ceux-ci peuvent se glisser sous votre roue et endommager ou émousser votre coupeur, donc balayez-les immédiatement si vous les voyez. Essayez d'appliquer une pression égale pendant toute la durée du marquage. Évitez de soulever votre outil pendant le processus afin de pouvoir marquer la ligne en un seul mouvement continu. Continuez à marquer le miroir jusqu'à ce que vous ayez complètement délimité votre design prévu. Arrêtez tous les deux marquages environ pour balayer les éclats de verre qui se sont accumulés sur la surface du miroir et sur votre surface de travail. Laisser des éclats de verre pendant que vous marquez peut interrompre la précision de vos lignes de coupe et endommager la roue en carbure de votre outil de marquage. Pour de meilleurs résultats, essayez de garder votre espace de travail aussi exempt de débris que possible tout au long du processus.

### Instruction2:
Les outils de marquage en verre, appelés coupeurs à roues, sont utilisés pour rayer le verre et viennent dans différentes tailles et conceptions. Il est conseillé d'acheter des outils de meilleure qualité, surtout pour des projets plus importants. Pour des coupes précises, marquez les lignes de coupe avec un bord droit et assurez-vous d'appliquer une pression uniforme tout en évitant de soulever l'outil. Gardez votre espace de travail propre pour des résultats optimaux.",7.89105224609375
036_56772,"### Instruction1:
Si vous n'êtes pas heureuse avec qui vous êtes, cela se remarquera de loin. Les hommes sont le plus attirés par les femmes qui semblent s'amuser avec qui elles sont, et non par celles qui recherchent désespérément quelqu'un pour combler un vide dans leur vie. Voici quelques conseils pour améliorer votre confiance en vous : Dites-vous à quel point vous êtes géniale ! Rappelez-vous vos meilleures qualités et compétences, et soyez fière de ce qui vous rend unique. Gardez un journal où vous pouvez souligner certaines de vos forces pour vous sentir digne de l'attention d'un homme. Gardez toujours une attitude positive ! Fixez-vous cet objectif ! Rappelez-vous que vous êtes belle à l'intérieur et à l'extérieur. Bien que nous ne soyons tous pas parfaits, avant de sortir, il est important de se regarder dans le miroir et de se rappeler ses meilleures caractéristiques, que ce soit votre sourire éclatant, vos dents parfaites ou vos jambes interminables. Si vous vous concentrez sur les aspects positifs de votre apparence, les hommes les verront aussi. Si vous avez les dents de travers ou des jambes poilues, peu importe ! Soyez vous-même et n'ayez pas peur de montrer ce sourire imparfait ou vos belles jambes poilues ! NE JAMAIS avoir honte de vous-même ! Soyez confiante lorsque vous rencontrez de nouvelles personnes. Interagir avec de nouvelles personnes peut être intimidant, mais si vous êtes alerte, prête à tout et que vous ne portez pas de jugement, les gens voudront vous connaître. Un homme sera plus attiré par une femme entourée d'amis que par une qui semble triste et seule. Il voudra faire partie de votre énergie positive. Continuez à vous améliorer. Avoir confiance en soi est une chose, être égocentrique ou aveugle à ses défauts en est une autre. En vous concentrant sur vos bonnes qualités, travaillez à améliorer ce qui peut l'être. Considérez toutes les critiques constructives avant de les rejeter. Un homme est attiré par une femme qui se sent à l'aise avec son passé, son présent et son avenir. Il veut quelqu'un qui est à l'aise avec ses désirs, ses limites et ses aspirations. Développer votre propre identité avant de rencontrer un homme garantira que vous ne changerez pas complètement qui vous êtes pour lui, ou que vous ne suivrez pas son exemple trop souvent. Savoir qui vous êtes avant de rencontrer un homme rendra également la conversation avec lui dix fois plus facile, et vous aidera à l'attirer. Les hommes veulent des femmes qui semblent bien se débrouiller sans eux. Trouvez-vous et réfléchissez vraiment à cela ! Ne me comparez pas ! Beaucoup de gens tombent dans un cycle de comparaison avec les personnes qui les entourent au lieu de leurs propres standards. Si vous aimez votre tenue en quittant la maison, vous devriez toujours l'aimer en rentrant chez vous. Ne laissez pas les autres ou vos perceptions des autres influencer la façon dont vous vous sentez. La clé pour se sentir bien dans sa peau est d'avoir un espace pour être soi-même et être aimé pour cela. Les amis, la famille et d'autres interactions personnelles sont nécessaires pour que vous vous sentiez aimée et digne d'amour. Assurez-vous que vos connexions personnelles sont bénéfiques pour votre état émotionnel. Les relations toxiques et néfastes, passées et présentes, peuvent affecter la façon dont vous vous sentez et comment vous vous comportez. Trouvez des amis qui se concentrent sur vos qualités positives, offrent des conseils utiles et sont honnêtes sur qui vous êtes et qui vous pouvez être. Entretenez une relation chaleureuse avec les membres de votre famille. Prendre le temps de parler aux personnes qui vous connaissent depuis le plus longtemps peut vous rappeler vos racines et combien vous avez grandi.

### Instruction2:
Soyez confiante et amusez-vous avec qui vous êtes. Mettez en avant vos qualités et améliorez-vous. Évitez de vous comparer aux autres et cultivez des relations positives pour vous sentir aimée et digne d'amour.",6.5922300815582275
036_48261,"### Instruction1:
Un cadeau fait main lui montre que vous tenez à elle et que vous êtes prêt à consacrer du temps et des efforts à faire quelque chose que vous n'êtes peut-être pas très doué. Vous trouverez de nombreuses idées en ligne pour des cadeaux que vous pouvez fabriquer vous-même. Essayez de parcourir la catégorie artisanat de wikiHow ou de consulter Pinterest pour trouver de l'inspiration. Sinon, vous pouvez essayer : 

Fabriquer un collier pour elle. Faites-lui un collier en utilisant une coquille de votre voyage à la plage ou trouvez un autre pendentif qui vous rappelle des moments heureux que vous avez passés ensemble. 

Créer un journal personnalisé. Utilisez des tickets de concert, des reçus et d'autres objets provenant de vos rendez-vous et d'autres activités que vous avez partagées, et avec une colle plate comme Modge Podge, attachez-les à la couverture d'un journal. Si vous pensez qu'elle n'utiliserait pas un journal, vous pouvez également acheter une boîte à souvenirs simple dans un magasin d'artisanat et la décorer à la place. 

Fabriquer un CD de mix. Pour ceux qui n'ont absolument aucune compétence en matière d'artisanat, vous pouvez lui faire un CD de mix qui retrace votre expérience de la relation à travers des chansons. Même si vous ne possédez pas le talent de Michael Jackson, lui chanter une chanson d'amour qui a une signification pour vous (ou pour vous deux) lui fera certainement plaisir. Si vous êtes un bon chanteur, cela fera appel à tous ses rêves d'enfance de princesse Disney. Si vous êtes un chanteur moyen à mauvais, cela montrera que vous vous fichez de l'apparence, vous voulez simplement lui montrer à quel point elle compte pour vous. C'est un gagnant-gagnant. Essayez de lui chanter ""Unchained Melody"". C'est une chanson facile et assez accessible même pour les chanteurs les moins talentueux.

Pour un membre de la famille qui compte beaucoup pour elle. Que ce soit sa grand-mère solitaire ou sa sœur préférée, faire un effort pour rendre quelqu'un qui est très important pour elle heureux lui fera vraiment plaisir. Vous pouvez essayer de préparer un bon repas avec sa grand-mère ou d'aider son père à nettoyer le jardin, par exemple. 

Écrivez de petits messages d'amour sur des Post-It et laissez-les partout, en les cachant où elle va fréquemment. Vous pouvez même les cacher dans des endroits où elle ne les trouvera peut-être pas pendant un certain temps. Vous pouvez mettre les messages dans ses tiroirs, livres, sac à main, sur son téléphone, dans les placards de la cuisine, sous son oreiller, et dans tout autre endroit que vous pouvez imaginer. Écrivez des choses comme ""J'aime t'embrasser le front quand tu rentres à la maison"", ""Mon moment préféré de la journée est de me réveiller à tes côtés"", ""Être ton chevalier en armure brillante est mon plus grand honneur"".

Offrez-lui un traitement de spa. Certains garçons donnent des massages au dos à leurs petites amies (ce qui est charmant, ne vous méprenez pas), mais vous allez aller plus loin, car elle le mérite. Procurez-vous des huiles de massage et chauffez-les en plaçant le contenant dans un bol d'eau chaude. Ensuite, mettez de la musique apaisante, allumez des bougies (assurez-vous de les éloigner des huiles !), et offrez-lui un massage complet. Si vous ne savez pas comment donner un bon massage, pas de problème : wikiHow est là pour vous aider. Vous pouvez essayer MyNoise pour de superbes sons de spa.

Lorsqu'elle traverse une période difficile, comme si quelque chose a mal tourné au travail ou qu'elle a perdu quelqu'un d'important pour elle, commencez par prendre toute la pression. Faites toutes les corvées, cuisinez et autres activités stressantes pendant un jour ou deux jusqu'à ce qu'elle puisse se ressourcer. Si vous voulez être super adorable, quand vous êtes malade, éternuez sur elle. Je sais, cela semble dégoûtant. Cependant, lorsqu'elle tombe malade, ce serait un bon moment pour lui offrir un traitement de spa. Elle trouvera cela adorable. En même temps, faites ce que vous pouvez pour l'aider à voir qu'il y a aussi de bonnes choses dans la vie. Vous ne voulez pas diminuer la situation en essayant de plaisanter ou de la distraire, mais vous devriez lui offrir l'option au cas où elle le voudrait. Par exemple, faites-lui un coupon pour un rendez-vous cinéma gratuit avec vous.

Demandez-lui de vous lancer un défi pour prouver à quel point vous l'aimez. Qu'elle vous défie de courir 5 tours du parc ou de faire 50 pompes. Elle pourrait même saisir l'occasion pour vous demander de résoudre quelque chose qui la dérange vraiment, comme arrêter de fumer. Relever les petits défis fera sourire son visage et la séduira, mais relever les grands défis prouvera vraiment à quel point vous vous souciez d'elle. Soyez juste conscient qu'une fois qu'elle vous lance le défi, vous devrez vous y tenir !

C'est amusant pour elle de sortir avec ses amies, mais parfois cela peut être encore plus spécial si elle peut faire ces mêmes activités avec celui qu'elle aime ! Regardez ces films girly qui la rendent si heureuse, allez ensemble vous faire faire des pédicures, et mangez un pot de glace pendant qu'elle se confie sur sa meilleure amie. Elle sera impressionnée que vous soyez prêt à mettre de côté les normes pour passer un bon moment avec elle.

### Instruction2:
Faire un cadeau fait main montre votre attention et votre investissement dans la relation. Proposez des activités personnalisées comme des bijoux, un journal, ou un CD de mix. Écrivez des messages d'amour pour lui rappeler vos sentiments. Offrez-lui des moments de détente, comme un massage, et soutenez-la dans les moments difficiles. Soyez prêt à relever des défis ensemble pour prouver votre amour. Passez du temps ensemble à faire des activités qu'elle aime pour renforcer votre lien.",9.883840560913086
036_57331,"### Instruction1:
Si vous avez testé vos poules et déterminé le type de vers par vous-même, choisissez un médicament approprié. Si vous êtes allé chez un vétérinaire, il peut vous indiquer le type de vers que vos poules ont et le meilleur médicament pour un traitement efficace. Sinon, la plupart des médicaments peuvent être achetés dans les pharmacies et chez les fournisseurs en ligne. Quoi qu'il en soit, assurez-vous de suivre les instructions du fabricant. Wazine-17 (Pipérazine) est utilisé pour traiter les vers ronds. Cependant, il n'est pas approuvé pour les poules pondeuses destinées à la consommation humaine. Safe-guard (fenbendazole) est utilisé pour les vers ronds, les vers cécaux, les vers filaires et les vers du cou. L'ivermectine est utilisée pour les vers ronds, les vers filaires et les vers du cou. L'albendazole est efficace contre les ténias, les vers capillaires, les vers ronds, les vers du cou et les vers cécaux. Les médicaments sont généralement soit versés dans l'eau de boisson, soit injectés. Après la première administration, donnez-le à vos poules à nouveau dans les 7 à 14 jours ou selon les instructions du produit. Nettoyez toujours la litière dans le parcours et le poulailler après la deuxième administration. Administrez des produits de vermifugation 2 fois par an pour des poules en bonne santé. Réadministrez le médicament toutes les 3 semaines si les vers réapparaissent. L'utilisation du même médicament peut entraîner une résistance aux médicaments chez vos poules et diminuer leur efficacité. Pour cette raison, vous devez alterner 2 ou 3 médicaments dans votre programme de vermifuge. Par exemple, utilisez le médicament A à l'automne, le médicament B au printemps, et le médicament C à l'automne ou au printemps suivant. Administrez le médicament pendant l'automne et le printemps.

### Instruction2:
Pour traiter les vers chez les poules, choisissez un médicament approprié basé sur des tests effectués ou des conseils vétérinaires. Suivez les instructions du fabricant et administrez les traitements deux fois par an, en alternant les médicaments pour éviter la résistance. Nettoyez régulièrement l'environnement des poules pour maintenir leur santé.",5.0165839195251465
036_14830,"### Instruction1:
Tout ce qui touche à la viande salée doit être en porcelaine, en acier inoxydable ou en verre.

### Instruction2:
Les matériaux en contact avec la viande salée doivent être de la porcelaine, de l'acier inoxydable ou du verre.",1.2226269245147705
036_9718,"### Instruction1:
Pour ce gel douche, vous aurez besoin de ½ tasse (112,50 millilitres) de lait de coco, ½ tasse (112,50 millilitres) de savon liquide de Castille sans parfum, ⅓ tasse (75 millilitres) de miel brut et de 7 gouttes d'huile essentielle. Vous aurez également besoin d'un récipient avec un couvercle hermétique, comme une bouteille, un bocal Mason ou même un ancien flacon de gel douche. Ouvrez votre récipient et versez tout à l'intérieur. Si vous utilisez un récipient avec un petit goulot, comme une bouteille ou un ancien flacon de gel douche, vous pouvez placer un entonnoir sur l'ouverture avant de tout verser. L'entonnoir aidera à guider tous vos ingrédients dans le récipient et à éviter les débordements. Vous pouvez utiliser n'importe quelle huile essentielle que vous aimez. L'huile essentielle de lavande se marie particulièrement bien avec la noix de coco et le miel. Pour une odeur encore plus sucrée, envisagez d'utiliser de l'huile essentielle de vanille. Faites cela pendant quelques minutes jusqu'à ce que tout soit bien mélangé. Vous pouvez laisser la bouteille ou le bocal simple, ou vous pouvez le décorer avec des étiquettes, de la ficelle et d'autres décorations. Étant donné que ce gel douche est périssable, il n'est pas conseillé de le distribuer comme cadeaux de fête. Voici quelques idées de décoration : imprimez une étiquette et collez-la sur la bouteille ou le bocal. Attachez un morceau de ficelle ou de ruban autour du couvercle du bocal. Collez des pierres précieuses sur la bouteille ou le bocal. Décorez le bouchon ou le couvercle. Vous pouvez le faire en peignant le couvercle du bocal avec de la peinture acrylique. Vous pouvez également décorer votre couvercle ou bouchon en collant des strass et des boutons fantaisie dessus. Vous pouvez utiliser cela comme n'importe quel gel douche acheté en magasin. Étant donné que les ingrédients que vous avez utilisés dans ce gel douche sont périssables, vous devrez l'utiliser dans les deux semaines ou le conserver au réfrigérateur. Vous devrez secouer le récipient chaque fois avant de l'utiliser, car les ingrédients vont se déposer.

### Instruction2:
Pour faire ce gel douche, mélangez du lait de coco, du savon de Castille, du miel et des huiles essentielles dans un récipient hermétique. Vous pouvez décorer le récipient à votre goût, mais il est périssable, donc à utiliser rapidement ou à conserver au réfrigérateur. Secouez avant chaque utilisation.",4.3946473598480225
036_12490,"### Instruction1:
Bien qu'un sérum de vitamine C de base puisse durer jusqu'à deux semaines, vous devriez préparer un nouveau lot de sérum hydratant à la vitamine C tous les trois jours. Si vous souhaitez que le sérum dure plus longtemps, vous pouvez le conserver au réfrigérateur pendant une semaine. Même si le sérum sera quelque peu protégé de la lumière dans une bouteille en verre foncé, vous pouvez également envelopper la bouteille dans du papier d'aluminium pour vous assurer qu'aucune lumière ne parvienne au sérum. Avant d'utiliser le sérum pour la première fois, vous pouvez vouloir le tester sur une petite zone de votre peau pour vous assurer qu'il n'est pas trop acide. Appliquez une petite quantité à l'intérieur de votre poignet et attendez quelques heures pour voir si vous avez une réaction. N'utilisez pas le sérum si vous remarquez une rougeur ou une éruption cutanée après l'avoir utilisé. Si vous ressentez une brûlure ou un picotement, vous pouvez vouloir ajouter un peu plus d'eau au sérum pour réduire l'acidité. Utilisez votre sérum de vitamine C deux fois par jour après avoir lavé votre visage et hydraté. Si vous avez utilisé de l'huile pour préparer votre sérum, celui-ci peut remplacer votre hydratant habituel. Si vous remarquez des picotements, des brûlures, des rougeurs ou toute autre réaction au sérum, lavez-le immédiatement et ne l'utilisez plus.

### Instruction2:
Préparez un sérum de vitamine C frais tous les trois jours. Testez-le sur votre peau avant de l'utiliser. Appliquez-le deux fois par jour après le nettoyage et l'hydratation, et soyez vigilant face aux réactions cutanées.",3.0496585369110107
036_30318,"### Instruction1:
Commencez par tenir les baguettes de sourcier ou de divination de manière stable et droite dans vos mains, à une longueur de bras de votre corps. Assurez-vous que les extrémités des baguettes ne sont pas inclinées vers le haut ou vers le bas. Vous devez également vous assurer que les baguettes sont à 22,9 cm l'une de l'autre. Si vous utilisez une baguette en forme de ""Y"", la baguette doit être pointée vers le haut à un angle de 45 degrés. Cela garantira que vous pourrez obtenir une bonne lecture de la zone. Souvent, les sourciers sont appelés à localiser de l'eau dans une certaine zone, comme une communauté rurale ou suburbaine. Vous devez tenir les baguettes correctement et marcher lentement d'avant en arrière sur la zone que vous testez pour l'eau. Assurez-vous de tenir les baguettes légèrement mais avec une certaine prise pour qu'elles ne roulent pas ou ne se déplacent pas dans vos mains pendant que vous marchez. Une fois que les baguettes détectent de l'eau, l'extrémité de la baguette doit tourner ou être tirée vers le bas. Les baguettes peuvent également se croiser lorsque vous vous tenez à un certain endroit dans la zone, indiquant qu'il pourrait y avoir de l'eau sous la surface. Il peut également être utile de visualiser l'eau sous la terre en marchant sur la zone avec les baguettes. Vous pouvez imaginer un ruisseau ou un plan d'eau dans votre esprit pendant que vous tenez les baguettes pour aider à informer les baguettes de ce que vous recherchez.

### Instruction2:
Tenez les baguettes de sourcier correctement et marchez lentement sur la zone à tester pour détecter de l'eau. Visualisez l'eau sous terre pour obtenir de meilleurs résultats.",3.057696580886841
036_38212,"### Instruction1:
Tout d'abord, retirez toutes les étiquettes ou les prix. Lavez les bocaux soigneusement avec du savon et de l'eau, puis séchez-les avec un linge. Par précaution supplémentaire, il serait judicieux de les essuyer également avec de l'alcool à friction. L'avantage de cette méthode est que vous pouvez remplir les bocaux d'eau, puis ajouter des fleurs fraîches. L'inconvénient de cette méthode est que vous pourriez avoir des coups de pinceau visibles. Appliquez la première couche, laissez sécher, puis appliquez la deuxième couche. Il devrait falloir environ 20 minutes pour que la première couche sèche. Vous pouvez faire cela avec un pinceau ou un pinceau en mousse. Une fois que le bocal est sec, vous pouvez le retourner et appliquer deux couches de la même peinture sur le fond. Travaillez systématiquement de haut en bas. Faites vos couches légères pour réduire les coups de pinceau. Vous pouvez toujours en ajouter une troisième. Glissez votre main à l'intérieur du bocal pour le tourner. De cette façon, vous ne salirez pas vos doigts ni ne laisserez d'empreintes digitales sur la peinture. Certains types de peinture acrylique pour artisanat sont en fait à base d'émail, ce qui signifie qu'ils nécessitent du temps pour durcir. Dans la plupart des cas, vous devrez attendre 20 jours. Vérifiez l'étiquette pour en être sûr. Vous pouvez déterminer si la peinture est à base d'émail en regardant l'étiquette ou les instructions de séchage au dos. Si les instructions disent que la peinture doit durcir pendant plusieurs jours, c'est à base d'émail. Si vous utilisez de la peinture acrylique pour artisanat ordinaire, laissez-la sécher simplement pendant la nuit. Polissez légèrement le filetage le long du haut du bocal avec du papier de verre de 120 grains. Utilisez le même papier de verre sur le fond du bocal. Polissez les zones surélevées en utilisant du papier de verre de 100 grains. Si votre bocal en verre a un design surélevé, tel que le mot ""Ball"", vous pouvez le poncer avec une lime à ongles. La finition que vous utilisez dépend de vous. Utilisez un scellant brillant pour une finition brillante. Si vous avez vieilli le bocal, un scellant satiné ou mat serait préférable. Un scellant en spray vous donnera la plus belle finition, mais vous pouvez également utiliser celui à peindre. Comme vous n'avez peint que l'extérieur du bocal, vous pouvez l'utiliser comme vase pour des fleurs fraîches. Si le bocal se salit à l'extérieur, essuyez-le avec un chiffon humide. Ne frottez jamais le bocal et ne le laissez pas tremper dans l'eau, sinon la peinture s'enlèvera.

### Instruction2:
Pour préparer un bocal comme vase, retirez les étiquettes, lavez-le soigneusement et appliquez de la peinture en couches légères. Assurez-vous que la peinture sèche correctement, en vérifiant si elle est à base d'émail ou acrylique. Une fois terminé, utilisez-le pour des fleurs fraîches et nettoyez l'extérieur avec un chiffon humide si nécessaire.",5.068896293640137
036_53161,"### Instruction1:
Les lentes sont couvertes d'une substance collante qui les fixe aux follicules pileux humains. Il a été découvert que le vinaigre contient des produits chimiques qui dissolvent cette substance, empêchant ainsi les lentes de maintenir leur prise sur les cheveux humains.  En vous agenouillant devant une baignoire, placez votre tête sous le robinet. Ouvrez l'eau chaude et mouillez bien vos cheveux. Ensuite, éteignez l'eau et, tout en étant encore agenouillé, versez une grande quantité de vinaigre sur votre tête. Assurez-vous que toutes les mèches soient enrobées de liquide. Ensuite, rincez vos cheveux à l'eau chaude. Alternativement, remplissez un évier avec des parts égales d'eau et de vinaigre. Immerger complètement vos cheveux dans l'évier, que ce soit en penchant votre tête en avant ou en arrière dans la solution. Démêlez avec un après-shampoing sans rinçage et une brosse normale. Essayez de bien démêler vos cheveux afin que le peignage avec un peigne à lentes soit facile et indolore. Si vous êtes celui qui est affecté par les poux, vous aurez besoin de l'aide d'une autre personne. Ils auront besoin d'un peigne à lentes en métal — un peigne à dents fines et rigide qui est meilleur pour enlever les lentes qu'un peigne en plastique. Vous devriez pouvoir acheter un peigne à lentes dans la plupart des pharmacies pour moins de 10 $. Ils peuvent utiliser une loupe si possible pour rechercher les lentes difficiles à voir. Un grand nombre de lentes pourrait avoir été rincé de vos cheveux durant l'application de vinaigre. Cependant, il y aura probablement encore des œufs accrochés aux mèches humides. En travaillant avec une petite section de cheveux à la fois — d'environ la largeur du peigne à lentes — votre aide devrait soigneusement peigner l'ensemble de votre tête. Une fois que le peigne a traversé une section de cheveux, il doit être nettoyé dans un bol peu profond rempli d'eau et de savon à vaisselle. Ensuite, essuyez-le avec un mouchoir ou une serviette en papier, en vous assurant d'éliminer tous les poux ou lentes qui se seraient accrochés au peigne. Une fois que votre aide a terminé une partie particulière des cheveux, il devrait l'épingler à plat sur le côté de votre tête pour minimiser le risque de réinfestation. Vous voudrez peut-être laver vos cheveux une fois de plus après un peignage complet. Même si toutes les lentes et poux vivants ont été enlevés à ce stade, un dernier lavage peut vous aider à vous sentir plus propre. Envisagez d'utiliser à nouveau le shampoing contre les poux pour assurer l'élimination complète de toutes les lentes vivantes et de leurs œufs. Une fois que vos cheveux sont secs, examinez-les attentivement pour détecter des signes de poux ou de lentes. Si vous en voyez, recommencez le processus d'élimination depuis le début. Mettez le bol à lentes savonneux dans le lave-vaisselle ou laissez-le plein d'eau juste bouillante pendant 10 minutes avec un couvercle dessus. Vous pouvez également plonger les brosses à cheveux, les pinces à cheveux, etc., dans un contenant avec de l'eau juste bouillante, ainsi que le peigne à poux, mais essayez d'enlever tous les cheveux et œufs d'abord. La chaleur à plus de 129°F (54 °C) tuera les poux et les lentes après cinq à dix minutes. Alternativement, combinez deux tasses d'eau juste bouillante avec une tasse d'ammoniaque. Faites tremper le peigne à lentes dans l'eau d'ammoniaque pendant 15 minutes, puis nettoyez le peigne avec une vieille brosse à dents. Chaque membre de la famille devrait avoir son propre peigne.

### Instruction2:
Pour éliminer les lentes des cheveux, utilisez du vinaigre pour dissoudre leur adhésif. Rincez les cheveux avec de l'eau chaude, puis peignez-les avec un peigne à lentes en métal, en nettoyant le peigne après chaque section. Lavez vos cheveux à nouveau et vérifiez qu'il ne reste pas de poux. Chaque membre de la famille doit avoir son propre peigne.",6.617521286010742
036_23877,"### Instruction1:
Vous pouvez entrer les commandes pour tester la latence du réseau et d'Internet directement dans l'invite de commande. Cliquez sur Démarrer, sélectionnez Exécuter. Tapez cmd et appuyez sur OK. Cela ouvrira la fenêtre de l'invite de commande où vous pouvez simplement taper les commandes de test pour les exécuter. Vous pouvez également rechercher cmd.exe dans la recherche Windows. Le test de boucle de Ping vérifiera la connexion de votre ordinateur pour s'assurer qu'il n'y a pas de problèmes matériels locaux causant des problèmes de latence réseau ou Internet. Tapez ""Ping 127.0.0.1 -n 20"". Cette adresse IP est la même pour presque toutes les connexions réseau intégrées, l'extension ""-n 20"" enverra 20 paquets de données avant de terminer le test. Si vous oubliez de taper ""-n 20"", vous pouvez annuler le test en entrant Ctrl+C. Consultez les statistiques. Le temps qu'il a fallu au paquet de données pour voyager localement devrait être inférieur à 5 ms et il ne devrait y avoir aucune perte de paquets. Maintenant que vous avez vérifié que votre port local fonctionne, vous pouvez Pinguer des serveurs distants pour tester la latence. Encore une fois, la latence normale varie selon le type de connexion : 5 à 40 ms pour le modem câble, 10 à 70 ms pour l'ADSL, 100 à 220 ms pour le commutateur et 200 à 600 pour le cellulaire. La distance au serveur distant ajoute également à la latence, vous pouvez estimer une latence supplémentaire de 1 ms pour chaque 60 miles (100 km) que les données parcourent. Tapez ""Ping"" suivi de l'adresse IP ou de l'URL du site que vous souhaitez pinguer et appuyez sur Entrée. Vous voudrez peut-être commencer par l'URL de votre fournisseur de services Internet et passer à d'autres sites que vous accédez fréquemment. Consultez le rapport. Au fur et à mesure que le test pingue l'adresse distante, il rapportera les résultats, le dernier nombre après ""time = "" est le temps qu'il a fallu, en millisecondes, pour que le paquet aille au site distant et revienne à votre ordinateur. Note: l'extension ""-n 20"" fonctionne avec cette commande, tout comme ""Ctrl+C"" si vous oubliez de la saisir. Le test de traceroute montrera le chemin que les données empruntent depuis votre ordinateur vers le serveur distant et tout retard sur ce chemin. Cela peut être utile pour déterminer la source des retards réseau ou Internet. Tapez ""tracert"" suivi de l'adresse IP ou de l'URL du site que vous souhaitez router et appuyez sur Entrée. Consultez les résultats. Au fur et à mesure que le test trace le chemin, il affichera chaque adresse en cours de route et le temps qu'il a fallu pour qu'un paquet de données voyage et accuse réception pour chaque ""saut"" le long du chemin. Plus il y a de ""sauts"" ou d'autres appareils que le paquet de données doit traverser, plus vous ressentirez de retard.

### Instruction2:
Vous pouvez tester la latence de votre réseau en utilisant des commandes dans l'invite de commande. Commencez par un test de boucle Ping pour vérifier votre connexion locale, puis Pinguez des serveurs distants pour mesurer la latence. Utilisez la commande Traceroute pour visualiser le chemin des données et identifier les retards éventuels.",5.67995810508728
036_45049,"### Instruction1:
La caféine augmente le nombre de calories que vous brûlez d'une petite quantité, mais elle peut également vous donner envie de bouger davantage. Boire une boisson contenant de la caféine avec un repas, comme du thé noir, du thé vert ou du café, peut augmenter votre taux métabolique jusqu'à 10 %. Le thé vert semble avoir des propriétés de combustion des calories encore plus importantes et peut même bloquer l'absorption des glucides. Gardez à l'esprit que boire du café ou du thé nature prendra un certain temps pour s'y habituer, mais acheter des grains de café ou des feuilles de thé de haute qualité vous aidera certainement. Boire de l'eau aide votre corps à brûler plus de calories. Une étude a révélé que boire huit tasses d'eau par jour aide votre corps à brûler environ 100 calories supplémentaires par jour. Envisagez de vous procurer une bouteille d'eau réutilisable pour vous aider à suivre combien d'eau vous buvez chaque jour. Votre corps a besoin de repos adéquat chaque nuit pour fonctionner correctement et brûler des calories. De plus, le manque de sommeil rend plus difficile l'accomplissement d'autres activités qui aident votre corps à brûler des calories, comme bien manger et faire de l'exercice. Assurez-vous de dormir entre sept et neuf heures chaque nuit pour permettre à votre corps de brûler des calories et de fonctionner au mieux.

### Instruction2:
La caféine peut augmenter le métabolisme et encourager l'activité physique. Boire de l'eau et dormir suffisamment aide également à brûler des calories. Un bon sommeil est essentiel pour une meilleure fonction corporelle et un métabolisme efficace.",2.946439027786255
036_33605,"### Instruction1:
La surface d'une peinture à l'huile est fragile, et elle peut être modifiée ou endommagée de manière permanente par des techniques de nettoyage à domicile. Si votre peinture à l'huile est ancienne, a de la valeur ou a une grande valeur sentimentale, il n'est pas recommandé de la nettoyer soi-même. Emmenez-la chez un conservateur professionnel pour qu'il s'en occupe. Assurez-vous d'assurer les peintures précieuses avant de permettre à un professionnel de les nettoyer. Si vous êtes déterminé à nettoyer la peinture vous-même, entraînez-vous d'abord sur une peinture à l'huile sans valeur afin d'évaluer les résultats de vos techniques. Beaucoup d'amateurs vous diront que frotter la surface d'une peinture à l'huile avec une tranche de pain moelleux ou une pomme de terre coupée est un excellent moyen d'éliminer la saleté et la crasse de la surface. Ce n'est pas une bonne idée, surtout si votre peinture est précieuse ou ancienne. Les techniques de nettoyage à base de nourriture peuvent laisser des miettes et des résidus. Si votre œuvre est extrêmement sale et que vous êtes prêt à risquer la possibilité de l'endommager, envisagez d'essayer des techniques à base de nourriture. L'utilisation d'eau peut changer l'apparence de la peinture à l'huile sur la toile, et l'alcool à friction peut enlever complètement la peinture. Certaines personnes pensent que l'huile pour bébé peut redonner de la souplesse à la surface d'une peinture à l'huile et rendre les couleurs plus vives, mais l'huile pour bébé rend en réalité la surface collante et encore plus susceptible d'attirer la saleté. Votre peinture peut être irrémédiablement endommagée par l'utilisation de l'une de ces substances pour la nettoyer. Si vous êtes prêt à prendre le risque, humidifiez légèrement un chiffon doux avec de l'eau et frottez doucement la surface pour enlever la saleté et la crasse. Le vernis est une couche protectrice transparente sur la surface d'une peinture à l'huile. Si le vernis semble sale mais que vous pensez que la peinture elle-même est propre en dessous, vous pourriez être tenté d'enlever le vernis sale vous-même et d'appliquer une nouvelle couche. À moins que vous n'ayez été formé ou n'ayez de l'expérience dans ce domaine, ne tentez pas. Une peinture à l'huile peut être endommagée de façon permanente si cela est mal fait, affectant à la fois l'esthétique et la valeur monétaire de la peinture. Si vous décidez d'essayer cela vous-même, utilisez un kit de nettoyage professionnel conçu pour enlever le vernis d'une peinture à l'huile. Si votre peinture a de la valeur, même un conservateur professionnel peut décider que la meilleure approche est de la laisser telle quelle pour le moment. Les techniques de nettoyage sont encore en cours de recherche et de développement par des historiens de l'art, donc un développement futur pourrait permettre de nettoyer votre œuvre précieuse en toute sécurité. Vous pouvez vous tenir au courant des recherches et des développements actuels en ligne.

### Instruction2:
Il est conseillé de ne pas nettoyer soi-même une peinture à l'huile précieuse ou ancienne, mais de consulter un professionnel. Si vous choisissez de le faire vous-même, commencez par une peinture sans valeur et évitez les techniques alimentaires, car elles peuvent laisser des résidus. L'utilisation d'eau ou d'alcool peut endommager la peinture. Le vernis doit être manipulé avec précaution, car une mauvaise application peut nuire à l'œuvre. Restez informé des recherches sur le sujet pour trouver des méthodes sûres à l'avenir.",6.163682222366333
036_50634,"### Instruction1:
Vous devez lui faire savoir que vous souhaitez avoir une conversation sérieuse. De cette manière, il prendra ce que vous dites à cœur. Si vous ne prenez pas le temps de le faire, il pourrait ne pas comprendre l'importance de la discussion. Soyez délicate. Ajoutez un ou deux compliments dans votre discours mais faites-lui comprendre que ce n'est pas suffisant. ""Tu es un grand ami, mais nous ne pouvons pas être ensemble."" ""Tu feras quelqu'un de très heureux, mais cela ne sera pas moi."" Même après lui avoir donné les raisons pour lesquelles vous n'êtes pas intéressée, il se peut qu'il ne comprenne pas entièrement. Faites-lui passer votre message officiel de ""recule"" après avoir expliqué vos raisons. ""Nous ne serons pas en couple."" ""Nous pouvons rester amis si tu es capable de garder cela amical."" ""Il n'y a pas la bonne chimie entre nous."" Si vous ne lui dites pas clairement que vos sentiments ne changeront pas, il pourrait espérer un changement. Ne le laissez pas partir avec des questions sur d'éventuels sentiments romantiques que vous pourriez avoir pour lui à l'avenir. Établissez quelques règles pour votre amitié (s'il doit encore y en avoir une). Laissez-le poser des questions s'il le souhaite et répondez-y honnêtement. Il n'y a pas de sens à protéger ses sentiments avec des mensonges : dites-lui la vérité. Cela l'aidera à avancer plus rapidement. Répéter la conversation dans votre tête aide, mais peut aussi vous nuire en créant des préjugés sur la façon dont cela va se passer. Au lieu de l'attaquer avec vos pensées, asseyez-vous en face de lui et écoutez ce qu'il a à dire afin qu'il écoute ce que vous avez à dire. Pour vous assurer qu'il a bien compris votre point de vue, demandez-lui ce qu'il en pense. Restez ferme et ne quittez pas la conversation sans qu'il comprenne que vous ne l'aimez pas. Ne partez pas sans clarté.

### Instruction2:
Avertissez-le de la nécessité d'une conversation sérieuse. Exprimez clairement vos sentiments et établissez des règles pour une amitié, le cas échéant. Écoutez-le tout en vous assurant qu'il comprend vos intentions pour éviter toute confusion.",3.967902660369873
036_61098,"### Instruction1:
Le type de caquelon à fondue dont vous avez besoin sera déterminé par le type de fondue que vous préparez. Le bon combustible en dépend également. Un caquelon à fondue au fromage aura une large ouverture et de l’espace pour de l’alcool ou un gel combustible. Les caquelons à fondue dessert sont plus petits et plus peu profonds que ceux pour le fromage, et ils n'ont de l'espace que pour une bougie chauffe-plat au lieu d’un combustible. Les caquelons à fondue de bouillon et d'huile ont une ouverture plus petite et sont fabriqués en acier ou en cuivre. Ils sont chauffés avec de l’alcool ou un gel combustible. Le combustible à alcool est peu coûteux et simple, mais il est hautement inflammable, donc vous devez faire preuve de la plus grande prudence possible. Assurez-vous que le brûleur à alcool soit complètement refroidi avant de le remplir. Ne jamais trop remplir le brûleur. Retirez le brûleur et amenez-le à un comptoir de cuisine ou à un évier. Versez soigneusement l'alcool dans le brûleur, en vous arrêtant dès que vous voyez le liquide s'approcher des trous ou du maillage sur les côtés. Essuyez tout combustible qui pourrait avoir débordé sur l'extérieur du brûleur et placez-le, éteint, en dessous du caquelon à fondue. Allumez une allumette et approchez-la des trous d'air dans le brûleur. Assurez-vous que tous les trous d'air soient complètement ouverts, et éteignez et jetez l'allumette une fois que le combustible s’enflamme. Vous devez toujours faire preuve de prudence lorsque vous allumez un brûleur à gel, mais il est moins susceptible de déborder que l'alcool liquide, donc il peut être un peu plus facile de rester en sécurité avec. Retirez le contenant en métal maillé habituellement utilisé pour le combustible et insérez une cartouche de gel dans le boîtier en métal restant. Remplacez le couvercle du brûleur une fois terminé. Si vous utilisez du gel versable au lieu d'une cartouche, vous devez tout de même retirer le contenant de combustible en mailles. Versez le gel dans le fond du brûleur et replacez le couvercle. Ouvrez les trous d'air et approchez une allumette allumée. Lorsque le combustible s’enflamme, éteignez l'allumette et jetez-la. La plupart des fondues dessert nécessitent très peu de chaleur pour maintenir la fondue dans un état liquide, donc une petite bougie chauffe-plat est la seule source de combustible dont vous avez besoin. Faites fondre les ingrédients dans un bain-marie sur votre cuisinière avant de les transférer dans votre caquelon à fondue. Placez une bougie chauffe-plat non parfumée en dessous du caquelon à fondue et allumez-la avec une allumette ou un briquet. Éteignez l'allumette et jetez-la une fois terminé.

### Instruction2:
Choisissez le caquelon à fondue en fonction du type de fondue préparée. Utilisez un combustible approprié (alcool ou gel) et suivez les instructions de sécurité pour le remplir et l’allumer. Pour les fondues dessert, une bougie chauffe-plat suffit. Faites fondre les ingrédients dans un bain-marie avant de les transférer dans le caquelon.",5.435536861419678
036_45127,"### Instruction1:
De nombreuses écoles intermédiaires et secondaires interdisent les hauts à bretelles spaghetti et sans bretelles, et superposer avec un cardigan léger est un excellent moyen de porter vos hauts préférés sans risquer d'être suspendu.

### Instruction2:
Les écoles interdisent certains types de hauts, mais on peut les porter avec un cardigan léger pour respecter les règles et éviter des sanctions.",1.1314198970794678
036_41086,"### Instruction1:
Différent d'un eyeliner liquide, les eyeliners à base de crème s'appliquent avec un pinceau fin et une pâte d'eyeliner épaisse. Les eyeliners en crème donnent des lignes plus lisses qu'un crayon et sont très similaires en apparence et en application à un eyeliner liquide. Croyez-le ou non, vous pouvez en fait fabriquer votre propre eyeliner liquide en utilisant un mélange de fard à paupières en poudre libre et d'eau. Mélangez les deux pour former une pâte fine et utilisez un pinceau eyeliner propre pour l'appliquer. Lorsque les choses sont chauffées, elles fondent généralement en un liquide ; le même processus s'applique aux eyeliners en crayon. Utilisez un briquet pour chauffer l'extrémité d'un crayon eyeliner jusqu'à ce qu'il devienne très mou. Attendez 10 à 15 secondes, puis tracez le crayon crémeux sur votre ligne de cils. Assurez-vous qu'il n'est pas chaud.

### Instruction2:
Les eyeliners en crème s'appliquent avec un pinceau et offrent des lignes lisses, semblables à celles des eyeliners liquides. On peut aussi créer un eyeliner liquide avec du fard à paupières en poudre et de l'eau. Pour les eyeliners en crayon, on peut les chauffer pour les ramollir avant application.",2.563100576400757
036_33916,"### Instruction1:
Contrairement à une pagaie de canoë, une pagaie de kayak a 2 pales attachées à la tige de la pagaie. La tige est la partie de la pagaie que vous tenez et les pales sont la partie que vous utilisez pour vous tirer, vous et le kayak, à travers l'eau. C'est une erreur courante pour les débutants de tenir leur pagaie à l'envers la première fois qu'ils commencent le kayak. En tant que débutant, il peut ne pas sembler faire de différence dans quelle direction votre pagaie est orientée, mais cela a un impact important sur votre puissance de coup. Assurez-vous que la partie de la pale de la pagaie qui est concave ou lisse fait face à vous, la face de la pagaie est la partie que vous voulez tirer à travers l'eau. De nombreuses pagaies de kayak sont asymétriques, ce qui signifie qu'il y a un haut et un bas à la pale de la pagaie. Il est important que vous teniez la pagaie comme elle est conçue. Le haut de la pagaie est plus horizontal que le bas, et le bas a un effet plus effilé. Parfois, il y a même une écriture horizontale sur la pagaie. Gardez l'écriture droite et non à l'envers. Cela vous aidera à vous rappeler de tenir votre pagaie correctement. Si vous êtes droitier, votre prise de contrôle sera avec votre main droite et si vous êtes gaucher, votre prise de contrôle sera avec votre main gauche. En prenant un coup de kayak, laissez la pagaie tourner et se repositionner dans votre ""main lâche"" pour vous assurer que chaque pagaie entre toujours dans l'eau en douceur. La prise de contrôle ne change pas de position une fois qu'elle est sur la pagaie. Prenez votre pagaie et assurez-vous de placer d'abord la prise de contrôle sur la pagaie. Ayez vos mains centrées sur la pagaie. Vos mains doivent être juste un peu plus larges que la largeur des épaules.

### Instruction2:
La pagaie de kayak se distingue par ses deux pales attachées à une tige. Les débutants commettent souvent l'erreur de tenir leur pagaie à l'envers, ce qui affecte leur puissance de coup. La pale doit être orientée de manière à ce que la partie concave fasse face à l'utilisateur. Les pagaies asymétriques ont un haut et un bas spécifiques. Il est crucial de tenir la pagaie correctement, en gardant les mains centrées et légèrement plus larges que les épaules.",4.477666139602661
036_2130,"### Instruction1:
Ceci se trouve dans le coin inférieur gauche de l'écran. Vous pouvez également appuyer sur la touche ⊞ Win pour ouvrir ce menu sans souris. Vous pouvez aussi ouvrir ce menu sans souris en appuyant deux fois sur la touche → Flèche droite, puis sur ↵ Entrée. Votre ordinateur redémarrera normalement. Vous pouvez appuyer sur R pendant que le menu est ouvert pour sélectionner cette option sans souris. S'il y a des processus en cours qui empêchent Windows de redémarrer, cliquez sur Redémarrer quand même.

### Instruction2:
Pour redémarrer votre ordinateur sous Windows, utilisez le coin inférieur gauche de l'écran ou la touche ⊞ Win. Vous pouvez naviguer dans le menu sans souris et choisir de redémarrer, même si des processus sont en cours.",1.6891660690307617
036_49513,"### Instruction1:
Les hommes sont plus susceptibles de développer des hernies que les femmes. Selon des études, même si une hernie présente à la naissance — qui est courante chez les nouveau-nés — la plupart d'entre elles se trouvent chez les bébés garçons. Il en va de même tout au long de la vie adulte ! Le risque accru chez les hommes peut s'expliquer par le lien entre une hernie et le fait d'avoir des testicules non descendus. Cela est dû au fait que les testicules d'un homme descendent par le canal inguinal peu avant la naissance. Le canal inguinal d'un homme — qui contient les cordons liés aux testicules — se ferme généralement après la naissance. Dans certains cas, cependant, il ne se ferme pas correctement, rendant les hernies plus probables. Si vous avez un membre de votre famille ayant des antécédents de hernies, vous êtes vous-même à plus grand risque. Certains troubles héréditaires affectent les tissus conjonctifs et les muscles, vous rendant vulnérable aux hernies. Gardez à l'esprit que cette prédisposition génétique ne s'applique qu'aux défauts héréditaires. En général, il n'existe pas de schéma génétique connu pour les hernies. Si vous avez des antécédents de hernies vous-même, vous êtes à un risque plus élevé d'en avoir une autre à l'avenir. La fibrose kystique (une affection pulmonaire potentiellement mortelle) remplit les poumons de bouchons de mucus épais. Les patients atteints de cette condition développent une toux chronique alors que le corps essaie de dégager les bouchons de mucus. Cette pression accrue due à la toux est un facteur de risque de développement de hernies. Ce type de toux met tellement de pression et de force sur vos poumons qu'il endommage les parois musculaires. Les patients éprouvent douleur et inconfort lors de la toux. Les fumeurs sont également à haut risque de développer une toux chronique, et sont aussi plus susceptibles de développer des hernies. La constipation vous oblige à forcer vos muscles abdominaux lors de l'évacuation de vos selles. Si vous avez des muscles abdominaux faibles et que vous exercez constamment une pression contre eux, vous êtes plus susceptible de développer une hernie. Les muscles faibles sont causés par une mauvaise alimentation, un manque d'exercice et l'âge avancé. Forcer lors de la miction peut également vous exposer à un risque de hernie. Porter un bébé dans votre utérus crée beaucoup de pression accrue à l'intérieur de votre abdomen. Vous augmentez également votre poids abdominal, ce qui est un facteur de développement de hernies. Les bébés prématurés sont également à risque de hernies parce que leurs muscles et tissus ne se sont pas encore entièrement développés et renforcés. Les défauts génitaux chez les bébés peuvent stresser les zones les plus susceptibles de développer des hernies. Cela inclut la position anormale de l'urètre, le liquide dans les testicules, et les caractéristiques génitales ambiguës (le bébé a des caractéristiques génitales de chaque sexe). Les personnes obèses ou en surpoids sont plus susceptibles de développer des hernies. Tout comme pour les femmes enceintes, un ventre plus gros augmente la pression abdominale, ce qui peut affecter des muscles faibles. Si vous êtes en surpoids, il est conseillé de commencer un plan de perte de poids dès maintenant. Attention, une perte de poids importante et soudaine due à un régime draconien affaiblit également les muscles et cause des hernies. Si vous perdez du poids, faites-le de manière saine et progressive. Vous êtes à risque de hernie si votre travail exige de longues périodes de station debout et beaucoup de force physique. Certaines personnes vulnérables aux hernies induites par le travail incluent les ouvriers du bâtiment, les vendeurs, les menuisiers, etc. Si cela décrit votre travail actuel, parlez-en à votre employeur. Vous pourriez être en mesure d'organiser une situation différente qui serait moins propice aux hernies.

### Instruction2:
Les hommes sont plus susceptibles de développer des hernies que les femmes, en raison de facteurs comme des testicules non descendus, des antécédents familiaux, et des affections héréditaires. D'autres risques comprennent la toux chronique, la constipation, et le surpoids. Les travailleurs physiquement actifs et ceux ayant des problèmes génétiques sont également exposés. Une bonne hygiène de vie et une attention à son poids peuvent réduire ce risque.",8.181631565093994
036_29647,"### Instruction1:
Dans le cas où vous avez un morceau entier de verre mais qu'il dépasse les dimensions que votre entreprise de gestion des déchets peut traiter, vous devrez casser le morceau en morceaux plus petits et faciles à éliminer. Placez le verre à plat sur le sol et recouvrez toute la vitre avec une vieille couverture ou plusieurs vieilles serviettes pour maintenir les éclats en place avant d'utiliser un marteau ou une pelle pour casser le panneau. Si vous pouvez également mettre une couverture que vous n’avez pas peur de jeter sous le verre, cela facilitera le nettoyage, car il y aura moins de petits éclats à gérer. Alternativement, et si cela rentre, mettez le verre dans une poubelle et cassez-le là. Lorsque vous cassez du verre, assurez-vous toujours de porter des gants et des lunettes de protection ou d'autres protections pour les yeux. Que vous ayez laissé tomber une bouteille ou que vous ayez dû casser votre propre grande vitre, mettez toujours des gants de travail et des chaussures à semelles épaisses lors de la manipulation de verre cassé. Vous devez également éloigner les enfants et les animaux de la zone jusqu'à ce que vous ayez terminé le nettoyage. Commencez par ramasser les plus grands morceaux de verre et placez-les dans un grand sac poubelle. Des sacs poubelles épais pour l'extérieur sont préférables parce qu'ils sont moins susceptibles de se percer et de se déchirer. En plus d'utiliser des sacs poubelles épais, vous devriez en fait placer un deuxième sac poubelle à l'intérieur du premier avant de commencer à mettre le verre cassé à l'intérieur. Il est beaucoup plus facile de doubler le nettoyage avant de commencer plutôt que d'essayer de mettre un sac poubelle déchiqueté à l'intérieur d'un deuxième plus tard. Une fois que vous avez ramassé les plus grands morceaux autant que possible, passez l'aspirateur dans la zone avec l'embout flexible d'un aspirateur de chantier. Utilisez l'embout flexible pour nettoyer toute la zone jusqu'à environ quinze pieds de distance, car le verre cassé peut voler assez loin. Assurez-vous d'utiliser l'embout flexible d'un aspirateur de chantier. Un aspirateur roulant conventionnel ne fera que réduire le verre en éclats encore plus petits et il manque de la puissance d'aspiration de l'embout. Beaucoup de gens sont tentés d'utiliser un balai pour balayer le verre au lieu d'un aspirateur, mais les éclats de verre peuvent facilement se coincer dans les poils de votre balai et être redistribués plus tard. Un aspirateur est une méthode plus sûre. Même un aspirateur peut manquer certains des morceaux vraiment petits qui peuvent néanmoins couper ou irriter la peau. Pour une manière facile et économique de capturer ces morceaux de poussière de verre, vous pouvez prendre un morceau de pain doux de la cuisine et l'utiliser face vers le bas sur la zone pour piéger le reste du verre. Bien que le pain soit l'article que vous avez le plus probablement déjà chez vous, d'autres objets ménagers peuvent également bien fonctionner dans ce cas. Une pomme de terre coupée en deux, du ruban adhésif ou un rouleau à peluches fonctionnent également bien à cette fin. Assurez-vous de ne pas toucher accidentellement la zone de l'article avec le verre collé. Une serviette en papier humide peut finir le travail, alors essuyez soigneusement la zone. N'oubliez pas de nettoyer également les semelles de vos chaussures pour enlever toute poussière de verre que vous auriez pu ramasser pendant le reste du processus de nettoyage. Certaines entreprises peuvent également demander que vous éliminiez le verre cassé dans un conteneur solide. Si tel est le cas avec votre entreprise de gestion des déchets, vous devez également placer les sacs poubelles remplis de verre dans une boîte en carton, la sceller et l'étiqueter « verre cassé ». À ce stade, vous avez correctement contenu et étiqueté le verre cassé, et vous pouvez simplement le mettre dans votre poubelle ordinaire ou dans le conteneur de votre communauté.

### Instruction2:
Pour éliminer du verre cassé, cassez-le en petits morceaux et utilisez des protections comme des gants et des lunettes. Ramassez les morceaux dans des sacs poubelles épais, utilisez un aspirateur pour nettoyer la zone, puis terminez en essuyant la surface pour éviter les éclats restants. Étiquetez les sacs et jetez-les correctement.",6.856920003890991
036_51883,"### Instruction1:
Laver vos cheveux trop brutalement peut les faire s'effilocher, aggravant ainsi la texture paille. Utilisez des gants de velours lorsque vous lavez vos cheveux pour éviter de les manipuler plus que nécessaire. Lavez uniquement les racines de vos cheveux. C'est là que la graisse s'accumule et cela aidera à prévenir la suppression des huiles naturelles de vos cheveux. Lorsque vous avez terminé sous la douche, la dernière chose à faire est de rincer vos cheveux à l'eau froide. L'eau chaude abîme vos cheveux et crée de la sécheresse et des frisottis. Peignez vos cheveux avec un peigne à dents larges lorsqu'ils sont mouillés. Ne brossez pas vos cheveux lorsqu'ils sont secs, car cela n'augmentera que la casse et la texture paille. Séchez vos cheveux en les enveloppant dans un T-shirt, plutôt que dans une serviette. Cela aide à retenir l'humidité et à éviter les dommages. Laver vos cheveux tous les jours les dépouillera de leurs huiles naturelles bénéfiques, il est donc important de les laver tous les deux jours. Les huiles de vos cheveux hydrateront vos mèches et aideront à réparer la texture paille. Conditionnez vos cheveux tous les jours, que vous les laviez ou non. Ne lavez pas vos cheveux trop peu, sinon des produits s'accumuleront. Il y a tant de choses que nous faisons qui sont nuisibles à nos cheveux. Si vos cheveux ont une texture paille, il est important d'être particulièrement prudent avec ce que vous faites qui pourrait les endommager. Avant de sortir au soleil, portez un chapeau ou utilisez un spray SPF conçu pour les cheveux. Aussi précieux que soient vos outils chauffants, ils n'endommagent que davantage vos cheveux. Accordez-vous une pause avec les outils chauffants et laissez vos cheveux sécher naturellement ou attachez-les en tresse ou en chignon. Si vous devez absolument utiliser des outils chauffants, ne les utilisez qu'occasionnellement. La chose la plus importante est de ne pas laisser l'outil chauffant trop longtemps au même endroit, gardez-le en mouvement. Essayez de ne pas teindre vos cheveux pendant que vous corrigez la texture, car cela pourrait endommager davantage vos cheveux.

### Instruction2:
Prenez soin de vos cheveux en les lavant doucement, en ne nettoyant que les racines et en rinçant à l'eau froide. Utilisez un peigne à dents larges sur cheveux mouillés et évitez de les brosser lorsqu'ils sont secs. Laissez-les sécher à l'air libre et évitez les outils chauffants pour ne pas aggraver la texture paille. Conditionnez vos cheveux quotidiennement et protégez-les du soleil.",4.7425453662872314
036_33190,"### Instruction1:
Vous ne voulez pas avoir à attendre plusieurs minutes pendant que le thermomètre détermine la température, alors choisissez un modèle à lecture instantanée. Assurez-vous de le nettoyer après chaque utilisation. Vous devriez calibrer votre thermomètre de temps en temps pour vous assurer qu'il donne une lecture précise. Pour ce faire, remplissez une petite casserole d'eau et portez-la à ébullition. Prenez la température de l'eau : elle devrait être de 212 °F (100 °C). Tournez le boulon hexagonal au bas d'un thermomètre analogique pour calibrer la température si elle est incorrecte. Consultez les instructions du fabricant pour calibrer un thermomètre numérique. Les bords peuvent être plus chauds que le centre, donc pour savoir si votre gâteau est cuit, vous devrez tester la température au centre. Ne poussez pas le thermomètre au fond de la casserole, contentez-vous de l'enfoncer à mi-chemin dans le gâteau. Gardez à l'esprit que mettre un thermomètre dans le cheesecake peut le faire craquer, alors essayez de ne tester la température qu'une seule fois, plutôt que plusieurs fois. Si vous devez le tester plus d'une fois, enfoncez le thermomètre dans le même trou que vous avez utilisé la première fois pour minimiser les fissures. Une fois que le centre du cheesecake atteint 150 °F (66 °C), le gâteau est cuit ! Sortez-le du four et laissez-le refroidir complètement sur une grille. S'il n'est pas encore cuit, remettez-le au four pendant environ 5 minutes, puis vérifiez à nouveau s'il est cuit. Répétez jusqu'à obtenir une lecture de 150 °F (66 °C).

### Instruction2:
Choisissez un thermomètre à lecture instantanée et nettoyez-le après chaque utilisation. Calibrez-le régulièrement en vérifiant la température de l'eau bouillante. Pour tester un gâteau, insérez le thermomètre au centre et évitez de le pousser au fond. Un cheesecake est cuit lorsque sa température atteint 150 °F (66 °C). Laissez-le refroidir complètement après la cuisson.",4.06360125541687
036_5360,"### Instruction1:
Tout d'abord, placez une poêle en fonte dans le gril. Préchauffez le four et la poêle pendant 15 à 20 minutes. Ensuite, placez un steak assaisonné dans la poêle en fonte chaude. Faites griller le steak pendant trois à cinq minutes de chaque côté. Une fois le steak cuit, laissez-le reposer pendant au moins cinq minutes avant de le servir. Assaisonnez le steak en le badigeonnant d'huile d'olive et en saupoudrant une couche de sel et de poivre. Laissez le steak atteindre la température ambiante sur votre comptoir avant de le cuisiner. Coupez une miche de pain français en gros morceaux d'environ 1 à 2 pouces (2,5 à 5 centimètres) d'épaisseur. Ensuite, étalez une bonne quantité de beurre assaisonné sur chaque tranche. Placez le pain sur une plaque de cuisson recouverte de papier d'aluminium et faites-le griller pendant 5 minutes. Gardez un œil attentif sur le pain pour vous assurer qu'il ne brûle pas. Créez un beurre assaisonné savoureux en combinant : 5 cuillères à soupe de beurre ramolli, 2 cuillères à café d'huile d'olive extra vierge, 3 gousses d'ail écrasées, 1 cuillère à café d'origan séché, du sel et du poivre au goût. Cette méthode de cuisson ramollit les légumes tout en leur donnant une saveur fumée et carbonisée. Tout d'abord, mélangez des légumes finement hachés dans de l'huile d'olive et saupoudrez-les de sel et de poivre. Ensuite, placez-les sur une plaque de cuisson tapissée de papier d'aluminium et faites-les griller pendant 20 à 25 minutes, en les remuant toutes les cinq minutes. Cette méthode fonctionne pour de nombreux légumes, y compris : carottes, poivrons, oignons, courgettes, pommes de terre. Utilisez votre gril pour ajouter une belle finition dorée au dessus de vos casseroles. Tout d'abord, faites cuire votre casserole préférée au four. Une fois qu'elle est presque cuite, placez-la sous le gril. Faites griller la casserole pendant trois à cinq minutes avant de la retirer pour la laisser refroidir. Laissez la casserole refroidir pendant cinq à dix minutes avant de la déguster.

### Instruction2:
Pour cuire un steak, préchauffez une poêle en fonte dans le gril, assaisonnez le steak et faites-le griller. Préparez également du pain français avec du beurre assaisonné et grilles-le. Pour les légumes, assaisonnez-les et faites-les griller. Utilisez le gril pour dorer vos casseroles avant de les servir.",4.591013669967651
036_42445,"### Instruction1:
Un choix est un ""sac de compression"", qui dispose de sangles de cinch pour compresser davantage le sac après le rangement. Le poids supplémentaire minimal du sac peut en valoir la peine pour la réduction du volume et la protection contre les déchirures. Cependant, de nombreux randonneurs de longue distance n'utilisent pas de sac de rangement : ils mettent simplement le sac dans leur sac à dos et laissent celui-ci occuper les espaces vides. La seule raison de le ranger dans un sac est de le garder contenu, par commodité. Les sacs de compression sont un bon moyen d'économiser de l'espace, mais ils sont un peu plus lourds qu'un sac de rangement classique. Pas de pliage, pas de roulage, il suffit de prendre une extrémité et de commencer à le fourrer dans le sac jusqu'à ce qu'il soit complètement à l'intérieur. Commencez par l'extrémité du pied afin qu'il soit plus facile de sortir tout l'air. En le ""fourrant"" de cette manière, l'isolation restera plus uniformément répartie puisqu'elle n'est jamais pliée de la même manière. Si c'est un sac de compression, serrez les sangles pour resserrer davantage le sac. Tirez le cordon du sac de rangement aussi fort que possible. L'objectif est d'avoir une ouverture ne dépassant pas la taille d'un quart, si possible. Le pliage et le roulage entraînent souvent un stress répété sur les mêmes parties, ce qui peut provoquer des bosses dans le rembourrage ou des déchirures dans le tissu. Le pliage prend également plus de temps et rend la compression plus difficile. Garder votre sac de couchage au sec est une priorité majeure, en particulier pour les sacs en duvet. Rien n'est plus inconfortable que de dormir dans un sac humide par une nuit froide. Les sacs de rangement et les sacs à dos imperméables sont une option, mais ils peuvent être coûteux et pas toujours fiables. Pour une protection supplémentaire, utilisez une housse de sac de qualité et tapissez l'intérieur de votre sac avec un sac à ordures. Les sacs peuvent devenir humides non seulement à cause de la pluie, mais aussi en posant votre sac à dos sur le sol humide (puisque vous l'attachez souvent au fond de votre sac) ou en traversant des ruisseaux. Si vous n'avez pas de sac à compacter les déchets, tapissez l'intérieur du sac de rangement avec un sac poubelle ordinaire avant de fourrer le sac à l'intérieur. Pliez le haut du sac poubelle ou du sac à compacter les déchets afin qu'il soit scellé et que l'eau ne puisse pas entrer. Si vous utilisez un sac poubelle à l'intérieur du sac de rangement, tordez les extrémités excédentaires du sac poubelle et glissez le tour sous le bord du cordon de serrage afin que rien ne dépasse. Pas besoin d'utiliser un lien torsadé. Ils sont trop faciles à perdre sur le sentier et ajoutent des déchets sur le sentier. Puisque vous n'aurez pas besoin du sac de couchage pendant la journée, rangez-le sous tout le reste. Cela réduira également la pression sur votre dos et vos genoux, car le sac est plus léger (en volume) que la plupart des autres fournitures. Si votre sac a deux compartiments, rangez-le au fond du compartiment supérieur. S'il n'est pas possible de faire tenir tout votre équipement à l'intérieur du sac, et que des articles plus volumineux comme la tente et/ou le sac de couchage doivent être attachés à l'extérieur, attachez le sac de couchage en haut du sac et la tente en bas. Lorsque vous retirez le sac aux pauses et que vous le posez sur le sol, il est préférable que la tente soit en contact avec le sol au lieu du sac de couchage, surtout s'il est humide ou boueux. Si vous attachez le sac à votre sac à dos, assurez-vous de l'ajuster aussi bien que possible au centre du sac et de le serrer aussi fort que vous le pouvez. Sinon, beaucoup de gens finissent par devoir s'arrêter pour re-sécuriser leur sac parce qu'il tombe.

### Instruction2:
Utilisez un sac de compression pour réduire le volume et protéger votre sac de couchage. Remplissez-le sans plier pour éviter les déchirures. Gardez votre sac de couchage sec avec des sacs imperméables et un sac poubelle à l'intérieur pour une protection supplémentaire. Rangez le sac de couchage en bas de votre sac à dos pour réduire la pression sur votre dos. Assurez-vous que le sac est bien centré et solidement attaché pour éviter qu'il ne tombe pendant la randonnée.",7.5111002922058105
036_29126,"### Instruction1:
Ce nettoyage est moins intensif que les nettoyages à base de jus uniquement. Vous allez simplement couper certains aliments de votre alimentation et en ajouter d'autres pendant un certain temps. Vous devez considérer les éléments suivants lors de la planification de votre nettoyage alimentaire : vos besoins caloriques. Vous consommerez probablement plus de nourriture en volume que d'habitude, car de nombreux légumes frais contiennent moins de calories que les aliments que vous allez éliminer. Pour que le nettoyage fonctionne, vous devez éviter les aliments listés et consommer principalement des fruits et des légumes. Vous allez éliminer des aliments malsains et transformés qui mettent à l'épreuve vos reins et introduisent des nutriments et des produits chimiques que vous souhaitez éliminer. De nombreux aliments que vous supprimerez augmentent les niveaux d'acide urique et, par conséquent, sollicitent vos reins. Les aliments à éliminer comprennent : les protéines animales, les aliments transformés, les aliments riches en phosphore ou en calcium, comme les produits laitiers et les noix, et les aliments principalement composés de glucides. Vous vous concentrerez sur des aliments qui introduiront des nutriments et des vitamines dans votre corps, ce qui augmentera l'efficacité de vos reins et aidera à éliminer les nutriments et les produits chimiques indésirables. Les aliments que vous privilégierez comprennent : des légumes frais, des fruits frais, des fruits et légumes biologiques, ainsi que d'autres aliments exempts de pesticides et d'autres additifs nocifs. Vous devez augmenter votre consommation d'eau à un niveau approprié. La plupart des gens vivent dans un état de déshydratation limitée. Cela sollicite vos reins et votre foie, vous rendant plus paresseux et fatigué. Boire la quantité d'eau appropriée augmentera la fonction rénale et aidera à éliminer les produits chimiques et les nutriments indésirables. Augmentez votre consommation d'eau à huit tasses de 8 oz (2 litres). L'eau doit être filtrée ou de source. Buvez tout au long de la journée. Certaines personnes choisissent même de ne manger que des fruits. C’est parce que les fruits sont fortement recommandés pendant tout le processus de détoxification grâce à leur abondance en nutriments. Non seulement ils sont bons pour votre organisme, mais ils combattent également cette sensation de fatigue que vous ressentirez sans aucun doute. Il existe une grande variété de fruits et de légumes que vous pourrez utiliser pour votre nettoyage. Voici par où commencer : les pommes ont beaucoup de fibres et de vitamine C, connues pour être des antioxydants et aider à lutter contre les toxines dans le sang. Les citrons sont également l'un des fruits populaires utilisés car ils ont la capacité d'augmenter les niveaux de citrate, ce qui diminue la formation de calculs rénaux. Cela dit, presque tous les fruits gorgés d'eau sont autorisés (bien que la chair de noix de coco, l'avocat et la rhubarbe doivent être évités). Et, comme toujours, plus c'est frais, mieux c'est. Les légumes frais seront une partie très importante de votre nettoyage alimentaire. La plupart des légumes contiennent des quantités décentes de fibres et ont des nutriments et des vitamines qui aideront vos reins pendant votre nettoyage. Vous pouvez choisir presque n'importe quel légume, mais rappelez-vous que vous en consommerez beaucoup plus que d'habitude. Les herbes sont également utilisées pour aider à nettoyer les reins, et une herbe très populaire est le persil. Le persil, en particulier, est bon, car il est considéré comme un diurétique — quelque chose qui vous fait uriner plus. Plus vous urinez, plus les toxines ou les déchets sont éliminés du corps. En d'autres termes, plus votre nettoyage est efficace. Le persil peut être mangé cru ou transformé en jus ou en thé. Infusez-le dans votre eau ou votre thé pour une consommation facile que vous remarquerez à peine. Vous pouvez également vous tourner vers la coriandre et d'autres herbes qui pourraient être disponibles localement. L'ail peut stimuler la production d'urine et aider à éliminer les toxines des reins. Il contient de l'allicine, qui oxydent les métaux lourds et les rendent plus solubles dans l'eau, ce qui signifie qu'il peut aider à éliminer les toxines. Il existe plusieurs façons d'augmenter votre consommation d'ail : mangez de l'ail cru, ajoutez de l'ail à vos recettes lors de la cuisson, prenez des suppléments d'ail. Les composés polyphénoliques de l'oignon peuvent aider à dissoudre les calculs rénaux. Sa teneur en polyphénols est supérieure à celle de divers autres légumes. Comme pour l'ail, il existe plusieurs façons d'augmenter votre consommation d'oignons. Mangez des oignons crus — essayez de les ajouter à une salade. Ajoutez des oignons à d'autres aliments. Prenez des suppléments d'oignons. Vous obtiendrez le plus de nutriments et de vitamines des fruits et légumes lorsqu'ils sont consommés crus ou légèrement cuits. Évitez de cuire vos fruits ou légumes trop longtemps. Considérez les conseils suivants : mangez frais et cru quand vous le pouvez. Évitez de cuire vos fruits ou légumes jusqu'à ce qu'ils perdent leur couleur ou changent de couleur. N'ajoutez pas d'huiles ou de sel. Évitez la tentation d'ajouter du beurre ou des sauces à vos aliments. Manger trop d'aliments gras et salés fera travailler les reins plus dur. S'il y a beaucoup de déchets dans votre sang, les reins auront plus de travail à faire. Plus vous consommez des aliments sains et purs, plus il sera facile pour vos reins de fonctionner. Vous devez principalement vous en tenir aux fruits et légumes frais, mais si nécessaire, il existe des alternatives saines, riches en graisses et en glucides que vous pouvez consommer. Considérez les éléments suivants : des noix, du son d'avoine, des produits à base de blé entier.

### Instruction2:
Ce nettoyage alimentaire consiste à éliminer certains aliments de votre régime et à en ajouter d'autres, sans être aussi intensif qu'un nettoyage à base de jus. Il est essentiel de se concentrer sur des fruits et légumes frais et biologiques tout en évitant les protéines animales, les aliments transformés et ceux riches en phosphore ou calcium. L'hydratation est également cruciale, avec une recommandation de boire environ deux litres d'eau par jour. Les fruits, comme les pommes et les citrons, sont particulièrement bénéfiques, tout comme les légumes frais et les herbes comme le persil et l'ail, qui favorisent l'élimination des toxines. Manger des aliments crus ou légèrement cuits est préférable pour maximiser les nutriments.",10.22581958770752
036_39050,"### Instruction1:
Il existe des preuves que changer votre alimentation et prendre des suppléments nutritionnels peut aider à gérer les symptômes de la maladie inflammatoire de l'intestin (MII). Votre médecin peut vous suggérer de modifier vos habitudes alimentaires et nutritionnelles en plus d'autres thérapies médicales. Votre médecin peut également recommander un tube d'alimentation ou des injections de nutriments pour aider votre intestin à se reposer et à réduire l'inflammation. Votre médecin peut également suggérer un régime pauvre en résidus composé d'aliments qui ne provoqueront pas de blocage dans vos intestins. Les aliments pauvres en résidus, qui sont faibles en fibres, comprennent le yaourt, les soupes crémeuses, les pains et pâtes blancs raffinés, et les crackers. Vous devrez éviter les fruits et légumes crus, les noix et les produits à grains entiers. Votre médecin peut également suggérer de prendre des suppléments de fer, de calcium, de vitamine D et de vitamine B-12 pour aider à remplacer les nutriments perdus à cause des symptômes de la MII. Manger de petits repas faibles en graisses et non riches en fibres peut aider avec les symptômes de la MII. Boire beaucoup de liquides peut aider à soulager les symptômes de la MII. L'eau est le choix le plus optimal pour vous garder hydraté. Bien que la plupart n'aient pas montré beaucoup de bénéfice, elles ont eu des résultats positifs pour certains. Parlez à un médecin avant d'essayer des thérapies à base de plantes ou alternatives. Des études récentes ont montré que des thérapies alternatives telles que la consommation de plus de fibres solubles ou de probiotiques, la consommation de tisanes à l'huile de menthe poivrée, ou l'essai d'hypnothérapie et de thérapie cognitivo-comportementale sont efficaces pour aider certains patients à minimiser les symptômes de la MII. Apporter des changements à vos habitudes de vie peut aider à gérer votre MII. Arrêter de fumer et éviter le stress peuvent contribuer à soulager vos symptômes. Fumer peut aggraver la maladie de Crohn, et ceux qui fument sont plus susceptibles d'avoir des rechutes et de nécessiter des interventions chirurgicales répétées. Réduire le stress peut également aider à soulager les symptômes de la MII. Vous pouvez réduire le stress grâce à des exercices de relaxation réguliers et de respiration ou à la méditation. Un exercice régulier et même doux aidera non seulement à réduire le stress, mais peut également contribuer à normaliser la fonction intestinale. Parlez à votre médecin du meilleur type d'exercice pour gérer votre MII.

### Instruction2:
Changer votre alimentation et prendre des suppléments nutritionnels peut aider à gérer les symptômes de la maladie inflammatoire de l'intestin. Les médecins peuvent recommander des modifications alimentaires, des régimes pauvres en résidus, et des suppléments pour remplacer les nutriments perdus. Boire beaucoup de liquides et manger des repas petits et faibles en graisses peut également être bénéfique. Des thérapies alternatives et des changements de mode de vie, comme réduire le stress et arrêter de fumer, peuvent aider à soulager les symptômes. Il est important de consulter un médecin pour un suivi et des conseils appropriés.",5.5869457721710205
036_3066,"### Instruction1:
Cette action ne va pas arrêter la voiture d'elle-même. Cependant, elle peut vous aider à ralentir un peu. De plus, elle vous permet de crier aux autres passagers et conducteurs si nécessaire. Ouvrez toutes les fenêtres que vous pouvez. Si possible, cherchez une route qui monte, même si c'est légèrement. Si votre voiture ne freine pas, la pente peut ralentir suffisamment pour s'arrêter. Par exemple, même monter une rampe d'accès peut ralentir votre vitesse, mais assurez-vous de rester hors du chemin des autres voitures si possible. Cependant, n'essayez pas de tourner dans une allée en montée, car vous risquez de ne pas vous arrêter avant de heurter des bâtiments. Si d'autres méthodes échouent, couper le moteur peut au moins réduire votre vitesse. Attendez d'avoir ralenti autant que possible avant d'essayer cette méthode, car couper le moteur soudainement peut vous faire dévier. Cela peut également endommager votre moteur, donc laissez cela comme dernier recours. Ne mettez pas votre moteur sur ""verrouiller"", car cela bloquera également votre volant. Vous devez encore être capable de diriger. Si vous ne pouvez absolument pas arrêter votre voiture d'une autre manière, essayez de la traîner le long de quelque chose pour ralentir. Par exemple, faites rouler la voiture le long d'un trottoir ou d'une barrière murale, ce qui la ralentira, bien que cela la détruise probablement dans le processus. Vous pouvez également essayer de conduire en ligne droite à travers de la boue ou du gravier. Si vous tournez, cela peut faire basculer la voiture. Faites attention à ce qui est devant vous et manœuvrez pour éviter la circulation dense, les piétons et les obstacles dangereux. Vous pourriez être proche de l'arrêt, mais vous pourriez encore causer des dommages si vous ne faites pas attention.

### Instruction2:
En cas de défaillance des freins, ouvrez les fenêtres, cherchez une pente pour ralentir la voiture, et évitez de tourner brusquement. Coupez le moteur en dernier recours et faites attention à votre environnement pour éviter les collisions.",4.421546697616577
036_12484,"### Instruction1:
Réglez votre four à 190 °C (375 °F). Laissez votre four préchauffer pendant environ dix minutes pendant que vous préparez les pommes de terre. Certains fours indiquent quand ils ont fini de préchauffer en émettant un bip. Cela peut prendre plus de dix minutes, selon votre four. Placez vos pommes de terre dans un grand bol. Arrosez-les avec l'huile de votre choix et saupoudrez quelques assaisonnements. Utilisez une grande cuillère pour mélanger les pommes de terre, en enrobant chaque morceau complètement. Il existe une variété d'options d'assaisonnement délicieuses pour les pommes de terre rôties. Par exemple : créez un assaisonnement aux herbes de romarin en ajoutant 2 cuillères à soupe d'huile végétale, 1 cuillère à café de sel, ½ cuillère à café de poivre noir et ½ cuillère à café de romarin séché écrasé. Mélangez les pommes de terre avec 4 cuillères à soupe d'huile d'olive, 1 ½ cuillère à café de sel, 1 cuillère à café de poivre noir, 2 cuillères à soupe d'ail haché et 2 cuillères à soupe de persil frais haché. Ajoutez 1 cuillère à café d'huile végétale, 2 cuillères à soupe de fromage Parmesan fraîchement râpé, ½ cuillère à café de sel, ½ cuillère à café de poudre d'ail, ½ cuillère à café de paprika et ¼ cuillère à café de poivre noir pour préparer des pommes de terre à l'ail et au fromage. Étalez les pommes de terre sur la plaque de cuisson en une seule couche pour permettre à chaque morceau de devenir croustillant. Tapissez la plaque de papier sulfurisé ou d'aluminium pour un nettoyage plus facile. Pour des pommes de terre encore plus croustillantes, utilisez une grande plaque de cuisson en métal. Si vous n'avez pas de plaque de cuisson en métal, utilisez un plat en verre résistant au four ou une poêle en fonte. Le processus de cuisson prendra entre trente minutes et une heure, selon la taille des morceaux de pommes de terre. Vérifiez les pommes de terre toutes les dix minutes pour voir si elles sont cuites. Les signes d'une pomme de terre bien rôtie incluent : une croûte dorée et croustillante à la surface, une fourchette qui pénètre facilement la pomme de terre, et une odeur beurrée et frite. Retirez les pommes de terre du four et laissez-les refroidir légèrement. Transférez-les dans un plat de service et servez-les immédiatement. Les pommes de terre rôties sont d'excellents plats d'accompagnement qui se marient bien avec une variété de plats principaux. Par exemple : servez des pommes de terre rôties avec des restes de pain de viande. Mangez plusieurs légumes d'accompagnement avec des pommes de terre rôties pour un dîner végétarien copieux. Coupez les restes de pommes de terre rôties en dés et parsemez-les sur une salade.

### Instruction2:
Préchauffez le four à 190 °C et préparez les pommes de terre en les assaisonnant avec votre huile et épices préférées. Étalez-les sur une plaque de cuisson pour qu'elles deviennent croustillantes. Faites cuire de 30 minutes à une heure, en vérifiant régulièrement la cuisson. Servez-les immédiatement en accompagnement de divers plats principaux.",5.591330051422119
036_20586,"### Instruction1:
Sur les iPhones, cela sera étiqueté « Trouver mon iPhone », tandis que sur les appareils Android, cela s'appelle le « Gestionnaire d'appareils Android ». Ce programme suivra l'emplacement de votre téléphone et transmettra ces informations sur le cloud. Il est important que vous configuriez cette fonctionnalité tant que vous avez encore votre téléphone, car il n'est pas possible d'activer Trouver mon iPhone si votre téléphone a déjà été volé. Trouver mon iPhone est un élément du serveur basé sur le cloud d'Apple, iCloud, qui sauvegarde et stocke les données de votre téléphone. Si vous n'avez pas encore configuré un compte iCloud, vous ne pourrez pas utiliser l'application Trouver mon iPhone. Configurez un compte iCloud à partir du menu « Réglages » de votre téléphone, puis localisez « iCloud » et appuyez sur « Compte » pour vous connecter. Pour que le Gestionnaire d'appareils puisse localiser votre téléphone volé, vous devez avoir l'option de localisation GPS activée. Vous pouvez activer le mode perdu à distance : vous devrez vous connecter à votre compte iCloud ou à votre compte Gestionnaire d'appareils Android, et vous pourrez activer le mode perdu à partir de là. Avec le mode perdu activé, quiconque a volé votre téléphone ne pourra pas se connecter et ne devrait pas avoir accès aux données ou aux applications de votre téléphone. Une fois que vous avez récupéré votre téléphone manquant, vous pouvez désactiver le mode perdu en entrant votre code d'accès sur l'écran d'accueil du téléphone. Même si votre iPhone ou Android est hors ligne (non connecté à Internet), vous pouvez toujours verrouiller votre téléphone à distance en vous connectant à votre compte en ligne. Tout paramètre que vous changez sur votre appareil prendra effet la prochaine fois que le téléphone sera en ligne. Si votre iPhone a été volé, vous pouvez suivre son emplacement physique en ligne sur www.icloud.com/find. Cela affichera une carte montrant l'emplacement actuel de votre téléphone. La carte montrera des mouvements en temps réel, donc si votre téléphone est dans un bus ou un métro, vous pourrez le suivre sur la carte. Si votre téléphone Android a été volé - ou si vous préférez configurer votre compte sur un ordinateur plutôt que sur votre téléphone - vous pouvez accéder au Gestionnaire d'appareils en ligne à : www.google.com/android/devicemanager. Se connecter à ce site Web vous montrera l'emplacement de votre téléphone manquant. Une fois que vous avez localisé votre téléphone manquant, vous pouvez faire jouer un son pour attirer l'attention. Bien que cela ne soit pas utile si quelqu'un a délibérément pris votre téléphone, cela pourrait être utile si votre téléphone est près de vous et a simplement été égaré. À partir du site Web d'iCloud ou du Gestionnaire d'appareils Android, vous pouvez cliquer sur un bouton pour verrouiller votre téléphone. Cela désactivera le mécanisme de connexion et fera en sorte que la personne qui a volé votre téléphone n'aura pas accès à vos données personnelles ou à vos informations de contact. Le Gestionnaire d'appareils vous demandera de saisir un nouveau mot de passe pour votre téléphone. Une fois que vous avez récupéré votre téléphone perdu ou volé, vous pourrez désactiver le mode verrouillage en saisissant ce mot de passe. Dans le menu de la page de suivi de téléphone en ligne, vous pouvez choisir de « Sonner » votre téléphone. Cela fera sonner votre téléphone à son volume maximal pendant 5 minutes, à moins que vous ne choisissiez de désactiver le paramètre de sonnerie avant cela. La fonction Sonner est utile si vous suspectez que quelqu'un a peut-être pris votre téléphone par accident ou que la sonnerie forte vous aidera, vous ou une autre personne, à trouver votre téléphone à proximité. Si vous préférez ne pas utiliser la fonction Gestionnaire d'appareils Android pour suivre votre téléphone s'il venait à disparaître, vous pouvez également télécharger l'une des nombreuses applications de suivi disponibles sur le Google Play Store. Ces applications vous permettront de vous connecter à un site Web où, si votre téléphone a été volé, vous pourrez trouver l'emplacement du téléphone à distance. Une application comme Lookout - parmi beaucoup d'autres disponibles à la fois sur l'Apple Store et le Google Play Store - vous permettra de déclencher une alarme, de verrouiller votre téléphone et d'effacer à distance les données de votre téléphone.

### Instruction2:
Les smartphones ont des fonctionnalités pour localiser un téléphone perdu ou volé. Activez le mode de localisation et configurez un compte iCloud (pour iPhone) ou Google (pour Android) pour utiliser ces outils. Vous pouvez verrouiller le téléphone à distance et le faire sonner pour le retrouver. Si nécessaire, des applications de suivi peuvent également être téléchargées.",7.4406328201293945
036_35110,"### Instruction1:
Il suffit de placer le riz dans de l'eau bouillante et de le cuire pendant le temps indiqué sur les instructions. Certains types de riz blanc peuvent prendre juste 10 minutes à ébullition, tandis que d'autres peuvent prendre 30 minutes ou plus. Vous pouvez également réchauffer du riz instantané au micro-ondes, mais il peut ne pas être aussi savoureux. Une fois cuit, vous pouvez le rendre léger pour qu'il ne colle pas. D'abord, lavez 2 tasses de carottes, 1 oignon moyen, 1 gousse d'ail, un morceau de racine de gingembre, et 1 tasse de germes de soja. Ensuite, coupez les carottes et les oignons en dés, et hachez juste 1 cuillère à café de gingembre frais. Mettez ces ingrédients de côté. La poêle doit être très profonde, presque comme un wok. Placez-la à feu moyen. Assurez-vous que la poêle est exempte de toute trace d'eau, car l'huile crépite et éclabousse partout. Ajoutez les carottes, l'oignon, l'ail, les germes de soja et le gingembre dans la poêle. Ajoutez 1 cuillère à café de sel et une pincée de poivre noir. Les légumes devraient suer un peu, mais ne doivent pas brunir. Vous pouvez utiliser du poulet que vous avez cuit pour un autre repas le jour précédent, ou acheter ou préparer du poulet cuit spécialement pour le riz frit. Coupez simplement le poulet en fines lanières et placez-le dans la poêle. Vous pouvez ajouter progressivement l'huile quand cela devient nécessaire -- vous n'avez pas à tout mettre d'un coup. Cassez les œufs dans un bol et battez-les ensemble. Ensuite, versez les œufs dans la poêle. Faites frire le riz et les autres ingrédients ensemble pendant 2 à 3 minutes, juste le temps de réchauffer le riz et de mélanger les ingrédients. Continuez à remuer pendant que vous faites frire le riz. Ajoutez 3 cuillères à soupe (44,4 ml) de sauce soja au mélange et faites frire les ingrédients ensemble pendant encore 30 secondes. Ensuite, retirez la poêle du feu. Placez le riz dans un plat et garnissez-le de quelques brins d'oignon vert. Profitez de ce plat en tant que plat principal.

### Instruction2:
Pour préparer un riz frit, commencez par cuire le riz dans de l'eau bouillante selon les instructions. Ensuite, préparez des légumes frais tels que des carottes, des oignons, de l'ail et du gingembre. Faites revenir ces légumes dans une poêle profonde, ajoutez du poulet cuit en lanières, puis incorporez des œufs battus et faites frire le tout avec de la sauce soja. Servez avec des oignons verts en garniture.",4.479193449020386
036_59257,"### Instruction1:
En améliorant vos habitudes alimentaires, vous réduirez votre masse grasse et votre fatigue, tout en gagnant en muscle et en endurance. Ne pas bien manger pourrait être ce qui vous empêche de battre votre record de 800 mètres. Mangez une variété d'aliments sains comme des fruits, des légumes, des grains entiers et des viandes maigres. Cela améliorera votre composition corporelle. Augmentez votre apport en protéines et en la bonne quantité de glucides, car ces nutriments fourniront à votre corps les éléments nécessaires pour construire du muscle et donner de l'énergie. Si vous vous entraînez pendant 30 à 45 minutes, visez environ 3 grammes (0,11 oz) de glucides les jours d'entraînement. Si vous vous entraînez pendant 46 à 60 minutes, visez environ 5 grammes (0,18 oz) de glucides les jours d'entraînement. Évitez les aliments transformés riches en sucre et en sodium. Ceux-ci empêcheront votre corps de fonctionner efficacement. Consommez les bonnes collations riches en glucides avant et après l'entraînement. Celles-ci doivent être consommées une heure avant l'entraînement et dans les 30 minutes suivant un entraînement. Les bananes, les shakes protéinés et les barres énergétiques sans caféine sont idéales. Votre corps a besoin d'environ deux litres d'eau par jour pour rester correctement hydraté. Les jours de course, vous devez boire de l'eau supplémentaire pour compenser votre dépense et éviter de ralentir. Ne buvez pas simplement de l'eau en excès ; écoutez votre corps et buvez quand vous avez soif. L'hydratation avant et après l'entraînement est vitale. Une heure avant de commencer votre course, essayez de boire environ 450 g (16 oz) d'eau. Buvez la même quantité d'eau après avoir couru. Recherchez des signes de déshydratation. Se sentir assoiffé ou avoir la bouche sèche, des maux de tête, des vertiges, un manque d'urination et de la constipation sont autant de signes que votre corps vous indique que vous êtes déshydraté. Si vous commencez à ressentir l'un de ces symptômes, il est préférable d'augmenter votre consommation d'eau. En vous étirant correctement, vous pouvez améliorer votre foulée et la longueur de votre foulée (augmentant ainsi votre vitesse). S'étirer avant et après votre entraînement aidera également à prévenir les blessures. Les muscles à étirer comprennent vos muscles des jambes (ischio-jambiers, quadriceps et adducteurs) et le bas de votre corps (fléchisseurs de la hanche et fessiers). Essayez d'ajouter deux ou trois longues séances d'étirement par semaine à votre programme d'entraînement. Faites un peu de yoga pour vous aider avec votre flexibilité. Vous ne pourrez pas courir un 800 mètres plus vite en une journée. Comme pour l'entraînement pour un marathon, la meilleure façon d'atteindre vos objectifs est de suivre un calendrier. En suivant un plan d'entraînement, vous pouvez atteindre des performances optimales, même en courant une distance plus courte. Fixez une date limite et travaillez à rebours. Même pour un sprint de 800 mètres, choisissez une date à laquelle vous souhaitez réaliser ce sprint avec votre meilleur temps. Faites une ou deux séances d'entraînement de qualité et intenses par semaine. Celles-ci comprennent des courses en côte ou des courses au tempo. Choisissez des jours de repos où vous pouvez faire un autre type d'exercice modéré comme le yoga pour rester souple. Assurez-vous de bien dormir avant la course.

### Instruction2:
Améliorez votre alimentation pour réduire la graisse corporelle et augmenter l'endurance. Mangez des aliments sains et évitez les produits transformés. Hydratez-vous correctement avant et après l'entraînement, et étirez-vous pour prévenir les blessures. Suivez un plan d'entraînement avec des objectifs précis pour améliorer vos performances.",7.142009496688843
036_16107,"### Instruction1:
Une façon de célébrer l'anniversaire de vos parents est d'organiser une grande fête pour eux. Vous pouvez envoyer des invitations à la famille, aux amis et aux proches pour se joindre à vous afin de célébrer l'amour de vos parents. Utilisez votre maison comme lieu pour la fête ou louez une salle afin qu'il y ait suffisamment d'espace pour tous les invités. Vous pouvez demander à vos frères et sœurs de vous aider à planifier la fête, surtout s'il y aura beaucoup d'invités. Des éléments comme la nourriture, les boissons, les chaises et les sets de table devront tous être organisés pour la fête. Réfléchissez à la possibilité de surprendre vos parents avec la grande fête ou de les impliquer dans la planification. Vous pouvez opter pour une fête surprise si vos parents aiment les surprises et les impliquer s'ils ne sont pas très friands de surprises. Vous et vos frères et sœurs pouvez également partager les responsabilités d'hôtes, en prenant des tours pour présenter les membres de la famille ou les proches qui souhaitent faire des discours ou porter des toasts en l'honneur de vos parents. Vous pouvez créer un emploi du temps flexible pour la fête afin qu'il y ait un mélange de discours et de moments amusants tout au long de l'événement pour célébrer le mariage de vos parents. Si vous préférez garder la célébration petite, vous pouvez planifier une réunion intime en l'honneur de vos parents. Un rassemblement plus petit peut correspondre davantage au style de vos parents. Si vous essayez de planifier un événement à court terme, une petite fête avec cinq à dix invités peut être plus facile à organiser. Vous pouvez organiser une fête cocktail chez vous ou chez un frère ou une sœur pour célébrer vos parents, accompagnée de collations et de boissons raffinées. Ou vous pouvez planifier un petit dîner avec la famille proche et des amis dans un restaurant que vos parents aiment. Décidez si le rassemblement sera une surprise pour vos parents afin de célébrer leur amour. Si vous ne voulez pas que ce soit une surprise, vous pouvez impliquer vos parents dans la planification de l'événement. Vous pouvez rendre l'événement plus spécial et festif en ayant un thème pour la fête. Pensez à un thème qui parle vraiment à vos parents en tant que couple et essayez de choisir quelque chose que vous pensez qu'ils trouveront amusant ou représentatif de leur relation. En l'honneur de l'anniversaire argent de vos parents, vous pouvez opter pour un thème argent, avec des centres de table argentés, des décorations argentées et un gâteau décoré de détails argentés. Vous pouvez choisir un thème que vos parents adorent et l'utiliser pour la fête. Par exemple, peut-être que vos parents aiment voyager et ont voyagé ensemble dans de nombreux endroits à travers le monde. Vous pouvez alors mettre des photos de leurs voyages sur chaque table et avoir un thème des merveilles du monde pour la fête. Certains couples aiment renouveler leurs vœux pour commémorer leurs années d'étape. Vous pouvez approcher vos parents et leur demander s'ils seraient intéressés à renouveler leurs vœux dans le cadre de l'événement que vous planifiez pour leur 25e anniversaire. Faire renouveler les vœux de vos parents en présence de la famille et des amis peut créer un souvenir spécial pour tous les présents. Vos parents peuvent vous demander s'ils peuvent renouveler leurs vœux dans le cadre de leur célébration du 25e anniversaire. S'ils aiment cette idée, vous devriez organiser la présence d'un officier de l'état civil ou d'un autre officiant à l'événement pour que vos parents puissent renouveler leurs vœux.

### Instruction2:
Organisez une fête pour célébrer l'anniversaire de vos parents. Invitez la famille et les amis, et impliquez vos frères et sœurs dans la planification. Choisissez un thème qui leur plaît et envisagez de renouveler leurs vœux pendant l'événement.",6.295837640762329
036_59112,"### Instruction1:
Mélangez l'eau et le sucre dans une petite casserole à parois hautes. Placez la casserole sur le feu à feu moyen-élevé. Commencez avec de l'eau froide. Le rapport dans cette recette créera un sirop épais adapté pour les boissons aux fruits froides, les cocktails et les fruits confits. Pour créer un sirop d'épaisseur moyenne à utiliser dans le thé glacé et les boissons chaudes, augmentez le rapport à deux parts d'eau pour une part de sucre. Pour un sirop fin adapté à utiliser comme glaçage pour les desserts, modifiez le rapport à trois parts d'eau pour une part de sucre. Remuez le mélange pendant qu'il bout afin de dissoudre le sucre. Utilisez un feu moyen-élevé à élevé et remuez avec une cuillère en bois ou en plastique. Cela peut prendre de 3 à 5 minutes avant que le mélange atteigne un bouillonnement vif. Vérifiez si le sucre est dissous en prenant une petite quantité avec votre cuillère. Si vous voyez des cristaux de sucre, continuez à faire bouillir le sirop plus longtemps. Réduisez le feu à doux et laissez mijoter pendant 10 minutes, en remuant de temps en temps. Si vous voulez créer un sirop aromatisé, ajoutez les arômes pendant que le sirop mijote. Les ingrédients liquides, comme le jus de citron vert ou de citron frais, peuvent être ajoutés directement au sirop et mélangés. Les ingrédients solides, comme les écorces d'orange, les brins de menthe ou les bâtons de cannelle, doivent être attachés en un paquet avec de la gaze et de la ficelle et infusés dans le sirop pendant qu'il mijote. Retirez le sirop du feu et laissez-le refroidir à température ambiante. Ne placez pas le sirop au réfrigérateur pendant cette étape de refroidissement. Au lieu de cela, laissez-le atteindre la température ambiante sur le comptoir. Vous pouvez ajouter le sirop à votre recette immédiatement ou le verser dans un récipient à couvrir et réfrigérer pour plus tard. Le sirop devrait se conserver au réfrigérateur pendant une durée allant d'un à six mois.

### Instruction2:
Mélangez l'eau et le sucre pour créer différentes épaisseurs de sirop selon vos besoins. Il est essentiel de bien dissoudre le sucre en chauffant le mélange, puis d'ajouter des arômes si souhaité. Laissez refroidir le sirop à température ambiante avant de l'utiliser ou de le conserver au réfrigérateur, où il peut durer de un à six mois.",4.3178534507751465
036_38159,"### Instruction1:
Les filles girly ont une excellente hygiène ! Assurez-vous de prendre une douche chaque jour et de vous nettoyer soigneusement avec du savon et de l'eau. Si vous voulez être encore plus girly, essayez d'acheter du shampooing, un après-shampooing et un gel douche parfumés. Avoir la peau douce est une grande partie de la féminité. Vous devriez utiliser un hydratant ou une lotion sur votre visage et votre corps chaque jour, même si vous avez la peau grasse ; l'hydratant empêchera votre peau de produire ses propres huiles. Vous pouvez utiliser n'importe quel type, mais vérifiez d'abord l'étiquette pour voir si c'est le meilleur type pour votre type de peau. Si vous avez de l'acné, vous pouvez toujours être une fille girly ! Essayez de boire beaucoup d'eau et d'utiliser du peroxyde de benzoyle sur vos boutons. Si vous ne pouvez pas vous en débarrasser, ce n'est pas grave ; beaucoup de gens ont de l'acné. Vous n'avez pas besoin de mettre une nouvelle couleur de vernis à ongles chaque jour, mais vos ongles doivent être propres et manucurés tout le temps. Coupez et limez vos ongles pour qu'ils soient uniformes, nettoyez-les chaque jour et vérifiez chaque jour s'il y a des éclats de vernis. Si vous aimez changer la couleur de votre vernis, essayez de l'assortir à votre tenue. Si vous ne voulez pas mettre de nouveau vernis tout le temps, essayez de porter un top coat. Cela a l'air tout aussi soigné et girly, mais vous n'avez pas à vous en soucier autant. Gardez vos cheveux brossés et coiffés chaque jour. Assurez-vous que vos cheveux n'ont pas de nœuds ou d'emmêlement, et qu'ils sont propres et soignés. Développez une coiffure signature qui vous convient et gardez vos cheveux bien coiffés chaque jour. Selon votre type de cheveux, vous devrez peut-être les laver tous les jours. Si vos cheveux semblent gras et plats à la fin de chaque journée, vous devriez les laver quotidiennement. Votre coiffure n'a pas besoin d'être élaborée. Votre style signature pourrait être aussi simple que de les séparer sur le côté et de porter une barrette ! Vous pouvez également essayer des tresses, des queues de cheval et des chignons simples. Si vous ne savez pas comment coiffer vos cheveux, demandez à une amie des conseils ou visitez un salon. Sentir bon est un aspect essentiel d'une fille girly ! Assurez-vous d'utiliser un déodorant chaque jour. Vous pouvez aussi porter du parfum ; de nombreuses femmes féminines ont un parfum signature qu'elles portent chaque jour. Si vous ne portez pas beaucoup de parfum, essayez d'abord une senteur florale ou fruitée légère. Ne remplacez pas le déodorant ou le parfum par un bain. Les gens peuvent le sentir. Utilisez le moins de parfum possible et appliquez-le uniquement sur les points de pulsation comme vos poignets et votre cou. Votre parfum doit être une fragrance subtile que les gens ne remarquent que lorsqu'ils sont à côté de vous, et non une odeur forte qui flotte dans l'air autour de vous. Les filles girly gardent leurs dents aussi propres que possible. Brossez et passez du fil dentaire chaque jour, et n'oubliez pas d'utiliser un bain de bouche ou des bonbons à la menthe pour garder votre haleine fraîche. Emportez du fil dentaire avec vous et utilisez-le après chaque repas ou collation. C'est acceptable si vos dents sont tordues ou si vous portez un appareil dentaire. Veillez simplement à ce qu'elles soient propres ! Essayez de porter un peu de maquillage pour obtenir un look de fille girly. Un maquillage léger vous fera paraître plus féminine, et il est beaucoup plus facile à appliquer qu'un maquillage complet. Continuez à pratiquer jusqu'à ce que votre maquillage ait l'air naturel et soit facile à appliquer pour vous. Essayez d'abord d'utiliser juste du gloss à lèvres et du mascara. Gardez les ombres à paupières et les blushs dans des couleurs neutres et claires comme le rose pâle ou le beige. Si vous souhaitez porter du fond de teint, rendez-vous d'abord à un comptoir de maquillage pour vous assurer qu'il correspond à votre teint. Porter un maquillage plus lourd est également acceptable ! Assurez-vous simplement d'avoir d'abord pratiqué votre look.

### Instruction2:
Les filles girly doivent maintenir une bonne hygiène personnelle en se lavant quotidiennement, en utilisant des produits parfumés, et en prenant soin de leur peau et de leurs cheveux. Elles doivent garder leurs ongles propres et manucurés, utiliser un déodorant et un parfum léger, et s'assurer que leurs dents sont bien brossées. Un maquillage léger peut compléter leur look girly, en gardant les choses simples et naturelles tout en développant un style signature.",8.588016986846924
036_55281,"### Instruction1:
Offrez-leur des boissons et des amuse-gueules. Idéalement, faites-les se rassembler dans une zone afin que le mystère puisse commencer dès que tout le monde est arrivé. Permettez-leur de faire connaissance en circulant et en posant des questions. C'est un excellent brise-glace et cela aide à plonger tout le monde dans l'histoire. Ne précipitez pas le repas. Laissez vos invités savourer leur nourriture et discuter entre eux de qui ils pensent être le meurtrier. Soyez attentif à ce que les conversations de vos invités ne s'écartent pas vers d'autres sujets. Il est normal que les conversations dévient, mais essayez de minimiser cela. Vous pouvez permettre aux membres du casting de se mêler à vos invités entre les scènes, et selon leurs rôles, ils peuvent donner des indices utiles ou des indices qui égarent. Ne laissez personne être trop sûr d'avoir résolu le meurtre ! Non seulement la bonne musique améliorera l'ambiance, mais elle couvrira également les silences dans la conversation. Avoir un lecteur Mp3 ou un changeur de CD réglé sur lecture en continu est un excellent moyen de garder la musique en marche. Il est toujours amusant pour vos invités de s'asseoir et de commencer à révéler certains de leurs secrets ou des complots qu'ils avaient en cours. Tout le monde sera étonné de voir combien de choses se passaient sous leurs nez tout le temps !

### Instruction2:
Organisez une rencontre où les invités peuvent se mélanger et poser des questions. Permettez des discussions autour du repas sans se précipiter. Impliquez les membres du casting pour donner des indices. Utilisez de la musique pour maintenir l'ambiance et encouragez les invités à partager des secrets.",3.6804637908935547
036_35506,"### Instruction1:
Réfléchir à votre jalousie et travailler à vous améliorer peut grandement aider à résoudre votre problème. Cependant, vous devez comprendre que peu importe ce que vous faites, vous ne serez jamais parfait, et qu'il y aura toujours des choses que vous désirez. Réalisez que la vie n'est pas juste. Vous ne pourrez pas avoir tout ce que vous voulez, peu importe combien vous essayez, et il peut y avoir des personnes qui sont vraiment plus chanceuses que vous. Mais une fois que vous acceptez ce fait, vous pouvez lâcher prise et cesser d'essayer d'avoir tout. Appréciez d'être vous-même. Vous pouvez être une personne imparfaite comme tout le monde, mais prenez le temps d'apprécier vos particularités et d'apprendre à aimer qui vous êtes. Accordez-vous du temps seul et appréciez vraiment votre propre compagnie. Concentrez-vous sur vos qualités positives. Même s'il y a encore quelques choses qui vous manquent, concentrez-vous sur les aspects de votre vie que vous aimez, comme vos relations ou votre travail incroyable. Mettez l'accent sur les choses que vous avez et que vous aimez plutôt que de penser aux choses que vous voulez. Une fois que vous aurez fait tout votre possible pour vaincre la jalousie qui prenait le contrôle de votre vie, vous devez encore vous assurer qu'elle ne ressurgisse pas à l'avenir. Il y a quelques mesures que vous pouvez prendre pour vous assurer de ne pas ressentir de jalousie à l'avenir : Ne prenez jamais rien pour acquis. Chaque matin, rappelez-vous au moins dix choses pour lesquelles vous êtes reconnaissant. Établir une routine à cet égard renforcera l'idée que vous êtes une personne qui ne devrait pas être jalouse. Évitez les situations qui peuvent mener à la jalousie. Si vous ne pouvez pas vous empêcher d'être un peu jalouse en tant que petite amie, ne sortez pas avec un garçon qui a tendance à fréquenter beaucoup de filles. Si vous avez une amie qui semble avoir tout et dont vous ne pouvez pas vous empêcher d'être jalouse, essayez de passer moins de temps avec elle si cela vous fait vous sentir mal dans votre peau. Reconnaissez votre jalousie. Dès que vous réalisez que vous ressentez de la jalousie envers quelqu'un, rentrez chez vous et réfléchissez dans un carnet. Pourquoi êtes-vous jalouse de cette personne ? Comment pouvez-vous travailler pour arrêter la jalousie avant qu'elle ne devienne incontrôlable ? Rappelez-vous qu'il est sain d'être jaloux de temps en temps. Ne vous culpabilisez pas si vous ne pouvez pas arrêter d'être jaloux de absolument tout. Si votre amie vient d'avoir une toute nouvelle voiture et que vous souhaitez pouvoir en acheter une, ou si votre amie vient d'annoncer qu'elle se marie alors que vous aimeriez vraiment avoir un petit ami, il est normal de ressentir de la jalousie pendant un certain temps. Lorsque la jalousie consomme votre vie et influence chacune de vos actions, alors vous avez un vrai problème.

### Instruction2:
Acceptez vos imperfections et travaillez à vous améliorer. Appréciez qui vous êtes, concentrez-vous sur vos qualités positives et soyez reconnaissant. Évitez les situations qui provoquent la jalousie et reconnaissez vos sentiments. Il est normal d'être jaloux parfois, mais lorsque cela devient envahissant, c'est un problème.",5.394166946411133
036_55732,"### Instruction1:
Pour un coussin chauffant plus petit, utilisez une chaussette mi-mollet. Pour un coussin chauffant plus grand, utilisez une chaussette au-dessus du mollet ou une chaussette jusqu'au genou. Utilisez une chaussette 100 % coton. Choisissez une chaussette épaisse avec un tissage serré pour protéger votre peau des grains de riz chauds et pour éviter que le riz ne s'échappe. Il est important d'utiliser du coton, car cela ne brûlera pas et ne fondra pas au micro-ondes. Assurez-vous que le matériau de la chaussette ne contient pas de fils métalliques, comme de l'argent ou du cuivre, car ceux-ci peuvent s'enflammer au micro-ondes. N'utilisez pas de chaussettes qui ont des trous, car le riz risque de tomber. Pour un coussin chauffant fait maison plus grand, utilisez une petite taie d'oreiller au lieu d'une chaussette.

### Instruction2:
Utilisez des chaussettes en coton pour créer des coussins chauffants faits maison, en vous assurant qu'elles sont sans trous et sans fils métalliques. Une chaussette mi-mollet convient pour un petit coussin, tandis qu'une chaussette plus longue ou une taie d'oreiller convient pour un plus grand coussin.",2.9222841262817383
036_41456,"### Instruction1:
Les versions antérieures de Publisher ne prennent pas en charge l'enregistrement au format PDF. Utilisez la méthode ci-dessus si vous utilisez Publisher 2003 ou une version antérieure. Il se peut que vous soyez invité à sélectionner l'emplacement avant de continuer. Cela vous permettra d'enregistrer le fichier au format PDF. Vous devrez peut-être installer le module complémentaire de Microsoft disponible ici pour Publisher 2007. Publisher vous permet d'optimiser votre document pour le format PDF. La fenêtre des options de publication vous permettra d'ajuster la résolution des images. Cliquez sur ""Options d'impression"" pour ajuster le document pour l'impression. Choisissez un emplacement et enregistrez le fichier au format PDF. Vous pourrez maintenant ouvrir ce PDF dans n'importe quel programme qui prend en charge ce format.

### Instruction2:
Les versions plus anciennes de Publisher ne peuvent pas enregistrer en PDF. Pour Publisher 2003 ou antérieur, suivez une méthode spécifique. Pour Publisher 2007, un module complémentaire peut être nécessaire. Vous pouvez optimiser votre document pour le PDF, ajuster la résolution et choisir un emplacement pour l'enregistrement. Ensuite, le PDF peut être ouvert avec n'importe quel programme compatible.",2.689436912536621
036_13561,"### Instruction1:
Lorsque vous voyagez dans des endroits situés à des altitudes élevées, vous devriez essayer d'y arriver lentement. Votre corps a généralement besoin de trois à cinq jours à des altitudes supérieures à 8 000 pieds pour s'acclimater à l'environnement avant de voyager plus haut. Pour vous aider, surtout si vous voyagez dans des zones sans marqueurs d'altitude, achetez un altimètre ou une montre avec un compteur d'altitude afin de savoir à quelle hauteur vous avez voyagé. Vous pouvez les acheter en ligne ou dans un magasin de sport de montagne. Il y a d'autres comportements que vous devriez éviter. Ne dépassez pas 9 000 pieds d'altitude en un jour. Ne dormez pas à 1 000 à 2 000 pieds au-dessus de l'altitude à laquelle vous avez dormi la nuit précédente. Vous devriez toujours passer une journée supplémentaire à vous acclimater pour chaque 3 300 pieds. Une autre façon de lutter contre le mal d'altitude est de vous reposer beaucoup. Les voyages nationaux et internationaux peuvent modifier vos habitudes de sommeil normales. Cela peut vous rendre fatigué et déshydraté, ce qui augmente votre risque de mal d'altitude. Avant de commencer votre montée, prévoyez un jour ou deux de repos pour vous habituer à votre nouvel environnement et à vos nouveaux rythmes de sommeil, surtout si vous voyagez à l'international. De plus, pendant vos trois à cinq jours d'acclimatation à votre nouvelle altitude, prenez les un ou deux premiers jours pour vous reposer avant d'explorer la région. Avant de partir pour un voyage où vous allez monter à de hautes altitudes, procurez-vous des médicaments pour aider. Prenez rendez-vous avec votre médecin pour obtenir des médicaments prophylactiques avant de partir. Discutez de vos antécédents médicaux et expliquez que vous allez à des altitudes supérieures à 8 000 à 9 000 pieds. Si vous n'êtes pas allergique, votre médecin peut vous prescrire de l'acétazolamide. C'est un médicament approuvé par la FDA pour la prévention et le traitement du mal aigu des montagnes. L'acétazolamide est un diurétique, qui augmente la production d'urine, et est connu pour entraîner une augmentation de la ventilation respiratoire qui permet un meilleur échange d'oxygène dans notre corps. Prenez 125 mg comme prescrit deux fois par jour à partir du jour précédant votre voyage et continuez pendant deux jours à votre altitude maximale. Si votre médecin déconseille l'acétazolamide ou si vous êtes allergique, il existe d'autres options. Vous pouvez prendre d'autres médicaments non approuvés par la FDA tels que la déxaméthasone, qui est un stéroïde. Des études ont montré que ce médicament réduit l'incidence et la gravité du mal aigu des montagnes. Prenez ce médicament comme prescrit, généralement 4 mg toutes les 6 à 12 heures à partir du jour précédant votre voyage et continuez jusqu'à ce que vous soyez totalement acclimaté à votre altitude maximale. 600 mg d'ibuprofène toutes les 8 heures peuvent également aider à prévenir le mal aigu des montagnes. Le ginkgo biloba a été étudié pour le traitement et la prévention du mal d'altitude, mais les résultats sont variés et ne sont pas recommandés. Avant de partir en voyage, vous pourriez avoir besoin de faire tester vos globules rouges. Prenez rendez-vous avec votre médecin pour ce test avant de partir. Si l'on découvre que vous êtes anémique ou que vous avez un faible taux de globules rouges, votre médecin peut vous conseiller de corriger cela avant de partir. C'est important car les globules rouges transportent l'oxygène vers vos tissus et organes et sont nécessaires à la survie. Il y a plusieurs raisons à un faible taux de globules rouges, la plus courante étant la carence en fer. Une carence en vitamine B peut également entraîner un faible taux de globules rouges. Si c'est le cas, votre médecin peut vous conseiller de prendre des suppléments de fer ou de vitamine B pour corriger votre taux de globules rouges. Si vous voyagez en Amérique centrale ou du Sud pour l'escalade, vous pourriez vouloir acheter des feuilles de coca pendant votre séjour. Bien que cette substance soit illégale aux États-Unis, les habitants d'Amérique centrale et du Sud l'utilisent pour prévenir le mal de montagne. Si vous voyagez dans ces régions, vous pouvez acheter les feuilles et les mâcher ou préparer du thé. Vous devez être conscient qu'une seule tasse de thé peut entraîner un test de dépistage positif à la cocaïne. La coca est un stimulant et des études ont montré qu'elle provoque des changements biochimiques qui améliorent les performances physiques à haute altitude. La déshydratation réduit la capacité de votre corps à s'acclimater à de nouvelles altitudes. Buvez deux à trois litres par jour à partir du jour précédant votre voyage. Gardez un litre d'eau supplémentaire avec vous pendant votre ascension. Assurez-vous de boire selon vos besoins lors de votre descente. Ne buvez pas d'alcool et évitez-le pendant les 48 premières heures de votre voyage. L'alcool est un dépresseur et peut ralentir votre rythme respiratoire et provoquer une déshydratation. Vous devez également éviter les produits contenant de la caféine, comme les boissons énergétiques et les sodas. La caféine peut entraîner la déshydratation de vos muscles. Il y a certains types d'aliments que vous devriez manger pour vous préparer à votre voyage et prévenir le mal d'altitude. Les régimes riches en glucides ont montré dans certaines études qu'ils atténuent les symptômes du mal aigu des montagnes ainsi qu'ils améliorent l'humeur et les performances. D'autres études ont montré une saturation en oxygène améliorée dans le sang lors d'expériences simulées à haute altitude grâce aux glucides. On pense que les régimes riches en glucides peuvent améliorer l'équilibre énergétique. Mangez un régime riche en glucides avant et pendant les périodes d'acclimatation. Cela peut inclure des pâtes, du pain, des fruits et des repas à base de pommes de terre. De plus, il faut éviter le sel en excès. Trop de sel déshydrate les tissus de votre corps. Recherchez des aliments et des repas étiquetés avec peu ou pas de sel ajouté au supermarché. L'endurance physique et le conditionnement peuvent sembler être une bonne idée avant l'escalade, mais des études ont montré qu'il n'existe aucune preuve que la condition physique protège contre le mal d'altitude.

### Instruction2:
Lorsque vous voyagez à des altitudes élevées, acclimatez-vous lentement, évitez de monter trop haut en un jour, reposez-vous suffisamment et hydratez-vous bien. Consulter un médecin pour des médicaments préventifs et adopter un régime riche en glucides avant le voyage peut également aider à prévenir le mal d'altitude.",11.307355880737305
036_61193,"### Instruction1:
En général, avoir une relation réussie nécessite d'avoir confiance en soi et de croire que l'on mérite d'être aimé. Si vous vous aimez vous-même, vous êtes plus préparé à être en couple. Si vous avez partagé vos sentiments et qu'ils ont été bien reçus, après un certain temps (la durée varie pour chaque couple), vous pouvez commencer à ressentir l'envie d'avoir une relation officielle. Vous ne pouvez pas simplement supposer que vous êtes tous les deux sur la même longueur d'onde. Vous devez lui demander s'il veut être votre petit ami officiel. Parfois, lorsque vous prenez du recul et réfléchissez vraiment à la personne et à vos interactions, vous pouvez dire s'il y a un avenir pour la relation. Dans certains cas, il est préférable de ne pas avancer dans la relation, mais plutôt de décider de rester amis. Si vous décidez de progresser dans la relation, vous devez être clair sur vos attentes et ce dont vous avez besoin d'un petit ami pour que la relation soit réussie. Vous pouvez avoir une relation à long terme, engagée et aimante si c'est ce que vous désirez vraiment. Comme pour toutes les relations, cela prendra du temps, du respect mutuel et des efforts continus. Si vous êtes tous les deux d'accord pour être des petits amis, commencez à vous amuser ensemble et à profiter de la compagnie de l'autre. Il est important de clarifier quel type de relation vous souhaitez avoir. Dire simplement que vous êtes des petits amis peut ne pas suffire. Vous devriez parler de la question de savoir si votre relation est monogame et si vous envisagez tous les deux un avenir ensemble. Si vous ne l'avez pas encore fait, c'est un bon moment pour vous assurer qu'il n'est pas dans une autre relation, surtout si vous décidez d'être exclusifs.

### Instruction2:
Pour avoir une relation réussie, il est essentiel d'avoir confiance en soi et de croire en sa valeur. Une bonne communication est nécessaire pour clarifier les attentes et déterminer si vous souhaitez avancer vers une relation officielle. Prenez le temps de réfléchir à la compatibilité et assurez-vous que chacun est sur la même longueur d'onde.",3.5167407989501953
036_44850,"### Instruction1:
Appuyez sur l'icône de l'application Google Drive, qui ressemble à un triangle vert, jaune et bleu sur un fond blanc. Cela ouvrira Google Drive pour le principal compte Google de votre Android. Vous pouvez passer à un autre compte en appuyant sur ☰, puis en appuyant sur l'image de profil du compte que vous souhaitez utiliser. Si votre Android n'est pas connecté au compte Google que vous avez utilisé sur votre ordinateur, vous pouvez vous connecter en appuyant sur ☰, en appuyant sur votre adresse e-mail, en appuyant sur Ajouter un compte, en appuyant sur Google, et en entrant les informations de connexion de votre compte. Faites défiler le contenu de Google Drive jusqu'à ce que vous trouviez le fichier vCard que vous avez téléchargé depuis votre ordinateur. Cela fera apparaître un menu déroulant après environ une seconde. Il se trouve dans le menu déroulant. Google Drive commencera à télécharger le fichier vCard dans le dossier ""Téléchargements"" de votre Android. Appuyez sur le bouton Accueil pour ce faire. Une fois le téléchargement du fichier vCard terminé, vous pouvez importer son contenu dans les Contacts de votre Android.

### Instruction2:
Ouvrez l'application Google Drive pour accéder à votre compte, connectez-vous si nécessaire, trouvez le fichier vCard téléchargé, téléchargez-le, puis importez-le dans les Contacts de votre appareil Android.",2.38741397857666
036_10507,"### Instruction1:
Mettez une petite quantité de colle au centre arrière des cellules, puis enfoncez-les en place sur le panneau. Le fil de tabulation doit passer en ligne droite à travers chaque rangée. Assurez-vous que les extrémités du fil de tabulation sortent entre les cellules et sont libres de bouger, avec juste les deux morceaux qui se dressent entre chaque cellule. Gardez à l'esprit qu'une rangée devra être orientée dans la direction opposée à celle qui est à côté, de sorte que le fil de tabulation dépasse à la fin d'une rangée et de l'autre côté de la suivante. Vous devez prévoir de placer les cellules en longues rangées, avec un nombre réduit de rangées. Par exemple, trois rangées chacune composée de 12 cellules placées long côté contre long côté. N'oubliez pas de laisser un pouce (2,5 cm) à chaque extrémité du panneau. Appliquez de la pâte à braser sur la longueur des deux lignes épaisses (plaques de contact) sur chaque cellule. Ensuite, prenez les sections libres du fil de tabulation et soudez-les sur toute la longueur des plaques. Le fil de tabulation connecté à l'arrière d'une cellule doit se connecter à l'avant de la cellule suivante dans tous les cas. Au début de la première rangée, soudez le fil de tabulation à l'avant de la première cellule. Le fil de tabulation devrait être d'environ un pouce (2,5 cm) plus long que nécessaire pour couvrir les lignes et devrait s'étendre vers l'espace supplémentaire sur le panneau. Soudez ces deux fils ensemble avec un morceau de fil bus de la même taille que la distance entre les lignes épaisses de la cellule. Connectez l'extrémité de la première rangée au début de la deuxième avec un long morceau de fil bus qui s'étend entre le fil au bord du panneau et le fil qui est le plus éloigné dans la rangée suivante. Vous devrez préparer la première cellule de la deuxième rangée avec un fil de tabulation supplémentaire, comme vous l'avez fait avec la première. Connectez les quatre fils à ce fil bus. Continuez à connecter les rangées avec les longs fils bus jusqu'à ce que vous atteigniez la fin, où vous les connecterez de nouveau avec un court fil bus.

### Instruction2:
Pour assembler des cellules, appliquez de la colle au dos, alignez les cellules en rangées, et soudez les fils de tabulation. Connectez les rangées avec des fils bus, en veillant à orienter certaines cellules dans la direction opposée.",4.4612884521484375
036_12599,"### Instruction1:
Allongez-vous dans la position de sommeil la plus naturelle possible. Ne tenez rien, mettez vos jambes sur le lit et ne relevez pas votre tête. Si vous dormez habituellement sur le ventre, faites-le lorsque vous simulez le sommeil. Les personnes que vous connaissez ne trouveront pas cela suspect. Quand vous dormez naturellement, vous bougez très peu. Pour donner l'impression que vous êtes vraiment endormi, il est préférable de ne pas bouger. À moins que quelqu'un ne vous observe dormir pendant une période prolongée, vous ne serez pas censé bouger. Évitez de pincer vos paupières ensemble de manière serrée. Pour donner la meilleure impression de sommeil, vos muscles, y compris vos paupières, doivent être détendus. Regardez vers le bas en fermant les yeux pour empêcher vos paupières de s'agiter. Vos yeux ne sont pas toujours complètement fermés lorsque vous dormez. Laissez vos paupières s'affaisser et se fermer doucement ; vous pouvez encore être capable de voir à travers l'entrebâillement de vos paupières. Prenez des respirations lentes, égales et profondes. Vous devez détendre votre respiration et essayer de la garder aussi régulière que possible. Comptez dans votre tête alors que vous inspirez, puis essayez d'expirer pendant la même durée. Répétez cela pour chaque respiration que vous prenez. Si vous entendez un bruit fort ou si vous êtes touché, prenez une respiration courte et soudaine et tressaillez légèrement votre corps. Même pendant le sommeil, nos corps sont conscients de ce qui se passe autour d'eux. Vendez votre faux sommeil en intégrant ce qui semble être des réactions inconscientes aux sons et mouvements dans la pièce. Après avoir réagi à la perturbation, laissez votre corps se détendre et votre respiration revenir à un état lent et régulier. Assurez-vous de ne pas sourire ou ouvrir les yeux, sinon vous révélerez que vous êtes en réalité éveillé.

### Instruction2:
Pour simuler un sommeil, allongez-vous dans une position naturelle, détendez vos muscles et respirez lentement. Réagissez légèrement aux bruits ou mouvements sans montrer que vous êtes éveillé. Gardez les yeux fermés et détendus.",4.541821718215942
036_19498,"### Instruction1:
Être déshydraté peut en fait amener votre corps à retenir l'eau et à vous donner un aspect gonflé. Évitez cela en vous hydratant et en restant en bonne santé. Pour reconstituer les fluides de votre corps, visez à boire environ 8 verres d'eau de 8 oz (240 mL) chaque jour. Apportez une bouteille d'eau avec vous lorsque vous vous entraînez ou que vous vous prélassez à la plage pour réduire le gonflement. Incorporez davantage d'aliments riches en fibres dans votre alimentation pour aider votre système digestif à fonctionner correctement et pour éviter que votre ventre n'ait l'air et ne se sente gonflé. Visez des fruits riches en fibres comme les framboises, les fraises, les oranges et les bananes. Remplacez les céréales raffinées par des grains entiers comme le riz brun, le quinoa et le sarrasin. Vous pouvez également obtenir des fibres à partir de légumes et de légumineuses tels que les pois verts, les pois cassés et les lentilles. Les aliments riches en fibres vous aideront également à vous sentir rassasié plus longtemps, donc vous ne serez pas tenté de grignoter. Même si vous souhaitez perdre du poids, évitez de sauter des repas. Au lieu de cela, gardez votre métabolisme actif en consommant 3 repas bien proportionnés tout au long de la journée. Au lieu de prendre un gros dîner, essayez de consommer la plupart de vos calories avant 15h00. Essayez de prendre 5 portions de fruits et légumes tout au long de la journée et optez pour des grains de blé entier. Évitez de vous adonner à des collations de minuit ou à des friandises sucrées. Pensez à tenir un journal alimentaire pour suivre votre apport calorique quotidien. Si vous faites beaucoup d'exercice, augmentez la quantité de protéines que vous consommez. À chaque repas, concentrez-vous sur la consommation de beaucoup de protéines maigres sous forme de poisson, d'œufs, de volaille, de viande rouge maigre, de noix et de légumineuses. Si vous souhaitez vraiment augmenter votre apport en protéines, envisagez de prendre des suppléments sous forme de shakes protéinés ou de barres protéinées tant qu'ils sont faibles en matières grasses et en sucre. Les fèves de soja et les produits laitiers faibles en matières grasses sont également de bonnes sources de protéines. Pendant que vous travaillez sur votre corps de plage, évitez les boissons alcoolisées, car elles contiennent des calories vides et souvent beaucoup de sucre. Évitez également les sodas sucrés ainsi que l'eau gazeuse ; la carbonatation peut vous faire sentir plus gonflé. Optez plutôt pour des tisanes comme le gingembre ou la camomille, qui aideront à réduire le gonflement. Évitez les aliments transformés à haute teneur en sodium ; ceux-ci ne feront qu'entraîner une rétention d'eau. Faites attention aux fruits, légumes et légumineuses que vous mangez, car certains aliments autrement sains peuvent provoquer des gaz et un gonflement abdominal. Évitez des aliments comme le brocoli, le chou frisé, les haricots, les oignons et les pommes, ainsi que les produits laitiers. Optez plutôt pour des aliments qui réduisent le gonflement, y compris les concombres, les bananes, la papaye, les asperges et les légumes à feuilles sombres.

### Instruction2:
Restez hydraté pour éviter le gonflement. Consommez des aliments riches en fibres et gardez votre métabolisme actif avec trois repas équilibrés. Évitez les collations tardives et les boissons sucrées, et privilégiez les tisanes. Faites attention aux aliments qui pourraient causer des gaz et choisissez plutôt ceux qui réduisent le gonflement.",6.046318769454956
036_76,"### Instruction1:
Les poivrons verts, rouges ou jaunes sont excellents pour être farcis, et chaque poivron sert une personne. Remettez les poivrons restants au congélateur avant qu'ils ne décongèlent. Créez une farce qui vous plaît ainsi qu'à votre famille en utilisant un mélange d'ingrédients. Mélangez de la viande hachée cuite, de la chapelure, un œuf, du fromage cheddar et du sel et du poivre pour un goût traditionnel de poivron farci. Essayez une boîte de haricots noirs, du riz brun cuit, des tomates, un œuf, du fromage cheddar et du sel et du poivre pour une option végétarienne. Placez les poivrons sur une plaque de cuisson de manière à ce que leur ouverture soit tournée vers le haut. Remplissez chaque poivron avec des portions égales de farce, jusqu'au sommet. Ajoutez des miettes de pain, du fromage ou des assaisonnements supplémentaires sur le dessus. Placez un morceau de beurre sur le dessus de chaque poivron pour plus de richesse. Faites cuire au four pendant 45 minutes, ou jusqu'à ce que le fromage bouillonne et soit doré. Les poivrons doivent être humides et tendres.

### Instruction2:
Les poivrons peuvent être farcis de différentes manières, qu'il s'agisse d'une recette traditionnelle avec de la viande ou d'une option végétarienne. Remplissez les poivrons, ajoutez des garnitures, et faites-les cuire jusqu'à ce qu'ils soient tendres et que le fromage soit doré.",3.17722749710083
036_29776,"### Instruction1:
Les suppléments sont souvent utilisés pour soutenir les personnes qui ont traversé le stress d'une blessure. Le cortisol, qui est une hormone libérée lorsque le corps est stressé à cause d'une blessure, de brûlures et d'infections, provoque une diminution de la glutamine. Certaines études suggèrent que les suppléments de glutamine aident votre système immunitaire, ce qui vous aide à lutter contre les effets néfastes des blessures. La glutamine aide également à réduire les infections. Les propriétés innées de récupération musculaire de la glutamine la rendent également extrêmement efficace chez les patients ayant souffert de brûlures ou ayant subi une chirurgie. La glutamine est un supplément de musculation populaire. Tout comme lorsque le corps subit un stress dû à une blessure, votre corps subit un stress lorsque vous construisez du muscle. Il y a une dégradation à court terme du muscle, et la glutamine, ainsi que d'autres acides aminés, sont les éléments constitutifs du nouveau muscle qui sera construit après l'entraînement. On pense couramment qu'elle aide à recharger et à renforcer les muscles qui sont trop sollicités par un exercice épuisant. Bien que ce soit une méthode populaire, il n'y a pas eu d'études concluantes avec des preuves de son utilisation en musculation. Les patients atteints de cancer ont souvent des niveaux de glutamine ainsi que d'autres macro- et micronutriments faibles. En raison de cette carence, des recherches sont menées sur la manière dont la supplémentation en glutamine peut aider les patients atteints de cancer. Actuellement, elle est utilisée pour les patients malnutris qui suivent un traitement ainsi que pour ceux recevant des greffes de moelle osseuse. Certaines études indiquent qu'elle peut aider à la stomatite, qui est une inflammation de la muqueuse de la bouche, et à la diarrhée associée à la chimiothérapie. Il existe quelques autres conditions que les chercheurs pensent être aidées par la glutamine. La maladie inflammatoire de l'intestin (MII), qui comprend la colite ulcéreuse et la maladie de Crohn, pourrait être aidée par les suppléments de glutamine. Cela s'explique par le fait que la glutamine joue un rôle dans la protection de la muqueuse, qui est la paroi du tractus gastro-intestinal. Prenez un comprimé de 5 g, six fois par jour par voie orale pendant jusqu'à 16 semaines. La durée de ce dosage est limitée car il s'agit d'un dosage beaucoup plus élevé que la normale. Bien qu'il existe certaines preuves que la glutamine aide à la diarrhée et à l'inflammation de la muqueuse près de la bouche, les études n'ont pas encore montré qu'elle aide d'autres affections digestives telles que la maladie de Crohn. La glutamine peut également être utile pour favoriser la prise de poids chez les patients atteints de VIH/SIDA. Quelques études indiquent que la glutamine, en plus d'autres compléments, peut entraîner une prise de poids et une augmentation de la masse musculaire. Cela est utile puisque les patients atteints de VIH/SIDA souffrent souvent d'une perte sévère de poids et de muscles. De plus, cela peut aider ces patients à mieux absorber les nutriments, ce qui est une considération importante dans cette condition.

### Instruction2:
Les suppléments de glutamine sont utilisés pour aider à la récupération après des blessures et à soutenir le système immunitaire. Ils sont bénéfiques pour les patients souffrant de brûlures, de cancers, de maladies inflammatoires de l'intestin et de VIH/SIDA, en favorisant la récupération musculaire, la réduction des infections et la prise de poids. Bien qu'ils soient populaires, il n'existe pas d'études concluantes sur leur efficacité en musculation.",6.147465944290161
036_4335,"### Instruction1:
Si vous vivez dans un immeuble de grande hauteur, vous ne pourrez pas toujours sortir chaque fois que votre chien a besoin d'aller aux toilettes. Choisissez un endroit dans votre appartement qui n'est pas en plein milieu de votre espace de vie, mais qui est également facile d'accès pour votre chien à tout moment. Un coin de la buanderie ou de la cuisine fonctionne bien. Optez pour un endroit avec un sol en bois dur ou en vinyle, plutôt qu'un tapis. Un journal est un matériau peu coûteux que vous pouvez utiliser pour créer un tapis de salle de bain pour votre chien. Des coussinets d'entraînement absorbants sont également disponibles dans les animaleries. Choisissez l'option la plus pratique pour votre foyer. Vous pouvez également utiliser un bac à litière pour chiens. Si vous prévoyez également de sortir votre chien pour qu'il se soulage, envisagez de remplir le bac de terre. De cette façon, le chien apprendra qu'il est acceptable de se soulager à l'extérieur comme à l'intérieur. Amenez votre chien sur le tapis de bain selon un horaire strict, comme vous le feriez si vous entraîniez votre chien à aller à un endroit à l'extérieur. Promenez-le fréquemment vers le tapis tout au long de la journée et chaque fois qu'il montre des signes de besoin. L'odeur de l'urine aidera votre chien à se souvenir que le tapis est l'endroit où il peut aller aux toilettes. Enlevez les excréments immédiatement, mais laissez une feuille de journal ou un petit morceau de coussin avec de l'urine sur le tapis propre afin que votre chien sache naturellement où aller. Chaque fois qu'il réussit à aller sur le tapis, récompensez-le avec une friandise, des caresses et des éloges. Il finira par associer le fait d'aller aux toilettes sur le tapis à des sensations positives, et il commencera à y aller tout seul en peu de temps.

### Instruction2:
Aménagez un espace dans votre appartement pour que votre chien puisse se soulager, en utilisant des matériaux appropriés comme des journaux ou des coussinets absorbants. Établissez une routine stricte pour l'emmener sur le tapis, et récompensez-le lorsqu'il réussit à se soulager au bon endroit.",3.489741325378418
036_31607,"### Instruction1:
Changer ses comportements est difficile, surtout lorsque ce que vous essayez de faire ne vient pas naturellement. Vous pouvez entendre cette petite voix qui vous dit des choses comme « Elle ne veut pas être votre amie. Vous n'avez rien à ajouter à la conversation. Tout ce que vous direz sera stupide. » Ces pensées sont basées sur la peur, pas sur des faits. Contestez-les en vous rappelant que vous avez des pensées et des idées que les autres veulent entendre. Voyez si vous pouvez trouver des preuves pour ces « scripts » lorsqu'ils traversent votre esprit. Par exemple, si votre collègue passe devant votre bureau et ne dit pas bonjour, votre réponse automatique pourrait être de penser : « Wow, elle est vraiment en colère contre moi. Je me demande ce que j’ai fait. Je savais qu’elle ne voulait pas être amie avec moi. » Contestez cette pensée en cherchant des preuves pour la soutenir ; il y a de fortes chances que vous ne trouviez pas grand-chose. Demandez-vous : cette personne vous a-t-elle déjà dit quand elle était en colère auparavant ? Si c'était le cas, elle vous l'aurait probablement dit cette fois aussi. Avez-vous réellement fait quelque chose à cette personne qui pourrait la contrarier ? Est-il possible qu'elle ait juste une mauvaise journée ? Vous êtes peut-être naturellement timide et cela pourrait vous amener à surestimer l'ampleur de vos erreurs aux yeux des autres. Gardez à l'esprit que tant que vous êtes ouvert, honnête et amical, la plupart des gens ne vous rejetteront pas pour un faux pas occasionnel. Se rabaisser à cause de ses erreurs peut signifier que votre anxiété vous empêche d'apprendre et de grandir. Il n'y a rien de mal à être introverti et timide. Décidez ce que vous voulez changer chez vous, mais faites-le pour vous, pas parce que quelqu'un d'autre a suggéré que vous devriez le faire. Réfléchissez à pourquoi votre timidité vous dérange. Peut-être est-ce juste quelque chose que vous pourriez accepter. Ou peut-être que vous voulez simplement vous sentir plus à l'aise pour parler aux personnes qui vous entourent. Être soi-même en tant qu'introverti est bien mieux que de ne pas être vous et de forcer l'extraversion. Pensez aux situations qui intensifient votre timidité. Comment votre corps réagit-il ? Quelles sont vos inclinations ? Comprendre comment vous fonctionnez est la première étape pour prendre le contrôle de vos réactions. Si vous attendez d'avoir envie de faire quelque chose pour agir, les chances sont minces que vous fassiez réellement les changements que vous souhaitez voir. Vous pouvez augmenter votre auto-efficacité en agissant comme vous souhaitez agir, que vous y croyiez ou non au début. Vos attentes sont souvent suffisantes pour faire en sorte que quelque chose se produise. C'est pourquoi le fait de « feindre jusqu'à réussir » fonctionne. Rappelez-vous que changer nécessite du temps. Fixez-vous des objectifs réalistes et ne vous blâmez pas si vous trébuchez de temps en temps. C'est normal. Décidez ce qui vous met au défi. Des objectifs réalistes pour être plus sociable peuvent sembler différents pour vous que pour quelqu'un d'autre. Par exemple, établir un contact visuel avec une personne chaque jour pourrait être une grande victoire pour vous. Choisissez des objectifs qui sont réalistes pour vous. Même si cela peut sembler facile pour certaines personnes d'être sociables, ce comportement a été appris au fil du temps et vous pouvez l'apprendre aussi. En fixant des objectifs et en continuant à travailler pour être plus sociable, vous pouvez changer la façon dont vous réagissez aux situations et aux gens. Si vous connaissez des personnes extraverties, posez-leur des questions. Ont-elles toujours été comme ça ? Ressentent-elles parfois qu'elles doivent essayer d'être sociables ? Ont-elles leur propre version de la phobie sociale ? Les réponses seront probablement non, oui et oui. C'est juste quelque chose qu'elles ont décidé de contrôler. Lorsque vous êtes à une fête, cette anxiété familière peut vous envahir en pensant à interagir avec les autres personnes présentes. Vous pourriez avoir des pensées négatives sur votre capacité à interagir avec succès avec les autres à la fête. Dans cette situation, pensez aux moments où vous avez interagi avec succès avec des gens et vous êtes senti à l'aise. Vous êtes probablement sociable avec votre famille et vos amis, du moins parfois. Reportez ce succès à cette situation. Penser à toutes les fois où nous avons fait ce que nous avons actuellement peur de faire nous montre que nous en sommes capables et nous rend plus confiants.

### Instruction2:
Changer ses comportements est difficile, mais il est essentiel de contester les pensées négatives et de se concentrer sur ses forces. Fixez-vous des objectifs réalistes pour être plus sociable et agissez en conséquence, même si cela ne vous semble pas naturel au début. Apprenez à comprendre vos réactions et à vous sentir à l'aise dans les interactions sociales.",8.252191305160522
036_13170,"### Instruction1:
Le principal avantage de l'isabgol est sa capacité à traiter la constipation légère à modérée. Bien qu'il soit censé traiter une gamme d'autres problèmes de santé, ces autres utilisations ne sont pas approuvées à des fins d'étiquetage professionnel. L'isabgol augmente la quantité de matière dans vos selles. Cette augmentation de la masse facilite leur déplacement à travers les intestins. De plus, l'isabgol augmente la quantité d'eau dans vos selles. Par conséquent, les selles deviennent plus molles et plus faciles à passer. La plupart des études suggèrent que l'isabgol contribue à augmenter le poids des selles et le nombre de mouvements intestinaux par jour, ainsi qu'à diminuer le temps de transit intestinal total. Ce produit a même été utilisé comme ingrédient dans des laxatifs de volume. Si un médecin vous a prescrit de l'isabgol, suivez ses instructions concernant la posologie et la fréquence. Si vous utilisez l'isabgol sans l'avis d'un médecin, suivez les instructions fournies sur l'étiquette. En général, vous devrez prendre 1 à 2 cuillères à café (5 à 10 ml) d'isabgol avec 8 oz (240 ml) de liquide par jour jusqu'à ce que votre constipation disparaisse. La posologie exacte peut varier en fonction de l'âge, de l'état médical et de la réponse au traitement. Il est fortement recommandé de consulter votre médecin avant de commencer un traitement par l'isabgol, quelle que soit votre intention d'utilisation. Si vous avez des préoccupations ou des questions, parlez-en à votre médecin ou à votre pharmacien. Vous pouvez généralement prendre l'isabgol sous forme de poudre, de comprimé ou de gaufrette. Peu importe la forme que vous prenez, vous devez toujours consommer le complément avec 8 oz (240 ml) d'eau ou un autre liquide pour éviter un étouffement. Avalez les comprimés d'isabgol avec au moins 8 oz (240 ml) d'eau. Si vous utilisez la poudre, dissolvez-la dans 8 oz (240 ml) de liquide. Ajoutez-la au liquide, mélangez bien et buvez immédiatement, en prenant soin de ne pas inhaler la poudre. Notez que l'isabgol peut se gonfler et devenir épais si vous le laissez reposer et absorber le liquide. Si vous prenez des gaufrettes d'isabgol, mâchez-les soigneusement avant de les avaler. Suivez avec 8 oz (240 ml) de liquide.

### Instruction2:
L'isabgol est principalement utilisé pour traiter la constipation légère à modérée en augmentant le volume et l'hydratation des selles, facilitant ainsi leur passage. Il est conseillé de consulter un médecin avant de l'utiliser et de suivre les instructions de dosage, qui varient selon l'âge et l'état de santé. L'isabgol peut être pris sous différentes formes, mais doit toujours être accompagné d'une quantité adéquate de liquide pour éviter des problèmes d'étouffement.",4.59206748008728
036_22005,"### Instruction1:
Devenir une légende consiste à trouver sa vocation et à avoir un impact sur la vie des autres. L’endroit où vous vous retrouvez pourrait vous surprendre. Votre créneau peut se trouver dans une profession ou un emploi, ou cela peut être le rôle que vous jouez à la maison en tant que mère, père, frère, sœur ou enfant. Acceptez-le ! Les légendes essaient d’être les meilleures dans leur domaine choisi. Voulez-vous faire une différence dans le monde ? Êtes-vous patient et capable de gérer le stress ? Peut-être votre place est-elle dans la médecine ou la santé mentale. Peut-être est-ce en tant que correspondant de guerre ou bénévole pour une organisation d'aide. Certaines personnes sont douées pour donner des conseils aux autres. Votre vocation pourrait être celle de conseiller ou de travailleur social. Peut-être avez-vous décidé que vous vouliez la célébrité et la fortune. C'est bien. Visez haut, que ce soit en tant qu'athlète, banquier d'investissement ou gestionnaire de fonds spéculatifs. Les aidants sont également des légendes. Les papas, les mamans, les grands-parents, les tantes, les oncles – tous vivent par leur dévouement. Trouvez des modèles à suivre. Ils pourraient être des personnes que vous admirez, comme un chirurgien talentueux ou votre professeur préféré. Ou vous pourriez mettre en avant certaines qualités à imiter, comme la générosité de votre prêtre local ou l'altruisme de votre père. Les modèles vous aideront à évoluer dans votre rôle et à grandir en tant que personne. Même les légendes ont des sources d’inspiration. Steve Jobs idolâtrait des inventeurs comme Thomas Edison et Henry Ford, par exemple. La star du tennis Eugenie Bouchard admirait une autre légende, Maria Sharapova. Soyez prêt à apprendre et à grandir. Les légendes ne sont pas toujours humbles, mais elles sont prêtes à évoluer et à s'améliorer dans ce qu'elles font. Soyez ouvert aux autres. Apprenez d'eux, imitez leurs forces et essayez finalement de les surpasser. Avez-vous déjà connu une légende avec une attitude défaitiste ? Non ! Elles sont devenues des légendes en croyant en leur vocation et en ne renonçant pas, peu importe les difficultés. Pouvez-vous imaginer un héros de la justice sociale abandonnant l'espoir en l'avenir ? Pouvez-vous imaginer un grand athlète doutant de sa capacité à gagner le grand match ? Les légendes nous remplissent d'espoir. Que ce soit votre héros sportif d'enfance, un grand scientifique ou un mentor spirituel, vous les admirez avec émerveillement et inspiration. Cultivez une attitude positive. Concentrez-vous sur les choses que vous pouvez contrôler et essayez de ne pas vous inquiéter de ce que vous ne pouvez pas. Passez à l'action également. Plus vous prenez d'initiatives, plus vous contrôlez votre vie. Essayez d'être résilient. Considérez l'échec comme une opportunité – une chance d'apprendre, de grandir et de devenir plus fort dans votre vocation. Les personnes les plus réussies (et les légendes) connaissent également l'échec.

### Instruction2:
Devenir une légende implique de trouver sa vocation et d'impacter la vie des autres. Cela peut être dans une carrière ou dans des rôles familiaux. Les légendes cherchent à exceller dans leur domaine et s'inspirent de modèles. Elles doivent être prêtes à apprendre et à grandir, cultivant une attitude positive et résiliente face aux défis.",6.589154005050659
036_4225,"### Instruction1:
Trouvez des qualités que vous admirez chez les autres et que vous souhaitez apprendre. Si vous ne pouvez pas en penser tout de suite, réfléchissez aux personnes que vous aimeriez être et à ce que vous appréciez chez elles. Sont-elles gentilles ? Ambitieuses ? Travailleuses ? Ce sont des qualités à rechercher. Pensez aux choses que vous n'aimez pas chez vous. Ne vous concentrez pas sur des éléments comme votre poids, car votre corps n'est en réalité qu'un contenant, ce n'est pas qui vous êtes. Des choses comme le poids devraient être abordées après avoir changé des aspects comme votre attitude envers les autres, votre éthique de travail et vos compétences. Réfléchissez à ce que vous voulez changer. Ce sont des choses que vous souhaitez vraiment changer. C'est vrai ce qu'on dit : la première étape pour résoudre un problème est d'admettre que vous en avez un. Déterminez ce qui est vraiment important pour vous et ce qui serait suffisamment motivant pour changer votre mode de vie. Parlez-en avec d'autres personnes en qui vous avez confiance, comme des partenaires, des amis et des membres de votre famille. Dites-leur ce que vous voulez changer dans votre vie et pourquoi. Ils pourraient avoir des perspectives intéressantes qui peuvent vous aider à vous améliorer, ainsi qu'une vision plus claire de qui vous êtes en tant que personne. Commencez par des objectifs petits. Ne commencez pas par quelque chose comme « arrêter de fumer ». Essayez plutôt « fumer moins ». Décomposer les objectifs en plus petits objectifs vous aidera à rester motivé et rendra vos objectifs plus réalistes. Pensez à l'endroit où ces objectifs se situent dans vos priorités de vie. Cela peut vraiment changer l'effort que vous mettez dans votre amélioration personnelle. Si vous ne fixez pas de délai pour un changement, l'objectif semblera irréel et intangible, et vous serez moins enclin à l'atteindre. Commencez ! Ne vous contentez pas de penser à des objectifs ou à ce que vous voulez faire, sortez et réalisez-les !

### Instruction2:
Identifiez les qualités admirables que vous souhaitez développer. Concentrez-vous sur des changements significatifs en vous, sans vous focaliser sur des aspects superficiels comme le poids. Établissez des objectifs réalistes et commencez par de petites étapes. Parlez de vos désirs de changement avec des proches pour obtenir du soutien et des perspectives. Agissez pour atteindre vos objectifs.",4.024444341659546
036_599,"### Instruction1:
Comme indiqué, l'attachement que vous ressentez pour un ex est ce qui rend les ruptures si difficiles. Vous finissez par vous sentir seul et isolé lorsque cette personne disparaît soudainement de votre vie. Travaillez à former des relations plus étroites avec vos amis et les membres de votre famille pour combler le vide laissé par votre ex. S'appuyer sur les gens peut en fait nécessiter un peu d'entraînement de votre part. Vous pourriez devoir vous forcer à appeler votre mère ou votre meilleur ami après une mauvaise journée au lieu de votre ex. Cependant, une fois que vous aurez appris à compter sur ces personnes plutôt que sur votre ex, il sera plus facile de l'oublier. Rappelez-vous que votre ex n'est pas la seule personne dans votre vie qui vous aime et avec qui vous vous sentez proche. Être célibataire ne doit pas signifier être seul. Avoir cette réalisation peut vous aider à guérir et à avancer dans votre vie. Ne vous précipitez pas dans une nouvelle relation après une mauvaise rupture. Cela peut vous donner encore plus envie de votre ex. Cependant, le flirt occasionnel après une mauvaise rupture peut réellement vous aider à aller de l'avant. Cela vous rappelle que vous êtes attirant, désirable et que vous trouverez quelqu'un à nouveau. Allez à des rendez-vous occasionnels et amusants. Demandez à un ami de vous présenter quelqu'un. Assistez à un événement pour célibataires. Essayez de créer un profil de rencontre en ligne. Rappelez-vous que vous ne cherchez pas nécessairement l'amour de votre vie, mais plutôt à vous amuser et à sortir avec d'autres pendant que vous êtes célibataire. Cela peut vous aider à déplacer votre attention romantique de votre ex vers le monde des rencontres potentielles. Si vous avez des problèmes préexistants avec la dépression et l'anxiété, vous pourriez avoir besoin de l'aide d'un thérapeute pour surmonter votre ex. Vous pouvez demander une recommandation pour un thérapeute à votre médecin traitant. Vous pouvez également obtenir une liste de thérapeutes auprès de vos assureurs. Si vous êtes étudiant, vous pourriez avoir droit à un counseling gratuit de la part de votre collège ou université.

### Instruction2:
Formez des relations plus étroites avec vos amis et votre famille après une rupture. Apprenez à compter sur eux pour vous aider à oublier votre ex. Ne vous précipitez pas dans une nouvelle relation, mais sortez de manière occasionnelle pour vous amuser. Si nécessaire, consultez un thérapeute pour vous aider à surmonter vos sentiments.",4.2790868282318115
036_44077,"### Instruction1:
Un thérapeute en cristaux peut adopter plusieurs approches différentes pour favoriser la guérison du corps. Une technique de guérison courante utilisée par les thérapeutes en cristaux consiste à faire allonger le patient sur une table, puis le thérapeute placera certains cristaux sur des parties spécifiques du corps dans l'espoir que la guérison et l'énergie positive circulent vers cette partie du corps. Les thérapeutes en cristaux utilisent des cristaux censés aider ou promouvoir certaines choses, mais ils utilisent également des systèmes de chakras comme points sur le corps où placer les cristaux. Les thérapeutes placent généralement des cristaux sur la partie du corps souffrant d'un certain mal et utiliseront un cristal censé guérir ou atténuer ce symptôme. Si vous souffrez d'un mal de tête, un thérapeute peut mettre un cristal qui soulage la tension sur ou autour de votre front. Étant donné qu'il existe plusieurs types de cristaux à utiliser sur le corps, il serait difficile de tous les mémoriser, donc consultez un thérapeute ou visitez un site Web comme Crystal Well-being qui liste les cristaux et leurs utilisations. Guérir certains maux avec des cristaux est détaillé dans la troisième partie. Cette forme de guérison par cristaux repose davantage sur la stabilisation des systèmes de chakras, ou points d'énergie, dans le corps. Il y a sept chakras dans le corps, commençant du sommet de votre tête jusqu'à la base de votre colonne vertébrale. Vous pouvez porter des bijoux de chakra, achetés dans une clinique de thérapie par cristaux ou sur un site Web, ou vous pouvez porter des bijoux en cristal, ciblant un mal spécifique. Une autre façon pour un thérapeute en cristaux de vouloir guérir quelqu'un est d'utiliser un pendule avec un cristal à l'extrémité, et de le balancer doucement au-dessus du corps, en se déplaçant de la tête aux pieds jusqu'à ce que tous les mouvements soient neutralisés. Cette méthode vise à éliminer les déséquilibres énergétiques du corps. Un thérapeute commencera généralement par les pieds de son patient et balancera doucement un pendule, jusqu'à créer un mouvement régulier qui est équilibré des deux côtés. Ensuite, ils se déplaceront lentement vers le haut du corps, maintenant le même balancement. Chaque fois que le balancement devient déséquilibré, un thérapeute restera à cette partie du corps jusqu'à ce que le pendule redevienne neutralisé. Ces dispositions sont différents motifs utilisés lors du placement des pierres autour de votre corps pour favoriser un certain type de guérison ou de rajeunissement. Il existe de nombreux agencements de guérison différents, certains spécifiquement créés pour des maux tandis que d'autres sont en place pour améliorer la stabilité émotionnelle. Vous pouvez souvent découvrir ces différents agencements en ligne ou en visitant une clinique. Pour que la thérapie par cristaux fonctionne, vous devez croire que les énergies négatives s'évacuent de votre corps et que les énergies positives y entrent. Que vous pratiquiez la thérapie vous-même ou que vous visitiez un thérapeute en cristaux, permettez-vous de vous allonger et de vous détendre, en respirant profondément et en essayant de vider votre esprit de pensées distrayantes. Ensuite, vous pourrez commencer à ressentir des sentiments positifs ou de la relaxation. La thérapie par cristaux dépend beaucoup de la croyance du patient en celle-ci. Si vous essayez de pratiquer la thérapie par cristaux sans grande confiance, vous pourriez continuer à éprouver des énergies et des émotions négatives. Sachez également que la thérapie par cristaux peut ne pas être instantanée — il peut falloir un certain temps pour calmer votre esprit et pour que les énergies commencent à circuler à travers les cristaux.

### Instruction2:
La thérapie par cristaux utilise différentes méthodes pour favoriser la guérison, comme placer des cristaux sur des parties spécifiques du corps ou utiliser des pendules pour équilibrer l'énergie. Les thérapeutes se basent sur des systèmes de chakras et croient que l'énergie positive peut être attirée en remplaçant les énergies négatives. L'efficacité de la thérapie dépend de la croyance du patient, et il est important de se détendre et de se concentrer sur le moment présent pour ressentir des effets positifs.",6.956863641738892
036_33566,"### Instruction1:
Ne portez pas de casques avec un masque facial qui rendra votre ventre bosselé et étrange. Un casque de vélo fonctionnera probablement le mieux pour cela. Ils existent en différentes formes, dont n'importe laquelle devrait fonctionner comme un faux ventre — mais essayez quelques formes différentes, si vous en avez la possibilité, pour voir laquelle crée le ventre de bébé le plus convaincant à votre avis. Vous ne voulez pas que votre ventre ait l'air bosselé, alors assurez-vous d'appliquer autant de couches de ruban adhésif que nécessaire pour rendre le casque complètement lisse. Une fois que vous avez terminé, il ne devrait plus y avoir de traces de crêtes. Si vous ne prévoyez pas d'utiliser le casque pour autre chose, vous pouvez simplement couper les sangles avec des ciseaux bien aiguisés. Cela pourrait cependant être du gâchis pour un bon casque ! Vous pouvez également simplement ranger les sangles à l'intérieur du casque, puis utiliser un peu de ruban adhésif pour les fixer à la coque, en vous assurant qu'elles restent en place et ne dépassent pas du faux ventre, ou vous pouvez garder les sangles et les utiliser pour fixer le ventre à votre torse. Il existe plusieurs façons d'essayer de maintenir votre casque en place, et vous pourriez même essayer une combinaison de quelques-unes de ces idées. Vous ne voulez pas que votre ventre glisse ou tombe ! Enveloppez fermement un bandage élastique (comme un bandage Ace) plusieurs fois autour du casque et de votre dos. Utilisez autant de couches que nécessaire pour sécuriser le casque et rendre le ventre lisse lorsque votre chemise est tirée dessus. Fixez le casque avec un peu de ruban adhésif de l'étape 2. Superposez quelques bandeaux serrés sur le casque pour le maintenir en place. Si votre chemise est trop serrée, il pourrait être évident que le ventre a une forme un peu étrange. Il est préférable de choisir une chemise plus ample et fluide.

### Instruction2:
Évitez d'utiliser des casques qui rendent le ventre bosselé. Un casque de vélo est recommandé. Appliquez des couches de ruban adhésif pour le rendre lisse. Fixez le casque en place avec un bandage élastique et des bandeaux, et choisissez une chemise ample pour un meilleur rendu.",3.8316757678985596
036_34523,"### Instruction1:
Chaque jour, vous devriez complimenter votre petite amie. C'est un moyen simple de maintenir la romance dans une relation sans prendre beaucoup de temps. Faites-la se sentir comme une princesse en lui faisant des compliments spécifiques qui montrent que vous avez prêté attention à elle. Mettez en avant ses qualités de personnalité—mentionnez à quel point elle est créative ou spontanée et combien vous admirez cela. Exprimez votre appréciation pour ses actions quotidiennes. Montrez-lui que vous remarquez qu'elle a pris le temps de coiffer ses cheveux d'une nouvelle manière ou qu'elle a essayé de composer un nouveau look avec ses vêtements. Dites-lui comment elle vous fait sentir. Par exemple, si elle a un certain regard qui vous fait fondre, dites-le-lui. Même si vous ne pouvez pas l'expliquer exactement, exprimez-le lui. Une promenade romantique est gratuite et facile à faire chaque jour. Même si vous n'avez le temps de marcher qu'un mile, faites-le ensemble. Pendant votre promenade, assurez-vous de lui tenir la main ou de mettre votre bras autour de ses épaules. Un texto ou un e-mail chaque jour est une autre façon gratuite d'être romantique avec votre petite amie. Choisissez un moment différent chaque jour pour lui envoyer ce message afin de la garder sur ses gardes. Cela peut être quelque chose d’aussi simple que « Je t'aime » ou vous pouvez être plus spécifique. Essayez de le faire à un moment où elle est très occupée. Essayez de donner une nouvelle tournure à vos messages quotidiens en les écrivant sur son miroir avant qu'elle ne se réveille ou en plaçant une note dans la poche de sa veste. Demandez-lui des nouvelles de son travail ou de sa famille et écoutez quand elle vous répond. Choisissez une partie de sa vie à laquelle vous n'êtes pas directement lié et laissez-la vous en parler. Elle se sentira à l'aise de se confier à l'avenir, ce qui peut prévenir les disputes. Ce geste romantique doit être fait avec une curiosité et une préoccupation sincères.

### Instruction2:
Complimentez votre petite amie chaque jour pour maintenir la romance. Montrez-lui que vous l'écoutez en notant ses actions et ses qualités. Prenez le temps de marcher ensemble et d'envoyer des messages romantiques. Écoutez-la parler de sa vie pour renforcer votre lien.",4.462904453277588
036_2694,"### Instruction1:
Soyez honnête. Vous n'avez pas besoin de trop justifier votre décision ; il suffit que vous ne soyez tout simplement pas attirée par ce gars. Vous pouvez être attirée par lui, mais pour une raison ou une autre, vous ne pouvez pas accepter sa proposition – peut-être que votre amie l'aime, ou que vos parents ne vous laissent pas sortir, ou que vous ne vous sentez pas prête pour une relation. Peu importe la situation, il est important d'être honnête avec ce gars et avec vous-même. Si vous n'êtes pas attirée par lui, c'est tout ce que vous devez dire. Ne soyez pas méchante à ce sujet, et ne l'insultez pas. Dites : ""J'aime notre amitié, mais je ne suis pas attirée par toi de cette manière."" Si votre amie l'aime, ne divulguez pas le secret – à moins que votre amie ne dise que c'est ok. Dites simplement au gars que vous n'êtes pas intéressée, et ne laissez pas entendre qu'il y a une autre raison derrière votre choix. Si vos parents ne vous laissent pas sortir, n'hésitez pas à être honnête avec lui. Soyez cependant prudente à ne pas le laisser espérer ou donner de faux espoirs. Si vous lui dites que vous avez un énorme béguin pour lui, mais que vous ne pouvez pas sortir avec lui, vous risquez de ne pas arrêter ses avances. Si vous ne vous sentez pas prête pour une relation, c'est correct. Vous trouverez quelqu'un en temps voulu, et ce sera beaucoup mieux si votre cœur est entièrement engagé. Ce gars pourrait être le premier à vous demander de sortir, mais il ne sera pas le dernier. Ne faites pas d'excuses, et ne dites pas oui à un rendez-vous juste par politesse. Sans aucun doute, il préférerait un ""oui"" à un ""non"" – mais il est probable qu'il préfère faire face à un rejet immédiat plutôt que de vous forcer à un rendez-vous de pitié. Dites quelque chose de simple comme : ""Je suis désolée, mais je ne t'aime pas de cette manière."" Vous n'avez pas besoin d'expliquer en détail pourquoi vous n'êtes pas intéressée ; vous devez juste faire passer l'idée principale. Essayez de ne pas l'humilier avec un long discours. Si il demande des raisons spécifiques, n'hésitez pas à expliquer pourquoi vous n'êtes pas intéressée. Assurez-vous de ne pas laisser cela devenir un débat, et ne le laissez pas vous convaincre de sortir avec lui. Soyez ferme et claire. Ne faites pas de compromis. Si vous êtes amie avec lui, vous pouvez citer cela comme raison. Dites : ""J'adore notre amitié, mais je ne suis pas attirée par toi de façon romantique. Pouvons-nous garder notre amitié telle qu'elle est ?""

### Instruction2:
Soyez honnête avec vos sentiments. Si vous n'êtes pas attirée par un gars, exprimez-le simplement sans méchanceté. Ne donnez pas de faux espoirs et restez ferme dans votre décision. Vous pouvez préserver votre amitié tout en étant claire sur vos intentions.",5.093522548675537
036_21291,"### Instruction1:
Cela fera apparaître un menu déroulant. Il se trouve en bas du menu. Cela ouvrira la fenêtre ""Propriétés d'affichage"". Si ""Propriétés d'affichage"" ne s'ouvre pas sur l'onglet ""Paramètres"", cliquez dessus en haut de la fenêtre. C'est près du bas de la fenêtre ""Paramètres d'affichage"". Faire glisser le curseur vers la gauche diminuera la résolution de votre écran, tandis que le faire glisser vers la droite augmentera la résolution. Augmenter votre résolution rendra les éléments plus petits, tandis que diminuer la résolution les rendra plus grands. Si vous avez des difficultés à voir les éléments sur votre ordinateur, essayez de diminuer votre résolution. Si vous voulez l'image la plus nette possible, augmentez la résolution à la taille recommandée pour votre affichage. C'est en bas de la fenêtre. Après cela, votre écran changera de résolution, et une boîte de confirmation apparaîtra. Faire cela enregistrera vos paramètres de résolution. Si vous n'aimez pas les nouveaux paramètres de résolution, attendez quelques secondes ; l'écran reviendra aux anciens paramètres. Votre nouvelle résolution sera enregistrée.

### Instruction2:
Pour ajuster la résolution de votre écran, ouvrez les ""Propriétés d'affichage"" et utilisez le curseur pour modifier la résolution. Diminuer la résolution rendra les éléments plus grands, tandis que l'augmenter les rendra plus petits. Confirmez les nouveaux paramètres ou attendez quelques secondes pour revenir à l'ancienne résolution si cela ne vous convient pas.",2.515951156616211
036_15519,"### Instruction1:
Vous devriez organiser votre vie quotidienne afin de ne pas oublier de profiter de votre temps libre. Il est important de prendre le temps de vous amuser, car cela vous aidera à mieux faire face à la situation. Prévoyez des moments pour être seul ou sortez avec des amis. Allez voir un film avec des amis, créez des heures spéciales de « temps seul » ou offrez-vous un massage de temps en temps. Malgré le fait que vous preniez soin de quelqu'un d'autre, vous devez tout de même garder votre vie sociale active. Restez en contact avec vos amis, maintenez votre relation amoureuse et visitez votre famille lorsque vous en avez l'occasion. Avoir un bon réseau d'amis et de famille vous aidera à traverser les jours difficiles qui viendront. La santé mentale et physique sont liées. Lorsque votre corps est en bonne santé, votre esprit et vos émotions peuvent également être sains. Faites de l'exercice régulièrement et mangez des repas équilibrés. L'exercice peut également être un excellent moyen de réduire le stress ou de vous éloigner d'une situation tendue. Si vous avez du mal à garder votre patience, allez courir ou faire une longue promenade. Le yoga est un excellent moyen d'exercer à la fois l'esprit et le corps. Inscrivez-vous à un cours de yoga local et pratiquez pour trouver votre calme intérieur. Un groupe de soutien est un endroit où vous avez l'occasion de rencontrer une multitude de personnes qui, à divers titres, sont associées à des personnes luttant contre la schizophrénie. C'est un endroit où vous pouvez vous attendre à être accepté tel que vous êtes, où vous pouvez recevoir un soutien inconditionnel et où votre situation est complètement comprise sans aucun stigma associé. Encouragez votre proche à rejoindre un groupe de soutien. En plus d'offrir de l'aide aux membres de la famille, les groupes de soutien aident également les personnes atteintes de schizophrénie à développer des forces personnelles et de la résilience, toutes deux nécessaires pour lutter contre cette maladie.

### Instruction2:
Organisez votre temps pour profiter de vos loisirs, entretenez vos relations sociales et restez en bonne santé mentale et physique. Prenez soin de vous par l'exercice et le yoga, et envisagez de rejoindre un groupe de soutien pour mieux faire face à la schizophrénie.",3.9246909618377686
036_51154,"### Instruction1:
Vos expressions faciales, votre posture, ainsi que le ton de votre voix peuvent tous influencer l'impression que vous donnez. Utilisez votre langage corporel pour donner aux autres une première impression positive et vous rendre plus ouvert et accessible. Essayez certains des signaux suivants pour indiquer aux autres que vous êtes intéressé à les approcher et à avoir une conversation :  Levez les sourcils, proposez votre main pour une poignée de main, ouvrez vos bras pour un câlin, souriez, établissez un contact visuel et placez-vous au centre ou près du centre de la pièce. Il peut être difficile de surmonter l'anxiété sociale et d'aller vers quelqu'un, mais c'est l'un des meilleurs moyens non seulement d'être plus ouvert, mais aussi plus accessible. Bien que cela puisse sembler contre-intuitif, si vous montrez votre volonté d'aller vers quelqu'un et de vous présenter, cela peut aider la personne à se détendre. Cela peut également susciter des conversations et renforcer votre confiance en vous. Jetez un coup d'œil autour de vous et voyez s'il y a des partenaires de conversation potentiels. Établissez un contact visuel avec la personne et rapprochez-vous lentement d'elle. Observez le langage corporel de l'autre personne pendant que vous vous approchez. Si elle croise les bras ou détourne le regard, cela peut être un signe qu'elle n'est pas intéressée à discuter avec vous. Passez simplement à une autre personne qui semble accessible et intéressante. Vous pouvez vous aider à être plus ouvert en entamant des conversations dans n'importe quelle situation. Cela peut être difficile au début, mais plus vous engagez de discussions, plus cela deviendra facile et plus vous paraîtrez détendu. Cela envoie également le signal aux autres que vous êtes ouvert, sociable et accessible. Parlez aux personnes dans votre voisinage, même si ce sont des étrangers complets. Que vous soyez à une conférence de travail ou à un pique-nique en famille, considérez les personnes autour de vous comme des partenaires de conversation potentiels. Indiquez-leur avec votre langage corporel que vous êtes intéressé à discuter. Gardez les sujets de conversation appropriés à la situation. Par exemple, ne parlez pas de votre vie personnelle lors d'une conférence de travail et ne profitez pas d'un mariage pour vous plaindre de votre travail. Que vous soyez avec de nouvelles personnes ou de vieux amis, vous pourriez être un peu hésitant à réellement rejoindre une conversation ou une activité. Brisez la glace avec une blague ou une déclaration pour soulager la tension et rendre les gens heureux. Pensez à des choses légères ou drôles à dire à l'avance. Assurez-vous qu'elles sont appropriées pour la situation. Par exemple, si vous êtes avec des personnes que vous ne connaissez pas, vous pourriez dire « Pas étonnant qu'il fasse si chaud ici, il y a beaucoup de lobbyistes qui soufflent de l'air chaud. » Dans une situation où vous connaissez les personnes, vous pourriez exclaimer « Le maître du grill est arrivé. » Faites un compliment, ce qui peut détendre les autres et les rendre heureux. Cela peut alors vous faciliter d'être plus ouvert. Par exemple, vous pourriez dire « Vous avez les plus beaux cheveux roux » ou « C'est une belle montre que vous portez. » Faites savoir à la personne ou au groupe qui vous êtes, même si vous êtes déjà familiarisé. Cela peut indiquer aux gens que vous êtes accessible et que vous accueillez les conversations. Faites savoir à la personne votre nom et quelque chose sur vous si vous ne la connaissez pas. Par exemple, essayez « Salut, je suis Jack et j'adore nager. Je viens à cette plage quelques fois par semaine et je ne vous ai jamais vu ici. Quel est votre nom et aimez-vous cette plage ou nager aussi ? » Répétez le nom de la personne pour vous aider à vous en souvenir et montrer votre intérêt. Par exemple, dites « Salut Christopher, c'est un plaisir de te rencontrer ! Tu comptes aller dans l'eau ? » Soyez honnête avec les gens que vous connaissez. Vous pouvez dire quelque chose comme « Hé, c'est la nouvelle Emily. J'essaie d'être plus ouverte avec les gens et de sortir de ma coquille. » Vous pourriez découvrir que vos amis, votre famille ou même des connaissances prendront ce signal pour vous aider à être plus ouvert avec des invitations ou en cherchant à converser avec vous. Vous pouvez maintenir une conversation en donnant vos pensées et opinions. Cependant, rappelez-vous de garder l'ambiance aussi légère que possible pour que la conversation ne se termine pas ou que vous ne mettiez pas votre interlocuteur mal à l'aise. Trouvez un intérêt commun que vous avez avec la personne et parlez-en. Vous pouvez dire quelque chose comme « Peux-tu croire ce qui se passe dans le monde du cyclisme en ce moment ? C'est de la folie ! » Laissez la conversation couler naturellement entre différents types de sujets. Assurez-vous que chaque personne parle également, ce qui peut renforcer votre confiance et vous aider à être plus ouvert dans les conversations. N'hésitez pas à exprimer vos opinions d'une manière qui inclut votre partenaire de conversation. Par exemple, vous pourriez dire « J'ai remarqué que les prix dans notre supermarché local ont vraiment augmenté et autant que j'aime soutenir les petites entreprises, je ne suis pas sûr de pouvoir continuer à y faire mes courses. As-tu eu cette expérience aussi ? » Organisez une petite fête ou une soirée ou acceptez l'offre de quelqu'un de se retrouver, surtout si ce ne sont pas des activités que vous faites normalement. Sortir et interagir avec d'autres personnes peut vous aider à être plus ouvert et détendu. Cela implique également un élément de risque. Organisez un dîner ou une petite rencontre dans un restaurant. Invitez un mélange de personnes de vos cercles sociaux et/ou professionnels. Cela vous mettra au centre de l'attention en tant qu'hôte et vous obligera à parler à chaque personne et à engager des conversations au sein du groupe. Invitez quelqu'un que vous aimeriez mieux connaître à prendre un café ou déjeuner. Suivez votre temps passé ensemble avec une autre rencontre et voyez si une amitié se développe. Acceptez les invitations que d'autres vous adressent. Cela peut vous donner l'occasion de rencontrer de nouvelles personnes et de travailler à être plus ouvert. N'oubliez pas que ne pas accepter d'invitations plusieurs fois envoie un message que vous n'êtes pas intéressé. Cela peut conduire à votre exclusion des activités amusantes. L'une des caractéristiques d'une personne sociable est qu'elle n'est pas silencieuse autour d'inconnus et parle à beaucoup de gens dans n'importe quelle situation. Profitez des occasions lors d'événements personnels ou professionnels pour engager des conversations avec différentes personnes. Cela peut ne pas être facile au début, mais plus vous le ferez, plus cela deviendra facile. Approchez-vous d'une personne ou d'un groupe. Écoutez tout ce qu'ils pourraient dire et engagez-vous en disant : « Puis-je m'approcher un peu ? Je suis vraiment intéressé par la conversation. » Présentez-vous à une personne au sein d'un groupe. Elle pourra alors vous intégrer au groupe et/ou à la conversation.

### Instruction2:
Utilisez votre langage corporel pour faire une bonne impression et paraître accessible. Engagez des conversations avec des inconnus en utilisant des signaux positifs. Brisez la glace avec des blagues ou des compliments, et n'hésitez pas à vous présenter. Organisez des rencontres pour interagir davantage et travailler à être plus sociable.",9.124856948852539
036_13072,"### Instruction1:
Organiser une fête pour un adolescent peut être un processus difficile, car ce que les adolescents considèrent comme cool et ce que leurs parents pensent l'est, se trouvent souvent dans des univers totalement différents. Vous voudrez avoir beaucoup de temps pour discuter avec eux de ce qu'ils aimeraient, ou si vous êtes l'adolescent qui organise la fête, vous aurez besoin de temps pour parler avec vos parents et vos amis.  Budgetisez la fête. Regardez ce que vous pouvez dépenser pour des choses comme la nourriture, les boissons, les décorations, la musique, etc. Laissez l'adolescent s'occuper des invitations. Encore une fois, les parents ne comprennent généralement pas ce qui est cool ou embarrassant pour leurs adolescents et des invitations manuscrites pourraient être un ticket pour la honte à l'école. Laissez-les décider comment ils vont inviter les gens, tant que ce sont les invités convenus et non ouverts à tous les élèves de l'école. Bien qu'une fête à thème puisse ne pas être assez cool pour votre adolescent, il existe différents types de fêtes. S'agit-il d'une fête d'anniversaire ? D'une fête de vacances (comme Halloween) ? D'une fête de remise des diplômes ? Chacune de ces fêtes nécessitera des décorations différentes (si l'adolescent en veut) et, parfois, des aliments différents.  Vous devez également réfléchir au type de fête en termes de son emplacement. Une fête sur la plage avec un feu de camp nécessitera une mise en place et une énergie différentes de celles d'une fête d'Halloween chez vous. Une fête en extérieur nécessitera des préparations météorologiques (avoir une zone à proximité qui est couverte, par exemple). N'oubliez pas qu'une soirée pyjama entre filles sera très différente d'une fête de remise des diplômes. Pour la première, un surveillant ou un parent devra simplement s'assurer que les filles ne sortent pas en cachette, sinon vous n'aurez généralement pas à vous en soucier. Le dernier type de fête est plus susceptible de devenir incontrôlable et nécessitera une supervision. Vous voulez vous assurer que les amis de l'adolescent peuvent se rendre à la fête, alors essayez de donner un préavis pour une plus grande fête, comme une fête d'anniversaire ou une extravagance d'Halloween (au moins quelques semaines à l'avance). Pour une petite fête, vous n'aurez généralement pas besoin de tant de temps, sauf si c'est une fête vraiment importante.  Évitez les nuits d'école et les dimanches soir pendant l'année scolaire. Les adolescents devraient, espérons-le, être reposés pour l'école et avoir le temps de faire leurs devoirs. Faire la fête empiétera sur ce temps. Assurez-vous que les parents des adolescents invités savent ce qui va se passer à la fête. Tout mettre en place rendra la fête réussie. Cela signifie avoir la bonne nourriture et la bonne musique. Si vous avez tout planifié à l'avance, cela ne devrait pas être trop difficile.  Pour la nourriture, vous voulez quelque chose qui soit facile à grignoter. Chips et trempette, bretzels, bonbons et biscuits, pizza et quelques légumes découpés avec de la trempette sont tous d'excellents choix. Vous pourriez également couper des fruits et avoir un plateau de fruits. Si vous mettez un peu de trempette au chocolat au milieu, vous aurez une option amusante (et quelque peu saine). Laissez les adolescents fournir la musique eux-mêmes. Ils auront généralement des iPods et des téléphones chargés de leur type de musique. Branchez simplement des haut-parleurs et une connexion MP3, afin qu'ils puissent mettre la musique plus fort pour danser. Si vous vous inquiétez pour les voisins, assurez-vous de tester cela à l'avance et de vérifier avec eux. Pour les boissons, vous voudrez des sodas et de l'eau. N'oubliez pas que, sauf si l'âge légal de consommation d'alcool est de 18 ans ou moins, vous pourriez avoir des problèmes pour avoir de l'alcool à la fête, même si vous ne l'avez pas fourni. Il est bon d'utiliser des assiettes en papier et des gobelets et des fourchettes pour faciliter le nettoyage après. Les adolescents ne sont généralement pas très exigeants sur ce qu'ils utilisent pour manger. Si vous êtes soucieux de l'environnement, il existe généralement des assiettes en papier biodégradables et d'autres choses que vous pouvez utiliser. Encore une fois, cela peut dépendre du type de fête, mais il est généralement bon d'avoir des zones désignées pour différentes activités, comme danser, jouer au baby-foot, aux jeux vidéo et une zone pour manger.  Assurez-vous d'avoir des poubelles évidentes dans chaque zone. Cela facilitera le fait qu'ils soient moins désordonnés et que le nettoyage soit plus facile. Il est préférable que l'adolescent détermine où chaque zone doit être (avec le consentement d'un adulte) car il connaît mieux ses amis et ses pairs. Bien qu'avoir un surveillant à proximité puisse être rebutant pour les fêtes d'adolescents, ne pas avoir de supervision peut entraîner de nombreuses mauvaises décisions de la part des adolescents lors de la fête.  Si un adulte supervise, essayez d'être ailleurs pendant la fête. Par exemple, si la fête a lieu chez l'adolescent, l'un des parents ou un frère ou une sœur aîné(e) (responsable) devrait être dans l'une des autres pièces de la maison. Vérifiez occasionnellement la fête en faisant un tour en passant par la cuisine ou les toilettes. S'il y a quelqu'un qui est dans la fin de l'adolescence, ou dans la vingtaine, qui est digne de confiance, voyez s'il peut surveiller la fête. Ils seront beaucoup plus cool qu'un parent, mais pourront toujours empêcher la fête de devenir incontrôlable. Il est préférable que l'adolescent participe au nettoyage comme partie de son processus d'apprentissage. Ils organisent la fête, ils doivent nettoyer après. Cela devrait également rendre moins probable que la fête devienne incontrôlable car ils savent qu'ils devront s'occuper de ce qui se passe. Demandez à quelques amis de rester après pour aider au nettoyage. Mettez de la musique pour rendre cela plus agréable.

### Instruction2:
Organiser une fête pour un adolescent nécessite de prendre en compte leurs préférences, de gérer le budget, les invitations et de choisir le bon type de fête en fonction de l'emplacement. Il est important de planifier la nourriture, la musique, et de s'assurer qu'il y a une supervision adéquate pour éviter les débordements. Enfin, inclure les adolescents dans le nettoyage après la fête peut les responsabiliser.",10.831516981124878
036_49369,"### Instruction1:
Une fois que vous avez fini de passer la serpillière avec la solution de vinaigre, vous devrez rincer le sol avec de l'eau propre. Jetez la solution de vinaigre dans un drain. Remplissez le seau avec de l'eau chaude et fraîche. S'il y a des taches sur le sol, essayez de mélanger une petite quantité de vinaigre avec du bicarbonate de soude pour former une pâte, par exemple 1 part de vinaigre pour 3 parts de bicarbonate de soude. Appliquez la pâte sur la tache avec une brosse à récurer ou une éponge. Ensuite, utilisez un essuie-tout humide pour enlever la pâte.

### Instruction2:
Après avoir nettoyé le sol avec une solution de vinaigre, rincez-le à l'eau propre. Pour les taches, utilisez un mélange de vinaigre et de bicarbonate de soude pour créer une pâte que vous appliquerez, puis retirez avec un essuie-tout humide.",2.0962300300598145
036_15091,"### Instruction1:
Faites une incision au centre de la tomate. Essayez de garder les deux moitiés à peu près de la même taille. Faites une série de trois à quatre incisions longitudinales à travers chaque moitié de votre tomate. Cela devrait couper votre tomate en quartiers. Chaque quartier doit être à peu près de la même taille. Placez chaque quartier sur une table ou une planche à découper avec la peau vers le bas. Tranchez avec un couteau à travers la tomate pour retirer la partie blanche et charnue de la tomate. Les graines sont attachées à cette partie, donc elles seront également coupées. Parfois, des graines restent sur la tomate après avoir retiré la partie charnue. Si des graines ne sont pas sorties, retirez-les avec vos doigts. Les tomates Roma sont très petites et délicates. Elles ont tendance à avoir moins de graines et celles-ci peuvent être difficiles à retirer sans endommager les tomates. Il est généralement acceptable de laisser les graines des tomates Roma intactes.

### Instruction2:
Pour préparer une tomate, coupez-la en deux, puis faites des incisions longitudinales pour obtenir des quartiers. Retirez la partie charnue et les graines, mais sachez que les tomates Roma peuvent avoir moins de graines et il est souvent acceptable de les laisser.",2.195173501968384
036_48757,"### Instruction1:
Dès que vous reconnaissez qu'une de vos chaussettes n'est pas dans une paire, mettez-la dans un petit panier sur le dessus du sèche-linge, désigné pour les chaussettes dépareillées. Espérons que votre chaussette seule sera réunie avec son double après le prochain cycle. Passez votre main à l'intérieur du lave-linge et du sèche-linge et le long du bas, des coins et des crevasses après chaque utilisation. De temps en temps, vous êtes sûr de trouver quelques chaussettes laissées derrière. Comptez vos chaussettes avant et après chaque chargement pour vous assurer que vous avez tout ce que vous avez commencé, et retracez vos pas après avoir transporté le chargement loin du sèche-linge pour vous assurer que vous n'avez rien laissé tomber en transportant vos vêtements.

### Instruction2:
Pour éviter de perdre des chaussettes, mettez celles qui sont seules dans un panier spécial. Vérifiez l'intérieur du lave-linge et du sèche-linge après chaque utilisation, et comptez vos chaussettes avant et après chaque lavage pour être sûr de ne rien perdre.",2.021245002746582
036_32012,"### Instruction1:
L'angine streptococcique est une infection contagieuse causée par des bactéries streptocoques. Le symptôme caractéristique de l'angine streptococcique est un mal de gorge, mais ce n'est pas le seul symptôme. Vous pouvez éprouver de la douleur ou des difficultés à avaler. En plus d'un mal de gorge sévère qui commence rapidement, vos amygdales peuvent apparaître rouges et enflées, parfois avec des taches blanches ou du pus. Vous pourriez également avoir de petites taches rouges à l'arrière du palais. L'infection provoquera également un gonflement des glandes lymphatiques dans votre cou. Si vous palpez votre cou, vous remarquerez probablement le gonflement, qui sera également sensible au toucher. Faites particulièrement attention aux glandes à l'avant de votre cou, sous votre mâchoire, de chaque côté de vos voies respiratoires. Les glandes lymphatiques enflées se sentiront comme de petites bosses dures sous votre peau. L'angine streptococcique ou d'autres infections de la gorge peuvent causer une mauvaise haleine. Vos amygdales infectées commenceront à sécréter des globules blancs morts, ce qui dégage une odeur particulière semblable à une protéine. La fièvre et les frissons sont deux autres symptômes distinctifs de l'angine streptococcique. La fièvre est généralement la plus élevée le deuxième jour de l'infection, alors que votre corps réagit. La température corporelle normale est de 98,6 °F (37 °C). Des fluctuations supérieures à un ou deux degrés Fahrenheit (une demi-degré à un degré Celsius) sont un signe que vous pourriez avoir une infection. Si vous avez une fièvre supérieure à 101 °F (38,3 °C) ou une fièvre qui dure plus de 48 heures, appelez votre fournisseur de soins de santé. Chaque fois que votre système immunitaire réagit vigoureusement à une infection, vous pouvez également éprouver des symptômes généraux semblables à ceux de la grippe. Ces symptômes peuvent inclure : une éruption cutanée, généralement sur la poitrine, avec l'apparence et la sensation du papier de verre ; des maux de tête ; de la fatigue ; des douleurs abdominales, des nausées ou des vomissements (surtout chez les enfants). En fin de compte, votre médecin devra diagnostiquer si votre maladie est une angine streptococcique ou causée par autre chose. Votre corps commencera à éliminer la plupart des infections virales qui peuvent causer des symptômes similaires dans un jour ou deux (pas complètement, mais une différence notable), donc vous devriez surtout consulter votre médecin si les symptômes persistent à la même gravité pendant plus de 48 heures.

### Instruction2:
L'angine streptococcique est une infection contagieuse avec des symptômes tels qu'un mal de gorge sévère, des difficultés à avaler, des amygdales rouges et enflées, ainsi que des glandes lymphatiques enflées. D'autres symptômes peuvent inclure de la fièvre, des frissons, et des symptômes de type grippal. Il est important de consulter un médecin si les symptômes persistent ou si la fièvre est élevée.",5.0131590366363525
036_12572,"### Instruction1:
Faites un mouvement simple, comme taper du pied et vous étirer. Si cela devient une habitude, cela pourrait vous empêcher de vous endormir pendant ces derniers moments critiques et vous maintenir éveillé sans être distrait. Essayez de garder de la musique en fond sonore. Si elle a un bon rythme, vous pourriez vous retrouver à taper naturellement du pied au tempo. Évitez une diminution de votre énergie et de votre motivation en vous fixant un rythme constant : par exemple, essayez de travailler pendant 40 à 55 minutes, puis prenez une pause de 5 à 20 minutes, ou peut-être une petite marche à l'extérieur dans un endroit sûr et bien éclairé. Regarder plusieurs fois l'horloge peut vous distraire de votre travail. Prendre des pauses est particulièrement important si vous travaillez sur l'ordinateur ; cela aidera à prévenir les maux de tête et la fatigue oculaire. Prenez une courte pause pour regarder un extrait d'un film d'horreur si vous pensez que cela peut aider votre productivité. Les films d'horreur peuvent vous tenir en alerte, mais ne regardez pas si cela devient une distraction ; il suffit de regarder un peu pendant une pause de 5 à 20 minutes. Choisissez un film avec un sujet qui vous effraie réellement. Ce serait inutile de regarder un film sur des araignées géantes si vous aimez les araignées. Si vous ne trouvez pas de film d'horreur, envisagez de regarder un documentaire sur un sujet terrifiant à la place. Le café ou le thé peuvent sembler être une solution idéale sur le moment, mais vous pourriez ressentir un pic d'énergie temporaire suivi d'un gros coup de fatigue le lendemain (peut-être à mi-parcours de votre test ou de votre réunion). Essayez de rester hydraté avec de l'eau à la place. Buvez 2 verres d'eau glacée toutes les 30 minutes. Non seulement l'eau froide vous aidera à rester éveillé, mais vous aurez besoin d'uriner souvent, ce qui vous gardera alerte. Le thé aux herbes non caféiné vous gardera également naturellement éveillé grâce à la grande variété d'herbes contenues dans le thé. Gardez à l'esprit que certaines infusions, comme la camomille, vous endormiront. Évitez les thés étiquetés comme ""pour le coucher"" ou ""apaisants"". Des aliments comme des sandwiches, du fromage et d'autres produits laitiers peuvent vous aider à vous sentir plus alerte. Les aliments sucrés peuvent vous donner un coup de fouet pendant un court moment, mais finiront par vous fatiguer et vous faire sentir somnolent. Les pommes stabilisent votre glycémie, ce qui vous permet de rester éveillé plus longtemps. Tout fruit ou aliment sain est mieux que de consommer des aliments sucrés. Évitez de manger un repas copieux la veille d'une nuit blanche. Cela vous laissera léthargique et somnolent. Prenez un repas léger et sain, comme un sauté. Évitez l'alcool, car ce dépresseur vous rendra somnolent. Vous ne l'apprécierez peut-être pas, mais une musique dure et irrégulière gardera votre esprit alerte. Essayez de vous en tenir à une musique instrumentale, qui est moins distrayante. Cela vous évitera d'être endormi. Si d'autres dorment autour de vous, vous devrez évidemment garder le volume de la musique bas. Utilisez des écouteurs si nécessaire. Il existe des points d'acupression sur vos oreilles, et lorsqu'ils sont stimulés, ils envoient des signaux électriques à votre cerveau. Après cela, vous vous sentirez plus énergique et éveillé. Par exemple : exercer une pression sur le bout de votre oreille peut soulager la pression dans votre dos et vos épaules. Pincer la partie supérieure et centrale de l'oreille peut aider à soulager la douleur dans vos articulations.

### Instruction2:
Restez éveillé et alerte en adoptant des mouvements simples, en écoutant de la musique rythmée, et en prenant des pauses régulières. Hydratez-vous avec de l'eau glacée, mangez léger et évitez les distractions pendant que vous travaillez.",6.45298433303833
036_37734,"### Instruction1:
Découvrez si votre orchidée est une orchidée à ""croissance fraîche"" ou à ""croissance chaude"". Les deux types préfèrent des températures qui tombent dans une plage légèrement différente. Les orchidées à croissance chaude incluent les variétés vanda, phalaenopsis et oncidium. Les orchidées à croissance fraîche incluent les variétés phragmipedium, miltonia et cymbidium. Abaissez la température d'environ 15 °F (−9 °C) la nuit. Dans la nature, les orchidées poussent dans des endroits qui connaissent une chute similaire de la température nocturne. En conséquence, faire baisser manuellement la température aussi drastiquement chez vous, au moins dans la pièce où votre orchidée pousse, encouragera la plante à fleurir et à prospérer. Gardez les orchidées à croissance chaude à une température entre 75 et 85 °F (24 à 29 °C) pendant la journée. La nuit, laissez la température descendre entre 65 et 75 degrés. Gardez les orchidées à croissance fraîche à une température entre 65 et 80 degrés Fahrenheit pendant la journée. La nuit, laissez la température descendre entre 50 et 65 degrés. Cela est particulièrement important pendant les périodes de chaleur. Ouvrez les fenêtres lors des journées chaudes et humides ou placez un petit ventilateur à proximité. L'air stagnant et vicié ralentira la croissance de l'orchidée. Chaque type d'orchidée nécessite des quantités d'arrosage légèrement différentes. En général, il est préférable d'arroser votre orchidée tous les 5 à 12 jours, selon la saison et la température. Si vous traversez une période de chaleur, vous devrez peut-être arroser votre orchidée plus fréquemment. Les racines doivent rester uniformément humides tout au long de l'année, mais la plante n'aura pas besoin de beaucoup d'eau pendant les mois plus frais, lorsque la croissance est naturellement réduite, par rapport aux mois chauds et vibrants. Les orchidées qui doivent être constamment humides sont par exemple Paphiopedilum, Miltonia, Cymbidium et Odontoglossum. Les orchidées qui nécessitent d'être humides pendant la croissance active, mais presque sèches entre les arrosages, sont celles comme Cattleya, Oncidium, Brassia, Dendrobium. Pour certaines orchidées, vous devrez les laisser sécher entre les arrosages. Celles-ci comprennent Phalaenopsis, Vanda, Ascocenda. En cas de doute, suivez les instructions qui ont accompagné votre orchidée ou recherchez les besoins en arrosage de votre orchidée particulière en ligne. Ce ne sont que des directives générales, car cela dépend vraiment du type d'orchidée. Lorsque l'orchidée est en pleine croissance, il peut être préférable de la fertiliser chaque semaine ou toutes les deux semaines. Cependant, assurez-vous de l'arroser sans fertiliser au moins une fois par mois afin que l'eau puisse éliminer les sels d'engrais excédentaires. Pour de meilleurs résultats, utilisez un engrais spécifiquement conçu pour les orchidées. Vous pouvez également utiliser tout engrais équilibré pour potager. Évitez de fertiliser trop fréquemment. Si vous le faites, vous allez surcharger la plante et avoir un effet néfaste sur sa croissance, surtout pendant ses périodes de dormance. Certaines orchidées n'ont pas besoin d'engrais du tout. En fait, beaucoup d'orchidées sont parfaitement heureuses de fleurir année après année sans aucun engrais. Lorsque toutes les fleurs sont tombées, taillez la tige de l'orchidée juste au-dessus du nœud le plus bas (petite gravure triangulaire qui est une nouvelle floraison potentielle). Coupez en diagonale. Cela encouragera une nouvelle croissance. Tant que vous continuez à arroser chaque semaine, vous devriez voir de nouvelles floraisons apparaître. Gardez à l'esprit que certaines orchidées ne fleurissent qu'une fois par an. Une bonne façon de déterminer si votre orchidée a besoin d'être rempotée est simplement de vérifier sa croissance. Si une orchidée par ailleurs saine ne fleurit pas même si les niveaux de lumière, de température et d'humidité sont tous suffisants, vous devrez peut-être la rempoter. Évitez de rempoter lorsqu'elle est en fleur. Choisissez une taille de pot en fonction de la taille de la masse racinaire, afin que vous ne rempotiez pas nécessairement dans un pot plus grand. Les orchidées aiment être un peu à l'étroit dans leurs pots, et un pot trop grand les empêchera de produire autant de feuillage ou de fleurs. Choisissez un nouveau pot, un nouveau mélange de rempotage et transférez l'orchidée. Les orchidées qui nécessitent un rempotage annuel sont : Dendrobium, Miltonia, Paphiopedilum et Phalaenopsis et leurs hybrides. Les orchidées qui nécessitent un rempotage tous les deux ans sont : Cattleya, Dendrobium, Oncidium, Odontoglossum et leurs hybrides. Les orchidées qui nécessitent un rempotage tous les trois ans sont : Vanda et ses alliés, et Cymbidium.

### Instruction2:
Il est essentiel de connaître le type d'orchidée que vous avez afin de lui fournir les soins appropriés. Les orchidées à croissance chaude et à croissance fraîche ont des besoins en température et en arrosage différents. Assurez-vous d'ajuster la température ambiante, d'arroser régulièrement selon les besoins spécifiques de l'orchidée et de fertiliser judicieusement. Le rempotage doit être effectué en fonction de la croissance de l'orchidée, et il est préférable de le faire lorsqu'elle n'est pas en fleur.",9.005760431289673
036_11479,"### Instruction1:
Placez le bouquet de romarin dans une passoire et versez de l'eau courante dessus. Vous pouvez également frotter les brins avec vos mains sous l'eau pour aider à déloger toute saleté ou débris restants du jardin. Transférez le romarin lavé sur un torchon et séchez-le en le tapotant. Utilisez une paire de ciseaux bien aiguisés ou un couteau pour couper des brins de romarin individuels du bouquet. Retirez les brins à la base, là où ils se développent à partir du bouquet plus grand. Vous pouvez également couper et jeter les gros morceaux de tige qui n'ont pas d'aiguilles. Les tiges de romarin sont savoureuses, mais elles sont ligneuses, dures et peu agréables à manger. Les brins entiers de romarin sont parfaits pour finir, garnir et ajouter de la saveur à certains plats. Vous pouvez soit ajouter les brins après la cuisson pour finaliser un plat, soit cuisiner des rôtis, des soupes et d'autres repas avec des brins entiers de romarin. Comme les feuilles de laurier, les brins de romarin cuits avec les aliments sont généralement enlevés avant de servir. Pincez l'extrémité du brin de romarin et utilisez votre autre main pour enrouler vos doigts autour de la tige juste en dessous de l'extrémité. Appliquez une pression douce et faites glisser vos doigts le long de la tige pour enlever les aiguilles. Transférez les aiguilles sur une planche à découper et jetez les tiges. Au lieu de jeter les tiges, vous pouvez également les suspendre pour les faire sécher et les conserver pour les utiliser comme brochette pour les légumes et la viande que vous souhaitez faire griller. Lorsque vous souhaitez inclure du romarin directement dans vos recettes, il est préférable d'utiliser les aiguilles individuelles plutôt que le brin entier. Avec un couteau bien aiguisé, hachez les aiguilles de romarin jusqu'à ce qu'elles soient très fines. Les aiguilles de romarin peuvent être assez dures, même lorsqu'elles sont cuites, et cela aidera à les rendre plus faciles à manger.

### Instruction2:
Lavez et préparez le romarin en enlevant les brins et en coupant les aiguilles. Utilisez les aiguilles pour assaisonner vos plats, et conservez les tiges pour les faire sécher ou les utiliser comme brochettes.",3.6093404293060303
036_28288,"### Instruction1:
Le jus de citron contient de l'acide citrique qui est un agent de blanchiment naturel. Par conséquent, appliquer du jus de citron sur les coudes peut aider à éclaircir la peau. Pour l'utiliser : Coupez un gros citron en deux. Pressez un peu de jus des deux moitiés afin d'obtenir deux moitiés creuses ou ""tasses"". Frottez chaque tasse de citron sur vos coudes. Vous pouvez enlever l'excès de pulpe, mais ne lavez pas vos coudes pendant environ 3 heures. Cela donne au jus de citron le temps d'agir plus en profondeur. Lavez le jus de citron avec de l'eau tiède. Comme le jus de citron peut assécher, vous devriez hydrater la zone avec votre hydratant corporel préféré. Répétez cela tous les jours jusqu'à ce que la peau foncée commence à s'estomper. Vous devriez voir une différence significative dans quelques semaines. Un mélange de crème épaisse et de curcuma fonctionne bien pour éclaircir la peau des coudes, particulièrement chez les personnes ayant une peau plus foncée. Le curcuma est un agent de blanchiment naturel qui aide à réduire la mélanine dans la peau. Prenez de la crème épaisse (ou du lait à haute teneur en matières grasses) et faites-la bouillir jusqu'à ce qu'elle épaississe et devienne caillée. Mélangez une demi-cuillère à café de curcuma et transformez-le en pâte. Appliquez cette pâte sur vos coudes (et genoux) en effectuant un mouvement circulaire, laissez agir pendant environ 20 minutes, puis rincez à l'eau. Soyez conscient que le curcuma peut teindre la peau d'une couleur jaunâtre-orange qui est particulièrement visible sur la peau claire. La couleur s'estompera après un jour ou deux. Vous pouvez également remplacer la crème épaisse par du yaourt. Vous n'aurez pas besoin de le faire bouillir pour obtenir le même effet de changement de couleur. Ce remède aide à éclaircir les coudes car le lait contient de l'acide lactique qui réduit la pigmentation de la peau, tandis que le bicarbonate de soude aide à exfolier les cellules mortes de la peau. Mélangez suffisamment de lait pour transformer le bicarbonate de soude en pâte. Appliquez sur vos coudes et frottez doucement en effectuant un mouvement circulaire. Faites cela pendant environ 3 minutes ou jusqu'à ce que vous remarquiez que votre peau est plus claire. Ces combinaisons contiennent à la fois de l'acide lactique et acétique, qui aident chacune à éclaircir la couleur de votre peau. Pour utiliser, combinez une cuillère à café de yaourt avec une cuillère à café de vinaigre blanc ou de jus de citron et mélangez jusqu'à obtenir une pâte homogène. Appliquez sur vos coudes en frottant en mouvement circulaire. Laissez le mélange agir pendant 20 minutes, puis rincez et hydratez. Le babeurre peut éclaircir votre peau en la blanchissant et en l'hydratant. L'avoine et les amandes peuvent tous deux agir comme exfoliants et éliminer les cellules mortes de la peau. Broyez l'avoine et les amandes et combinez-les avec le babeurre pour créer une pâte. Frottez la pâte sur vos coudes en effectuant un mouvement circulaire. Laissez la pâte agir sur vos coudes pendant 10 à 15 minutes, puis rincez à l'eau.

### Instruction2:
Le jus de citron, le curcuma, le yaourt et le babeurre peuvent être utilisés pour éclaircir la peau des coudes. Appliquez ces remèdes en suivant des étapes précises et laissez agir avant de rincer. L'hydratation après l'utilisation est essentielle pour éviter le dessèchement.",6.435830116271973
036_1894,"### Instruction1:
Combiner des fumées âpres provenant de la fumée avec des produits de nettoyage peut irriter vos poumons, alors assurez-vous d'avoir les fenêtres ouvertes (si possible) et les ventilateurs en marche pour amener de l'air frais dans la zone où vous travaillez. Surtout lors du nettoyage de votre plafond, des lunettes de sécurité vous éviteront d'avoir de la suie dans les yeux, tandis que des gants en caoutchouc protégeront vos mains des produits chimiques de nettoyage. De plus, essayez de porter de vieux vêtements que vous ne craignez pas de tacher et de ruiner. Un chapeau protégera vos cheveux de la poussière et de la suie. Cela aidera à éviter de transférer des taches de suie sur le tapis ou le sol. La première étape pour nettoyer les dégâts causés par la fumée est de retirer toute suie lâche qui adhère aux murs. Cela peut se faire avec un aspirateur ou une éponge chimique sèche. Fixez l'accessoire plat sur le tuyau de l'aspirateur et maintenez la buse légèrement au-dessus de la surface du mur. Déplacez-la d'avant en arrière jusqu'à ce que toute la suie lâche soit enlevée. Vous pouvez également essayer d'utiliser l'accessoire de brosse pour brosser toute suie supplémentaire. Tout ce qui n'est pas aspiré par votre aspirateur devrait tomber sur votre toile de protection. Essayez une éponge chimique sèche comme alternative à l'aspiration. Cette éponge chimique est fortement recommandée car elle est imprégnée d'un produit chimique qui élimine la suie et la fumée de votre mur. En utilisant une éponge sèche, frottez la tache de suie sur le mur de manière répétée. Lorsque l'éponge est saturée de suie, lavez-la dans un évier et laissez-la sécher à l'air. S'il y a de graves dommages causés par la suie sur les murs ou les plafonds, ceux-ci peuvent devoir être remplacés. Un nettoyant populaire pour les murs endommagés par la fumée est le phosphate trisodique (TSP). Bien que ce soit une solution de nettoyage plus puissante, elle nécessite tout de même beaucoup de temps et d'efforts pour nettoyer les dommages sur vos murs ou votre plafond. Mettez une paire de gants robustes pour protéger vos mains et vos avant-bras et une paire de lunettes pour protéger vos yeux. Portez de vieux vêtements que vous ne craignez pas d'abîmer. Remplissez un seau standard avec un gallon d'eau tiède et ajoutez une cuillère à soupe de TSP. Humidifiez une éponge avec la solution de TSP et frottez vigoureusement votre mur ou plafond avec l'éponge. Travaillez une section à la fois. Rincez la section que vous venez de nettoyer avec un chiffon trempé dans de l'eau propre. Continuez jusqu'à ce que tout le mur et/ou plafond soit nettoyé. Répétez l'étape de lavage/rinçage plusieurs fois selon la gravité de l'accumulation de suie. Faites attention à ne pas sursaturer vos murs d'eau ou à laisser l'eau s'infiltrer entre vos murs et vos plinthes. Si les dommages causés par la fumée sont encore visibles après ce processus de nettoyage, vous devrez probablement apprêter vos murs et/ou plafond et repeindre. Cependant, il est important de s'assurer qu'ils sont aussi propres que possible avant de le faire. Méfiez-vous, car le TSP est un nettoyant agressif et peut avoir des effets irritants sur la peau et les yeux. Faites attention à ne pas le laisser toucher votre peau, et si cela arrive, lavez-le immédiatement et surveillez les irritations sévères. Il existe de nombreux bons produits de nettoyage commerciaux conçus pour éliminer la suie des murs ainsi que d'autres surfaces. Vous pouvez choisir des solutions robustes pour des dommages causés par la fumée sévères, ou suffisamment douces pour être utilisées autour des enfants et des animaux de compagnie. Une simple recherche en ligne vous fournira de nombreuses options, mais voici quelques suggestions pour commencer : Unsmoke Degrease-All Degreaser : suffisamment robuste pour éliminer les dommages causés par la fumée les plus importants. Benefect Atomic Degreaser : un dégraissant botanique haute performance sans solvant, sûr à utiliser autour des personnes et des animaux de compagnie. Chemspec Smoke-Solv Liquid Wall Wash : spécialement formulé pour éliminer les résidus de suie et de fumée des murs et des surfaces dures. Après avoir nettoyé la suie, vous devrez vous occuper de l'odeur de fumée. Les murs peuvent absorber la fumée et la relâcher dans la pièce. Plusieurs articles ménagers courants, ou ceux facilement trouvés dans les épiceries, peuvent être utilisés pour éliminer l'odeur tenace de fumée des murs de votre maison, même s'ils ne semblent pas enfumés ou sales au premier abord. Placez une feuille en plastique autour de la base des murs pour éviter que l'eau ne s'infiltre entre les murs et les plinthes. Remplissez un seau d'eau tiède et ajoutez quelques cuillères à soupe de détergent, juste assez pour créer quelques bulles. Essuyez les murs avec de l'eau savonneuse à l'aide d'un chiffon doux ou d'une éponge. Utilisez du vinaigre blanc comme alternative. Essayez d'essuyer les murs lavables avec du vinaigre blanc (cela peut également être utilisé sur les meubles et les sols). Le vinaigre, bien que lui-même odorant, peut être utilisé comme un puissant neutralisant d'odeur. Vaporisez les murs et la zone environnante avec Febreeze. Febreeze, vendu dans de nombreux magasins, utilise la cyclodextrine pour absorber les odeurs. Essayez de vaporiser les murs et la zone affectée avec Febreeze pour réduire l'odeur de fumée. L'odeur de Febreeze sera un changement bienvenu par rapport à l'odeur de fumée ! Bien que la réparation professionnelle des dommages causés par la fumée puisse être coûteuse et potentiellement nuisible à l'environnement, il existe des entreprises qui emploient des procédures d'élimination de la fumée respectueuses de l'environnement. Consultez les pages jaunes ou en ligne sous «Restauration des dommages causés par le feu et l'eau».

### Instruction2:
Pour nettoyer les dégâts de fumée, ouvrez les fenêtres et utilisez des ventilateurs pour aérer. Protégez-vous avec des lunettes et des gants, et portez des vêtements anciens. Enlevez d'abord la suie lâche avec un aspirateur ou une éponge chimique sèche. Utilisez une solution de phosphate trisodique pour nettoyer les murs ou plafonds si nécessaire. Pour éliminer l'odeur de fumée, utilisez des articles ménagers comme du vinaigre blanc ou des produits comme Febreeze.",11.2420015335083
036_33996,"### Instruction1:
Utilisez des oreillers pour garder votre partie supérieure du corps à un angle de 45 degrés et votre tête surélevée. Cela réduira le gonflement de vos blessures et atténuera leur douleur, ce qui facilitera considérablement votre sommeil. Bien que cela ne soit pas votre position de sommeil naturelle, se reposer avec la tête droite est de loin la meilleure façon de réduire naturellement la douleur dans votre bouche pendant le sommeil. Envisagez d'investir dans un oreiller en coin pour rendre le sommeil dans cette position plus facile. Dormir en position verticale rend également un peu plus facile pour votre corps de descendre pendant que vous dormez. Évitez de dormir sur des canapés en cuir ou d'autres surfaces glissantes pour obtenir un sommeil réparateur et éviter de vous blesser. Cela sera moins préoccupant si vous dormez dans un lit normal avec la tête soutenue par des oreillers. Éteignez toutes les lumières de votre chambre, utilisez des rideaux épais sur les fenêtres et abaissez la température de votre chambre pour maximiser votre environnement de sommeil. Garder votre chambre entre 60 °F (16 °C) et 67 °F (19 °C) aidera votre corps à abaisser sa température en se préparant au sommeil. Si vous gardez votre téléphone portable à côté de votre lit, retournez-le de manière à ce que l'écran soit face vers le bas pendant que vous dormez. Cela empêchera d'ajouter une lumière indésirable à votre chambre lorsque de nouvelles notifications apparaissent à l'écran. Certaines études ont montré que certaines senteurs peuvent réduire le stress et favoriser un sommeil réparateur. Envisagez d'utiliser des bougies, des huiles ou des sprays pour rendre votre chambre plus aromatique et meilleure pour le sommeil. Les meilleures senteurs pour créer un meilleur environnement de sommeil sont la lavande et la vanille. Vous pouvez également tremper un coton dans une huile parfumée et le laisser près de votre oreiller pour une expérience aromatique rapide et facile. Soyez très prudent lorsque vous allumez des bougies pour maximiser votre environnement de sommeil. Ne vous endormez pas avec une bougie encore allumée. Il sera particulièrement difficile de penser à autre chose que la douleur dans vos gencives assez longtemps pour vous endormir. Jouez de la musique douce et apaisante pendant que vous vous allongez pour donner à votre esprit autre chose sur quoi se concentrer. La musique lente est généralement la meilleure pour s'endormir. Jouez de la musique avec un rythme entre 60 et 80 battements par minute pour de meilleurs résultats. Certains bons genres de musique pour dormir peuvent inclure le jazz, la musique classique et la musique folk.

### Instruction2:
Pour un meilleur sommeil, utilisez des oreillers pour surélever la tête et le haut du corps. Créez un environnement propice au sommeil en ajustant la température, en éteignant les lumières et en utilisant des senteurs apaisantes comme la lavande. Écoutez de la musique douce pour vous détendre et faciliter l'endormissement.",4.508183240890503
036_18617,"### Instruction1:
Une façon de cesser d'être une drama queen est de devenir suffisamment conscient de soi pour savoir quand vous êtes celle qui cause le drame. Vous trouvez-vous toujours en conflit avec les gens et personne dans votre vie n'est facile à vivre ? Vous sentez-vous souvent en colère, en train de pleurer ou de taper des pieds au quotidien ? Si c'est le cas – à moins que vous ne viviez dans une zone de guerre – il y a de fortes chances que beaucoup de ce drame soit auto-créé. Reconnaître que vous êtes la source d'une grande partie du drame est la première étape pour le réduire. Une fois que vous voyez que vous êtes la source, vous cesserez de blâmer les gens autour de vous et réaliserez que vous contrôlez la situation. Si vous êtes une drama queen, alors vous devez être experte pour transformer une situation de 3 ou 4 en un 10 sur l'échelle de Richter du drame. La prochaine fois que vous êtes confrontée à un conflit ou à une perturbation mineure, prenez une minute pour vous demander quelle importance cela a vraiment dans le grand schéma des choses. Peut-être que votre petit ami a 10 minutes de retard pour votre rendez-vous. Peut-être que vous avez renversé un peu de café sur votre pull. Est-ce que cela comptera pour vous dans 10 heures – ou même dans une heure ? Est-ce que cela vaut la peine de pleurer ? Est-ce que cela vaut la peine de ruiner votre journée ? Ce sont des questions importantes à se poser. Il est probable que vous réalisiez que vous faites tout un drame pour rien et que vous pourrez avancer sans faire de scène. Faire tout un plat pour chaque petite chose n'aidera pas votre état mental. Cela vous rendra stressée, insomniaque et généralement irritable. N'oubliez pas que minimiser vos problèmes vous fera en réalité vous sentir mieux. Si vous dramatisez tout, alors personne ne vous prendra au sérieux lorsque quelque chose de vraiment dévastateur vous arrivera. Beaucoup de temps, les drama queens sont comme elles sont parce qu'elles ont une faible estime de soi. Elles peuvent penser que les gens ne prêteront attention à elles ou ne leur accorderont du temps que si elles sont constamment dramatiques, bruyantes ou en train de dire du mal des autres. Demandez-vous si cela vous ressemble et réfléchissez à votre propre image de soi et à la façon dont vous vous sentez vraiment. Lorsque vous vous levez et que vous regardez dans le miroir, que voyez-vous ? Travaillez à aimer la personne que vous voyez là, et ne basez pas votre valeur personnelle sur l'attention que les gens vous accordent. Bien sûr, construire la confiance prend toute une vie. Plus vous commencez tôt à réaliser que votre valeur doit venir de vous-même, et non de ce que les gens pensent de vous, plus vite vous cesserez de créer du drame. Pensez vraiment à vous-même. Personne n'est parfait – quels sont vos défauts ? Comment pouvez-vous travailler à les aborder – ou à les accepter ? Une partie du fait de se sentir bien dans sa peau est de fréquenter des personnes qui vous font vous sentir bien. Y a-t-il des gens comme ça dans votre vie ? Si tout le monde autour de vous se concentre sur la façon de vous rabaisser, alors vous ne pourrez pas vous sentir bien tant que vous ne les aurez pas quittés. Une grande partie de votre drame peut venir du fait que vous sentez que tout le monde vous a fait du tort, que le monde vous a mal traité et que vous méritez beaucoup mieux que ce que vous obtenez. Bien sûr, une partie de cela peut être vraie par moments, mais il est peu probable que tout le monde dans votre vie soit déterminé à vous faire sentir horrible. Au lieu de cela, emparez-vous du fait que vous contrôlez votre propre destin. Cessez de dire : ""Je ne peux pas croire ce qu'il/elle m'a fait…"" ou ""Je ne peux pas croire ce qui m'est arrivé…"" et commencez vos phrases par quelque chose de positif comme : ""J'ai fait cette chose cool aujourd'hui…"" Ne donnez pas tant de pouvoir aux gens sur vous. Au lieu de vous obséder sur ce qu'ils vous ont fait, travaillez sur des choses pour améliorer votre propre vie. Demandez-vous pourquoi vous ressentez le besoin de chercher de la sympathie tout le temps. Vous ne voulez pas vraiment ce genre d'attention tout le temps, n'est-ce pas ? Parfois, vous pourriez vraiment avoir besoin de sympathie, donc ne dépensez pas vos points de sympathie pour rien juste pour attirer l'attention. Les personnes obsédées par le drame ont tendance à vivre dans le passé, en se concentrant sur les façons dont les gens les ont blessées, sur les disputes passées ou sur des situations qu'elles auraient aimé ne pas vivre. Bien que le passé puisse être informatif, aidant à éviter de répéter sans cesse les mêmes problèmes, si vous restez trop accrochée au passé, vous ne serez pas en mesure de vivre dans le moment présent ou d'avancer. Si vous vivez dans le moment présent, vous ne vous souciez pas tant de ce que quelqu'un vous a dit ou de la façon dont vous pensez avoir été ""maltraitée"", ou même de vous venger. Au lieu de cela, concentrez-vous sur le fait de vous amuser là où vous êtes, que vous soyez avec des amis ou en train de faire une longue promenade. Cessez de vous obséder sur le passé et vous trouverez bientôt votre chemin vers un état d'esprit beaucoup plus sain. Écrire vos pensées dans un journal peut vous aider à vraiment traiter les choses qui vous sont arrivées, à les gérer émotionnellement et à prendre du temps pour résoudre vos problèmes. Il est bien mieux de noter vos problèmes que d'en parler avant d'être prête, surtout lorsque vous avez l'impulsion de parler de tout avec quiconque à portée d'oreilles. Écrire les choses vous aidera à penser que ce n'est pas la fin du monde et peut vous aider à prendre du recul par rapport à votre drame. Essayez de tenir un journal au moins une fois par jour. Si vous devez parler à un ami de quelque chose qui vous dérange, par exemple, envisagez d'écrire d'abord sur le conflit pour vous sentir plus calme à ce sujet. Mais rappelez-vous, ne laissez personne voir les choses importantes que vous avez écrites dans votre journal. Cela pourrait conduire à plus de drame que vous ne le souhaitez, alors soyez prudente. Les drama queens ont tendance à penser que presque tout vaut la peine de se mettre en colère et de faire une scène, mais ce n'est presque jamais le cas. Bien que vous détestiez entendre les gens dire : ""Ce n'est pas la fin du monde"", parfois c'est quelque chose que vous devez vous dire lorsque vous faites face à des situations difficiles. Disons que vous avez mal réussi un test. Demandez-vous si cela va vraiment ruiner ou affecter votre vie à long terme. La réponse est presque jamais, jamais oui. Pensez à cela la prochaine fois que vous sentez la colère monter ou les larmes aux yeux.

### Instruction2:
Devenir conscient de soi et reconnaître que vous êtes à l'origine de votre propre drame est essentiel pour réduire les conflits. Il est important de poser des questions sur l'importance des situations et de minimiser les problèmes pour éviter le stress. Renforcer votre estime de soi et vous entourer de personnes positives est crucial. Écrire vos pensées dans un journal peut aider à gérer les émotions et à prendre du recul par rapport au drame.",11.788426637649536
036_33770,"### Instruction1:
Vous pouvez passer beaucoup de temps à l'intérieur, surtout en hiver. Ouvrez une fenêtre chez vous pour laisser entrer de l'air frais et oxygéné. S'il fait assez chaud, ouvrez deux fenêtres sur des côtés opposés de votre maison pour augmenter la circulation de l'air. Essayez d'ouvrir vos fenêtres pendant quelques minutes 3 fois par jour, même en hiver. Si vous vivez dans une zone froide ou polluée et que vous ne souhaitez pas ouvrir vos fenêtres souvent, alors ouvrez-les seulement légèrement à des moments où vous créez de l'humidité. Ouvrez la fenêtre un peu pendant que vous préparez le dîner ou prenez une douche pour éviter l'accumulation d'humidité dans l'air. Si vous souffrez d'allergies extérieures, vous pouvez acheter des écrans de fenêtre à air pur qui filtrent le pollen de bouleau, le pollen d'herbe et le pollen d'ambroisie afin de vous assurer qu'il y a suffisamment de circulation d'air chez vous sans provoquer de réaction allergique. Si vous avez des allergies extérieures, veillez également à prêter attention aux niveaux de pollen pour déterminer quand vous devriez ouvrir les fenêtres plus fréquemment et quand vous devriez les ouvrir plus rarement. Lorsque vous ouvrez vos portes ou fenêtres pour laisser entrer de l'air frais, fermez les portes de vos placards, garde-manger et autres zones qui ne mènent nulle part. Cela aide l'air à circuler dans votre maison sans être piégé, apportant de l'air frais et oxygéné dans toute votre maison. Si vous ne les avez pas, installez un ventilateur d'extraction au-dessus de votre cuisinière et dans votre salle de bain. Ceux-ci aspirent l'air humide et malodorant hors de votre maison, aidant à améliorer la ventilation et à garder l'air frais. Assurez-vous de nettoyer les ventilateurs tous les quelques mois avec de l'eau chaude et une solution dégraissante, surtout dans la cuisine. Nettoyez-les aussi souvent que suggéré dans le guide d'utilisation qui accompagne votre ventilateur. Rendez-vous dans votre quincaillerie locale ou centre commercial, ou faites vos achats en ligne. Il existe de nombreux filtres à air sur le marché qui peuvent purifier l'air de votre maison et augmenter l'oxygène de votre maison. Choisissez un filtre à air qui convient le mieux à vos besoins en tenant compte des éléments suivants : combien d'argent vous souhaitez dépenser - bien qu'il puisse être utile de faire des folies pour la qualité. La cote MERV (valeur minimale de rapport d'efficacité) - plus la cote MERV est élevée, meilleure est la qualité du filtre à air. Les avis des utilisateurs pour avoir une idée de leur efficacité et de la fréquence à laquelle ils doivent être remplacés.

### Instruction2:
Ouvrez les fenêtres pour aérer votre maison et améliorer la circulation de l'air. Utilisez des filtres à air pour purifier l'air intérieur. Attention aux allergies extérieures et nettoyez les ventilateurs d'extraction régulièrement.",4.942132472991943
036_54832,"### Instruction1:
Il existe deux parties du discours de base qui apparaîtront dans une phrase : un nom et un verbe. Un nom est le nom d'une personne, d'un lieu, d'une chose ou d'une idée. Par exemple : « femme », « Montana », « stylo », « tristesse ». Un nom apparaît souvent après un article, tel que « le », « un » ou « une », dans une phrase. Les noms peuvent également être au singulier ou au pluriel et peuvent avoir des fonctions différentes au sein d'une même phrase. Par exemple : « Le jeune homme m'a donné un cadeau rare du Montana et m'a ensuite calmement dit qu'il valorisait le bonheur avant tout. » Dans cette phrase, les noms sont : « homme », « cadeau », « Montana » et « bonheur ». Un verbe exprime une action ou « être ». Par exemple : « courir », « nager », « sauter », « s'asseoir », « penser ». Dans une phrase, il y a un verbe principal et parfois un ou plusieurs verbes d'aide. Le verbe dans la phrase doit s'accorder avec son sujet, donc si le sujet est singulier, le verbe doit être singulier, et si le sujet est pluriel, le verbe doit être pluriel. Les verbes peuvent également apparaître à différents temps (passé, présent, futur). Par exemple : « Le jeune homme m'a donné un cadeau rare du Montana et m'a ensuite calmement dit qu'il valorisait le bonheur avant tout. » Dans cette phrase, les verbes sont : « a donné », « a dit » et « valorisait ». Une fois que vous comprenez les deux parties de discours de base, élargissez vos connaissances à des parties du discours plus complexes : adjectifs et adverbes. Un adjectif décrit ou modifie un nom ou un pronom. Par exemple : « mignon », « nouveau », « rouge », « fort ». Un adjectif répondra aux questions : lequel, quel genre ou combien. Gardez à l'esprit que les articles, tels que « un », « une », « le », sont classés comme des adjectifs. Par exemple : « Le jeune homme m'a donné un cadeau rare du Montana et m'a ensuite calmement dit qu'il valorisait le bonheur avant tout. » Dans cette phrase, les adjectifs sont : « jeune » et « rare ». Un adverbe décrit ou modifie un verbe, un adjectif ou un autre adverbe. Cependant, les adverbes ne modifient jamais un nom. Les adverbes se terminent généralement par « ment ». Par exemple : « calmement », « profondément », « soigneusement », « clairement ». Dans la phrase exemple : « Le jeune homme m'a donné un cadeau rare du Montana et m'a ensuite calmement dit qu'il valorisait le bonheur avant tout », l'adverbe est : « calmement ». Un pronom est un mot utilisé à la place d'un nom dans une phrase. Par exemple : « elle », « sa », « nous », « ils », « il ». Dans la phrase exemple : « Le jeune homme m'a donné un cadeau rare du Montana et m'a ensuite calmement dit qu'il valorisait le bonheur avant tout », les pronoms sont « me » et « il ». « Il » remplace « homme » dans la phrase. La préposition et la conjonction dans une phrase sont les termes plus petits qui encadrent les principales parties de la phrase (le nom, le verbe et l'adjectif). Une préposition apparaît avant un nom ou un pronom. Elle modifie le nom ou le pronom dans une phrase. Par exemple : « par », « avec », « sans », « à propos de », « jusqu'à », « de ». Dans la phrase exemple : « Le jeune homme m'a donné un cadeau rare du Montana et m'a ensuite calmement dit qu'il valorisait le bonheur avant tout », la préposition dans la phrase est « de ». Une conjonction relie des mots, des phrases ou des clauses. Elle indique également au lecteur la relation entre deux mots, phrases ou clauses. Par exemple : « et », « mais », « ou », « parce que », « bien que ». Dans la phrase exemple : « Le jeune homme m'a donné un cadeau rare du Montana et m'a ensuite calmement dit qu'il valorisait le bonheur avant tout », la conjonction est « ensuite ».

### Instruction2:
Les parties du discours essentielles dans une phrase sont le nom et le verbe. Un nom désigne une personne, un lieu, une chose ou une idée, tandis qu'un verbe exprime une action. Les adjectifs modifient les noms, et les adverbes modifient les verbes ou les adjectifs. Les pronoms remplacent les noms, les prépositions modifient les noms ou pronoms, et les conjonctions relient des mots, des phrases ou des clauses.",7.573251724243164
036_44103,"### Instruction1:
Si vous envisagez de faire un jeûne hydrique, consultez votre professionnel de santé. Bien que le jeûne puisse offrir des avantages pour la santé à certaines personnes, d'autres devraient l'éviter. Assurez-vous de discuter de vos médicaments et de vos conditions médicales avec votre médecin pour déterminer si le jeûne hydrique est sans danger pour vous. Il est probable qu'ils effectuent un examen physique et éventuellement quelques analyses de sang. Si vous prenez des médicaments, vous devrez discuter avec votre médecin de la nécessité de continuer à prendre vos médicaments pendant le jeûne, ou si des changements de dosage doivent être effectués. Il est préférable de jeûner uniquement sous la supervision et les conseils d'un médecin, surtout si vous jeûnez pendant plus de 3 jours ou si vous avez des conditions médicales. Trouvez un médecin formé au jeûne et demandez-lui de vous guider et de surveiller votre état pendant le jeûne. Demandez à votre médecin traitant de vous superviser ou de vous suggérer un autre professionnel qui peut le faire. Après 2-3 jours de jeûne hydrique, vous pourriez ressentir des vertiges si vous vous levez trop rapidement. Évitez cela en vous levant lentement et en faisant quelques respirations profondes avant de vous lever. Si vous ressentez des vertiges, asseyez-vous ou allongez-vous immédiatement jusqu'à ce que cela passe. Vous pouvez également essayer de plier la tête entre vos genoux. Si vous devenez si étourdi que vous perdez conscience, arrêtez le jeûne et consultez votre médecin. Il n'est pas rare de ressentir des vertiges, un peu de faiblesse, des nausées, ou des battements de cœur irréguliers occasionnels pendant le jeûne. Cependant, arrêtez le jeûne et demandez une assistance médicale si vous perdez conscience, vous sentez confus, avez plus de palpitations que une ou deux par jour, ressentez une gêne abdominale sévère ou un mal de tête, ou tout autre symptôme qui vous semble alarmant. Vous pourriez ressentir une baisse d'endurance et d'énergie pendant cette période. Ne vous surmenez pas. Maintenez des habitudes de sommeil saines. Le jeûne est avant tout une question de repos - physique, émotionnel, sensoriel et physiologique. Si vous avez envie de faire une sieste, faites-le. Lisez des documents inspirants. Écoutez votre corps et ne vous poussez pas physiquement. Si vous vous sentez fatigué et ""à l'ouest"", ne conduisez pas. Votre énergie peut fluctuer entre des sensations de faiblesse et de fatigue et un regain d'énergie. Même lorsque vous avez beaucoup d'énergie, ne vous surmenez pas. Au lieu de cela, essayez le yoga doux et réparateur. Le yoga est un moyen apaisant d'étirer vos muscles et de faire un peu d'exercice léger. Le yoga et les étirements légers peuvent être agréables pour certaines personnes, et trop vigoureux pour d'autres. Écoutez votre corps et faites seulement ce qui semble confortable.

### Instruction2:
Avant de commencer un jeûne hydrique, consultez un médecin pour discuter de votre état de santé et de vos médicaments. Soyez conscient des signes de vertige et écoutez votre corps pendant le jeûne. Évitez de vous surmener et privilégiez le repos et le yoga doux.",5.495019912719727
036_2209,"### Instruction1:
Les suppléments de vitamines, minéraux et à base de plantes sont vendus dans divers magasins et lieux (vous pouvez même les acheter en ligne) ; cependant, comme ces produits (ainsi que tous les autres suppléments) ne sont pas réglementés par la FDA, vous devez être prudent quant à l'endroit où vous les achetez. Évitez d'acheter des suppléments en ligne. Vous ne connaissez peut-être pas l'entreprise et ne pouvez pas prendre physiquement le supplément pour examiner toutes les informations sur l'emballage. De nombreux sites Web peuvent fournir des informations trompeuses et il est préférable de choisir un magasin à la place. Vous pouvez acheter des suppléments de canneberge dans les pharmacies, les épiceries et les magasins d'aliments santé. Il peut être bénéfique d'acheter un supplément dans une pharmacie ou une épicerie qui a une pharmacie. Vous pouvez demander au pharmacien si ce supplément particulier est approprié pour vous, compte tenu de votre état de santé actuel et de vos médicaments. Recherchez des suppléments qui ont été évalués par une entreprise extérieure. Les suppléments vérifiés par l'U.S. Pharmacopeia, NSF International et ConsumerLab.com ont été testés pour prouver qu'ils contiennent la quantité de l'ingrédient annoncée sur l'étiquette et qu'ils sont exempts de substances nocives. Avec tout médicament ou supplément, il est essentiel de lire l'étiquette. C'est là que vous trouverez les ingrédients, le dosage et les instructions de consommation. Examinez d'abord les ingrédients. S'agit-il vraiment d'un supplément de canneberge ? Ou d'autres ingrédients sont-ils inclus ? Recherchez un supplément, de préférence, fabriqué à partir du jus de canneberge, et non des peaux. Cela contient plus d'antioxydants (appelés proanthocyanidines) nécessaires pour prévenir la croissance de bactéries. Selon votre objectif, il existe différents niveaux de doses recommandées. Assurez-vous d'acheter un supplément de canneberge à la bonne dose pour vos besoins. Vérifiez la taille du service et comment prendre votre supplément de canneberge. Vous pourriez avoir besoin de prendre un comprimé ou quelques comprimés pour répondre à la dose recommandée. Notez également si vous devez prendre le supplément avec ou sans nourriture. Une forme très courante de supplément de canneberge est sous forme de comprimé. Ceux-ci peuvent être trouvés dans la plupart des pharmacies et des magasins d'aliments santé. De nombreux professionnels de la santé recommandent cette forme car elle ne contient pas autant de sucre ni autant de calories que le jus de canneberge traditionnel ou les suppléments en poudre. Cela est utile si vous devez surveiller votre apport global en calories ou en sucre. Assurez-vous de lire l'étiquette pour savoir si le supplément utilise l'extrait des peaux ou du jus. Un comprimé de 1 gramme d'extrait de canneberge concentré peut aider à prévenir les infections urinaires. 240 mg peuvent aider à réduire les niveaux de lipides et à prévenir H. Pylori. En plus des comprimés, une autre forme courante de suppléments de canneberge est sous forme de poudre. Elle se mélange facilement dans les boissons et leur donne un peu de saveur. Comme un comprimé de canneberge, la poudre peut fournir tous les mêmes avantages. Cela peut être encore plus utile car vous devez l'ajouter à un liquide, ce qui peut vous aider à boire plus de liquide au cours de la journée. Encore une fois, assurez-vous que le supplément utilise des extraits du jus, pas des peaux. Certaines poudres peuvent contenir un peu de sucre ajouté. Lisez l'étiquette pour vous assurer qu'elles respectent vos directives diététiques. Bien que le jus de canneberge ne soit pas nécessairement un supplément (comme un comprimé ou une poudre), il peut être utilisé comme alternative à la prise d'un supplément de canneberge en comprimé ou en poudre. Boire du jus de canneberge entraîne généralement des bénéfices similaires à ceux d'un supplément. Pour aider à prévenir les infections urinaires, buvez environ 3 à 6 oz de pur jus de canneberge ou 10 oz de cocktail de jus de canneberge par jour. Pour d'autres problèmes de santé comme la prévention de H. Pylori ou la réduction de votre cholestérol, vous n'aurez peut-être besoin que d'environ 2 oz de jus de canneberge par jour, bien qu'un volume plus élevé comme 6 oz soit acceptable. Faites attention aux jus de canneberge. Le jus de canneberge 100 % est assez acide, donc la plupart des fabricants alimentaires ajoutent des édulcorants (comme le sucre) qui peuvent augmenter le contenu en sucre et en calories. Recherchez soit du jus 100 %, soit du jus de canneberge diététique qui peut ajouter un édulcorant sans calorie au lieu de sucre. Le jus de canneberge est également un peu plus économique et facile à trouver par rapport aux suppléments de canneberge. Lorsque vous achetez un supplément de canneberge, vous remarquerez probablement qu'il existe une variété de marques disponibles. En plus d'examiner le montant du dosage et les ingrédients, il est également important de vérifier où le supplément a été fabriqué. Certaines études ont montré que les suppléments fabriqués en dehors des États-Unis peuvent contenir des ingrédients toxiques ou nocifs. D'autres pays n'ont pas les mêmes lois et réglementations de fabrication qu'aux États-Unis, et vous pourriez finir par ingérer quelque chose qui est interdit ou prohibé aux États-Unis. Recherchez l'étiquette ""Pays d'origine"" ou ""Fabriqué en"". Cela vous indiquera exactement où le supplément a été fabriqué. Vous pourriez vouloir éviter les produits fabriqués en Chine ou au Mexique ; cependant, les suppléments fabriqués au Canada, aux États-Unis ou même dans l'UE peuvent être appropriés.

### Instruction2:
Soyez prudent lors de l'achat de suppléments. Évitez d'acheter en ligne et privilégiez les pharmacies. Lisez toujours l'étiquette pour vérifier les ingrédients et le dosage. Le jus de canneberge peut être une alternative efficace, mais faites attention aux additifs. Vérifiez également le pays de fabrication pour éviter des ingrédients nocifs.",9.32886815071106
036_8502,"### Instruction1:
Les vols longs peuvent être très, très ennuyeux. Vous voudrez avoir plein de moyens de vous divertir. Apportez un livre que vous avez envie de lire, emportez de la musique à écouter (avec des écouteurs) ou prenez une tablette ou un ordinateur portable pour regarder des films. De nombreux vols long-courriers proposent également des films en vol, ce qui est génial, mais vous ne devriez pas compter là-dessus, car cela peut ne pas toujours être le cas. Ayez un plan de secours. Essayez de dormir un peu. Pour beaucoup, dormir dans un avion est presque impossible, mais si vous le pouvez, essayez de vous reposer quelques heures. Cela passera le temps et vous aidera à vous reposer un peu avant d'atteindre votre destination. Si vous êtes sur un vol long-courrier (par exemple, un vol à l'étranger) ou un vol où vous volerez toute la nuit, inclinez un peu votre siège. Bien que beaucoup considèrent cela comme impoli, vous constaterez que la plupart des gens inclinent leur siège lors de longs vols. Cependant, essayez d'être courtois en le faisant, inclinez-vous seulement autant que nécessaire pour être à l'aise et regardez derrière vous pour voir qui est assis là avant de le faire. Si quelqu'un de très grand est déjà coincé dans le siège derrière vous, ne reclinez pas le siège et ne rendez pas cela encore plus inconfortable pour lui. Même si vous ne prévoyez pas de dormir, apporter un coussin de voyage peut vous aider à être un peu plus à l'aise lors d'un vol long. Si vous ne l'utilisez pas pour reposer votre tête, vous pouvez le placer derrière votre dos ou même vous asseoir dessus pour fournir un peu plus de soutien. Bien que vous serez probablement servi de la nourriture pendant votre vol, cette nourriture n'est généralement pas très savoureuse ni saine. Les oranges, les bananes, la pastèque et le pain complet sont tous signalés comme utiles pour les personnes souffrant de symptômes menstruels. Coupez la pastèque et mettez-la dans un contenant en plastique hermétique, ou mettez simplement une orange ou une banane dans votre sac. Non seulement ces aliments sont plus sains, mais ils aideront à apaiser votre inconfort. N'oubliez pas de vous apporter une petite gourmandise. Une partie de la traversée d'une période douloureuse consiste à vous permettre une friandise. Dans ce cas, vous pourriez envisager d'apporter un peu de votre bonbon ou chocolat préféré à manger pendant que vous êtes dans l'avion. Le thé et le café sont également considérés comme utiles pour les femmes menstruées. Heureusement, de nombreuses compagnies aériennes les proposent gratuitement, alors profitez d'une tasse de thé ou de café chaud pour obtenir un peu de soulagement. Il existe plusieurs produits sur le marché qui visent à fournir de la chaleur pour détendre les muscles. Ces enveloppes fonctionnent comme des coussins chauffants traditionnels en ce sens que vous les appliquez sur la zone touchée, mais elles ne nécessitent pas d'électricité ou d'eau chaude pour fonctionner. Il existe même des enveloppes conçues spécifiquement pour aider avec les crampes menstruelles. Ces enveloppes peuvent généralement être portées sous vos vêtements, vous pouvez donc en mettre une sur votre bas-ventre (ou partout où vous ressentez de la douleur musculaire due à votre période) avant d'arriver à l'aéroport. Vous pourriez également en appliquer une lorsque vous allez utiliser les toilettes de l'avion. Les crampes sont causées par des contractions musculaires, et la chaleur aide à détendre un peu les muscles.

### Instruction2:
Préparez-vous pour un vol long en apportant des livres, de la musique et des appareils électroniques pour vous divertir. Essayez de dormir, inclinez votre siège avec courtoisie et apportez des aliments sains comme des fruits. Pensez à vous offrir des friandises et à boire du thé ou du café pour soulager les symptômes menstruels. Utilisez des enveloppes chauffantes pour détendre les muscles et soulager les crampes.",6.495680570602417
036_28160,"### Instruction1:
Pour un mélange de mortier de base, vous voudrez mélanger essentiellement trois parts de sable pour chaque part de ciment que vous utilisez. Si vous mélangez un sac entier de ciment, cela signifie que vous utiliserez trois fois cette quantité de sable, ce qui donnera un gros lot de boue. Ne mélangez que ce dont vous aurez besoin. La mesure n'a pas besoin d'être précise comme une recette de pâtisserie. Sur la plupart des chantiers, lorsque des quantités importantes sont mélangées, la quantité de sable est généralement donnée en ""pelles pleines"" par sac de mélange de mortier, ce qui correspond généralement à environ 15 à 18 pelles, selon la taille des pelles. Il est important d’être proche, mais c'est plus une mesure à l'œil. Vous n'avez pas besoin de sortir les cuillères à café. Un sac de mortier doit être mélangé avec environ trois gallons d'eau propre pour atteindre la bonne consistance. La quantité d'eau utilisée peut varier considérablement en fonction des conditions météorologiques, de l'humidité du sable et du type de mélange que vous utilisez, alors lisez attentivement les instructions avant d'ajouter de l'eau. Les conditions ambiantes (température et humidité) affecteront le mélange et doivent être prises en compte. Un mélange plus sec donnera un lien plus fort. Un mélange plus humide pourrait être plus facile à travailler. C'est là que l'expérience entre en jeu. Utiliser un sable fin et tranchant pour le travail est plus approprié que d'autres variétés, et utiliser des sacs de ciment à maçonnerie neufs et non ouverts sera plus efficace que d'utiliser des sacs plus anciens. Les mélanges de ciment à maçonnerie, comme Quikrete, Sakrete, et d'autres marques sont tous appropriés pour le travail. Certaines marques viennent pré-mélangées spécialement pour le mortier, ce qui signifie que vous n'avez pas besoin d'ajouter de sable. Celles-ci sont quelque peu plus coûteuses que le ciment Portland ordinaire, mais sont beaucoup mieux pour les petits projets. Lisez l'étiquette et découvrez ce que vous obtenez. Si vous n'avez pas besoin d'ajouter de sable, le processus de mélange est toujours le même. Le ciment Portland n'est pas une marque de ciment. C'est le nom du type d'ingrédient le plus courant utilisé pour mélanger des mortiers, du béton et d'autres mélanges de liaison. Gardez le sable et le ciment sec couverts pour les garder aussi secs que possible. Il est facile de ruiner vos matériaux s'ils deviennent trop humides et humides. Essayez de mélanger uniquement ce dont vous aurez besoin, mais aussi d'utiliser ce que vous avez afin de profiter de vos matériaux. Vérifiez vos sacs de ciment pour détecter des grumeaux. S'il y a des grumeaux ou des morceaux durs dans le sac, cela signifie qu'il a été exposé à l'humidité et ne liera pas bien, il doit être jeté. Différentes marques peuvent recommander des mélanges légèrement différents. Lisez l'étiquette de la marque de mélange que vous achetez et suivez les instructions. En général, cependant, un mélange de 3 pour 1 est généralement approprié et efficace. Dans certaines zones où le mur que vous construisez sera exposé à des vents particulièrement forts ou aux éléments, de la chaux est ajoutée pour augmenter le lien et renforcer la maçonnerie que vous construisez. Si vous choisissez d'ajouter de la chaux à votre mélange, vous devrez également ajouter plus de sable pour équilibrer quelque peu le ratio, ce qui donnera un mortier plus fort et plus lié. Un ratio approprié si vous voulez utiliser de la chaux serait six parts de sable pour deux parts de chaux pour une part de ciment. Cela signifie que vous devez travailler plus rapidement ou mélanger un lot plus petit. Par temps très humide, froid ou humide, le mortier se comportera différemment que s'il fait très chaud et sec. Vous pourriez trouver qu'il est plus efficace d'utiliser légèrement moins de sable et légèrement plus d'eau dans ce cas. Expérimentez un peu pour obtenir la bonne consistance et le bon mélange. En général, il est plus facile d'utiliser du mortier par temps modéré et sec que par temps froid et humide. Bien que ce ne soit pas toujours possible, vous pouvez apprendre à reconnaître la bonne consistance et à ajouter de l'eau de manière appropriée. Gardez à l'esprit que le produit fini doit être protégé du gel jusqu'à ce qu'il prenne.

### Instruction2:
Pour un mélange de mortier, combinez trois parties de sable pour une partie de ciment. Ajustez la quantité d'eau selon les conditions, et utilisez des matériaux neufs pour de meilleurs résultats. Un mélange sec est plus solide, tandis qu'un mélange humide est plus facile à travailler. Vérifiez l'état de votre ciment et suivez les instructions de mélange.",7.853023052215576
036_5106,"### Instruction1:
Placez le bout de votre colle à bois au bord de votre étiquette intérieure et pressez la bouteille avec une légère pression. Pendant que le disque tourne, continuez à faire sortir la colle pour créer des lignes autour de votre disque. Arrêtez lorsque vous atteignez le bord extérieur. Vous devriez avoir de fines lignes uniformes sur l’ensemble de votre disque. Votre disque aura des bandes de colle suivant les rainures circulaires du vinyle. Si vous faites sortir trop de colle sur le vinyle, ce n'est pas grave. Vous pourrez égaliser la quantité de colle. Cependant, si vous en mettez trop vers le bord extérieur, utilisez un essuie-tout pour essuyer l'excès. Si vous craignez de mettre de la colle sur votre platine, vous pouvez appliquer la colle sur le disque sur une table à la place. La rotation de la platine aide à étendre la colle sur votre disque. Prenez un morceau de carton ou de papier cartonné d'environ 2 pouces (51 mm) de large et touchez-le au bord extérieur de votre disque. Laissez votre disque continuer à tourner, et la colle s'étendra et couvrira le disque au fur et à mesure qu'il bouge. Ensuite, soulevez votre carte et placez-la à l'intérieur de votre disque pour étaler toute la colle. Vous pouvez garder votre main stationnaire et laisser la rotation du disque étendre la colle pour vous. Vous aurez une surface lisse et uniforme de colle à bois couvrant l'intégralité de votre disque. Vous pouvez laisser votre disque sur votre platine toute la nuit. Pour voir si la colle à bois est sèche, vous pouvez toucher doucement le bord extérieur de la colle avec votre doigt. Si cela reste collant, laissez-le encore 1 à 2 heures et essayez à nouveau. Vous pouvez également laisser votre disque sur un morceau de papier journal pour sécher si vous n'utilisez pas de platine. Utilisez votre index et votre pouce pour soulever le bord extérieur de la colle à bois. Ensuite, tirez avec une force constante et régulière pour décoller toute la colle. Retirez la colle lentement et progressivement pour essayer de la retirer en une seule pièce. Si votre colle à bois ne se décolle pas en une seule couche solide, ce n'est pas grave! Soulevez à un autre bord et décollez la colle jusqu'à ce qu'elle soit complètement retirée. Évitez de toucher la surface de votre disque pendant que vous retirez la colle. Mettez le bras de votre platine sur votre disque et mettez-le sous tension. Écoutez votre disque, et la partie de la chanson qui sautait auparavant pourrait maintenant jouer clairement. La colle à bois peut aider votre vinyle en capturant même la saleté et la poussière les plus tenaces. Gardez à l'esprit que l'utilisation de colle à bois ne garantit pas que votre disque sera réparé. La colle à bois offre un nettoyage complet de l’ensemble du disque en éliminant toute saleté et débris et en lissant les surfaces de vinyle inégales. Si votre disque continue à sauter, essayez une autre couche de colle à bois ou une autre méthode de nettoyage du vinyle. Vous pouvez également rechercher en ligne un restaurateur de vinyle professionnel près de chez vous.

### Instruction2:
Appliquez de la colle à bois sur un disque vinyle pour le nettoyer et réparer les sauts. Utilisez une carte pour étaler la colle uniformément, puis laissez sécher. Une fois sec, retirez délicatement la colle. Cela peut améliorer la qualité sonore, mais ne garantit pas la réparation totale. Si le problème persiste, envisagez d'autres méthodes de nettoyage ou de faire appel à un professionnel.",6.023842096328735
036_54548,"### Instruction1:
Les grains entiers sont un groupe alimentaire sain et riche en fibres qui peuvent vous aider à répondre à vos besoins quotidiens en fibres. Visez 3 à 5 portions de grains entiers à 100 % chaque jour. Les grains entiers sont peu transformés et contiennent les trois parties du grain : le germe, l'endosperme et le son. Le son est la partie du grain contenant le plus de fibres. Une portion de grains est de 28 grammes. Essayez d'avoir une source de grains entiers à la plupart ou à tous vos repas. Des exemples d'aliments à base de grains entiers comprennent : le riz brun, le quinoa, le flocon d'avoine, le millet et le maïs. Les protéines sont un nutriment essentiel dans votre alimentation. En plus des sources de protéines d'origine animale (comme le poulet, les produits laitiers ou le bœuf), il existe une variété d'aliments riches en protéines qui sont également riches en fibres, appelés légumineuses. Celles-ci peuvent vous aider à atteindre votre objectif quotidien de fibres. Les légumineuses sont des légumes qui contiennent une quantité relativement élevée de fibres. Elles comprennent : les lentilles, les haricots et les pois. Les types spécifiques de légumineuses incluent : les haricots noirs, les pois chiches, les pois cassés, les haricots de mer, les fèves de soja, les fèves de fava, les haricots rouges et les pois à yeux noirs. Les légumineuses sont un ajout très sain à votre alimentation. En plus d'être une excellente source de protéines et de fibres, elles sont également relativement riches en folate, potassium, magnésium et fer. Les produits d'origine animale ne contiennent pas de fibres. Les fruits et légumes peuvent également vous aider à atteindre votre objectif quotidien de fibres. Essayez d'inclure un fruit ou un légume à chaque repas et collation. Les meilleures sources de fibres dans le groupe des fruits comprennent : les framboises, les fraises, les poires, les pommes et les oranges. Les meilleures sources de fibres dans le groupe des légumes comprennent : les artichauts, le brocoli, les choux de Bruxelles, les feuilles de navet, l'okra et les pommes de terre avec la peau. Comme les haricots, les noix sont un moyen savoureux d'ajouter des fibres à votre alimentation. Essayez d'ajouter une portion de noix quelques fois par semaine. Les arachides, les pistaches, les noix de pécan, les graines de tournesol et les amandes sont particulièrement de bonnes sources de fibres. Une portion de 1/4 de tasse d'amandes contient 4 grammes de fibres. Les noix fournissent également une bonne dose de protéines et d'acides gras oméga-3. Consommer les 25 ou 38 g de fibres recommandés par jour peut être un défi. Si vous avez du mal à atteindre cet objectif régulièrement, vous voudrez peut-être envisager d'ajouter un supplément de fibres à votre routine quotidienne. Il existe de nombreux types de suppléments de fibres disponibles. En général, ce sont des fibres fonctionnelles, un type de fibres dérivées des plantes qui sont bénéfiques pour votre santé. Les suppléments peuvent se présenter sous forme de poudres, d'huiles, de capsules ou de comprimés à croquer. De plus, de nombreux aliments transformés contiennent des fibres ajoutées. Par exemple, du lait de soja ou du jus d'orange avec des fibres ajoutées. Notez que de nombreux professionnels de la santé recommandent de consommer autant de fibres que possible à partir de sources naturelles (comme les grains entiers ou les légumes). Consultez toujours votre médecin avant d'ajouter un type de supplément à votre alimentation. L'eau n'ajoute pas de fibres. Cependant, avec des fibres supplémentaires dans votre alimentation, il est également très important de boire des quantités adéquates de liquides chaque jour. Une consommation insuffisante d'eau lorsque vous augmentez les fibres peut entraîner des problèmes de constipation. 64 oz d'eau par jour est une règle générale pour vous aider à consommer suffisamment d'eau. Cependant, l'Institut de médecine recommande environ 9 à 13 tasses de liquides par jour. Les fibres fonctionnent mieux lorsqu'elles sont combinées avec de l'eau. Elles vont absorber l'eau et aider à rendre vos selles molles et mobiles. Buvez de l'eau de manière cohérente tout au long de la journée. Garder une bouteille d'eau avec vous à tout moment pour mesurer combien vous devez boire peut aider.

### Instruction2:
Les grains entiers, les légumineuses, les fruits et les légumes sont de bonnes sources de fibres. Visez 3 à 5 portions de grains entiers par jour et incluez des légumineuses, des fruits et des légumes à chaque repas. Les noix peuvent également ajouter des fibres à votre alimentation. Si vous avez du mal à atteindre votre objectif quotidien de fibres, envisagez un supplément, mais consultez un médecin au préalable. Il est essentiel de boire suffisamment d'eau, surtout lorsque vous augmentez votre consommation de fibres, pour éviter la constipation.",8.018364191055298
036_39034,"### Instruction1:
Les cockatiels peuvent se reproduire à tout moment de l'année, mais ils ont besoin d'une quantité suffisante de lumière pour le faire. Assurez-vous que vos cockatiels disposent d'une source de lumière naturelle ou d'une lumière artificielle vive pendant 10 à 12 heures par jour. Avant la reproduction, il est important de s'assurer que vos oiseaux mangent bien. Donnez-leur une alimentation équilibrée composée de nourriture destinée aux cockatiels. Vérifiez souvent vos oiseaux pour vous assurer que les deux cockatiels ont un accès égal aux gamelles de nourriture et d'eau. Si un oiseau garde la nourriture et l'eau, vous pouvez ajouter des gamelles supplémentaires. Les bonnes nourritures à donner à vos cockatiels comprennent : un mélange de graines pour cockatiels, des aliments mous tels que des légumes verts, des pâtes, du riz cuit, des haricots cuits, du pain de blé humide, des graines germées, des os de seiche ou des blocs minéraux pour des suppléments de calcium (à saupoudrer sur d'autres aliments) tels que la spiruline, l'Echinacea et le Prozyme, de l'eau fraîche et propre (changez-la plusieurs fois par jour). Vos cockatiels auront besoin de beaucoup d'espace pour se reproduire et encore plus d'espace après l'éclosion de leurs jeunes. Assurez-vous que la cage dans laquelle vous mettez votre couple de cockatiels mesure 6 pieds par 3 pieds par 3 pieds. Vous pouvez placer le couple dans son enclos quelques semaines avant de fournir une boîte de nid pour qu'ils puissent apprendre à se connaître et se synchroniser pour la reproduction. Placez la cage dans un coin calme de votre maison pour donner au couple l'intimité et le calme dont ils auront besoin pour se reproduire, couver, éclore et élever leurs jeunes. Après que le couple a été ensemble pendant au moins deux semaines et qu'ils s'entendent bien, vous devrez leur fournir une boîte de nid. Lors du choix d'une boîte de nid, certaines choses à considérer incluent : le matériau. Il existe de nombreux types de boîtes de nid, y compris en métal, en plastique et en bois. Le bois est un bon choix car les cockatiels vont ronger l'entrée pour la personnaliser selon leurs spécifications. La taille. Une boîte d'un pied par un pied est suffisante pour la reproduction des cockatiels. Une porte d'accès arrière. Certaines boîtes de nid sont équipées d'une porte d'accès arrière afin que vous puissiez vérifier les poussins sans déranger la femelle. Le lit. Les parents cockatiels utiliseront du matériel de lit pour faire un nid confortable et sûr pour les poussins. Les meilleurs matériaux pour le nid sont des copeaux de pin à faible poussière ou des matériaux en papier non colorés comme des journaux ou des serviettes en papier blanches. N'utilisez pas de copeaux de cèdre car les huiles de ce matériau peuvent tuer ou blesser les poussins.

### Instruction2:
Pour élever des cockatiels, il est crucial de leur fournir suffisamment de lumière, une alimentation équilibrée et un espace adéquat. Vérifiez souvent leur accès à la nourriture et à l'eau. Créez un environnement calme pour favoriser la reproduction et fournissez une boîte de nid appropriée après deux semaines. Utilisez des matériaux sûrs pour le nid et évitez le cèdre.",5.773223638534546
036_51108,"### Instruction1:
Évitez de tourner autour du pot, de paraître timide ou de faire une blague à ce sujet. Tout ce que vous avez à faire est d'aller droit au but. Les garçons apprennent à être directs dès le départ, sans recourir à des subtilités, et au XXIe siècle, il est un peu étrange que certaines filles estiment qu'elles doivent encore jouer à ce jeu de timidité. Vous pouvez donc faire de même, il n'est pas déraisonnable d'aller droit au but. Vous n'avez pas besoin d'être brutale, mais vous devez être claire, et en étant décontractée, vous pouvez formuler une demande en douceur. Dites quelque chose de décontracté, comme ""Hé, puis-je avoir ton numéro pour t'envoyer des textos parfois ?"" Simple. Ensuite, dites merci et éloignez-vous. À ce stade, il anticipera votre message et vous aurez son numéro. Vous n'avez pas besoin d'expliquer la demande, mais si vous le souhaitez, gardez-le simple, comme ""ce serait super utile de pouvoir te joindre par texto"" ou ""j'aimerais juste pouvoir te contacter facilement pour t'inviter à certaines des soirées en dortoir que nous organiserons bientôt"". S'il vous demande pourquoi vous voulez son numéro, restez simple. Par exemple, dites quelque chose comme ""J'aimerais rester en contact avec toi, je te trouve vraiment sympa"" ou ""Tu me donnes de bons conseils"" ou ""Tu es amusant"". S'il est vraiment très difficile pour vous d'être ouverte à l'idée d'obtenir son numéro, utilisez des études ou le travail ou quelque chose pour obtenir le numéro. Demandez si vous pouvez revoir des sujets de test avec lui et il est très probable qu'il vous donnera son numéro. Ou, approchez-vous du garçon de manière décontractée et montrez-lui votre téléphone. Montrez-lui vos contacts et dites alors : ""Je veux vraiment battre mon ami et voir qui a le plus de contacts d'ici la fin de la journée, alors... puis-je avoir ton numéro ?"" (Ne sonnez pas insistant ou avide ou excité, agissez comme si vous parliez à vos parents.) Le problème d'utiliser une ruse est que c'est probablement tout ce qu'il s'attendra à ce que vous lui envoyiez par texto, à moins qu'il n'ait clairement montré qu'il vous aime. Si vous commencez à envoyer des textos constamment sur des sujets sans rapport, il risque de ne pas être impressionné.

### Instruction2:
Soyez directe lors de la demande du numéro de téléphone. Utilisez une approche décontractée. Si nécessaire, justifiez simplement la demande. Évitez les ruses pour ne pas créer de fausses attentes.",4.386113405227661
036_32840,"### Instruction1:
Pour modifier la Wii et sauvegarder des jeux, vous aurez besoin de quelques éléments. Vous aurez besoin d'une carte SD pour copier les fichiers de hack de votre ordinateur vers votre Wii. Vous aurez également besoin d'un disque dur externe suffisamment grand pour stocker plusieurs jeux. Les tailles des jeux varient d'environ 1 Go à 6 Go par jeu, donc trouvez un disque ayant au moins 250 Go pour stocker votre bibliothèque. Pour faire fonctionner le système de sauvegarde USB, vous devrez modifier votre système Wii. Cela se fait entièrement par logiciel et aucun outil spécial n'est requis. Ce guide vous expliquera les étapes à suivre. Pour installer le bon hack, vous devez savoir quelle version du système d'exploitation Wii vous utilisez. Démarrez la Wii. Ouvrez le menu Wii, puis cliquez sur Paramètres Wii. Votre numéro de version Wii apparaîtra dans le coin supérieur gauche. Pour la version du système 4.2 ou inférieure, téléchargez le bon hack bannerbomb. Si vous avez la version du système 4.3, vous aurez besoin du bon jeu officiel et du hack. Pour ce guide, nous utiliserons LEGO Star Wars: The Complete Saga. Vous aurez besoin du disque du jeu ainsi que du hack de sauvegarde ""Return of the Jodi"".

### Instruction2:
Pour modifier la Wii et sauvegarder des jeux, il faut une carte SD et un disque dur externe d'au moins 250 Go. Identifiez votre version du système Wii dans les paramètres et téléchargez le hack approprié selon que votre version est 4.2 ou 4.3. Utilisez le jeu LEGO Star Wars: The Complete Saga ainsi que le hack de sauvegarde associé.",3.6606152057647705
036_52674,"### Instruction1:
Vous ne pouvez vous transformer qu'une fois par jour (à moins que vous n'ayez l'Anneau de Hircine) et la forme de bête dure 150 secondes. Le temps est prolongé pour la forme de bête si vous vous nourrissez de cadavres, vous offrant 30 secondes supplémentaires. Sélectionnez-le dans le menu de pouvoirs et activez-le de manière similaire aux cris. Les avantages ne s'appliquent que lorsque vous êtes en forme de bête. Vous serez guéri de toutes les maladies, y compris le vampirisme. Votre santé et votre endurance augmenteront, ainsi que la régénération de votre endurance. Votre capacité de port augmentera de 2000 pts en tant que loup. Vous pouvez utiliser des Hurlements, qui sont similaires aux cris. Les Hurlements repoussent les ennemis. Bien que les avantages soient agréables, il existe un certain nombre d'inconvénients dont vous devez être conscient. L'argent nuit à tout le monde, mais en tant que loup-garou - surtout sous forme de loup - l'argent vous fait encore plus de mal qu'auparavant. Vous ne recevrez aucun bonus de repos. Les capacités raciales ne seront pas transférées. Vous ne pouvez pas utiliser d'équipement, de magie ou d'autres pouvoirs. Si des PNJ sont témoins de votre transformation, ils fuiront ou vous attaqueront. Dans le meilleur des cas, ils vous traiteront comme un étranger, en disant des choses comme ""Je trouve votre sourire de loup... troublant."" ""Vous sentez comme un chien mouillé."" ""Est-ce que... des poils poussent de vos oreilles ?"" et même ""Ah, vous avez encore joué avec vos chiens ?"" Mais Eorlund Gray-Mane vous défendra si vous vous transformez en plein milieu de Blancherive. Vous pouvez souhaiter vous guérir de la lycanthropie. À moins que vous n'ayez activé le paquet d'extension Dawnguard* (*Aela peut vous donner du sang une fois de plus) ou téléchargé un mod, il sera impossible de redevenir un loup-garou.

### Instruction2:
Transformez-vous en bête une fois par jour pour obtenir des avantages comme la guérison des maladies, une augmentation de la santé et de l'endurance. Attention aux inconvénients tels que la vulnérabilité à l'argent et l'impossibilité d'utiliser de l'équipement. Les réactions des PNJ peuvent être hostiles, mais certains vous défendront. Redevenir un loup-garou peut nécessiter une extension ou un mod.",4.390065670013428
036_10590,"### Instruction1:
Ces appareils sont souvent appelés détecteurs de montants ou capteurs de montants. Ils peuvent être achetés dans des quincailleries, des magasins de bricolage ou des magasins de département. Certains détecteurs de montants sont magnétiques, vous ressentirez donc une attraction lorsqu'un montant sera identifié en fonction de la présence de clous ou de fils courant le long du montant. D'autres mesurent les variations d'épaisseur de votre mur. Ces appareils signaleront la présence d'un montant par un son ou une lumière clignotante. Les détecteurs de montants magnétiques peuvent être moins efficaces que d'autres types, car ils ne font pas la distinction entre les métaux. Un tuyau en métal qui n'est pas près d'un montant apparaîtra de la même manière à un détecteur magnétique qu'un fil monté sur un montant. N'utilisez un détecteur de montants qui mesure les variations d'épaisseur du mur que si vos murs sont en plaques de plâtre. Cela est dû au fait que les plaques de plâtre ont une épaisseur uniforme, ce qui facilite le travail du détecteur. Le plâtre, en revanche, a souvent une épaisseur non uniforme, ce qui peut interférer avec le détecteur. Certains modèles nécessiteront que vous les calibriez avant utilisation. Vous le faites en plaçant le détecteur contre une section de mur où il n'y a pas de montant et en l'allumant. Le processus de calibration prendra des durées différentes selon le modèle. Certains modèles peuvent se calibrer en quelques secondes tandis que d'autres peuvent nécessiter près d'une minute. En général, le détecteur de montants indiquera une fois qu'il a terminé la calibration ou si vous devez répéter le processus. Les détecteurs de montants nécessitant une calibration auront généralement un moyen de vous alerter si vous l'avez placé au-dessus d'un montant ou d'un autre matériau pouvant interférer avec le processus de calibration, comme le métal. Il suffit de déplacer le détecteur à un autre endroit et d'essayer à nouveau. Un modèle de détection de bord localisera le bord d'un montant. Donc, si vous en avez un, vous devrez répéter le processus dans l'autre direction pour trouver l'autre bord du montant. Vous devrez également peut-être recalibrer le détecteur avant de faire un deuxième passage. Un modèle de détection du centre, en revanche, indiquera où se trouve le centre du montant. Si vous avez un modèle de détection de bord, gardez à l'esprit que la largeur des montants peut varier entre 1,5 et 3,5 pouces (3,8 et 8,9 cm) si votre résidence utilise du bois de 2 po × 4 po (5,1 cm × 10,2 cm). D'autres largeurs de bois entraînent des largeurs de montant différentes. Par conséquent, envisagez de vérifier avec un entrepreneur ou votre propriétaire pour déterminer la largeur de vos montants. Recherchez l'indicateur qui vous dit qu'un montant a été localisé. Répétez ce processus plusieurs fois à différentes hauteurs pour confirmer que vous avez trouvé un montant. Si vous avez le modèle de détection de bord, marquez où le bip commence et s'arrête pour déterminer la largeur du montant. Mesurez et marquez par incréments de 16 po (41 cm) pour trouver d'autres montants en fonction de vos plinthes. C'est l'espacement typique des montants. Les maisons plus anciennes peuvent avoir des montants espacés de 24 pouces (61 cm). Utilisez votre détecteur de montants pour confirmer que des montants existent à ces points. De nombreux appartements et immeubles de bureaux utilisent des montants métalliques plutôt que des montants en bois. Si c'est le cas pour votre résidence ou votre bâtiment, vous devrez utiliser des attaches spéciales. La plupart des vis à bois ne passeront pas à travers le métal. Utilisez des vis à métaux auto-perçantes si vous avez des montants métalliques. Ou, percez un trou pilote, puis utilisez une vis de plaques de plâtre ou à bois qui est juste plus grande que le trou pilote.

### Instruction2:
Les détecteurs de montants, disponibles en magasin, aident à localiser les montants dans les murs. Ils peuvent être magnétiques ou mesurer les variations d'épaisseur du mur. Les détecteurs magnétiques, moins efficaces, ne discriminent pas les métaux. Les modèles nécessitant calibration doivent être calibrés sans montant présent. Vérifiez également la largeur des montants, qui peut varier, et utilisez des vis adaptées si vos montants sont en métal.",6.862151622772217
036_29795,"### Instruction1:
Vous n'avez pas besoin d'ouvrir de fichier, car vous changez uniquement les paramètres. Dans les options de la section supérieure de la fenêtre, choisissez Outils. Cela ouvrira un menu déroulant. Dans le menu déroulant, choisissez Préférences. Une nouvelle fenêtre devrait s'ouvrir avec une liste d'options. Alternativement, appuyez sur CTRL + P pour accéder à cette même fenêtre Préférences. Dans les deux options en bas à gauche de la fenêtre Préférences, assurez-vous que Simple est sélectionné. Cela devrait être le paramètre par défaut, mais vérifiez quand même. Sur le côté gauche de la fenêtre ou en haut de la fenêtre, choisissez l'onglet Audio. Il devrait ressembler à un cône de circulation avec des écouteurs. Près du bas des paramètres audio, recherchez l'en-tête Pistes. Dans le champ de saisie à côté de ""Langue audio préférée"", entrez votre code de langue. Une liste de codes peut être trouvée à ce lien : http://www.loc.gov/standards/iso639-2/php/code_list.php. Essayez d'utiliser d'abord les codes 639-2, puis les codes 639-1 si ceux-ci ne fonctionnent pas. Anglais : eng, Japonais : jpn, Espagnol : spa. Si vous souhaitez également définir la piste de sous-titres par défaut, vous pouvez le faire depuis la même fenêtre de préférences. Vous verrez également d'autres options pour personnaliser les sous-titres, telles que la police, la taille de la police, les ombres, etc. Cliquez sur l'onglet sous-titres depuis la section supérieure ou gauche de la fenêtre. Entrez votre code de langue dans le champ de saisie à côté de ""Langue de sous-titres préférée."" Le lien pour les codes est ici : http://www.loc.gov/standards/iso639-2/php/code_list.php. Cliquez sur le bouton Enregistrer dans le coin inférieur droit de l'écran. Cela devrait confirmer vos modifications. Pour que les changements prennent effet, vous devrez peut-être redémarrer VLC.

### Instruction2:
Pour changer les paramètres audio et de sous-titres dans VLC, ouvrez le menu Outils, puis Préférences. Assurez-vous que le mode Simple est sélectionné. Dans l'onglet Audio, entrez le code de langue pour la langue audio préférée. Pour les sous-titres, faites de même dans l'onglet Sous-titres. Enregistrez les changements et redémarrez VLC si nécessaire.",4.109147548675537
036_9302,"### Instruction1:
Coupez les extrémités des asperges si les tiges sont épaisses. Lavez les asperges. Remplissez une grande casserole avec quelques centimètres d'eau et placez un cuiseur vapeur dans la casserole. L'eau ne doit pas s'infiltrer à travers les trous du cuiseur ; si c'est le cas, videz un peu d'eau de la casserole. Mettez les asperges dans la casserole et portez à ébullition. Faites cuire à la vapeur jusqu'à ce qu'elles soient tendres ou jusqu'à atteindre la texture désirée. Envisagez de servir des asperges cuites à la vapeur, grillées ou rôties comme premier plat lors du dîner. Elles sont traditionnellement servies avec du beurre frais fondu ou de la sauce hollandaise fraîchement préparée. Mangez avec des fourchettes ou avec les doigts. Les asperges deviennent molles et humides lorsqu'elles sont cuites à la vapeur, et le résultat peut avoir un goût fade. Ajoutez du sel et d'autres assaisonnements pour rehausser la saveur. Gardez à l'esprit que même si les asperges sont très saines, ajouter des tonnes de sel et d'autres assaisonnements peut annuler cet aspect santé. Coupez les extrémités des asperges si les tiges sont épaisses. Lavez les asperges. Fabriquez un ""bateau"" en aluminium pour y mettre les asperges ; les côtés doivent être suffisamment hauts pour empêcher l'huile et les asperges de déborder. Versez 1 à 2 cuillères à soupe d'huile d'olive dans le ""bateau"" en aluminium, et placez les asperges dessus. Mettez le ""bateau"" sur un grill extérieur à feu moyen jusqu'à ce que les tiges atteignent la texture souhaitée. Les asperges deviennent plus fermes lorsqu'elles sont grillées, mais elles conservent toute leur humidité. Le meilleur, c'est qu'une fois cuites, vous ne perdez aucun nutriment ! C'est l'une des façons les plus simples et délicieuses de manger des asperges si vous ne voulez pas les intégrer dans une recette plus compliquée. Sur une poêle. Coupez les tiges et arrosez-les d'un peu d'huile d'olive et d'assaisonnement. Mélangez les tiges et l'assaisonnement dans un bol. Ensuite, placez les asperges dans une poêle à griller chaude ; une poêle à rainures est idéale, mais une poêle en fer plate fera l'affaire. Laissez à feu moyen jusqu'à ce qu'un côté soit noirci (1 à 2 minutes). Retournez et faites cuire l'autre côté. Servez chaud. Les asperges développent une saveur riche lorsqu'elles sont rôties, ce qui en fait l'une des façons les plus populaires de manger ce légume. Lavez et coupez les tiges, épluchez légèrement la base des tiges les plus dures, et séchez-les. Placez-les sur une plaque de cuisson et vaporisez ou arrosez d'huile d'olive, en roulant chaque tige pour les enrober. Saupoudrez de sel et de poivre fraîchement moulu, et faites cuire au four à 220°C (425°F) pendant 10 à 15 minutes. Vous pouvez mélanger vos asperges rôties dans un risotto ou un plat de pâtes crémeux. Vous pouvez également servir les asperges rôties en accompagnement de viande, de poisson et de pâtes. Envisagez d'ajouter quelques gousses d'ail frais et une touche de zeste de citron fraîchement râpé. Envisagez de rôtir avec du beurre, du sel et du parmesan ou de la mozzarella. Envisagez de hacher les asperges cuites et de les saupoudrer sur des macaronis cuits au four. Si vous le souhaitez, vous pouvez également hacher du bacon en morceaux et le saupoudrer avec les asperges. Coupez les asperges en morceaux de deux pouces avec de l'aubergine et de la courge butternut. Placez les légumes dans une casserole sur la cuisinière, et laissez mijoter à feu moyen-doux. Assaisonnez-les généreusement avec du sel et du poivre. Ajoutez de la sauce tomate. Laissez mijoter pendant 5 à 10 minutes jusqu'à ce que les légumes soient bien cuits dans la sauce. Les asperges sautées sont délicieuses avec des pâtes.

### Instruction2:
Les asperges peuvent être préparées de plusieurs façons : à la vapeur, grillées ou rôties. Pour chaque méthode, il est important de couper les extrémités et de les laver. Les asperges cuites à la vapeur doivent être assaisonnées pour améliorer leur goût. En les grillant, elles deviennent plus fermes tout en conservant leur humidité. La cuisson au four leur donne une saveur riche, et elles peuvent être servies avec divers accompagnements ou intégrées à des plats comme les risottos ou les pâtes.",6.457528591156006
036_35278,"### Instruction1:
S'il fait beau et chaud tous les jours de votre voyage, vous n'avez pas besoin d'emporter un gros pull ou une veste imperméable. Si vous craignez que le temps puisse changer, rappelez-vous que vous pouvez toujours acheter ou emprunter quelque chose à votre destination. Si la météo annonce de la pluie, emportez un poncho de pluie non ouvert au lieu d'une veste de pluie encombrante. Cela prendra moins de place dans votre sac. Si vous voyagez dans un endroit froid, emportez des vêtements à superposer plutôt qu'un gros manteau d'hiver pour gagner de la place dans votre sac. Essayez de choisir des teintes neutres comme le marron, le noir, la crème, le blanc et le gris. Cela vous permettra de mélanger et d'assortir vos vêtements afin que vous n'ayez pas à emporter autant de tenues. Pour les hommes, des chemises à boutons basiques dans des teintes neutres sont un article polyvalent qui ira avec n'importe quoi. Pour les femmes, emportez une simple robe noire que vous pouvez habiller ou décontracter selon l'occasion. Un blazer est également un excellent choix que vous pouvez porter de manière décontractée ou dans un cadre plus formel. Évitez d'emporter une paire de chaussures différente pour chaque jour ou événement pendant votre voyage. Les chaussures ne peuvent pas être pliées ou roulées dans votre sac pour gagner de la place. Visez deux paires de chaussures si possible : une paire de chaussures de marche décontractées et quelque chose de plus élégant pour les occasions formelles. Si vous allez dans un endroit chaud, particulièrement à la plage, emportez des sandales ou des tongs au lieu de baskets. Elles prennent la moitié de l'espace et vos pieds seront plus à l'aise dans la chaleur. Si vous lavez vos vêtements pendant votre voyage, vous n'aurez pas à emporter autant de vêtements au départ. Si l'endroit où vous séjournez n'a pas de machine à laver, utilisez la baignoire ou l'évier pour laver vos vêtements. Pour gagner encore plus de place dans votre sac, évitez d'emporter de la lessive et achetez-en à votre arrivée à destination. S'il n'y a nulle part où acheter de la lessive, lavez vos vêtements avec du liquide vaisselle à la place. Emportez un stylo détachant dans votre sac. Il ne prendra pas beaucoup de place et sera plus pratique que de laver vos vêtements.

### Instruction2:
Pour un voyage, vérifiez la météo et emportez des vêtements appropriés sans surcharge. Privilégiez les teintes neutres pour faciliter le mélange des tenues, et limitez le nombre de chaussures. Envisagez de laver vos vêtements en cours de route pour réduire le volume dans votre bagage. Prenez un stylo détachant pour les imprévus.",5.059875726699829
036_13510,"### Instruction1:
Appelez votre gouvernement local ou de comté et demandez si vous êtes autorisé à effectuer des travaux électriques à domicile par vous-même. Dans certains cas, vous pourriez avoir besoin d'un permis spécial, ou les travaux doivent être réalisés par un entrepreneur licencié. Même si vous pensez pouvoir gérer le travail vous-même, vous devriez quand même vérifier si un permis est nécessaire. Réaliser les travaux sans permis, si cela est requis, pourrait violer votre police d'assurance habitation. De nombreux ventilateurs de salle de bain sont câblés directement à travers votre plafond ou votre grenier. Certains, cependant, disposent d'une prise électrique standard qui se branche dans une prise ordinaire. Vous voudrez remplacer votre ventilateur par un de même type. Si vous n'êtes pas sûr du type que vous avez, retirez le couvercle du ventilateur et inspectez comment il est alimenté. Faites un tour dans votre magasin de fournitures pour la maison local, et vous devriez être en mesure de trouver plusieurs modèles de ventilateurs de salle de bain. Recherchez un ventilateur avec un faible nombre de « sones » (2 ou moins) et un nombre « CFM » (pieds cubes par minute) élevé. Les sones mesurent le niveau sonore d'un ventilateur. Plus le nombre est bas, plus le ventilateur est silencieux. Les CFM mesurent le nombre de pieds cubes d'air qu'un ventilateur peut évacuer d'une pièce par minute. En général, plus le nombre est élevé, mieux c'est. Des ventilateurs avec un CFM élevé peuvent ne pas être nécessaires pour les petites salles de bains. Cependant, si votre salle de bain est grande, vous voudrez vraiment un ventilateur avec un bon classement CFM. Vous ne devriez pas avoir besoin de quoi que ce soit de trop inhabituel, et vous avez peut-être déjà quelques outils et fournitures chez vous. Sinon, procurez-vous ces articles pendant que vous êtes au magasin de fournitures ou de bricolage : toile de protection, tournevis, testeur de circuit (également appelé détecteur de tension – le modèle sans contact sera le plus facile à utiliser), perceuse et mèches, couteau à plaque de plâtre, ruban HVAC, connecteurs de fils. Retirer votre ancien ventilateur de salle de bain et travailler avec votre plafond peut provoquer une avalanche de saleté et de débris. Facilitez le nettoyage en posant une toile de protection sur le sol de votre salle de bain sous le ventilateur. Vous voudrez peut-être aussi couvrir le comptoir ou d'autres zones si elles sont proches du ventilateur. Allez à votre disjoncteur et basculez l'interrupteur marqué pour le ventilateur de la salle de bain (ou tous les interrupteurs de la salle de bain, s'il n'y en a pas un spécifiquement marqué pour le ventilateur). Vous ne voulez certainement pas travailler sur le câblage du ventilateur pendant que l'électricité est toujours en marche !

### Instruction2:
Avant d'effectuer des travaux électriques à domicile, vérifiez si un permis est nécessaire. Remplacez un ventilateur de salle de bain par un modèle similaire, en tenant compte du niveau sonore et du débit d'air. Rassemblez les outils nécessaires et assurez-vous de couper l'électricité avant de commencer le travail pour éviter les accidents.",5.131693601608276
036_12983,"### Instruction1:
Nettoyez les contacts métalliques de la batterie avec de l'alcool à friction sur un chiffon humide. Des contacts propres augmentent l'efficacité énergétique. Les batteries perdent de l'énergie si elles ne sont pas utilisées assez rapidement après leur chargement. Si vous utilisez votre batterie ""pleine"" deux semaines après l'avoir chargée, vous pourriez découvrir qu'elle est vide. Au lieu de charger la batterie à 100 % à chaque fois, fixez la limite de charge maximale à 80-85 %. Cela aidera à long terme en réduisant la dégradation de la batterie avec le temps. Les ordinateurs Sony VAIO ont une option intégrée pour cela. Les batteries lithium-ion ne peuvent pas être surchargées, mais à long terme, votre batterie développera des problèmes si vous la laissez branchée tout le temps. Évitez de la laisser se décharger en dessous de 20 %.

### Instruction2:
Pour maintenir l'efficacité de la batterie, nettoyez régulièrement les contacts, évitez de la décharger complètement et réglez la limite de charge à 80-85 %. Ne laissez pas la batterie branchée en permanence.",2.086367130279541
036_45215,"### Instruction1:
Faites bouillir pendant 20 minutes. Couvrez et laissez reposer pendant 10 minutes. Trempez dans l'eau froide, puis égouttez à nouveau. Retirez la coquille de l'œuf. Placez les œufs épluchés dans un bol en verre ou en céramique. Cela aidera le liquide de marinade à pénétrer plus facilement. Portez à ébullition à feu vif. Laissez mijoter encore 10 à 15 minutes, jusqu'à ce que les tranches de betterave deviennent tendres. Laissez refroidir avant de couvrir. Placez au réfrigérateur. Cela laisse suffisamment de temps pour que la saveur s'infuse. Conservez au réfrigérateur pendant un mois maximum.

### Instruction2:
Faites bouillir les œufs et les betteraves, laissez refroidir, puis placez-les dans un bol pour mariner au réfrigérateur. Ils peuvent être conservés jusqu'à un mois.",2.0212807655334473
036_37637,"### Instruction1:
Cela semble évident, n'est-ce pas ? Il est bon de se rappeler que si vous aimez votre partenaire, vous devez le dire de temps en temps. Il est très important qu'une relation à long terme naissante soit bâtie sur l'amour et la confiance, et vous devez laisser vos actions ainsi que vos mots communiquer cela. Dites ces 3 mots et dites-les souvent. Essayez de parler à votre partenaire dans son langage de l'amour. C'est la manière dont votre partenaire exprime et comprend les émotions de l'amour. Bien que cela puisse sembler facile, il est important pour les couples dans une relation à long terme de faire de cette relation une priorité, en prenant du temps sur votre emploi du temps avec des amis et la famille pour faire des choses avec votre partenaire. Plus votre relation dure, plus cela peut devenir difficile. Faites l'effort. Vous n'avez pas besoin de faire des choses coûteuses ou d'aller à des rendez-vous exotiques pour garder votre relation fraîche. Aller au restaurant ou au cinéma est agréable, mais il est également super de faire de la randonnée ensemble, de se donner des massages, ou de passer une nuit à jouer ensemble. Passer du temps actif ensemble est bénéfique. Bien que cela puisse sembler peu romantique, il peut parfois être nécessaire de planifier du temps à passer avec votre partenaire dans une relation à long terme pour rester intime l'un avec l'autre et garder votre connexion émotionnelle vivante. Planifiez des soirées de rendez-vous hebdomadaires ou des week-ends mensuels. Le chroniqueur et auteur de Savage Love, Dan Savage, a inventé le terme ""GGG"" pour désigner une qualité chez les partenaires communs aux bonnes relations à long terme : la capacité d'être ""bon, généreux et partant"". Être bon signifie agir d'une manière qui a à cœur l'intérêt de votre partenaire. Vous devez être bon envers votre partenaire à tout moment. Être généreux signifie faire un effort supplémentaire pour rendre votre partenaire heureux. Donnez une partie de vous-même à votre partenaire, partagez vos intérêts et votre vie avec eux. Soyez désintéressé lorsque vous êtes avec votre partenaire. Être partant signifie être ouvert à des choses que vous pourriez normalement ne pas trouver excitantes. Il est facile d'être réticent à des choses que vous ne connaissez pas ou qui ne vous intéressent pas, mais si cela rend votre partenaire heureux, essayez d'y participer. Cela pourrait être amusant. Les relations à long terme peuvent rapidement devenir prévisibles. Vous allez au travail ou à l'école, vous rentrez chez vous, vous voyez les mêmes amis, vous allez aux mêmes endroits, vous regardez les mêmes émissions. Cela peut devenir ennuyeux, et cet ennui peut ternir votre relation. Faites l'effort de garder les choses spontanées. Vous vous connaissez peut-être déjà bien, mais cela ne signifie pas que vous ne devriez pas continuer à sortir ensemble. Prenez le temps de sortir et de vous amuser ensemble. Gardez votre relation amusante et spéciale. Surprenez votre partenaire de temps en temps en faisant des plans spéciaux sans qu'il le sache. Même des choses aussi simples que cuisiner le dîner ou nettoyer la cuisine sans qu'on vous le demande peuvent rapporter des points. Ce sont les petites choses qui font la différence. Aussi important qu'il soit de garder votre relation active et vivante, il est également important de passer du temps indépendamment de votre partenaire, en traînant avec vos propres amis et en vous adonnant à vos propres intérêts. Tout ne doit pas impliquer votre partenaire. Ayez votre propre espace, surtout si vous vivez ensemble. Même s'il s'agit juste de votre propre bureau ou table de nuit, il est important de garder un petit espace pour vous. Ayez vos propres amis et faites des projets avec eux indépendamment. Si votre partenaire n'aime pas que vous traîniez avec vos propres amis de temps en temps, c'est un problème qui doit être discuté. Les deux partenaires méritent d'avoir leurs propres amis et de passer du temps avec eux.

### Instruction2:
Exprimez votre amour régulièrement. Priorisez votre relation en passant du temps ensemble. Gardez les choses fraîches et amusantes sans nécessiter de dépenses élevées. Faites des efforts pour surprendre votre partenaire et maintenez une certaine indépendance pour préserver votre espace personnel et social.",5.839653968811035
036_15001,"### Instruction1:
Une autre chose qui peut aider votre vessie après une chirurgie est de vous assurer que vous l'avez vidée avant de vous endormir sous anesthésie. Vous devriez uriner aussi près que possible du moment où vous allez être anesthésié. Toute urine restante dans votre vessie pendant la chirurgie peut rendre plus difficile l'urination par la suite. Bien que cela puisse réduire la quantité que vous urinez après la chirurgie, vous urinerez toujours un peu. Vous devriez produire au moins 250 cc d'urine dans les 4 heures suivant la chirurgie, bien que certains puissent produire entre 1 000 cc et 2 000 cc. Certaines personnes courent un plus grand risque d'être incapables d'uriner après la chirurgie. Certains médicaments augmenteront votre risque, donc vous devriez en parler à votre médecin avant la chirurgie. D'autres facteurs de risque incluent : avoir plus de 50 ans, être de sexe masculin, surtout si vous avez une prostate élargie, être sous anesthésie pendant longtemps, recevoir des liquides intraveineux en quantité accrue, et prendre certains médicaments tels que des antidépresseurs tricycliques, des bêta-bloquants, des relaxants musculaires, des médicaments pour la vessie ou des médicaments contenant de l'éphédrine. Si vous êtes une femme, vous pourriez bénéficier de l'exercice du plancher pelvien, comme les exercices de Kegel. Cela aide à renforcer les muscles utilisés pour uriner afin que vous puissiez mieux contrôler votre vessie et, espérons-le, uriner plus facilement. Les personnes souffrant de constipation peuvent souffrir de rétention urinaire. Pour réduire légèrement le risque ou la gravité de ce problème, assurez-vous de boire beaucoup d'eau dans les semaines précédant votre chirurgie. Vous devriez également ajouter beaucoup d'aliments riches en fibres, manger plus de prunes et éviter les aliments transformés. De plus, restez actif et bougez autant que possible. Les fruits et légumes contiennent beaucoup de fibres, donc augmentez votre apport quotidien. Vous pouvez essayer des pommes, des baies, des légumes à feuilles, du brocoli, des carottes et des haricots.

### Instruction2:
Avant une chirurgie, assurez-vous de vider votre vessie pour éviter des difficultés d'urination après l'opération. Produisez au moins 250 cc d'urine dans les 4 heures post-chirurgie. Des facteurs de risque incluent l'âge, le sexe masculin, la durée de l'anesthésie, et certains médicaments. Les femmes peuvent bénéficier des exercices de Kegel. Pour réduire le risque de rétention urinaire, buvez beaucoup d'eau et consommez des aliments riches en fibres avant la chirurgie.",4.213380336761475
036_60437,"### Instruction1:
Il ne vous est d'aucune utilité de passer directement des détails de dernière minute pour votre travail à essayer de vous endormir. Vous resterez simplement là à penser à votre travail. Prenez au moins une heure avant de vous coucher pour détendre votre esprit en préparation. Faites cela en dehors du lit. Tamisez les lumières et évitez les écrans de télévision, d'ordinateur et de téléphone. Vous essayez de calmer votre esprit. Tout comme un bain chaud, un biberon et une histoire au coucher permettent au corps d'un bébé de comprendre qu'il est temps de commencer à se détendre, une routine relaxante avant le coucher apprendra à votre corps à se détendre. Prenez un bain relaxant. Ajoutez quelques gouttes d'une huile essentielle, comme la rose ou la lavande, pour vous aider à vous détendre. Lisez un certain nombre de pages d'un bon livre. Ne lisez qu'un chapitre par nuit — ne vous laissez pas emporter à lire toute la nuit. Écoutez de la musique apaisante. L'Académie britannique de thérapie sonore a créé une playlist des chansons les plus relaxantes selon la science. Leur playlist comprend des artistes tels que Marconi Union, Coldplay et Enya. Croyez-le ou non, un verre de lait chaud peut vraiment vous aider à mieux dormir. Les produits laitiers sont riches en tryptophane, un acide aminé qui aide à vous sentir somnolent. Vous pouvez également apprécier l'effet sédatif d'une tisane, comme la camomille, la fleur de passion ou la racine de valériane. Évitez les boissons contenant de la caféine, y compris certains thés. Le thé vert et le thé noir ont tendance à avoir des niveaux relativement élevés de caféine, donc choisissez plutôt une tisane indiquant « sans caféine ». Évitez l'alcool avant de vous coucher. Bien que cela puisse vous aider à vous endormir plus rapidement, l'alcool réduit également votre sommeil paradoxal (REM), ce qui peut vous faire sentir fatigué au réveil le lendemain matin. Cela peut également causer des apnées du sommeil, ce qui perturbe encore plus votre repos. Les cerises contiennent de la mélatonine naturelle, un composé qui aide votre corps à s'endormir. Essayez de boire un petit verre de jus de cerise aigre avant de vous coucher. Certaines personnes trouvent qu'un petit en-cas avant le coucher les aide à mieux dormir. Les médecins recommandent un petit en-cas riche en glucides pour augmenter vos niveaux de tryptophane. Essayez une tranche de pain ou un petit bol de céréales. Ne mangez pas un gros repas avant de vous coucher. Votre système digestif ralentit lorsque vous dormez, donc avoir trop de nourriture dans votre système peut provoquer des brûlures d'estomac ou même vous étouffer. Une étude dans l'American Journal of Clinical Nutrition a révélé que manger un petit bol de riz jasmin — un glucide complexe qui se digère lentement — quatre heures avant de se coucher aidait les participants à s'endormir plus rapidement qu'un glucide à digestion rapide. Évitez les en-cas qui pourraient contenir de la caféine, comme le chocolat. Vous devez également rester à l'écart des aliments très riches en sucre, car ceux-ci peuvent vous rendre plus éveillé et nerveux. D'autres en-cas qui peuvent aider comprennent les bananes, les œufs, les cacahuètes, les flocons d'avoine et le yaourt. Ils contiennent tous du tryptophane. Les bananes contiennent également du magnésium et du potassium, qui peuvent aider votre corps à se détendre. Bien que différentes personnes aient des préférences différentes, tout le monde devrait s'assurer que les rideaux sont tirés pour bloquer toute lumière qui pourrait passer par les fenêtres. La lumière dans votre chambre peut vous empêcher de vous endormir. Réglez la température à votre température de sommeil idéale. Certaines personnes aiment quand c'est plus chaud, d'autres préfèrent quand c'est plus frais — découvrez ce que vous aimez. Utilisez l'aromathérapie si vous trouvez cela relaxant, bien que certains la trouvent étouffante et distrayante. N'allumez pas de bougie parfumée, car cela pourrait être très dangereux si vous vous endormez avant d'éteindre la flamme. Essayez un diffuseur d'huile parfumée ou quelque chose comme un Glade plug-in. Changez de vêtements de sommeil désignés qui ne restreignent pas votre confort ou votre mouvement. Certaines personnes détestent la sensation des cols hauts en essayant de dormir, tandis que d'autres ne supportent pas les manches. Certaines personnes ont besoin de chaussettes pour réchauffer leurs pieds, tandis que d'autres ne peuvent pas le supporter. Découvrez ce qui fonctionne pour vous. Considérez le choix du tissu pour vos vêtements de sommeil. Le coton est léger et respire facilement. La soie permet à votre corps de réguler efficacement sa température. Le bambou évacue naturellement l'humidité. Si vous voulez dormir nu, allez-y. Surtout si vous avez tendance à surchauffer pendant la nuit, dormir à poil pourrait vous aider à mieux dormir. Cela bloquera toute lumière indésirable qui pourrait attirer votre attention loin du sommeil. Les masques de sommeil rafraîchissants sont souvent particulièrement relaxants.

### Instruction2:
Créez une routine relaxante avant le coucher. Évitez les écrans et les aliments stimulants. Privilégiez des en-cas légers et des boissons apaisantes. Ajustez votre environnement de sommeil pour favoriser la détente.",9.769165992736816
036_8791,"### Instruction1:
Lorsque vous achetez votre gecko pour la première fois, il aura besoin de temps pour s'adapter à son nouveau foyer. Laissez-le dans son terrarium pendant un maximum d'une journée, sauf s'il est très stressé, auquel cas laissez-lui un peu plus de temps pour explorer et se sentir à l'aise. Ne vous sentez pas mal si, une fois qu'il a exploré son habitat, il ne sort pas de son endroit préféré pendant un certain temps. Cela dit, plus vous vous familiarisez avec votre gecko tôt, mieux c'est, car les geckos qui sont manipulés et joués avec dès leur jeune âge sont généralement beaucoup plus calmes et affectueux lorsqu'ils sont manipulés plus tard. Un âge idéal pour commencer à jouer avec votre gecko est de cinq à six mois, mais tout âge où il se sent à l'aise avec les humains est bon tant qu'il n'est pas encore un jeune. Dans la nature, tout ce qui est aussi grand que nous serait considéré comme une menace par tout lézard. Donc, ne vous sentez pas mal si votre gecko prend un certain temps pour s'habituer à vous. Ne précipitez pas votre gecko. Si vous êtes impatient de commencer à le manipuler et à jouer avec lui, consolez-vous en apprenant tout sur votre lézard. Lorsque vous aménagez son habitat, créez des endroits où votre gecko peut se cacher sans être observé. Parfois, votre gecko a juste besoin d'un peu de temps seul, et rappelez-vous qu'ils sont nocturnes, donc vous ne devriez pas les déranger pendant la journée. Pendant que vous observez votre gecko, familiarisez-vous avec votre nouvel animal. Trouvez les oreilles de votre gecko (les grandes ouvertures sur le côté de la tête du léopard). Comptez combien de orteils il a sur chaque patte. Comptez combien de taches votre gecko a et gardez une trace (les taches des geckos léopards changeront à mesure qu'ils vieillissent). Il est très important de faire cela car si votre gecko ne s'habitue pas à votre main, il ne sera jamais à l'aise d'être manipulé. Votre gecko sera le plus actif la nuit, généralement après que vous vous soyez préparé pour la nuit. À ce moment-là, placez votre main dans la cage, en la laissant reposer au fond. Ne faites pas de mouvements brusques ou vous pourriez effrayer votre gecko. Laissez votre gecko explorer votre main - il va probablement lécher vos doigts, grimper sur votre main et finalement se poser sur un endroit de votre main qui est le plus chaud. Vous pouvez l'encourager à faire cela en réchauffant votre main avant d'essayer de tenir votre léopard. Ne retirez pas votre main si votre gecko essaie de la lécher. Jusqu'à ce que vous ayez créé un lien entre vous et votre gecko léopard, celui-ci vous considérera comme un prédateur. Si vous partez quand il essaie de vous lécher, il essaiera de vous lécher à nouveau pour que vous vous éloigniez à l'avenir, afin qu'il puisse être seul. Si votre gecko n'a pas de compagnie humaine, il ne voudra pas de compagnie humaine, ce qui entraînera un gecko peu amical. Ne soyez pas découragé si votre gecko ne grimpe pas tout de suite sur votre main. Tous les geckos sont différents - certains sont un peu plus aventureux que d'autres. Chaque nuit, répétez cette étape et placez votre main sur le sol du terrarium. Finalement, votre gecko viendra explorer. Les geckos peuvent perdre leur queue s'ils pensent qu'un prédateur a saisi leur queue, ou s'ils sont effrayés. Ne jamais prendre votre gecko par la queue. Évitez de faire en sorte que votre gecko se sente coincé ou menacé. S'il ne veut pas être manipulé et continue de fuir votre main, faites une pause dans vos tentatives de le prendre. Essayez à nouveau plus tard. Il est assez facile de dire quand votre gecko est effrayé ou mécontent, car il lèvera et fouettera sa queue comme un avertissement. Si cela se produit, essayez simplement de lui parler doucement pour le calmer. Il existe plusieurs friandises différentes que vous pouvez donner à votre gecko, et la plupart peuvent être achetées dans votre animalerie locale. Celles-ci incluent les vers de cire, les vers de farine et les grillons. Vers de cire : Ce sont les types de friandises les plus courants à donner à votre gecko. Les geckos adorent leur goût, mais ils sont riches en phosphore et en graisses. Donc, utilisez-les avec parcimonie (pas plus d'un tous les deux semaines ou plus, surtout si votre léopard a plus d'un an, car cela pourrait entraîner de l'obésité ou le fait que votre léopard refuse de manger d'autres insectes). Ne mettez pas de calcium sur le ver de cire lorsque vous le faites, car le gecko léopard le mangera, puis mordra votre doigt. (de la poudre restera sur votre doigt, et il sentira cela.) Chaque gecko est différent, mais la plupart des gens recommandent pour obtenir les meilleurs résultats en matière de domptage de les manipuler au moins 15 minutes chaque jour une fois qu'ils se réveillent. Cependant, si vous remarquez que cela stresse votre gecko, vous devriez réduire le temps que vous passez à le manipuler et à jouer avec votre léopard.

### Instruction2:
Laissez votre gecko s'adapter à son nouvel environnement. Familiarisez-vous avec lui progressivement sans le brusquer. Observez ses comportements, et manipulez-le doucement en respectant son espace. Nourrissez-le avec des friandises appropriées tout en maintenant une routine de manipulation quotidienne pour établir un lien.",10.715384483337402
036_17102,"### Instruction1:
La recherche montre que l'une des manières les plus efficaces de gérer une pensée indésirable est de la laisser simplement suivre son cours. Cependant, cela ne signifie pas que vous avez nécessairement le temps de le faire à tout moment. Créez une ""période d'inquiétude"", un moment précis chaque jour où vous êtes autorisé à vous inquiéter. Considérez le reste de votre journée comme une zone sans inquiétude. Fixez votre période d'inquiétude à la même heure chaque jour et suffisamment tôt pour qu'elle ne vous rende pas anxieux juste avant d'aller au lit. Si une mauvaise pensée surgit dans votre esprit, remarquez-la et dites-vous que vous vous en préoccuperez plus tard. Vous pouvez même garder un carnet pour l'écrire ou simplement vous dire : ""Je veux rester calme. Je reviendrai à cela plus tard."" Elle peut ou non revenir. Si la pensée revient, faites une coche à côté dans votre carnet. Dites-vous : ""Oui, je m'en occuperai, juste pas maintenant."" Passez en revue votre liste pendant votre période d'inquiétude désignée. Si les mauvaises pensées ou inquiétudes vous dérangent encore, alors allez-y et inquiétez-vous à leur sujet, mais uniquement pendant la période d'inquiétude fixée. Si elles ne vous dérangent plus, raye-les et passez à autre chose. Reporter vos soucis brisera l'habitude de s'attarder sur de mauvaises pensées et de perturber votre journée, mais en même temps, vous ne luttez pas pour supprimer ou bloquer la pensée. Si la pensée continue de surgir de manière répétée, vous devrez peut-être en discuter avec un professionnel de la santé mentale. Par exemple, lorsque la pensée inutile survient, faites une note mentale qu'elle est survenue. Cela peut être quelque chose que vous vous dites par habitude, ou cela peut être quelque chose dans votre environnement, quelque chose que quelqu'un a dit ou fait, qui a déclenché un mauvais souvenir. Lorsque les gens se rappellent le mauvais souvenir ET s'y engagent, ils revivent le souvenir, émotions incluses, à moins qu'ils ne soient conscients qu'ils sont déclenchés. Une fois que vous en avez conscience, vous pouvez travailler à reporter la mauvaise pensée, comme décrit ci-dessus. Vous pouvez reconnaître que oui, de mauvaises choses se sont produites dans votre vie et que vous comprenez pourquoi ce souvenir vous a été rappelé dans ce cas, mais vous pratiquez (ou au moins envisagez) de le mettre de côté pour le moment au lieu de revivre le souvenir encore une fois.

### Instruction2:
Créez une période d'inquiétude pour gérer vos pensées indésirables. Notez vos inquiétudes pour les traiter plus tard. Évitez de revivre les mauvais souvenirs en prenant conscience des déclencheurs et en reportant vos préoccupations.",4.82239294052124
036_35931,"### Instruction1:
Si vous n'avez pas encore dessiné une tête, commencez par en dessiner une avant de vous mettre aux cheveux. Il sera plus difficile de dessiner les cheveux sans un contour de tête sur lequel les dessiner. Pour la tête, faites un ovale qui est plus étroit en bas qu'en haut. La forme de la tête ne doit pas être précise au début. Vous pouvez l'affiner plus tard après avoir terminé de dessiner les cheveux. Pour dessiner la ligne des cheveux, commencez par votre crayon sur le côté gauche de la tête, à peu près à mi-hauteur. Ensuite, dessinez un arc du côté gauche de la tête jusqu'au point médian sur le côté droit de la tête. L'espace entre le haut de la tête et le point le plus haut de l'arc devrait être d'environ 1/5 de la hauteur de la tête. Dessinez l'arc de manière à suivre la courbure de la moitié supérieure de la tête. Les extrémités de l'arc sont l'endroit où les côtés des cheveux rencontreront les oreilles. Il est important de dessiner la ligne des cheveux, même si elle sera recouverte par les cheveux, car cela vous aidera à garder une trace de l'endroit où les cheveux devraient commencer. Si vous souhaitez dessiner une frange ou avoir des cheveux tombant sur le visage, commencez à un point de la ligne des cheveux et dessinez le contour des cheveux s'étendant à partir de celui-ci. Les cheveux de style anime sont dessinés en utilisant des sections épaisses et distinctes au lieu de mèches individuelles, donc dessinez quelques sections épaisses descendant de la ligne des cheveux. Elles peuvent être droites et angulaires pour un look de cheveux hérissés, ou vous pouvez les courber sur un côté pour que les cheveux aient l'air fluides et naturels. Par exemple, vous pourriez dessiner plusieurs sections de cheveux hérissés s'étendant sur la longueur de la ligne des cheveux. Pour dessiner des sections de cheveux qui encadrent les côtés du visage, dessinez 2 sections de cheveux courbées vers l'extérieur, une de chaque côté du visage, qui commencent au milieu de la ligne des cheveux et se terminent à mi-chemin de la tête. Si vous ne voulez pas que la coiffure que vous dessinez ait une frange ou des sections lâches de cheveux, vous pouvez sauter cette étape. Maintenant que vous avez dessiné la section avant des cheveux, dessinez le contour du haut, des côtés et de toutes les pièces exposées à l'arrière des cheveux. Commencez à une extrémité de l'arc que vous avez dessiné pour la ligne des cheveux, qui est l'endroit où se trouve la pattes. Ensuite, dessinez vers le haut et autour du sommet de la tête et redescendez jusqu'au même point de l'autre côté. Pour une coiffure hérissée, qui est populaire dans l'anime, dessinez des épines épaisses et distinctes s'étendant loin de la tête en traçant cette ligne. Pour une coiffure plus plate et lisse, il suffit de suivre la courbure de la tête. Si vous voulez que les cheveux couvrent les oreilles, commencez plus bas sur le côté du visage et dessinez vers le haut et autour de l'endroit où iraient les oreilles. Si vous voulez que l'arrière des cheveux soit assez long pour être visible, commencez près de la base de la tête lorsque vous dessinez le contour des cheveux. Une fois que vous avez le contour principal des cheveux, revenez et dessinez des sections supplémentaires de cheveux à l'intérieur du contour. Assurez-vous qu'elles sont épaisses et distinctes afin que les cheveux aient toujours l'apparence d'un style anime. Vous pouvez également ajouter quelques lignes pour diviser certaines des sections et donner plus de profondeur aux cheveux, mais ne le faites pas trop car vous ne voulez pas créer l'apparence de mèches individuelles. Effacez soigneusement pour ne pas effacer accidentellement d'autres lignes de votre dessin. Laissez toutes les sections de la ligne des cheveux ou de la tête qui sont exposées. Une fois que vous avez terminé d'effacer ces lignes, vous avez fini !

### Instruction2:
Dessinez d'abord le contour de la tête avant de dessiner les cheveux. Tracez la ligne des cheveux et créez des sections épaisses pour un style anime. Finalisez le contour et les détails des cheveux, puis effacez les lignes inutiles.",8.749834775924683
036_40242,"### Instruction1:
Si vous tachez accidentellement le maquillage de l’enfant pendant que vous l’appliquez, il suffit d’essuyer la zone affectée avec une lingette pour bébé. Attendez que la zone sèche et réappliquez complètement le maquillage. Par exemple, si vous tachez le mascara sur la joue de votre enfant, il ne suffit pas d’essuyer le mascara. Vous devez également réappliquer le fond de teint et le fard à joues, en terminant par de la poudre translucide. Cette technique est idéale pour retirer rapidement de petites erreurs. Plus le maquillage reste longtemps sur le visage, plus il sera difficile de l’enlever avec des lingettes pour bébé. Choisissez un nettoyant doux pour le visage formulé pour les peaux sensibles. Rincez doucement le visage de l’enfant avec de l’eau en étant au-dessus d’un évier. Mettez une quantité de la taille d’un pois de nettoyant pour le visage dans votre main. Frottez vos mains ensemble pour créer une mousse épaisse et frottez doucement la mousse sur la peau de l’enfant. Évitez la zone des yeux. Après quelques minutes, rincez le savon à l’eau tiède et séchez délicatement sa peau. Utilisez des lingettes démaquillantes douces pour enlever le maquillage des yeux. Pour ce faire, demandez à l’enfant de fermer les yeux et essuyez le maquillage en effectuant un mouvement vers le bas. Faites attention à ne pas mettre de maquillage dans ses yeux. Si vous êtes préoccupé par une peau irritée, appliquez une lotion douce et non parfumée après avoir lavé son visage. Si votre enfant a une peau très sensible, vous ne voudrez peut-être pas utiliser de nettoyant du tout. Dans ce cas, utilisez de l'huile de coco à la place. D'abord, frottez une cuillère à café d'huile de coco sur tout le visage de l’enfant, en évitant les yeux. Ensuite, utilisez un gant de toilette chaud et humide pour essuyer le maquillage. Lors de l’essuyage du maquillage des yeux, demandez à l’enfant de fermer les yeux et essuyez doucement le maquillage en effectuant un mouvement vers le bas. S'il y a beaucoup de maquillage, vous pourriez avoir besoin de plus d'une cuillère à café d'huile de coco. Enveloppez une serviette autour des épaules de l’enfant pour éviter de faire couler de l'huile de coco sur ses vêtements.

### Instruction2:
Pour corriger les erreurs de maquillage sur un enfant, utilisez des lingettes pour bébé pour essuyer les taches, puis réappliquez le maquillage. Pour nettoyer le visage, utilisez un nettoyant doux ou de l'huile de coco, en évitant les yeux, et séchez délicatement. Utilisez des lingettes douces pour les yeux et appliquez une lotion si nécessaire.",5.08025598526001
036_10031,"### Instruction1:
Les Shiba Inus ont été initialement élevés comme des chiens de chasse capables de débusquer des petits gibiers (oiseaux) et parfois des gibiers plus gros et dangereux (sangliers). Cependant, aujourd'hui, ils sont principalement possédés comme animaux de compagnie loyaux, et non comme partenaires de chasse. Malgré la petite taille du Shiba Inu (les Shibas pèsent entre 7,7 et 10,4 kg), c'est un chien fort et audacieux avec un instinct de proie prononcé. Les Shibas sont connus pour échapper à des clôtures ou s'enfuir en laisse s'ils voient quelque chose qu'ils veulent chasser. Ils sont agiles et plus forts qu'ils n'en ont l'air, donc ils auront besoin d'un entraînement à l'obéissance. Les Shibas sont des chiens très intelligents, mais contrairement à d'autres races, ils utilisent souvent leur intelligence à des fins personnelles pour devancer leur propriétaire. Certains propriétaires rapportent que leur chien semble ""manigancer"" et élaborer des moyens de les tromper ou de surmonter des restrictions ou des entraînements. En résumé, le Shiba Inu n'est pas toujours un chien facile à entraîner. Cependant, si vous avez de l'expérience avec les chiens et que vous recherchez un défi, entraîner un Shiba peut être une expérience enrichissante. Observer comment ils mettent à profit leur esprit acéré peut être un plaisir. Le propriétaire idéal de Shiba a beaucoup de patience et un temps considérable à consacrer à l'entraînement. La race a des origines de travail, et cette énergie est souvent dirigée de manière destructrice par des chiens qui s'ennuient. Soyez prêt à entraîner le chien à ne pas ronger vos biens ou à s'échapper des cours clôturées. Gardez à l'esprit que, tout comme les gens, il y a toujours des chiens individuels qui ne correspondent pas aux généralisations. Certains Shibas sont conciliants et s'intègrent facilement. Les Shiba Inus ont la réputation d'être plus semblables à des chats qu'à des chiens. Ils se contentent de leur propre compagnie et ont un esprit indépendant. Ce manque de motivation à plaire peut également rendre l'entraînement plus difficile, car ils n'ont pas autant besoin de la récompense de l'attention humaine que certaines autres races. L'esprit indépendant de la race est un trait cher aux propriétaires de Shiba. Ce ne sont pas des chiens serviles qui flattent les gens, mais des chiens qui projettent une aura de dignité et de calme. La plupart des Shiba Inus sont très particuliers concernant leur corps. Ils peuvent être des ""reines du drame"", en ce sens qu'ils exagèrent les problèmes de santé mineurs. Même avec une douleur légère, ils peuvent émettre un cri perçant. Au-delà de la réponse à la douleur, cependant, de nombreux Shibas n'aiment pas être touchés ou soulevés, et la plupart ne se blottiront pas sur le canapé avec vous, comme le feront certaines races. Les Shibas sont une bonne option pour les propriétaires qui ne veulent pas d'un contact physique constant que vous pourriez obtenir de races plus câlines. Un Shiba Inu sera loyal et affectueux sans envahir votre espace physique. Comme mentionné, les Shibas préfèrent être laissés seuls physiquement, et ils ont tendance à être agressifs et à mordre si leurs limites personnelles sont enfreintes. Ainsi, ils ne sont pas la meilleure race à avoir avec de jeunes enfants. Ils ont également tendance à ne pas bien tolérer d'autres animaux de compagnie et sont connus pour chasser et rassembler les chiens qu'ils perçoivent comme plus faibles qu'eux. Ils ont tendance à être possessifs avec leurs biens et leur nourriture, et devront être surveillés, surtout si d'autres animaux ou de jeunes enfants sont présents dans le foyer. Anecdotiquement, les Shiba Inus mâles sont généralement plus joueurs et interactifs que les femelles. Les femelles ont tendance à être plus détendues et moins demandeuses d'attention que leurs homologues mâles. Choisissez le sexe qui correspond le mieux à ce que vous attendez de votre animal. Bien que la plupart des Shiba Inus ne perdent pas leurs poils toute l'année, ils perdent régulièrement pendant le printemps et l'automne pendant quelques mois. Soyez préparé à une tempête de poils à ces moments-là. Ils ont un pelage dense à double couche ; vous voudrez les brosser chaque semaine afin de répartir leurs huiles naturelles et de maintenir le pelage supérieur en bon état. Si vous êtes prêt à faire un peu d'effort et à supporter une certaine perte de poils, vous pourrez profiter du magnifique pelage d'un Shiba. Les Shiba Inus ont une espérance de vie générale d'environ 12 à 15 ans. L'un des plus grands problèmes de santé pour les Shiba Inus est les allergies chroniques, qui entraînent des démangeaisons extrêmes. Il n'y a pas de remède pour les allergies, mais elles peuvent être contrôlées. Toutefois, les traitements peuvent être coûteux. Ils sont également sujets à développer une hypothyroïdie et des cataractes. Bien que les Shibas soient connus pour avoir une dysplasie de la hanche, ils ne sont pas aussi sujets à cela que certaines races plus grandes. On pense également que les Shiba Inus ont une incidence plus élevée de crises et d'épilepsie que le chien moyen. Si vous envisagez cette race, assurez-vous de pouvoir vous permettre de prendre soin de votre animal si ces problèmes se développent. La liste des traits mentionnés ici pourrait sembler négative, mais elle vise uniquement à avertir les personnes non informées des problèmes potentiels. Les Shiba Inus ont des personnalités fortes et sont des compagnons extrêmement loyaux lorsqu'ils s'attachent à leurs propriétaires. Les fans de cette race en sont complètement épris.

### Instruction2:
Les Shiba Inus sont des chiens de compagnie loyaux, originellement élevés pour la chasse. Bien qu'ils soient intelligents et indépendants, ils peuvent être difficiles à entraîner. Ils nécessitent de la patience et un engagement pour éviter des comportements destructeurs. Leur caractère distinctif inclut une préférence pour l'espace personnel et une tendance à être possessifs. Ils sont généralement capables de vivre sans trop de contact physique, ce qui les rend adaptés à certains propriétaires. Cependant, ils peuvent être agressifs envers d'autres animaux et ne sont pas idéaux pour les familles avec de jeunes enfants. Les Shibas ont également des besoins de toilettage spécifiques et des problèmes de santé potentiels, notamment des allergies.",10.230407953262329
036_60206,"### Instruction1:
Cliquez sur l'icône en forme de loupe dans le coin supérieur droit de l'écran de votre Mac. Une barre de recherche apparaîtra. Cela recherchera sur votre ordinateur l'application QuickTime. Elle devrait être le premier résultat dans la recherche Spotlight. Cela ouvrira le lecteur vidéo QuickTime. Vous le trouverez dans le coin supérieur gauche de l'écran de votre Mac. Un menu déroulant apparaîtra. C'est près du haut du menu déroulant. Cliquez sur la vidéo que vous souhaitez faire pivoter. Vous devrez peut-être d'abord accéder au dossier dans lequel la vidéo est stockée en cliquant sur le dossier approprié sur le côté gauche de la fenêtre. C'est dans le coin inférieur droit de la fenêtre. Cela ouvrira la vidéo dans le lecteur QuickTime. Cet élément de menu se trouve en haut de l'écran. Un menu déroulant apparaîtra. Vous trouverez plusieurs options de rotation dans le menu déroulant ; cliquez sur celle que vous souhaitez appliquer à votre vidéo. Pour ce faire : cliquez à nouveau sur l'élément de menu Fichier. Sélectionnez Exporter. Sélectionnez une qualité (par exemple, 1080p). Ajoutez un nom et sélectionnez un emplacement de sauvegarde. Cliquez sur Enregistrer.

### Instruction2:
Pour faire pivoter une vidéo sur un Mac avec QuickTime, ouvrez l'application via la recherche Spotlight, sélectionnez la vidéo à pivoter, choisissez l'option de rotation dans le menu Fichier, puis exportez la vidéo avec le nom et la qualité souhaités.",2.718290328979492
036_63420,"### Instruction1:
Appliquez une goutte de primer sur votre nez, puis étalez-la vers l'extérieur. Estompez le primer vers votre ligne de cheveux et votre mâchoire. Créez une couche fine et uniforme pour aider à maintenir votre maquillage en place toute la journée. Attendez 2-3 minutes que votre primer sèche avant de continuer. Vous n'êtes pas obligé d'utiliser un primer, mais cela aidera à assurer une couverture toute la journée. Ajoutez plus de primer si nécessaire pour fournir une couverture uniforme. Choisissez une couleur pêche pâle pour un teint clair, un pêche moyen pour un teint moyen, ou une couleur orange pour un teint foncé. Tapotez le correcteur sur les taches sombres pour neutraliser la couleur. Cela peut aider à cacher les taches brunes. La couleur pêche va contrer l'obscurité de la tache pour unifier votre teint. Choisissez un fond de teint qui correspond à votre teint. Utilisez une éponge à maquillage ou un beauty blender pour appliquer une couche uniforme de fond de teint. Tapotez le fond de teint sur votre correction de couleur, puis estompez-le sur votre visage. Si vous n'avez pas utilisé de correction de couleur, commencez par votre nez et estompez vers votre ligne de cheveux et votre mâchoire. Si vous utilisez une correction de couleur, faites-le avant d'appliquer votre fond de teint. Si vous appliquez un correcteur classique, mettez d'abord votre fond de teint. Choisissez un correcteur qui est de la même couleur que votre teint ou une nuance plus claire. Ensuite, utilisez votre doigt ou un pinceau correcteur pour tapoter le correcteur sur la zone que vous souhaitez cacher. Estompez les bords pour créer une finition lisse. Attendez 2-3 minutes pour qu'il sèche avant d'appliquer de la poudre. Utilisez un pinceau à poudre pour balayer une fine couche de poudre sur votre visage. Trempez votre pinceau dans la poudre, puis tapotez le pinceau pour enlever l'excès. Balayez votre pinceau sur votre visage pour appliquer la poudre. Cela fixera votre maquillage pour qu'il dure plus longtemps. Si vous souhaitez plus de couverture, utilisez une poudre de la même teinte que votre fond de teint. Cependant, cela pourrait rendre votre visage trop chargé.

### Instruction2:
Pour un maquillage longue tenue, appliquez d'abord un primer sur le nez et estompez-le. Utilisez un correcteur de couleur pêche pour neutraliser les taches sombres, puis appliquez un fond de teint adapté à votre teint. Finalisez avec une poudre pour fixer le maquillage.",4.9309046268463135
036_28565,"### Instruction1:
Allez sur le site de Pinterest et connectez-vous en utilisant votre nom d'utilisateur et votre mot de passe. Une fois connecté, vous serez dirigé vers l'écran d'accueil. Assurez-vous de garder ces informations privées, car vous ne souhaitez pas que quelqu'un ait accès à votre compte. Regardez vers le coin supérieur droit de l'écran. Là, vous verrez la petite épingle. Cliquez sur cette option. Cela vous amènera à une nouvelle page. Si vous avez déjà des épingles publiées, vous les remarquerez en bas de la page. Le petit crayon situé sur le côté droit à l'intérieur du grand rectangle en haut. Une fenêtre contextuelle apparaîtra sur votre écran. Ici, vous pouvez modifier l'ensemble de votre profil. Pour commencer, vous pouvez entrer votre nom et ce que vous aimeriez que les gens voient comme photo de profil. En dessous de votre photo de profil, vous pouvez changer votre nom d'utilisateur. Il vous suffit de cliquer sur la case à côté et d'entrer votre nouveau nom d'utilisateur pour le confirmer. En dessous de votre nom d'utilisateur, vous pouvez écrire vos informations ""À propos de moi"", alors écrivez quelques faits intéressants sur vous. Vous pouvez également expliquer pourquoi vous choisissez d'utiliser Pinterest ; l'objectif est de faire savoir aux autres qui vous êtes. Indiquez votre emplacement. Cela se trouve sous vos informations ""À propos de moi"". Vous pouvez changer votre emplacement en cliquant sur la case à côté et en entrant votre ville natale. Enfin, vous avez la possibilité d'entrer votre site web. Cela peut être n'importe quoi, de votre site personnel à un blog sur lequel vous travaillez.

### Instruction2:
Pour créer ou modifier votre profil Pinterest, connectez-vous au site, puis cliquez sur l'épingle en haut à droite. Vous pourrez alors éditer votre nom, votre photo de profil, votre nom d'utilisateur, vos informations ""À propos de moi"", votre emplacement et éventuellement votre site web.",3.769319534301758
036_11039,"### Instruction1:
Si vous êtes dans une secte vivant dans un ""compte"" commun, comme un lotissement, une commune ou une maison partagée, préparez un sac pour partir. Apportez un changement de vêtements, des objets pratiques comme votre téléphone portable et votre carte d'identité, ainsi que tout ce qui a une valeur sentimentale. Cachez votre sac à un endroit où personne ne le trouvera jusqu'à ce que vous soyez prêt à partir. Si vous pensez que vous pourriez devoir partir à tout moment, gardez votre téléphone portable, votre carte d'identité et tout l'argent ou les petits objets de valeur sur vous. Si vous pensez que quelqu'un pourrait trouver votre sac, ne prenez pas le risque de faire vos bagages. Prévoyez de laisser vos biens derrière vous si nécessaire. Pensez à des réponses possibles, au cas où quelqu'un vous demanderait pourquoi vous faites vos bagages. Pensez à chaque personne que vous connaissez en dehors de la secte et qui pourrait potentiellement vous aider d'une manière ou d'une autre. Cela pourrait être un ami, un médecin, un voisin, un camarade de classe, ou toute autre personne. Écrivez chacun de leurs noms et notez ce qu'ils pourraient faire pour vous aider à côté de leur nom, que ce soit pour obtenir des repas, trouver un emploi ou rester caché des membres de la secte. Contactez ces personnes dès que c'est sûr de le faire. Si vous quittez une arrangement de vie dans une secte, essayez de prévoir un endroit sûr où rester à l'avance. Envisagez de rester chez des amis ou de la famille qui ne sont pas impliqués dans la secte, ou recherchez des refuges dans votre région. Si vous pensez que vous serez en danger après avoir quitté la secte, allez à la police. Ils peuvent vous aider à trouver un endroit où rester. Cela pourrait être la meilleure chose à faire si vous êtes un jeune enfant. Si vous n'êtes pas autorisé à entrer et sortir librement, vous pourrez peut-être vous échapper lorsque d'autres personnes visitent la secte ou lorsque vous êtes emmené à l'extérieur de la maison ou de la communauté partagée de la secte. Sinon, prenez le bus s'il y a un arrêt de bus à proximité, appelez un taxi pour vous chercher, ou demandez à un ami ou à un membre de la famille de venir vous chercher. Si vous vivez seul, rompez vos liens avec la secte en ne participant plus aux réunions. Prévoyez de faire autre chose pendant ce temps. Si vous êtes inactif, vous pourriez finir par vous convaincre de retourner dans le groupe. Par exemple, visitez un ami ou un membre de la famille pendant le temps que vous passeriez habituellement à une réunion. Soyez préparé aux questions des autres membres du groupe. Décidez à l'avance comment vous répondrez et comment vous éviterez d'être entraîné à nouveau.

### Instruction2:
Préparez un plan pour quitter une secte en rassemblant des affaires essentielles, en gardant vos objets de valeur sur vous, et en identifiant des personnes de confiance qui peuvent vous aider. Trouvez un lieu sûr pour rester après votre départ et soyez prêt à faire face aux questions des membres du groupe. Évitez de retourner à des réunions pour ne pas être tenté de revenir dans la secte.",5.522654294967651
036_35953,"### Instruction1:
Les mots-clés en tant que premier mot dans un nom de domaine augmenteront un peu votre trafic. Utiliser un TLD (domaine de premier niveau) national améliorera votre classement localement mais nuira à votre visibilité internationale, donc utilisez cela avec prudence. Évitez les techniques de nommage de domaine obsolètes comme remplacer des mots par des chiffres. Être un sous-domaine (comme un something.tumblr.com) nuira également à votre classement. Les mots-clés dans vos propres sous-pages et sous-domaines aident aussi. Vos sous-pages, en particulier, devraient toujours avoir un titre descriptif. Les descriptions sont une partie taguée du code de votre site qui décrivent le contenu de la page. En avoir une aidera vos classements et en avoir une qui contient de bons mots-clés aidera encore plus. Si votre site utilise les mêmes tags pour toutes les pages, vous n'aidez pas les moteurs de recherche à comprendre le sujet ou la pertinence de vos pages individuelles. Concernant les balises Meta, il y a 2 champs très importants : la balise de titre - sans doute la balise SEO la plus importante pour n'importe quel site. Google supporte environ 60 caractères dans le titre, tandis que Yahoo permet jusqu'à 110 caractères. Il est important de cibler les mots-clés les plus critiques dans le titre. Chaque page devrait avoir un titre unique. La balise de description META - celles-ci étaient autrefois importantes mais ne le sont plus. Certains moteurs affichent la description définie, tandis que d'autres ne le font pas. Certains moteurs de recherche lisent la balise de description et utilisent le contenu trouvé dans le processus de classement. Google, MSN et Yahoo attribuent très peu de poids, voire aucun, à celles-ci. Les en-têtes sont similaires aux descriptions et les mêmes règles s'appliquent : en avoir un aide et en avoir un avec des mots-clés est encore mieux. Utilisez-les ! Gardez la structure, la navigation et la structure d'URL de votre site suffisamment simples pour que les moteurs de recherche puissent les suivre. N'oubliez pas que les moteurs de recherche ne peuvent pas analyser votre navigation si elle utilise Flash ou JavaScript. Essayez donc de rester proche du HTML standard en ce qui concerne la navigation. Les URL avec des paramètres dynamiques (?, &, SIDs) ne performent généralement pas en termes de classement dans les moteurs de recherche.

### Instruction2:
Utiliser des mots-clés dans les noms de domaine et les titres des pages aide à améliorer le trafic et le classement dans les moteurs de recherche. Évitez les techniques obsolètes et gardez une structure de site simple pour faciliter l'indexation par les moteurs de recherche.",4.551880359649658
036_3428,"### Instruction1:
Cela vous aidera à éviter de commettre une erreur sur l'image originale. Sélectionnez le calque d'arrière-plan, puis cliquez sur « Menu Calque » et cliquez sur « Dupliquer le calque ». Renommez le calque dans la boîte de dialogue qui apparaît, ou cliquez simplement sur OK et le calque dupliqué sera étiqueté comme « Copie d'arrière-plan ». Pour facilement identifier sur quoi vous travaillez, renommez le calque en quelque chose comme « Yeux ». Utilisez l'outil de « zoom » pour vous rapprocher d'un des yeux. L'outil « Éclaircir » aidera les yeux à ressortir, mais en éclaircissant subtilement la sélection. Avant d'utiliser l'outil, vous devez ajuster les paramètres dans la petite boîte de dialogue qui s'affiche. Vous voudrez régler le pinceau pour qu'il couvre uniquement l'iris (la partie colorée de l'œil). Réglez la dureté du pinceau à 10 %, la « plage » à « tons moyens » et l'exposition à 20 %. Travaillez lentement autour de l'œil, en cliquant sur la partie colorée de l'iris avec votre curseur pour utiliser l'outil éclaircir. Évitez les pupilles (la partie noire qui se dilate ou se contracte selon la lumière). Notez que l'outil éclaircir éclaircit les yeux. L'outil « Assombrir » est utilisé pour assombrir subtilement les bords des objets. Cliquez avec le bouton droit sur le bouton Éclaircir dans le panneau « Outils ». Une fenêtre s'ouvrira affichant trois autres options. Cette fois, sélectionnez Assombrir. Le symbole du bouton change pour devenir une main. Changez la taille du pinceau. Encore une fois, la taille du pinceau dépendra de la taille de l'œil. Réglez la dureté du pinceau à 10 %, la « plage du pinceau » à « ombres » et l'exposition à 15 %. Cliquez autour du périmètre de la pupille et de l'iris pour légèrement assombrir et améliorer leur apparence. Le pinceau effectuera les ajustements que vous avez définis automatiquement. Répétez le processus mentionné ci-dessus sur le deuxième œil, en vous assurant que les deux soient assortis. Prenez le temps de zoomer occasionnellement pour vous assurer que les modifications que vous apportez à l'image ne sont pas trop drastiques.

### Instruction2:
Pour modifier une image, commencez par dupliquer le calque d'arrière-plan et renommez-le. Utilisez les outils de « zoom », « éclaircir » et « assombrir » pour ajuster les yeux tout en faisant attention aux détails. Assurez-vous que les modifications soient équilibrées en vérifiant régulièrement l'image dans son ensemble.",4.63393235206604
036_2594,"### Instruction1:
C'est l'icône de la caméra rose, violette et jaune. Vous la trouverez généralement sur l'écran d'accueil ou dans le tiroir d'applications. Regrammer est une application qui vous permet de republier les publications d'autres utilisateurs—photos et vidéos—sur votre propre fil Instagram. Comme il n'existe pas de version Android téléchargeable, vous y accédez simplement via un navigateur web. Seules les photos et vidéos publiques peuvent être republicisées avec Regrammer. C'est une application multicolore qui ressemble à une caméra. Si vous êtes déjà connecté à Instagram, cela vous mènera à la page d'accueil. Si vous n'êtes pas connecté à Instagram, saisissez votre nom d'utilisateur (ou votre numéro de téléphone) et votre mot de passe, puis appuyez sur Connexion. Faites défiler votre fil d'accueil pour voir les publications récentes, ou appuyez sur l'icône de la loupe pour rechercher un utilisateur particulier. Elle se trouve dans le coin supérieur droit de la publication. C'est près du milieu du menu. Cela copie le lien de la publication dans votre presse-papiers. Vous pouvez utiliser Chrome, le navigateur Internet de Samsung, ou tout autre navigateur que vous souhaitez. C'est près du haut de l'écran. Une fenêtre contextuelle apparaîtra. L'URL complète de la publication apparaîtra dans le champ vide. C'est le bouton bleu en bas de la page. Un aperçu de la publication apparaîtra en haut de la page. Si vous republiez une vidéo, vous pouvez regarder l'aperçu en appuyant sur le bouton Lecture au centre de la vignette. C'est l'icône bleue avec une flèche dans le coin inférieur droit de l'écran. Cela télécharge la photo ou la vidéo sur votre appareil Android. C'est au centre inférieur de l'écran. Cela crée une nouvelle publication. C'est près du coin inférieur gauche de l'écran. Cela affiche un aperçu en haut de l'écran. Si vous souhaitez recadrer la publication, placez deux doigts sur l'écran et écartez-les pour zoomer sur la photo. Lorsque vous avez terminé, appuyez sur Suivant dans le coin supérieur droit de l'écran. Les filtres apparaissent en bas de l'écran. Si vous ne souhaitez pas appliquer de filtre, vous pouvez simplement appuyer sur Suivant dans le coin supérieur droit. Vous le ferez dans la zone ""Écrire une légende..."" près du haut de l'écran. C'est un bon endroit pour taguer l'auteur original de la publication et mentionner que vous republiez son travail. C'est dans le coin supérieur droit de l'écran. Cela partage la publication avec vos abonnés Instagram.

### Instruction2:
Regrammer est une application qui permet de republier des publications Instagram. Accessible via un navigateur pour les utilisateurs Android, elle ne fonctionne qu'avec des photos et vidéos publiques. Après connexion à Instagram, les utilisateurs peuvent copier des liens, visualiser des aperçus et créer de nouvelles publications en ajoutant des légendes et des filtres avant de partager.",4.344621896743774
036_7963,"### Instruction1:
sudo apt-get install portmap nfs-common et appuyez sur ↵ Entrée pour installer les fichiers du client NFS. Vous pouvez nommer cela comme vous le souhaitez. Par exemple, vous pouvez taper mkdir /sharedFiles pour créer un dossier appelé ""sharedFiles"". pico /etc/fstab pour ouvrir le fichier /etc/fstab. Ajoutez serverIP:sharedDirectory nfs rsize=8192,wsize=8192,timeo=14,intr à la fin du fichier. Remplacez serverIP par l'adresse IP de l'ordinateur serveur NFS. Remplacez sharedDirectory par le répertoire fictif que vous avez créé sur le serveur NFS et le répertoire local que vous venez de créer. Laissez les autres valeurs telles qu'elles sont pour l'instant. En utilisant les exemples ci-dessus, la ligne pourrait ressembler à : 192.168.1.5:/export/Shared /sharedFiles nfs rsize=8192,wsize=8192,timeo=14,intr. sudo /etc/init.d/portmap restart pour redémarrer portmap et utiliser les nouveaux paramètres. Le lecteur se montera automatiquement chaque fois que l'ordinateur redémarre. Tapez mount -a puis ls /sharedFiles pour voir si les fichiers partagés s'affichent. Vous devriez être en mesure d'entrer les mêmes paramètres et de vous connecter avec succès.

### Instruction2:
Installez les fichiers clients NFS et créez un dossier pour les fichiers partagés. Modifiez le fichier /etc/fstab pour inclure les informations du serveur NFS. Redémarrez le service portmap pour appliquer les nouveaux paramètres, et vérifiez si les fichiers partagés sont accessibles.",3.4092466831207275
036_53726,"### Instruction1:
Si vous soupçonnez que vous avez une infection de l'oreille, n'essayez pas la méthode suivante pour déboucher votre oreille. Si vous présentez l'un des symptômes suivants, appelez immédiatement un médecin : douleur persistante et intense dans vos oreilles durant plus de quelques heures. Fièvre. Vomissements ou diarrhée. Écoulement jaune ou vert de l'oreille.

### Instruction2:
En cas de suspicion d'infection de l'oreille, évitez d'utiliser des méthodes pour déboucher l'oreille et consultez un médecin si vous ressentez des douleurs sévères, de la fièvre, des vomissements ou des écoulements anormaux.",1.6426453590393066
036_47921,"### Instruction1:
Dans les cultures hispanophones, un anniversaire est considéré comme une affaire de famille. Même si des amis peuvent être invités à la fête, les anniversaires sont traditionnellement organisés par la famille de la personne célébrant son anniversaire. Toute la famille, y compris la famille élargie, est généralement présente. Si vous êtes un ami lors de l'une de ces fêtes, attendez-vous à ce que la famille soit chaleureuse, aimante et accueillante. Surtout en Espagne, vous vous retrouverez à faire beaucoup de câlins à des personnes que vous ne connaissez pas. Dans les pays d'Amérique latine, en particulier au Mexique, le 15ème anniversaire d'une fille marque son passage à l'âge adulte. L'occasion commence traditionnellement par un service religieux et nécessite une tenue formelle. Une partie du service religieux est la ""misa de acción de gracias,"" par laquelle la fille remercie d'avoir terminé son enfance. La ""festejada"" (fille d'anniversaire) reçoit traditionnellement des cadeaux de sa famille, y compris des diadèmes et des bijoux. La fête comprend généralement un banquet élaboré de nourriture, suivi de musique et de danse qui peuvent durer jusqu'à de petites heures. Le gâteau ""tres leches"" est un grand gâteau multicolore qui sert de pièce maîtresse pour les fêtes d'anniversaire mexicaines. Ces gâteaux sont souvent décorés selon un thème reflétant quelque chose que la personne célébrant son anniversaire aime. Par exemple, si la personne qui célèbre son anniversaire est une grande fan de fútbol, vous pourriez vous attendre à ce que le gâteau ""tres leches"" soit glacé pour ressembler à un terrain de fútbol, avec de petits joueurs et des fans dans les gradins encourageant leurs équipes. Une piñata est l'une des traditions espagnoles les plus connues. Ces figures colorées en papier mâché se présentent sous diverses formes et tailles et sont remplies de petits jouets et de friandises. Les invités à la fête prennent des tours pour essayer de frapper la piñata avec un bâton jusqu'à ce qu'elle éclate, dispersant des douceurs partout pour tous les invités. La piñata en forme d'âne, typiquement vendue aux États-Unis et en Europe, est rarement vue dans les pays d'Amérique latine. La piñata peut avoir une forme qui reflète le thème du gâteau ""tres leches"". Pendant que les invités essaient de frapper la piñata, les autres chantent la chanson traditionnelle de la piñata, qui commence par ""Dale, dale, dale."" La chanson encourage la personne à avoir un bon tir et à frapper la piñata pour qu'elle éclate, pour le plaisir de tous, faisant pleuvoir les friandises qu'ils désirent. Au Mexique, en particulier, les mains de la personne célébrant son anniversaire sont liées derrière son dos et son visage est enfoncé dans le gâteau d'anniversaire pour qu'elle prenne la première bouchée. Tout autour d'eux, les invités chantent ""¡Mordida!"" Le mot ""mordida"" signifie ""morsure."" Dans ce contexte, le chant des invités de la fête encourage la personne célébrant son anniversaire à prendre la première bouchée de son gâteau d'anniversaire. Les cadeaux d'anniversaire ne sont généralement pas particulièrement élaborés ou coûteux, surtout en Espagne. Les enfants reçoivent toujours de petits présents, généralement des livres, des jouets et des bonbons. Les adultes peuvent ne pas recevoir de cadeaux du tout. Si vous ne vous sentez pas à l'aise d'aller à une fête d'anniversaire sans cadeau, envisagez un cadeau tel qu'un calendrier, une tasse ou un joli stylo.

### Instruction2:
Les anniversaires dans les cultures hispanophones sont des événements familiaux avec une forte participation de la famille élargie. Au Mexique, le 15ème anniversaire d'une fille est un moment marquant, célébré par un service religieux et une grande fête avec un gâteau ""tres leches"" et des piñatas. Les cadeaux d'anniversaire sont généralement modestes, surtout pour les adultes.",5.605761528015137
036_57953,"### Instruction1:
C'est important, car de nombreux convertisseurs de texte ne reconnaissent pas le texte dans les images aussi bien qu'ils le font dans les fichiers PDF. Si possible, numérisez votre document en utilisant les réglages noir et blanc plutôt que les réglages couleur. Cela facilite la reconnaissance des caractères par les programmes de traitement de texte. Allez sur http://www.newocr.com/ dans votre navigateur. Vous pouvez convertir des documents numérisés en documents texte modifiables à partir de ce site. C'est un bouton gris en haut de la page. Cela ouvrira une fenêtre de l'explorateur de fichiers (Windows) ou du Finder (Mac). Cliquez sur le fichier PDF numérisé pour ce faire. Vous devrez peut-être d'abord cliquer sur le dossier de localisation du fichier PDF numérisé sur le côté gauche de la fenêtre. C'est dans le coin inférieur droit de la fenêtre. Cela téléchargera votre PDF sur le site. Ce bouton est près du bas de la page. Votre PDF téléchargé sera converti en texte. C'est sur le côté gauche de la page. En cliquant dessus, un menu déroulant s'affiche. Cette option se trouve dans le menu déroulant. En cliquant dessus, une version Microsoft Word de votre PDF téléchargé sera téléchargée sur votre ordinateur. Si vous n'avez pas Microsoft Word installé sur votre ordinateur, vous pouvez télécharger une version .txt en cliquant sur Texte brut (TXT) dans le menu déroulant résultant. Vous pouvez ensuite modifier le document à l'aide de Notepad (Windows) ou TextEdit (Mac). Double-cliquez sur le document Word téléchargé pour l'ouvrir dans Microsoft Word, puis modifiez tout texte dans le PDF qui est lisible. Certaines parties du texte dans le PDF seront impossibles à modifier en raison d'erreurs de traduction. Vous devrez peut-être cliquer sur Activer l'édition en haut de la fenêtre Word avant de pouvoir modifier le texte. Pour ce faire : Windows - Cliquez sur Fichier, cliquez sur Enregistrer sous, cliquez sur la boîte déroulante « Document Word », cliquez sur PDF, puis cliquez sur Enregistrer. Mac - Cliquez sur Fichier, cliquez sur Enregistrer sous, entrez un nom, cliquez sur la boîte « Format », cliquez sur PDF, puis cliquez sur Enregistrer.

### Instruction2:
Pour convertir un document numérisé en texte modifiable, utilisez le site newocr.com. Numérisez en noir et blanc pour une meilleure reconnaissance. Téléchargez le fichier PDF, et choisissez de le convertir en Word ou en texte brut. Modifiez ensuite le texte dans Microsoft Word ou un éditeur de texte adapté.",4.330599546432495
036_9545,"### Instruction1:
Si vous êtes déjà connecté, vous pouvez passer à l'étape suivante. Sinon, entrez votre adresse e-mail (ou numéro de téléphone) et votre mot de passe Facebook dans les champs, puis appuyez sur Connexion. Il existe plusieurs façons de trouver la page de profil de quelqu'un : appuyez sur la boîte de recherche (ou la loupe) en haut de l'écran, puis tapez le nom, l'adresse e-mail ou le numéro de téléphone de quelqu'un. Appuyez sur le nom d'une personne dans un commentaire ou un post pour ouvrir sa page de profil. Appuyez sur l'icône ☰ en bas à droite de l'écran, puis appuyez sur ""Amis"". De là, vous pouvez voir votre liste d'Amis actuels ou cliquer sur ""Suggestions"", ""Contacts"" ou ""Recherche"" pour trouver d'autres personnes que vous connaissez peut-être. Ouvrez les listes d'amis de vos amis et appuyez sur le nom de quelqu'un pour voir son profil. C'est en dessous de la photo de profil de la personne et de son nom, ou à côté de son nom dans Trouver des amis. Une demande d'ami sera envoyée immédiatement, et vous recevrez une notification une fois qu'elle sera acceptée. Si vous ne voyez pas Ajouter un ami, la personne que vous essayez d'ajouter n'accepte pas les demandes d'amis des personnes avec lesquelles elle n'a pas d'amis communs. Si vous changez d'avis au sujet d'une demande d'ami que vous avez déjà envoyée, vous pouvez l'annuler en ouvrant le profil Facebook de cette personne et en appuyant sur Annuler la demande.

### Instruction2:
Pour se connecter à Facebook, entrez votre e-mail ou numéro de téléphone et votre mot de passe. Vous pouvez trouver le profil de quelqu'un en recherchant son nom ou son numéro. Envoyez une demande d'ami, et si elle est acceptée, vous serez notifié. Si vous ne pouvez pas ajouter un ami, cela peut être dû à l'absence d'amis communs. Vous pouvez annuler une demande envoyée si nécessaire.",3.78879714012146
036_39173,"### Instruction1:
De nombreux États ont des formulaires de contrat de vente prêts à l'emploi. Ce sont des documents relativement simples pour des ventes qui ne nécessitent pas d'accords ou de circonstances particuliers. Pour trouver un tel formulaire, visitez le site web du DMV ou du Département des Transports de votre État. Ensuite, recherchez un contrat de vente. Imprimez le document. Par exemple, vous pouvez trouver le contrat de vente du DMV de l'État de Californie ici et celui du Département des Transports de l'Arizona ici. Le contrat de vente sera probablement divisé en une section pour l'acheteur et une section pour le vendeur. Vous devrez remplir les informations concernant les parties et le véhicule dans chaque section, afin que chaque partie puisse garder une copie pour ses propres dossiers. Les informations que vous pouvez vous attendre à remplir incluent le VIN de la voiture, la marque et le modèle, le nom et l'adresse permanente de chaque partie impliquée, ainsi que le montant de la vente. Il y aura également des espaces où chaque partie impliquée signera et datera le document. Les formulaires de contrat de vente auront aussi des espaces pour indiquer si le véhicule est un cadeau ou un don. Assurez-vous de remplir cette partie du contrat de vente pour des raisons fiscales. Dans certains États, vous pourrez peut-être transférer le titre à un membre de la famille ou à un proche gratuitement ou moyennant des frais réduits. Si vous souhaitez donner la voiture en cadeau, vous aurez peut-être besoin d'un formulaire supplémentaire, comme l'Affidavit de Transfert de Don de Véhicule Moteur au Texas. Il était autrefois possible de ""vendre"" une voiture pour 1 $, permettant ainsi à l'acheteur d'éviter de payer des taxes de vente importantes. La plupart des États ont trouvé des moyens de contourner cela. Par exemple, au Texas, si vous vendez une voiture, l'acheteur paiera une taxe sur les ventes de véhicules à moteur de 6,25 % sur soit le prix d'achat, soit la ""valeur présumée standard"" de la voiture, selon ce qui est le plus élevé. L'État du Texas détermine la valeur présumée standard. Les parties peuvent vouloir inclure des informations supplémentaires manquantes du contrat de vente préexistant. Un addendum peut inclure des informations telles que: le véhicule vendu ""tel quel"", l'obligation pour le vendeur de fournir le titre ou les documents d'entretien, les défauts connus, le certificat de pollution, ou des informations supplémentaires identifiant le véhicule comme le kilométrage ou la couleur intérieure. Vous devriez également inclure des informations au-dessus de l'addendum le liant au contrat de vente, telles que : Cet addendum fait partie du contrat de vente établi entre le Vendeur, ___________________, et l'Acheteur, _________________, et daté ______________, concernant le véhicule avec le numéro VIN ______________________. Ayez un témoin présent, et assurez-vous que toutes les parties datent l'addendum après avoir imprimé et signé leurs noms. Un propriétaire ne peut vendre un véhicule que si celui-ci a un titre clair, ce qui signifie qu'il n'y a pas de créances sur le titre pour des prêts automobiles ou d'autres actions légales contre le propriétaire. Dans certains cas, un vendeur peut vendre une voiture lorsque la banque détient encore le titre (c'est-à-dire que le vendeur doit encore de l'argent sur la voiture). Vous pouvez inclure un langage ""boilerplate"" pour indiquer le statut du titre si vous possédez la voiture, comme suit : ""Le Vendeur garantit que 1) le Vendeur est le propriétaire légal de la voiture ; 2) la voiture est libre de toutes créances et charges ; 3) le Vendeur a le droit et l'autorité de vendre et transférer la voiture ; et 4) le Vendeur garantira et défendra le titre de la voiture contre toutes réclamations et demandes de toutes personnes."" Obtenez une lettre de solde de la société de financement si vous effectuez encore des paiements sur la voiture. Cela fournira exactement le montant d'argent que vous devez encore sur la voiture, et que votre acheteur doit payer pour acheter la voiture. Dans la plupart des cas où une banque détient le titre du véhicule, l'acheteur écrit un chèque directement à la banque pour le montant de remboursement et un autre chèque au vendeur pour le montant restant entre le remboursement et le prix de vente. Dans ce cas, la banque peut généralement envoyer le titre à l'acheteur dès qu'elle reçoit le montant de remboursement correct. Après que les deux parties aient rempli et signé le contrat de vente, assurez-vous que chaque personne a une copie pour ses propres dossiers. Le contrat de vente facilitera également le transfert du titre du véhicule.

### Instruction2:
Les États offrent des formulaires de contrat de vente simples pour les transactions de véhicules. Il est important de remplir les sections pour l'acheteur et le vendeur, y compris les informations sur le véhicule et les parties. Certains États permettent des transferts de titre à faible coût ou gratuitement, et il peut y avoir des exigences fiscales à respecter. Un addendum peut être ajouté pour des informations supplémentaires. Il est essentiel que la voiture ait un titre clair, et les vendeurs doivent s'assurer que toutes les parties signent et conservent une copie du contrat.",8.729284763336182
036_39912,"### Instruction1:
Pour préparer du thé. Traditionnellement, les bourgeons de jasmin sont infusés dans des thés pour créer un thé aux herbes parfumé. Bien que vous puissiez cultiver votre jasmin en tant que plante strictement décorative, récolter ses bourgeons peut vous permettre de l'utiliser davantage. Vous pouvez également couper des tiges de fleurs de jasmin avec des ciseaux et les transférer dans un vase comme décoration intérieure. Au fur et à mesure que les bourgeons de fleurs de votre jasmin se développent, attendez qu'ils soient verts mais pas encore ouverts. Utilisez vos mains ou des ciseaux de jardinage pour cueillir autant de bourgeons de jasmin que vous en avez besoin pour votre thé ou votre huile. Utilisez les bourgeons de jasmin immédiatement après les avoir cueillis pour une fraîcheur idéale, surtout si vous préparez du thé. Placez les bourgeons de jasmin sur une plaque de cuisson et réglez le four à 200 °F (93 °C). Gardez les bourgeons dans le four pendant 2-3 heures ou jusqu'à ce qu'ils soient complètement secs au toucher. Vous pouvez conserver les bourgeons de jasmin séchés dans un récipient hermétique pour les faire durer plus longtemps. Faites bouillir une bouilloire d'eau et infusez le jasmin dans l'eau pendant environ 2 à 5 minutes. Après l'infusion, éteignez le feu et versez l'eau dans une tasse pour servir. Le rapport de bourgeons de jasmin à l'eau doit être d'environ 1 cuillère à soupe (15 mL) pour 8 onces (230 g). Vous pouvez également mélanger les bourgeons de jasmin avec des feuilles de thé noir ou vert pour une saveur plus forte.

### Instruction2:
Pour préparer du thé au jasmin, cueillez les bourgeons verts non ouverts et utilisez-les frais. Séchez-les au four, puis infusez-les dans de l'eau bouillante. Le rapport est d'une cuillère à soupe pour 8 onces d'eau. Vous pouvez aussi les mélanger avec du thé noir ou vert.",4.227417945861816
036_61411,"### Instruction1:
Vous devez toujours préchauffer le four avant de cuire le knockwurst. Préchauffer le four garantira que le knockwurst soit cuit uniformément. Vous pouvez couper le knockwurst en morceaux, en tranches, ou vous pouvez les fendre par le centre. Si vous coupez le knockwurst en morceaux, vous pouvez l'incorporer dans un autre plat cuit, comme une casserole ou des macaronis au fromage cuits au four. Couper le knockwurst est aussi utile pour créer des morceaux faciles à manger. Disposez le knockwurst au fond du plat. Si vous avez gardé le knockwurst entier, le trancher à moitié au milieu encouragera une cuisson plus uniforme. Vous pouvez placer le knockwurst sur un lit d'oignons tranchés ou de choucroute pour rehausser leur saveur. Assurez-vous de placer le knockwurst à une distance égale pour éviter de les entasser et de les cuire de manière inégale. Le knockwurst est souvent cuit avec des haricots cuits, des haricots noirs, des haricots rouges, des oignons ou du bacon. Si vous souhaitez rehausser la saveur de votre knockwurst cuit, versez une boîte de haricots, un oignon haché ou quelques tranches de bacon sur le knockwurst avant de les mettre au four. Continuez à cuire le knockwurst à 300 °F (149 °C). Ouvrez le four et regardez le knockwurst. Ils doivent être dorés et parfumés. Portez des gants de cuisine lorsque vous retirez le plat du four. Laissez le knockwurst refroidir pendant 2-3 minutes avant de le servir. Vous pouvez conserver le knockwurst cuit au réfrigérateur pendant 3-4 jours ou les congeler pendant jusqu'à 3 mois.

### Instruction2:
Préchauffez le four avant de cuire le knockwurst. Coupez-le si désiré pour une cuisson uniforme et assaisonnez-le. Disposez-le dans un plat, ajoutez des ingrédients pour rehausser le goût, puis faites cuire jusqu'à ce qu'il soit doré. Laissez-le refroidir avant de servir et conservez les restes au réfrigérateur ou au congélateur.",3.722391366958618
036_10416,"### Instruction1:
Asseyez-vous sur une chaise à dossier droit et maintenez votre colonne vertébrale droite. C'est la position de départ correcte pour un exercice de respiration appelé la technique des soufflets, une combinaison de respiration profonde et rapide. Étant donné qu'il est destiné à vous énergiser, il est préférable de le faire assis plutôt que couché. Inspirez lentement et complètement, puis expirez lentement et complètement. Répétez au moins quatre fois, afin d'être complètement détendu. Gardez la bouche fermée et respirez par le nez aussi vite que possible, en prenant des respirations rapides mais profondes. Les respirations doivent toujours être abdominales, mais vous devez inspirer et expirer aussi rapidement que vous le pouvez. Il peut être utile de poser votre main sur votre ventre pour vous assurer qu'il monte et descend lorsque vous respirez. Il peut être facile de faire l'exercice des soufflets sans engager autant votre diaphragme que vous le devriez. Gardez la tête, le cou et les épaules immobiles pendant que votre ventre se déplace vers l'intérieur et l'extérieur. Après une courte pause, utilisez exactement la même technique pour prendre 20 respirations. Inspirez et expirez par le nez, en vous assurant que vous respirez avec votre diaphragme. C'est le dernier ensemble de respirations. Vous devriez vous sentir complètement énergisé et prêt à performer à un haut niveau pour le reste de la journée. Étant donné que la technique des soufflets est si énergisante, il est préférable de ne pas la faire avant d'aller au lit le soir. Si vous vous sentez étourdi ou léger pendant le processus d'essai de cette technique, arrêtez immédiatement. Si vous souhaitez essayer à nouveau plus tard, faites moins de respirations et progressez jusqu'à un tour complet des soufflets. Les femmes enceintes, les personnes souffrant de troubles paniques et les personnes qui subissent des crises ne devraient pas pratiquer cet exercice.

### Instruction2:
La technique des soufflets est un exercice de respiration énergisant à pratiquer en position assise. Commencez par respirer lentement et profondément, puis passez à des respirations rapides et profondes par le nez. Gardez votre diaphragme engagé et votre corps stable. Après une courte pause, répétez ce processus pour 20 respirations. Cet exercice ne doit pas être effectué avant de dormir et est déconseillé aux femmes enceintes et aux personnes ayant des troubles spécifiques.",3.4221529960632324
036_55005,"### Instruction1:
Dans l'évaluation des tendances et des analyses météorologiques, la valeur absolue de la pression n'est pas aussi significative que sa ""tendance"". Autrement dit : la pression barométrique est-elle en hausse, en baisse ou reste-t-elle stable ? Observez l'aiguille du baromètre et enregistrez ses mouvements. Les cadrans des anciens baromètres présentent souvent des arrière-plans artistiques pour indiquer des conditions météorologiques telles que des tempêtes, des vents forts et un ciel dégagé. Malgré leur esthétique, ces arrière-plans peuvent être trompeurs. Le mouvement de l'aiguille du baromètre a bien plus d'importance sur la météo à venir. Si vous avez un ancien baromètre à tube de mercure, vous devrez peut-être observer le ménisque : la courbe la plus haute du mercure liquide qui remplit le cylindre. Pour déterminer la tendance dans un baromètre, vous devez comparer la lecture actuelle de la pression à une lecture passée. Calculez la différence de pression entre la lecture actuelle et celle d'il y a une heure. Dans de nombreux baromètres, vous pouvez régler manuellement une aiguille pour marquer un point sur le manomètre de pression. L'aiguille restera à ce point pour vous aider à évaluer les tendances récentes de la pression. Plus vous montez, moins la pression est élevée. Cela signifie qu'une pression barométrique qui ferait tomber quelqu'un directement à travers les trappes d'un cellier lors d'une tempête au niveau de la mer le long de la côte du Costa Rica serait parfaitement courante au cœur de l'été dans la ville de Denver, perchée à un mile d'altitude.

### Instruction2:
La tendance de la pression barométrique est plus importante que sa valeur absolue. Il est crucial d'observer les mouvements de l'aiguille du baromètre pour évaluer les conditions météorologiques. Les anciens baromètres peuvent avoir des illustrations artistiques, mais la lecture de la pression est plus déterminante. Pour suivre la tendance, comparez la pression actuelle avec une lecture antérieure et notez les différences. Plus l'altitude est élevée, plus la pression est basse.",4.344757795333862
036_21770,"### Instruction1:
Si vous êtes droitier, tenez-vous à gauche du piquet. Restez droit mais détendu, ou légèrement avachis si cela vous semble plus confortable. Gardez les épaules carrées devant le piquet que vous visez. Si vous êtes gaucher, tenez-vous à droite du piquet. Tirez l'épaule et le bras tenant le fer à cheval en arrière, en ligne avec votre corps. Avancez votre pied gauche au moment de lancer. Gardez votre bras droit, avec le moins de mouvement possible du poignet, sinon il sera difficile de contrôler votre lancer. La rotation du fer à cheval peut être produite simplement en laissant glisser le fer légèrement dans votre prise pendant que vous balancez votre bras. Certains joueurs commencent à une courte distance derrière la ligne de lancer et font un pas ou deux en avant avant de lancer. Cette technique peut fournir plus de force au lancer, mais peut nécessiter un peu de pratique pour être utilisée avec précision. Relâchez le fer à cheval lorsqu'il est à peu près au niveau des yeux devant vous. Évitez les mouvements brusques et les lancers faibles en suivant le mouvement, en gardant votre bras de lancer en mouvement au-dessus de votre tête après le relâchement. Les fers à chevaux bien lancés volent généralement à environ 2,1–3 m de haut, puis tombent près du piquet à un angle de 30–45º. Si votre piquet est entouré de sable ou de gravier, comme c'est souvent le cas avec les piquets de jardin, un lancer plus bas et plus puissant peut atterrir devant le piquet et glisser dessus. Cela peut développer de mauvaises habitudes si vous prévoyez de jouer dans des tournois, qui utilisent de l'argile au lieu de sable, mais c'est une bonne stratégie pour les joueurs occasionnels. Une légère ""oscillation"" dans le fer à cheval lorsqu'il vole l'aidera à atterrir correctement, si vous utilisez un lancer ""tournant"" au lieu d'un lancer ""flippant"". Essayez d'ajuster la position de votre pouce pour modifier la quantité d'oscillation. Cela peut nécessiter un peu de pratique pour trouver une prise qui semble bonne et pour apprendre à quel point lancer le fer. Entraînez-vous au moment de relâchement et à la quantité de rotation dans votre fer à cheval jusqu'à ce que vous puissiez consistentement le placer devant le piquet, avec ses branches face au piquet. Une fois que la bonne quantité de rotation et de force de lancer devient inconsciente, vous pouvez continuer à pratiquer vos lancers pour la précision et essayer de faire des cercles plus souvent. Peindre vos fers à chevaux peut les rendre plus faciles à suivre dans les airs, ce qui peut vous aider à pratiquer votre rotation. Filmer le vol du fer à cheval est une autre option.

### Instruction2:
Pour lancer un fer à cheval, adoptez la bonne position en fonction de si vous êtes droitier ou gaucher. Gardez votre bras droit et évitez les mouvements brusques lors du lancer. Pratiquez la technique de lancer pour améliorer votre précision et essayez d'obtenir des cercles. Peindre les fers à cheval et les filmer peut également aider à améliorer la pratique.",5.042888402938843
036_43995,"### Instruction1:
Il s'agit d'une sensation de vertige ou d'un déséquilibre. Les mouvements de la tête, le fait de regarder la télévision pendant de longues périodes, la lecture, se concentrer sur un objet pendant longtemps, les foules, l'obscurité et la marche aggravent souvent le vertige. Cela est dû à des signaux bizarres provenant du système vestibulaire des deux oreilles. Les canaux semi-circulaires du vestibule sont remplis d'un type de liquide spécial. Le mouvement de ce liquide stimule les tissus nerveux à l'intérieur des tubes, ce qui provoque un sens de position et d'équilibre. La labyrinthite altère la composition normale de ce liquide, entraînant une production de signaux anormaux qui sont interprétés comme des vertiges. Le vertige ou la légèreté de la tête peuvent être ressentis dans de nombreuses autres conditions. Dans l'anémie, l'hypotension, l'hypoglycémie, la perte de sang ou la déshydratation, le symptôme prédominant sera la faiblesse. Vous pourriez également vous évanouir parfois. Vous pourriez avoir l'impression que votre tête tourne ou que le monde tourne autour de vous. Cela est également un symptôme d'inflammation du système vestibulaire. Les blessures à la tête, la maladie de Ménière, l'accident vasculaire cérébral, etc. peuvent également provoquer des vertiges, mais elles auront des schémas spécifiques et d'autres symptômes associés (qui seront discutés plus tard). La gravité des vertiges varie considérablement. Vous pourriez ressentir un léger vertige et un déséquilibre ou l'attaque peut être si sévère que vous ne pouvez plus rester debout. Cela peut également être associé à des nausées et des vomissements. Le vertige dans la labyrinthite est le plus sévère au cours de la première semaine. Par la suite, il commence à s'améliorer à mesure que vous apprenez à faire face aux symptômes. Vous pourriez entendre des bourdonnements, des sifflements ou des sons de bourdonnement constants dans l'oreille affectée. Cela est dû à l'implication de la cochlée ou de l'appareil auditif. Dans les acouphènes, il y a une formation de particules anormales dans le liquide de la zone interne qui stimulent les cellules ciliées (terminaisons nerveuses qui transportent le signal sonore). Cette stimulation inhabituelle est interprétée comme des acouphènes. Les conditions qui provoquent des vertiges peuvent également causer des acouphènes. De plus, une exposition à un environnement bruyant peut également provoquer des acouphènes. Dans ce cas, vous n'aurez généralement pas d'autres symptômes. Cela se produit lorsque le nerf cochléaire est endommagé ou bloqué par une inflammation. Vous pourriez ressentir une perte auditive réduite ou totale. C'est un symptôme plus sévère de la labyrinthite qui nécessite une attention médicale urgente car la perte auditive peut être permanente. Si la perte auditive est accompagnée d'acouphènes, vérifiez votre oreille externe pour un bouchon de cire. Vous retrouverez pleinement votre fonction auditive après avoir enlevé la cire. Un écoulement de pus ou de liquide clair indique une infection bactérienne de l'oreille moyenne (otite moyenne) qui a perforé la membrane tympanique (une séparation entre l'oreille externe et l'oreille moyenne). Vous devriez consulter votre médecin rapidement pour contrôler l'infection car elle peut altérer définitivement votre audition. Pensez à si vos oreilles se sentent lourdes. S'il y a accumulation de pus ou de liquide dans l'oreille moyenne, vous pourriez ressentir une lourdeur ou une pression dans l'oreille affectée. C'est courant dans les infections bactériennes. Ce sont en fait des symptômes des symptômes. Voici comment cela fonctionne : La douleur dans l'oreille est également un signe d'une condition infectieuse. Elle peut être accompagnée d'acouphènes. Le vertige ou les vertiges qui accompagnent la labyrinthite peuvent entraîner des nausées et des vomissements. Une fièvre supérieure à 38°C (100°F) est un signe que vous avez une infection dans votre corps. La vision floue peut être le résultat d'un nerf pincé. Il peut être difficile de lire et de voir les choses à distance. Quelques conditions imitent la labyrinthite. Pour vous traiter efficacement, il est important de vous assurer que vous avez cette infection et non quelque chose de similaire. Voici quelques conditions qui imitent la labyrinthite : le syndrome de Ménière. Cela est causé par une accumulation inhabituelle de liquide dans l'oreille interne. Une attaque typique commence par une sensation de plénitude dans l'oreille, une augmentation des acouphènes et une diminution de l'audition suivie de vertiges sévères, souvent accompagnés de nausées et de vomissements. Une attaque dure généralement 20 à 30 minutes. Les migraines. Ce n'est pas exactement un problème de l'oreille. La migraine se produit en raison de la constriction suivie de la dilatation des vaisseaux sanguins du cerveau. Un mal de tête unilatéral est le symptôme le plus marqué. Le vertige paroxystique positionnel bénin. Cela se produit en raison du déplacement de cristaux de l'utricule et du saccule dans les canaux semi-circulaires. Les particules déplacées stimulent de manière inappropriée les canaux semi-circulaires, entraînant des vertiges et des étourdissements. L'accident ischémique transitoire (AIT) ou mini AVC. S'il y a une insuffisance vasculaire dans les zones de l'audition ou de l'équilibre du cerveau, vous pourriez ressentir des vertiges, une perte d'équilibre ou une perte auditive temporaire. Vous devriez vous sentir mieux dans quelques minutes et le symptôme ne se reproduira pas. Tumeur cérébrale. En général, vous ressentirez un ensemble de symptômes très spécifiques. Cela dépendra de l'emplacement de la tumeur. Cependant, des maux de tête et des convulsions sont fréquents avec toute tumeur cérébrale. Il peut y avoir une faiblesse dans un site spécifique du corps. Les symptômes peuvent durer de 1 à 3 semaines. Même s'ils peuvent être courts, il est toujours préférable d'appeler votre médecin lorsque vous ressentez ces symptômes pour éviter une complication grave de perte d'audition permanente. Il existe des tests de laboratoire qui peuvent confirmer si vous avez une labyrinthite.

### Instruction2:
Le vertige est une sensation de déséquilibre causée par des signaux anormaux du système vestibulaire des oreilles. Cela peut être aggravé par divers facteurs comme le mouvement de la tête ou la concentration. La labyrinthite perturbe le liquide dans l'oreille interne, provoquant des vertiges. D'autres conditions telles que l'anémie ou les migraines peuvent également causer des symptômes similaires. Le traitement doit être approprié pour éviter des complications graves, comme une perte auditive permanente.",10.969539403915405
036_9481,"### Instruction1:
Un mal de gorge peut avoir diverses causes, dont beaucoup sont virales (comme un rhume). Votre système immunitaire peut gérer ces infections seul pendant plusieurs jours ou une semaine sans l'aide d'un médecin. D'autres symptômes en plus de la douleur à la gorge qui peuvent indiquer une infection à streptocoque comprennent : fièvre - 101°F (38,3°C) ou plus, ganglions lymphatiques enflés dans le cou, fatigue, éruption cutanée, maux de tête, nausées ou vomissements, amygdales rouges ou enflammées avec des plaques blanches. Traiter un mal de gorge streptococcique est facile, mais cela nécessite une prescription de votre médecin. Si vous pensez avoir une angine streptococcique en vous basant sur les critères ci-dessus, vous devriez prendre rendez-vous avec votre médecin. Ignorer une angine streptococcique peut entraîner de graves complications dues à la propagation de l'infection, notamment : la scarlatine, des maladies rénales, la fièvre rhumatismale, qui peut affecter votre cœur, vos articulations et votre système nerveux. Votre médecin examinera votre gorge et palpera les ganglions lymphatiques de votre cou dans le cadre d'un examen physique. Il ou elle peut également vous demander de subir un autre test plus concret pour confirmer le diagnostic d'angine streptococcique. Le test le plus rapide que votre médecin peut utiliser est un test antigénique rapide, qui nécessite un prélèvement de votre gorge. Bien que le test puisse fournir une réponse en quelques minutes, ce n'est pas la méthode la plus fiable. Si le test revient négatif pour l'angine streptococcique, votre médecin peut quand même demander le prochain test. Une culture de gorge utilisera également un écouvillon stérile de votre gorge, mais l'écouvillon sera envoyé à un laboratoire pendant un jour ou deux pour voir si plus de bactéries streptococciques poussent à partir de l'échantillon pendant ce temps. Si vos tests diagnostiques confirment que vous avez une angine streptococcique, votre médecin vous prescrira une cure d'antibiotiques qui tuera les bactéries streptococciques. La durée de la prescription variera en fonction de l'antibiotique prescrit (mais dix jours est courant). Les antibiotiques couramment prescrits pour l'angine streptococcique comprennent la pénicilline et l'amoxicilline. Si vous avez également vomi en raison de votre maladie, votre médecin peut vous administrer un antibiotique par injection. Vous pourrez ensuite prendre un médicament anti-nausée en plus d'une cure régulière d'antibiotiques. Si vous êtes allergique aux antibiotiques courants, votre médecin peut prescrire d'autres options, telles que céphalexine (Keflex), clarithromycine (Biaxin), azithromycine (Zithromax) ou clindamycine. Vos symptômes peuvent commencer à s'améliorer dans un jour ou deux après le début de votre traitement antibiotique, mais il est important de prendre l'intégralité de la prescription jusqu'à la fin. En arrêtant le traitement antibiotique avant de l'avoir terminé, vous courez un risque plus élevé de récurrence de l'infection, et cela peut également favoriser la prolifération de souches de bactéries streptococciques résistantes aux antibiotiques. Assurez-vous de suivre toutes les autres instructions qui accompagnent votre antibiotique, notamment s'il faut prendre le médicament à jeun, éviter l'alcool et l'intervalle entre les doses. Bien que vous preniez encore les antibiotiques, vous pouvez retourner à l'école ou au travail sans risque d'infecter les autres après avoir été sous antibiotiques pendant vingt-quatre heures complètes.

### Instruction2:
Un mal de gorge peut être causé par diverses infections, souvent virales. Les symptômes d'une angine streptococcique incluent la fièvre, des ganglions lymphatiques enflés, et des amygdales rouges avec des plaques blanches. Il est important de consulter un médecin pour obtenir un diagnostic et un traitement, généralement des antibiotiques. Ne pas traiter une angine streptococcique peut entraîner des complications graves. Suivez toujours les instructions de votre médecin concernant les antibiotiques, et vous pouvez reprendre vos activités normales après 24 heures de traitement.",7.667320966720581
036_33071,"### Instruction1:
Pour fabriquer des engrenages en bois, vous devez avoir accès à un atelier de menuiserie. Vous aurez besoin d'une scie à ruban ou d'une scie sauteuse, d'un alésoir, de forets à pointe de brad (5/16 ou 8 mm) et d'une râpe à bois. Vous aurez également besoin d'une imprimante, d'un mandrin lisse et de vis à bois courtes. Il faut utiliser du contreplaqué de bouleau baltique car il est très durable. Vous reconnaîtrez ce type de contreplaqué à la présence de plusieurs couches dans le bois. Vous pourriez alternativement utiliser du plastique UHMW, du Masonite ou de la résine phénolique. Évitez d'utiliser du contreplaqué d’épicéa ou de sapin car il n'est tout simplement pas assez robuste. Lors de la manipulation de ce type d'équipement, il est sage d'utiliser certaines précautions de sécurité. Tout d'abord, ne laissez jamais un jeune enfant utiliser une grande machine sans surveillance. Bien que ce ne soit pas obligatoire, portez des lunettes de sécurité lors de l'utilisation des machines plus grandes. Il existe un risque qu'un petit morceau de bois perce votre œil. Allez en ligne sur un générateur de bois gratuit comme https://woodgears.ca/gear_cutting/template.html pour votre modèle. Un générateur comme celui-ci vous permet de modifier tous les aspects tels que l'espacement des dents, le nombre de dents, le nombre de rayons, et plus encore. Lorsque vous avez créé des engrenages de la bonne taille, imprimez-les. Les modèles comportent généralement deux tailles d'engrenages différentes. Le modèle vous permettra d'apporter des ajustements de taille sans perturber le rapport d'engrenage. Le modèle est conçu pour ajuster à la fois les gros et les petits engrenages ensemble. Les dents auront la même taille pour les deux tailles d'engrenages afin d'assurer une rotation fluide. Des générateurs comme celui-ci vous permettent même d'animer votre conception pour tester son fonctionnement. Il existe également des modèles d'engrenages plus sophistiqués disponibles en téléchargement. Vous pouvez également créer votre propre modèle en utilisant du papier, un crayon et un rapporteur.

### Instruction2:
Pour fabriquer des engrenages en bois, il faut un atelier de menuiserie et un équipement spécifique. Utilisez du contreplaqué de bouleau baltique pour sa durabilité, et évitez certains types de bois moins robustes. Prenez des précautions de sécurité lorsque vous manipulez des machines. Utilisez un générateur en ligne pour créer et imprimer des modèles d'engrenages, avec des options pour ajuster les tailles et tester les conceptions. Des modèles plus avancés peuvent également être téléchargés ou vous pouvez créer vos propres modèles manuellement.",4.4365150928497314
036_8208,"### Instruction1:
Lorsque vous avez tiré le prépuce complètement sur la tête du pénis, il restera dans la plupart des cas rétracté sans que vous ayez besoin de le tenir. Une fois que le prépuce est sécurisé sous la tête, vous aurez les deux mains libres et serez prêt à mettre le préservatif. Avant de faire glisser le préservatif sur le pénis, utilisez une main pour pincer l'extrémité réservoir du préservatif. Cela aidera à éliminer l'air du préservatif et à éviter qu'il ne soit piégé lorsque vous le déroulez. Pour certains hommes, le prépuce est trop serré sur la tête du pénis pour pouvoir être tiré complètement vers le bas. Les hommes qui ne peuvent pas tirer le prépuce en arrière peuvent avoir une condition appelée phimosis. Cela ne doit pas vous inquiéter, et si vous ne pouvez pas tirer le prépuce, vous devriez simplement dérouler le préservatif sur votre pénis sans vous soucier de tirer le prépuce. Que vous soyez capable ou non de tirer le prépuce en arrière ne devrait pas augmenter la probabilité que le préservatif se déchire ou glisse. Le glissement est généralement un problème seulement lorsque l'homme a des difficultés à maintenir une érection. Si votre phimosis vous cause des difficultés, comme de la douleur pendant les rapports sexuels, une infection ou des problèmes d'urination, il existe des traitements disponibles dont vous pouvez discuter avec votre médecin. En pinçant l'extrémité du préservatif d'une main, utilisez l'autre main pour le dérouler jusqu'à la base du pénis. Votre prépuce doit rester rétracté pendant que vous déroulez le préservatif. Vous pourrez relâcher l'extrémité du préservatif que vous pincez lorsque vous le déroulez sur le pénis. Une fois que vous avez déroulé le préservatif jusqu'à la base du pénis, vous pouvez ramener doucement le prépuce sur la tête. Tenez la base du préservatif d'une main pour éviter qu'il ne glisse et poussez doucement le prépuce vers le haut sur la tête du pénis. Cela permettra un mouvement plus libre du prépuce pendant l'activité sexuelle et pourrait même améliorer le plaisir de votre partenaire.

### Instruction2:
Tirez le prépuce en arrière pour mettre le préservatif. Pincez l'extrémité du préservatif pour libérer l'air. Si vous avez un phimosis, ne vous inquiétez pas, mettez simplement le préservatif. Assurez-vous que le prépuce est rétracté pendant que vous déroulez le préservatif, puis ramenez-le pour une meilleure sensibilité pendant les rapports.",4.360084295272827
036_2030,"### Instruction1:
Établir des objectifs réguliers pour vous-même peut vous aider à rester motivé pour faire de l'exercice. Cela peut vous donner quelque chose vers quoi travailler. Assurez-vous que vos objectifs soient SMART : Spécifiques, Mesurables, Atteignables, Pertinents et Temporels. Par exemple, ""Je veux perdre quatre livres d'ici la fin du mois,"" ou ""Je veux courir le semi-marathon de la ville l'année prochaine."" Écrivez vos objectifs. Vous pourriez vouloir les noter dans un journal ou les afficher sur votre réfrigérateur. Informez vos amis et votre famille qui se soucient de vous de vos objectifs. Lorsque vous partagez ce que vous faites, vous êtes plus susceptible de vouloir les réaliser. Fixez à la fois des objectifs à court et à long terme. Cela vous aidera à rester motivé sur une plus longue période. De plus, atteindre une variété d'objectifs plus courts en cours de route peut être amusant et excitant. Quelques exemples d'objectifs incluent : courir votre premier 5 km, atteindre 10 000 pas chaque jour pendant une semaine, être physiquement actif tous les jours pendant un mois ou courir un mile sans s'arrêter. Si vous ne savez pas par où commencer ou si vous souhaitez des conseils pour atteindre vos objectifs, envisagez de travailler avec un entraîneur personnel. De nombreuses salles de sport offrent une séance gratuite avec l'un de leurs entraîneurs lorsque vous vous inscrivez. Elle peut vous guider sur la bonne forme et vous dire quels exercices faire pour atteindre vos objectifs de fitness. Un entraîneur personnel sert également de partenaire de responsabilité. Peu importe à quel point vous aimez l'exercice ou à quel point vous êtes motivé, il y aura parfois des jours où vous êtes trop occupé ou trop fatigué pour vous adonner à votre entraînement habituel. Un entraînement manqué occasionnel (ou deux ou trois) n'est pas un gros problème. Accordez-vous le droit de déraper et de sortir de votre routine habituelle. Concentrez-vous sur les bénéfices de ce jour manqué. Peut-être que vous avez eu besoin d'une heure de sommeil supplémentaire ou que vous avez pu passer plus de temps avec votre famille. Essayez de ne pas vous sentir coupable ou de vous blâmer pour être sorti de votre chemin. Il est normal de déraper et de manquer vos séances d'entraînement. Quand vous le pouvez, revenez à votre routine.

### Instruction2:
Fixer des objectifs réguliers et SMART peut vous aider à rester motivé pour faire de l'exercice. Partagez vos objectifs avec vos proches pour augmenter votre engagement. Établissez des objectifs à court et à long terme pour maintenir votre motivation. Si besoin, envisagez de travailler avec un entraîneur personnel pour vous guider. Ne vous culpabilisez pas de manquer des séances d'entraînement de temps en temps, mais concentrez-vous sur les avantages de ces moments. Reprenez votre routine dès que possible.",6.5031633377075195
036_36721,"### Instruction1:
La quantité de thé que vous utilisez dépend de si vous souhaitez teindre votre papier beaucoup ou un peu. Pour la plupart des projets, 1 sachet de thé par feuille de papier devrait suffire, mais si vous allez simplement faire quelques éclaboussures de thé, vous pourriez être en mesure d'utiliser un sachet pour plusieurs feuilles de papier. Cependant, si vous prévoyez de saturer complètement le papier et que vous voulez une finition très foncée, vous pourriez avoir besoin de 2 sachets de thé pour chaque feuille. Si vous utilisez une tasse qui n'est pas destinée aux boissons chaudes, vous pourriez vous brûler. Tenez-vous-en à une tasse à café ou à thé, et évitez les tasses en plastique ou en métal, car elles ne sont pas conçues pour contenir de l'eau bouillante. Vous n'avez besoin que de suffisamment d'eau pour remplir une tasse, soit environ 1 tasse (240 mL), mais comme l'eau s'évapore en chauffant, il est préférable de commencer avec plus que nécessaire. Si vous préparez plusieurs tasses de thé en même temps, assurez-vous d'avoir assez d'eau pour chaque tasse. Pour extraire le thé du sachet, l'eau doit être aussi chaude que possible. Si vous utilisez une casserole, vous verrez des bulles à la surface de l'eau lorsqu'elle bout. Si vous utilisez une bouilloire, vous entendrez un sifflement aigu lorsque l'eau est prête. Faites très attention lorsque vous travaillez avec de l'eau bouillante. Si la casserole que vous utilisez a une poignée en métal, utilisez un gant de cuisine pour la déplacer afin de ne pas vous brûler, et faites très attention à ne pas en renverser sur votre peau. Si vous êtes un enfant, demandez à un adulte de vous aider à faire bouillir l'eau pour cette étape. Vous pouvez également faire bouillir l'eau au micro-ondes si vous le souhaitez, mais assurez-vous d'utiliser un récipient adapté au micro-ondes et placez un objet non métallique comme un bâtonnet de popsicle dans le récipient pour que l'eau ne devienne pas superchauffée et n'explose. Versez soigneusement l'eau chaude dans la tasse pour commencer à infuser votre thé. Ne remplissez pas trop la tasse, sinon vous pourriez renverser de l'eau bouillante sur vous. Attendez environ 5 minutes pour que le thé infuse, ou jusqu'à ce que l'eau prenne la couleur souhaitée. Essayez de laisser environ 2,5 à 5,1 cm d'espace en haut de la tasse. Si vous essayez d'obtenir une couleur très foncée, utilisez 2 sachets de thé dans la tasse en même temps. Si vous voulez une couleur plus claire, 1 sachet suffira.

### Instruction2:
La quantité de thé dépend de l'intensité de la teinture souhaitée. Utilisez un sachet pour des teintes légères, deux pour des teintes foncées. Faites attention à la sécurité lors de l'utilisation d'eau bouillante et attendez environ 5 minutes d'infusion.",5.25757908821106
036_20772,"### Instruction1:
Cliquez sur le logo Windows dans le coin inférieur gauche de l'écran. Cela recherchera sur votre ordinateur le programme Windows Media Player. C'est une icône bleue avec un bouton ""Lecture"" orange et blanc dessus. Windows Media Player s'ouvrira. C'est un onglet dans le coin supérieur gauche de la fenêtre WMP. Si c'est la première fois que vous ouvrez Windows Media Player depuis un certain temps, l'onglet Vidéos peut prendre plusieurs minutes à charger. Double-cliquez sur la vidéo dont vous souhaitez prendre une capture d'écran. Cliquez et faites glisser le curseur en bas de la fenêtre de Windows Media Player vers la droite jusqu'à atteindre l'image que vous souhaitez capturer. Cliquez sur le bouton ""Pause"" en bas de la fenêtre ou appuyez sur la barre d'espace de votre clavier. Cela recherchera sur votre ordinateur l'application Outil de capture, qui est le meilleur moyen de prendre des captures d'écran sous Windows 7 (ou Windows 10 si vous n'avez pas de bouton ""Imprimer l'écran""). Cela ressemble à une paire de ciseaux. Vous le trouverez en haut de la fenêtre. Cette flèche se trouve à droite du bouton Nouveau dans le coin supérieur gauche de la fenêtre de l'Outil de capture. Un menu déroulant apparaîtra. Sur Windows 10, cette flèche est à côté du bouton Mode. C'est dans le menu déroulant. Cette option vous permettra de dessiner un cadre autour de la zone que vous souhaitez capturer sans inclure les sections non vidéo de l'écran. C'est dans le coin supérieur gauche de la fenêtre de l'Outil de capture. Cliquez sur le coin supérieur gauche de la fenêtre de la vidéo et faites glisser vers le bas dans le coin inférieur droit de la fenêtre. Cela prendra une capture d'écran de tout ce qui se trouve à l'intérieur du rectangle que vous avez dessiné. C'est un élément en forme de disque flasque en haut de la fenêtre de l'Outil de capture. Cliquez sur un dossier sur le côté gauche de la fenêtre pour le définir comme l'endroit où vous allez enregistrer votre capture d'écran. Tapez un nom pour votre capture d'écran dans la zone de texte ""Nom de fichier"". C'est dans le coin inférieur droit de la fenêtre. Cela enregistrera votre capture dans le dossier sélectionné sous le nom que vous avez choisi.

### Instruction2:
Pour prendre une capture d'écran d'une vidéo sur Windows, ouvrez Windows Media Player, trouvez votre vidéo et mettez-la en pause à l'image souhaitée. Ensuite, utilisez l'Outil de capture pour sélectionner la zone à capturer et enregistrez-la avec un nom choisi dans le dossier de votre choix.",4.323411703109741
036_19527,"### Instruction1:
La pire chose que vous puissiez faire face à l'homophobie est de réagir négativement. Maudire ou devenir défensif peut uniquement confirmer des stéréotypes négatifs. En gardant votre calme, vous pouvez répondre positivement à la situation, et peut-être même faire en sorte que la personne se sente coupable, ou remette en question ses propres opinions, pour vous avoir insulté. Bien sûr, cela est plus facile à dire qu'à faire lorsque quelqu'un attaque votre vie personnelle. Si une personne fait une remarque homophobe, prenez d'abord une profonde respiration - inspirez par le nez et expirez par la bouche. Cela peut vous aider à rester calme après l'insulte. Après vous être calmé, décidez comment réagir. Selon la personne et la gravité de la remarque, vous pourriez choisir d'ignorer l'insulte (et d'éviter la personne) ou de répondre avec assurance en fournissant des informations. Lorsque les gens sont élevés, ou sont encore, religieux, leurs perspectives fortes sur les personnes homosexuelles sont probablement fondées sur leurs croyances. Différentes religions ont des visions variées sur la sexualité et les personnes LGBT+. De nombreuses sectes chrétiennes et islamiques ont l'une des positions les plus marquantes contre les partenariats entre personnes de même sexe, affirmant que l'homosexualité est contre nature, immorale et nuisible à la famille. Si vous ressentez qu'il est nécessaire de répondre à quelqu'un qui qualifie l'amour homosexuel de péché, vous pouvez leur référer diverses interprétations alternatives de la Bible. De plus, certains leaders chrétiens s'efforcent d'adopter une position d'acceptation totale et d'accueillir les personnes homosexuelles dans leurs congrégations inclusives. Si vous souhaitez aider à changer les sentiments d'un ami ou d'un membre de votre famille à propos des homosexuels, il peut être utile qu'ils parlent à un leader chrétien (ou d'une autre religion) plus acceptant et qu'ils expliquent votre dilemme. Ou, vous pourriez vous éloigner de l'aspect sexuel des personnes homosexuelles et expliquer la difficulté d'ignorer votre amour pour une autre personne simplement parce qu'elle est du même sexe. Demandez à l'offenseur comment il se sentirait si on lui disait qui aimer. Rappelez-lui ses propres relations amoureuses. Que se passerait-il s'il tombait amoureux d'une autre personne et voulait partager cette joie avec le monde, mais apprenait que la relation était désapprouvée ou interdite ? Lorsque les gens considèrent comment l'homophobie permet un biais contre la nature la plus fondamentale de l'autre – l'amour – il peut être plus facile de lâcher prise sur ces sentiments négatifs. Les connaissances hétérosexuelles peuvent minimiser votre ""coming out"" en le décrivant comme une phase passagère ou quelque chose dont vous pourriez vous lasser avec le temps. En fait, l'idée que l'orientation sexuelle n'est pas innée, mais acquise dans son environnement, est une énorme idée reçue qui alimente l'hétérosexisme. En réponse à une telle affirmation, n'hésitez pas à nier cette idée en racontant votre histoire personnelle, si vous vous sentez prêt. Dans de nombreux cas, les gens finissent par accepter leur identité plus tard dans leur vie après l'avoir combattue ou en prétendant être hétérosexuels pendant de nombreuses années. Une telle expérience n'est guère représentative d'une phase passagère. Il pourrait même être utile de dissiper les rumeurs selon lesquelles les gens peuvent être ""coupés"" de leur homosexualité ou simplement changer d'affection. Répondez à de tels commentaires en inversant la question et en demandant : ""Pensez-vous que vous pouvez être guéri de votre hétérosexualité ? Pouvez-vous changer qui vous aimez ?"" La réponse : non. Dans certains cas, les gens peuvent ne pas commencer avec des sentiments négatifs forts à propos des homosexuels, mais les développer après avoir été témoins de la stigmatisation sociale à l'école ou au travail. Lorsque le groupe social d'une personne est contre quelque chose, il peut être difficile d'être ""pour"" sans faire face à des moqueries ou à l'exclusion. Par exemple, si quelques enfants populaires à l'école ne parlent pas à Peter parce qu'il ""agit"" comme un homosexuel, alors d'autres enfants peuvent involontairement cesser de lui parler également. Vous pouvez contrer l'homophobie due à la pression des pairs en défiant vos pairs à acquérir une compréhension claire de leurs propres valeurs et croyances et en sélectionnant des amis qui sont acceptants et des influences positives. Des recherches ont révélé que certains des homophobes les plus véhéments sont ceux qui ont des désirs cachés envers le même sexe. D'autres données montrent que les enfants élevés dans des foyers où leurs parents étaient ouvertement contre l'amour homosexuel ont des sentiments d'homophobie plus intenses. Si vous rencontrez quelqu'un qui a des opinions particulièrement haineuses sur les partenariats entre personnes de même sexe ou sur les personnes homosexuelles, envisagez la possibilité qu'il puisse être attiré par des membres du même sexe et utilise l'homophobie pour cacher ces sentiments. Efforcez-vous de faire preuve d'empathie envers une telle personne, sachant que lutter avec de tels sentiments, surtout lorsque les autres y sont fortement opposés, peut être effrayant.

### Instruction2:
Réagir calmement à l'homophobie. Respirez profondément et décidez de votre réaction. Répondez avec information et empathie. Évitez les stéréotypes et défendez votre identité.",9.279013633728027
036_62256,"### Instruction1:
Si vous ne trouvez pas de moule à sucettes, versez 2 tasses (250 grammes) de sucre en poudre sur une plaque de cuisson, puis créez 10 indentations à l'aide du fond d'un pot d'épices. Alternativement, vous pouvez également utiliser une plaque de cuisson enduite de spray de cuisson. Versez l'eau dans une petite casserole, puis incorporez le sucre et le sirop de maïs. Augmentez le feu à moyen et laissez le sucre se dissoudre. Assurez-vous d'utiliser du sirop de maïs léger, sinon vos bonbons ne seront pas clairs ou ne prendront pas bien la couleur. Assurez-vous que le fond du thermomètre ne touche pas le fond de la casserole. Si vous n'avez pas de thermomètre à bonbons, ne vous inquiétez pas ; vous pouvez toujours faire des bonbons. Augmentez le feu à vif et attendez que le mélange arrive à ébullition. Attendez qu'il atteigne le stade de la fissure dure, entre 300 et 310°F (149 et 155°C). Ne remuez pas le mélange pendant ce temps. Si vous n'avez pas de thermomètre à bonbons, vous pouvez tester si le bonbon est prêt en en faisant tomber un peu dans un verre d'eau glacée. Si le bonbon durcit, il est prêt. Bien que ce ne soit pas nécessaire, un peu de saveur et de couleur supplémentaires peuvent faire passer vos sucettes au niveau supérieur. Faites attention en faisant cela, car le mélange peut éclabousser. #* Utilisez des extraits de saveur et des huiles claires. Ils permettront à la couleur de vos bonbons de mieux ressortir. Assurez-vous d'utiliser du colorant alimentaire en gel ; le colorant alimentaire liquide ne se mélangera pas bien dans le bonbon. Si vous utilisez une plaque de cuisson vaporisée de spray de cuisson, laissez environ 3 à 4 pouces (7,62 à 10,16 centimètres) entre chaque flaque pour permettre l'étalement. Si vous souhaitez ajouter des fleurs comestibles, remplissez d'abord les moules à moitié, placez les fleurs face vers le bas dans le bonbon fondu, puis remplissez les moules jusqu'au reste. Utilisez la pointe d'un bâton de sucette pour enfoncer les fleurs dans les moules, si nécessaire. Donnez à la sucette un demi-tour après l'avoir pressée dans le bonbon. Assurez-vous que les bâtons vont à environ la moitié du bonbon fondu. Si vous avez utilisé des moules en sucre en poudre, vos bonbons auront un aspect givré. Si vous ne le souhaitez pas, passez le bonbon sous l'eau tiède pendant quelques secondes pour laver la couche de sucre en poudre. Envisagez de saupoudrer des granulés sur vos sucettes avant qu'elles ne durcissent. Appuyez doucement sur les granulés dans le bonbon fondu pour les aider à coller.

### Instruction2:
Pour faire des sucettes sans moule, créez des indentations dans du sucre en poudre, puis préparez un mélange d'eau, de sucre et de sirop de maïs. Faites chauffer jusqu'à atteindre la température adéquate, sans remuer, et testez la consistance dans de l'eau glacée. Ajoutez des arômes et des colorants, et intégrez éventuellement des fleurs comestibles. Laissez refroidir et ajoutez des décorations avant que les sucettes ne durcissent.",5.748908281326294
036_58155,"### Instruction1:
Maintenir vos jambes dans la même position pendant une longue période réduit la circulation sanguine dans vos jambes et peut provoquer une accumulation de sang dans vos veines. Concentrez-vous sur le changement de position de vos jambes pour maintenir une bonne circulation. Changez de position toutes les 30 minutes. Faites une promenade au bureau ou, si cela n'est pas possible, levez-vous et étirez vos bras et vos jambes toutes les 30 minutes. Élever vos jambes pendant que vous êtes assis peut soulager la pression sur vos vaisseaux sanguins. Garder vos jambes décroisées peut également réduire la pression sur vos veines. Placez vos pieds sur un repose-pieds ou une autre chaise, si possible, pour améliorer la circulation dans vos jambes. Essayez de lever vos jambes de temps en temps de manière à ce que vos pieds soient au-dessus du niveau de votre cœur. Élevez vos jambes pendant que vous dormez aussi. Garder vos jambes surélevées en position couchée peut être tout aussi important que de les élever lorsque vous êtes assis. Porter des talons hauts et des vêtements serrés peut rendre plus difficile le passage du sang dans vos veines. Les chaussures à talons bas ou des ballerines font travailler davantage vos muscles du mollet lorsque vous marchez, ce qui aide également la circulation sanguine dans vos jambes. Vous devriez éviter les vêtements serrés qui coupent la circulation autour de votre taille, de vos jambes ou de votre aine. Optez pour des vêtements amples ou qui ne serrent pas ces zones. Inclure de l'exercice modéré dans votre routine quotidienne peut améliorer la circulation et le tonus musculaire dans vos jambes. Faire de l'exercice régulièrement vous aidera également à perdre du poids, si nécessaire. Si vous êtes en surpoids ou obèse, perdre vos kilos en trop peut alléger la pression sur vos jambes et minimiser considérablement les varices. Une marche rapide ou un jogging de 30 minutes dans votre quartier quelques jours par semaine peut grandement améliorer votre circulation générale, surtout celle de vos jambes. Concentrez-vous sur des exercices cardiovasculaires, qui aident à faire circuler le sang dans tout votre corps, et sur des exercices de musculation qui ciblent les jambes pour renforcer et tonifier la masse musculaire. Le yoga restauratif est un type de yoga qui utilise des accessoires comme un mur, un coussin ou un bloc pour soutenir votre corps. Dans le yoga restauratif, il ne doit y avoir aucune activation musculaire et vous devez utiliser cette pratique pour libérer tout stress ou tension dans vos muscles. La posture des jambes contre le mur est excellente pour la circulation et le flux sanguin, réduisant ainsi le risque de varices dans vos jambes. Trouvez un endroit calme et ouvert avec un mur et placez votre tapis de yoga contre le mur. Ayez un coussin ou plusieurs serviettes roulées à côté de votre tapis pour les utiliser dans ces postures. Si vous avez des muscles plus rigides, le coussin ou le support doit être placé plus bas sous votre dos, juste au-dessus de votre coccyx, et éloigné du mur. Si vous êtes plus flexible, le coussin doit être plus proche du mur. Votre distance par rapport au mur dépend également de votre taille : si vous êtes plus petite, rapprochez-vous du mur. Si vous êtes plus grande, éloignez-vous du mur. Commencez avec le coussin à 12-15 cm du mur. Asseyez-vous sur le côté droit du support. Expirez et soulevez vos jambes contre le mur. Gardez vos épaules et votre tête sur le sol. Vos os assis n'ont pas besoin d'être collés au mur, mais ils devraient être à quelques centimètres du mur. Le coussin devrait être sous votre dos, plus haut ou plus bas selon votre flexibilité. Pliez vos genoux, appuyez vos pieds contre le mur et soulevez votre bassin de quelques centimètres. Ensuite, placez le coussin un peu plus haut, sous votre bassin et votre bas du dos. Ensuite, abaissez votre bassin sur le coussin et tendez vos jambes pour qu'elles soient maintenant étendues contre le mur. Gardez vos jambes fermes, avec juste assez de poids pour les maintenir verticalement en place. Relâchez votre crâne loin de votre cou et ouvrez vos omoplates loin de votre colonne vertébrale. Relâchez vos mains et bras sur les côtés, paumes vers le haut. Restez dans cette position pendant cinq à quinze minutes. Vous devriez sentir le sang se drainant de vos jambes vers votre zone des hanches. Cela indique que le flux sanguin est inversé et éliminé. Ne vous tordez pas pour quitter cette position. Glissez du coussin sur le sol, puis pliez vos genoux. Roulez sur un côté et restez en position fœtale, avec les genoux pliés et la tête rentrée, pendant quelques respirations. Un régime équilibré avec beaucoup de fruits et légumes frais peut maintenir vos niveaux de sel bas et vos niveaux de fibres élevés, stabilisant ainsi votre pression artérielle et exerçant moins de pression sur vos veines. Un régime pauvre en sel minimisera le gonflement de vos jambes lié à la rétention d'eau. Vous devriez également vous concentrer sur la consommation d'aliments riches en fibres, comme les grains entiers tels que le riz et le quinoa. Les bioflavonoïdes présents dans les baies sombres, les légumes à feuilles foncées comme le chou frisé et les épinards, l'ail et les oignons aident également à garder vos veines en bonne santé. Limitez également votre consommation d'alcool. Le tabac et l'alcool peuvent provoquer une hypertension. Les éliminer de votre vie ou réduire leur présence peut vous aider à diminuer vos varices. L'alcool peut provoquer la dilatation de vos vaisseaux sanguins, ce qui, à son tour, peut aggraver les varices. Une consommation occasionnelle peut ne pas nuire, mais une consommation fréquente le fera. Le tabagisme a un lien direct avec la pression artérielle, et éliminer complètement le tabac est important si vous souhaitez vous débarrasser de vos varices.

### Instruction2:
Pour améliorer la circulation sanguine dans vos jambes, changez de position régulièrement, élevez vos jambes, portez des vêtements amples et pratiquez des exercices modérés. Le yoga restauratif peut aider, tout comme un régime équilibré et une réduction de la consommation d'alcool et de tabac.",10.248318672180176
036_35415,"### Instruction1:
Vous êtes éligible pour postuler si vous êtes le conjoint, l'enfant ou le parent d'un citoyen ou résident permanent de Singapour. Vous pouvez également postuler si vous détenez un Employment Pass ou un S Pass, si vous êtes un étudiant étudiant à Singapour, ou si vous êtes un investisseur étranger. Les Employment Pass et S Pass sont des documents détenus par des travailleurs étrangers qualifiés employés à Singapour. Votre employeur fait la demande de ces passes en votre nom. Pour postuler en tant qu'investisseur étranger, votre entreprise doit être impliquée dans l'une des 25 industries spécifiées, y compris l'ingénierie aérospatiale, l'électronique, la santé et le transport maritime. Votre entreprise doit générer au moins 50 millions de dollars de Singapour en ventes nettes annuelles, et vous devez investir 2,5 millions de dollars de Singapour dans une nouvelle ou une opération commerciale élargie à Singapour. Hormis les investisseurs étrangers, tous les candidats doivent postuler via le système e-PR ; aucune demande en papier n'est traitée. Vous remplirez votre formulaire de demande et soumettrez des copies numériques de vos documents requis via le système e-PR. Pour commencer votre demande, accédez au système e-PR à l'adresse https://erep.ica.gov.sg/epr/index.xhtml. Après avoir cliqué sur « Postuler pour le PR », vous serez invité à continuer en tant que travailleur, parent d'un citoyen ou résident de Singapour, ou en tant qu'étudiant. Les investisseurs étrangers postulent via le Programme d'Investisseur Global à l'adresse https://application.sgip.gov.sg/public. En plus de votre formulaire de demande rempli, de votre passeport et de votre certificat de naissance, vous devrez inclure au moins 3 ans d'états financiers préparés par un cabinet d'audit accrédité, votre licence d'entreprise et un plan d'affaires de 5 ans. Après avoir sélectionné travailleur, parent ou étudiant, vous serez redirigé vers le site de SingPass. Entrez vos informations d'identification ou inscrivez-vous pour un SingPass si vous n'avez pas déjà de compte. Inscrivez-vous pour un compte SingPass à l'adresse https://www.singpass.gov.sg/singpass/register/instructions. Après votre inscription, vous recevrez un mot de passe par courrier standard dans les 5 jours ouvrables (prévoir 10 jours ouvrables si vous vivez à l'étranger). Suivez les instructions incluses avec le mot de passe pour configurer votre compte. Vous êtes éligible pour un SingPass si vous détenez un Employment Pass ou un S Pass, un Long Term Visitor Pass ou un Dependent Pass. Vous devrez entrer votre numéro d'identification étranger (FIN) ou votre numéro de carte d'identité nationale (NRIC) lors de votre inscription. Si vous n'êtes pas sûr de détenir le bon passe, vérifiez votre éligibilité et apprenez comment postuler pour chaque document à l'adresse https://www.ica.gov.sg. Une fois que vous avez entré vos informations d'identification SingPass, vous serez dirigé vers le portail de demande. Il est recommandé de télécharger le formulaire, de le remplir hors ligne, puis de télécharger le document complété. Vous pouvez également remplir le formulaire directement via le portail au lieu de le télécharger et de le remplir hors ligne. Vous devrez entrer vos informations de passeport, votre historique éducatif et professionnel, des informations sur vos membres de la famille et votre historique médical. Si vous téléchargez le formulaire, vous ne rencontrerez aucun problème si vous subissez des interruptions de votre service Internet. Une fois que vous téléchargez le formulaire complété ou commencez votre demande en ligne, vous aurez 96 heures pour soumettre vos documents requis et effectuer le paiement.

### Instruction2:
Les candidats à la résidence permanente à Singapour peuvent inclure les conjoints, enfants, parents de citoyens ou résidents permanents, ainsi que les détenteurs d'Employment Pass, S Pass, étudiants ou investisseurs étrangers. Les demandes se font en ligne via le système e-PR, nécessitant divers documents et informations personnelles. Les investisseurs doivent répondre à des critères spécifiques, incluant un investissement de 2,5 millions de dollars de Singapour. Un compte SingPass est requis pour l'application, et une fois la demande commencée, les candidats ont 96 heures pour soumettre leurs documents.",7.235083818435669
036_16089,"### Instruction1:
Vous pouvez héberger vos méduses dans un aquarium propre et stérile. Vous pouvez décider d'avoir seulement une à trois petites méduses dans un petit aquarium que vous pouvez placer sur votre bureau au travail ou à la maison. Ou, vous pouvez opter pour un aquarium de taille moyenne qui peut accueillir un plus grand nombre de méduses. Recherchez un aquarium de forme circulaire ou haut et étroit. Un aquarium circulaire, avec un fond plat, est idéal car sa forme permet à vos méduses de flotter dans l'eau de l'aquarium. Cela est essentiel pour la santé et le bonheur de vos méduses. L'autre option est d'acheter un kit d'aquarium spécialement conçu pour accueillir des méduses. Ces aquariums sont généralement de petite taille, souvent circulaires, et peuvent contenir une à trois petites méduses. Vous pouvez également obtenir des aquariums hauts et étroits pour un plus grand nombre de méduses. Vous pouvez acheter des kits d'aquarium pour méduses en ligne ou dans votre animalerie locale. Gardez à l'esprit que les kits d'aquarium pour méduses ne sont pas bon marché, variant de 350 à 600 dollars. Vous pourriez envisager d'utiliser un aquarium de poissons à la place pour économiser sur votre installation. La plupart des kits d'aquarium pour méduses sont fournis avec les fournitures nécessaires à la mise en place de l'aquarium. Si vous utilisez un aquarium à poissons pour héberger vos méduses, vous devrez acheter plusieurs autres fournitures, y compris : Une pompe à air, une plaque de filtre sous gravier, un tuyau à air, un tube aérien, un substrat pour le fond de l'aquarium, comme des billes de verre, une lumière LED, une télécommande LED (optionnelle).

### Instruction2:
Pour héberger des méduses, choisissez un aquarium propre, idéalement de forme circulaire, ou optez pour un kit spécifique pour méduses. Les kits coûteux incluent les fournitures nécessaires, mais vous pouvez aussi utiliser un aquarium de poissons en ajoutant quelques éléments comme une pompe à air et un filtre.",3.6608080863952637
036_54466,"### Instruction1:
Gardez-les en une seule couche et ne laissez pas les feuilles se chevaucher. En gardant la menthe en une seule couche, vous pouvez sécher les feuilles plus rapidement et de manière plus uniforme que si vous les empiliez dans un bol allant au micro-ondes. Placez les feuilles dans le micro-ondes et faites-les cuire par intervalles de 10 secondes, en vérifiant fréquemment si elles ont commencé à se recroqueviller et à devenir croustillantes. La menthe devrait être suffisamment sèche en 15 à 45 secondes. Idéalement, les feuilles resteront vertes. Vous pouvez utiliser les feuilles lorsqu'elles brunissent, mais les feuilles vertes auront plus de saveur et un meilleur arôme. Si vous placez une pile de feuilles de menthe dans un plat au lieu de les garder en une seule couche sur une assiette allant au micro-ondes, vous devrez remuer les feuilles toutes les 30 secondes et les cuire au micro-ondes pendant un total de 1 à 3 minutes. Cependant, cette méthode n'est pas idéale et peut entraîner un séchage inégal de la menthe.

### Instruction2:
Pour sécher la menthe, disposez les feuilles en une seule couche sans les chevaucher. Faites-les chauffer au micro-ondes par intervalles de 10 secondes, en vérifiant la texture. Les feuilles devraient rester vertes pour une meilleure saveur, sinon remuez-les toutes les 30 secondes si elles sont empilées, bien que cela puisse donner un séchage inégal.",2.6833598613739014
036_15343,"### Instruction1:
Les robes babydoll étaient très populaires dans les années 90, généralement à manches courtes et à motifs floraux. Ces robes babydoll étaient des variations des robes fleuries qui étaient en vogue dans les années 1930. Elles étaient souvent ""décontractées"" pour le jour avec une paire de bottes de combat, des baskets, et/ou une veste en jean. Les robes en velours ajustées (essayez le bordeaux ou le noir) étaient également à la mode à l'époque. Portez des crop tops. Essayez d'associer un jean taille haute avec un t-shirt court, un débardeur ou un cardigan. Les t-shirts moulants (optez pour une taille ou deux plus petite que ce que vous porteriez habituellement) étaient également tendance pour les femmes. Portez des épingles à cheveux en forme de papillon. Ces petites épingles en plastique multicolores étaient populaires auprès des filles de tous âges. Un look tendance consistait à tirer l'avant de vos cheveux en segments d'un pouce et à en épingler chacun avec une épingle à papillon. Le résultat final devrait ressembler à un ""serre-tête"" de papillons. Les chemises à carreaux, les jupes à carreaux et les robes à carreaux étaient des essentiels des années 90. Essayez de superposer une chemise à carreaux sur le reste de votre tenue (laissant la chemise déboutonnée), ou enroulez une chemise à carreaux autour de votre taille. Essayez de trouver un tartan aussi usé que possible, lui donnant un look grunge. Les salopettes longues, les shorts de salopette et les robes de salopette étaient tous à la mode dans les années 90 ! C'était une mode courante pour les adolescentes durant les années 1930 également, surtout pour celles vivant dans des zones rurales. Pour plus d'authenticité, laissez un des fermoirs défaits. Rappelez-vous qu'à l'époque, il y avait un revival de la mode des années 70, qui incluait de nombreuses tendances inspirées des hippies et du disco. Avec l'économie florissante des années 90, de nombreux adolescents et jeunes adultes avaient glamorisé la ""vie pauvre"" des années 1930, ce qui inclut la mode grunge. Portez tout ce qui est tie-dye, avec des signes de paix ou des fleurs. Trouvez une paire de pantalons évasés. Les pantalons évasés sont ajustés en haut et s'évasent de manière spectaculaire en bas. Essayez-les en jean ou en velours côtelé. Ajoutez un patch de signe de paix ou de fleur pour un effet supplémentaire ! Portez des chaussures à plateforme. Ces chaussures inspirées du disco étaient très populaires dans les années 90. Les chaussures à plateforme sont disponibles en sandales, talons, compensées, et même en baskets, et se déclinent en une variété de couleurs.

### Instruction2:
Les robes babydoll et les vêtements à motifs floraux étaient tendances dans les années 90, souvent associés à des bottes de combat ou des baskets. Les crop tops et les t-shirts moulants étaient également populaires. Les épingles à cheveux en forme de papillon, les vêtements à carreaux, les salopettes et les pantalons évasés étaient des essentiels de la mode de cette époque. Les chaussures à plateforme, inspirées du disco, complétaient souvent les looks.",5.777862310409546
036_197,"### Instruction1:
Il existe de nombreuses raisons de porter une bande de genou. Beaucoup de personnes qui font de l'exercice enrouleront leurs genoux pour leur donner un peu de soutien supplémentaire pendant l'exercice. Certaines personnes le font si elles ont subi une déchirure partielle d'un ligament et cherchent un soutien externe. Les haltérophiles enroulent également leurs genoux avant de faire des squats pour donner à l'articulation une stabilité supplémentaire. Si vous avez ou pensez avoir subi une blessure, assurez-vous de consulter votre médecin avant de pratiquer toute activité physique intense. Les bandes de genou ne sont généralement pas utilisées pour traiter une blessure ou une condition grave. Les bandes de genou sont utilisées pour prévenir les blessures ou les problèmes de genou. Elles offrent un peu plus de stabilité et de soutien externe à l'articulation de votre genou lorsqu'elle est soumise à un stress extrême. Le seul type de traitement pour lequel une bande de genou est utilisée est pour les entorses de première degré du genou. Cela ne peut être diagnostiqué que par un professionnel de la santé. Si vous subissez une blessure, consultez votre chirurgien orthopédique. Le risque de se blesser à nouveau ou de diagnostiquer incorrectement peut causer des dommages sérieux. Il y a de nombreuses situations où une bande n'est pas nécessaire. Si vous avez une déchirure du ligament croisé antérieur (LCA) ou toute autre déchirure ligamentaire, ne la traitez pas avec une bande de genou, sauf instruction explicite de votre chirurgien orthopédique. Il ne serait pas non plus approprié de simplement enrouler votre genou en cas de déchirure du ménisque médial ou latéral. Si une bande de genou aide une blessure et que votre chirurgien ne voit aucun problème à utiliser cette méthode en attendant une réparation chirurgicale à venir, alors vous pouvez l'utiliser. N'utilisez jamais cela comme un moyen de stabiliser une articulation gravement instable à des fins récréatives. Si vous sentez que, malgré l'enroulement de votre genou, vous avez été blessé, consultez immédiatement votre médecin. Seul le médecin peut diagnostiquer exactement ce qui ne va pas avec votre genou. Le médecin peut vous conseiller d'enrouler votre blessure au genou si c'est une blessure de grade I uniquement à des fins de stabilisation. Si vous souhaitez commencer ou reprendre une activité physique, consultez d'abord un médecin pour voir si votre blessure a guéri.

### Instruction2:
Le port de bandes de genou peut offrir un soutien supplémentaire lors d'exercices et prévenir les blessures, mais elles ne doivent pas être utilisées pour traiter des blessures graves. Il est essentiel de consulter un médecin en cas de blessure, notamment pour un diagnostic approprié et des conseils sur l'utilisation des bandes de genou, surtout après une déchirure ligamentaire.",4.900802373886108
036_45405,"### Instruction1:
C'est exact -- la snatiation. C'est un trouble médical légitime où vous ne pouvez pas vous empêcher d'éternuer parce que votre estomac est plein. Cela se produit généralement immédiatement après avoir consommé un repas assez copieux. Alors, comment l'éviter ? Ne mangez pas autant. Au cas où vous seriez aussi curieux que George, c'est un backronyme -- Éternuer Non-Contrôlablement à un Moment d'Indulgence de l'Appétit — un Trait Hérité et Ordonné d'être Nommé. À l'origine, c'était un mot-valise de « éternuer » et « satiété ». Maintenant que vous savez que c'est une vraie chose, surveillez votre activité alimentaire. Quand vous trouvez-vous généralement à éternuer ? Si vous constatez que vous éternuez lorsque vous êtes exposé à des lumières vives, vous pourriez avoir une photoptarmose ou un réflexe d'éternuement photique. Cela touche un remarquable 18 à 35 % des gens et est parfois appelé ACHOO - Syndrome Autosomique Dominant d'Éclatement Helio-Ophthalmique. Plus vous en savez, n'est-ce pas ? C'est héréditaire et peut être traité avec des antihistaminiques si c'est gênant. Sinon, portez des lunettes de soleil (surtout polarisées) ou des écharpes. Si des lumières vives (ou le soleil) sont présentes, éloignez vos yeux et concentrez-vous sur quelque chose de plus sombre ou de plus neutre. Cela est d'autant plus important si vous conduisez un véhicule motorisé. Si vous entrez dans un environnement à haut risque d'éternuement (comme un nuage de poivre ou un champ de pollen), prenez des précautions pour éviter les accès d'éternuement. Gardez un mouchoir à portée de main. Souvent, éternuer et se moucher vont de pair. Trouvez un moyen d'humidifier vos narines. Cela peut arrêter les accès d'éternuement avant qu'ils ne commencent. Bien que renifler de l'eau soit définitivement une option faisable, vous voudrez peut-être vous en tenir à humidifier un mouchoir et l'appliquer à vos narines, utiliser vos gouttes pour les yeux, ou inhaler la vapeur d'une tasse de café. Pour ceux d'entre nous qui ne souffrent pas d'attaques d'éternuement complètement aléatoires et qui sont soumis à des épisodes plus constants, cela peut être plus une question d'environnement. En plus de parler à votre médecin, soyez intelligent concernant les allergies. Une certaine quantité d'éternuements peut être évitée. Prenez des antihistaminiques. Non seulement cela combattra les éternuements, mais cela évitera également la toux, le nez qui coule et les yeux qui démangent. Le Benadryl est connu pour induire de la somnolence, mais d'autres médicaments, comme le Claritin, ont des effets secondaires beaucoup moins importants. Gardez vos fenêtres et portes fermées. Cela s'applique à votre maison et dans votre voiture. Moins vous êtes exposé aux allergènes, mieux c'est. L'extérieur doit rester à l'extérieur. Si vous avez été dehors pendant longtemps, prenez une douche et changez de vêtements. Vous avez peut-être traîné ces pollens avec vous.

### Instruction2:
La snatiation est un trouble où l'on éternue à cause d'un estomac plein, généralement après un repas copieux. Pour l'éviter, il est conseillé de ne pas trop manger. Certains éternuements proviennent de la photoptarmose, un réflexe face aux lumières vives, qui peut être traité avec des antihistaminiques. Pour réduire les éternuements, il est important de maintenir un environnement propre, d'éviter les allergènes et de prendre soin de son hygiène personnelle après être resté dehors longtemps.",6.607364654541016
036_18188,"### Instruction1:
C'est une application blanche avec une bulle de message bleue et un éclair blanc à l'intérieur. Si vous n'êtes pas connecté à Messenger, tapez votre numéro de téléphone, appuyez sur Continuer, puis saisissez votre mot de passe. C'est l'icône en forme de maison dans le coin inférieur gauche de l'écran. Si Messenger s'ouvre sur une conversation, appuyez d'abord sur le bouton Retour dans le coin supérieur gauche de l'écran. Si c'est une ancienne conversation, vous devrez peut-être faire défiler plusieurs fois vers le bas. Cela fera apparaître une rangée d'options sur le côté droit de la boîte de conversation. C'est le bouton rouge sur l'extrême droite de l'écran. Cette option se trouve en haut de la fenêtre contextuelle qui apparaît après avoir appuyé sur Supprimer. Cela supprimera définitivement la conversation de votre historique de messages.

### Instruction2:
Pour supprimer une conversation sur Messenger, connectez-vous avec votre numéro de téléphone et votre mot de passe. Accédez à la conversation souhaitée, faites défiler si nécessaire, puis utilisez le bouton rouge pour supprimer définitivement la conversation de votre historique.",2.388043165206909
036_15810,"### Instruction1:
Avant de décider d'éliminer complètement une personne de votre vie, prenez une pause pour une période d'essai afin de voir si c'est vraiment ce que vous voulez faire. Dites à la personne que vous pensez qu'il serait bon de prendre du temps à part pour rencontrer de nouvelles personnes et explorer différents intérêts. Si c'est un ami, faites savoir à la personne que vous tenez à elle et que vous voulez toujours être amis. Vous pouvez dire : « J'apprécie vraiment notre amitié et le temps que nous passons ensemble. Je pense qu'il serait vraiment bénéfique pour nous deux de passer un peu de temps séparément et de rencontrer de nouvelles personnes. » Soyez gentil et respectueux lors de cette conversation et ne placez aucune culpabilité sur l'autre personne. Évitez d'utiliser des phrases telles que « Tu fais toujours », « Tu ne fais jamais » ou « Tu ne peux pas ». Mettez l'accent sur le fait que vous pensez que c'est une bonne solution pour vous deux. Si tout échoue et que vous ne voulez plus de cette personne dans votre vie, faites-le savoir à l'autre personne. Dites-lui que vous souhaitez mettre fin à la relation et les raisons pour lesquelles vous voulez le faire. Soyez aussi direct que possible. Ce sera une conversation difficile. Vous pouvez dire : « J'ai beaucoup réfléchi à notre amitié et certaines choses m'ont dérangé. Je veux en parler avec toi. » Vous pouvez également dire : « Je dois faire ce qui est le mieux pour moi. Je ne pense pas que nous devrions passer du temps ensemble. Je te souhaite le meilleur dans tout ce que tu fais. » Avant d'avoir cette conversation, soyez absolument sûr que c'est ce que vous voulez faire. Vous vous sentirez très probablement extrêmement coupable d'avoir coupé quelqu'un de votre vie. Vos sentiments de culpabilité sont tout à fait normaux, et il vous faudra du temps pour vous sentir mieux. Ayez confiance dans le fait que vous avez pris une décision réfléchie, essayé de réparer la relation avec la personne et fait ce qui était le mieux pour vous. Acceptez que les gens viennent et partent de votre vie et que personne n'est parfait. Essayez d'apprendre de cette expérience et de l'appliquer à vos interactions avec d'autres personnes. Il se peut que la personne mette un certain temps à accepter la fin de la relation. Elle peut encore essayer de vous contacter ou d'être près de vous. Elle peut demander à avoir une autre conversation ou essayer de vous convaincre de changer d'avis. Restez ferme sur votre décision et ne cédez pas à l'insistance de l'autre personne. Si vous répondez à la personne, vous enverrez un message mitigé. Répondre à la personne ne fera que l'encourager à vous contacter. Si la personne vous appelle ou vous envoie un SMS, vous n'avez pas à répondre. Vous pouvez même bloquer le numéro de la personne pour ne pas savoir quand elle vous a contacté. Rappelez-vous que vous avez géré la situation du mieux que vous pouvez et que vous avez pris la meilleure décision pour vous-même. Vous devrez peut-être rappeler à cette personne que vous ne souhaitez plus passer du temps autour d'elle ou la voir. Soyez toujours assertif et ferme.

### Instruction2:
Prenez une pause avant de couper les ponts avec quelqu'un. Exprimez vos sentiments et soyez respectueux lors de la conversation. Si vous devez mettre fin à la relation, soyez direct et ferme. Acceptez vos sentiments de culpabilité et concentrez-vous sur ce qui est le mieux pour vous.",5.814538240432739
036_17545,"### Instruction1:
Assurez-vous d'utiliser un hydratant sur vos ongles en plus de vos mains. Frottez chaque nuit avant de vous coucher un peu d'huile nourrissante pour les mains ou de l'huile de vitamine E sur vos ongles. Cela peut aider vos ongles à rester forts et en bonne santé et peut réduire l'apparence des taches blanches. Des huiles essentielles ont été connues pour guérir les taches blanches causées par des blessures à l'ongle ou par des champignons des ongles. L'huile d'arbre à thé et l'huile d'orange ont tendance à mieux fonctionner. Mélangez quelques gouttes de vos huiles essentielles avec une huile de support comme l'huile d'olive, puis frottez l'huile sur vos ongles. L'huile d'orange doit être laissée à tremper pendant environ 45 minutes, tandis que l'huile d'arbre à thé doit tremper pendant environ 15 à 20 minutes. Rincez toujours et lavez vos ongles après avoir appliqué les huiles. Mélangez une partie de vinaigre blanc avec une partie d'eau dans un bol. Trempez vos ongles dans le bol. Faites-les tremper pendant 10 minutes, puis rincez et séchez vos ongles. Faites cela environ quatre fois par semaine et vous pourriez commencer à voir une réduction des taches blanches. Si vous avez la peau sensible, utilisez un rapport eau/vinaigre plus élevé. Le citron contient beaucoup de vitamine C et une carence en cette vitamine cause parfois des taches blanches sur les ongles. Pour utiliser des citrons, il suffit de couper un citron en deux et de frotter la tranche sur vos ongles. Laissez le jus poser pendant 20 à 30 minutes avant de rincer et de sécher vos ongles. Le yaourt nature non sucré, sans arômes ajoutés, peut renforcer la santé des ongles et réduire potentiellement l'apparence des taches blanches. Placez environ trois cuillères à soupe de yaourt dans un bol et trempez vos ongles dans le bol pendant 10 à 15 minutes. Une fois terminé, rincez vos ongles à l'eau tiède. Vous pouvez également ajouter quelques gouttes de jus de citron ou d'huile de vitamine E au yaourt. Les comprimés Alka seltzer ont été connus pour réduire les taches blanches pour certains. Faites tomber quelques comprimés dans de l'eau tiède et faites tremper vos ongles dans l'eau pendant cinq minutes. Dans l'ensemble, la patience est essentielle pour se débarrasser des taches blanches sur les ongles. Les taches blanches disparaîtront généralement ou pousseront d'elles-mêmes avec le temps. Bien que vous puissiez prendre des mesures pour accélérer le processus, parfois vous devez simplement attendre.

### Instruction2:
Utilisez des hydratants et des huiles essentielles pour traiter les taches blanches sur les ongles. Essayez des remèdes comme le vinaigre, le citron et le yaourt. La patience est essentielle, car les taches peuvent disparaître avec le temps.",4.8127336502075195
036_58347,"### Instruction1:
Pour entraîner votre Rottweiler de manière efficace, il est préférable de commencer l'entraînement le plus tôt possible pour établir un comportement acceptable. Les Rottweilers, qu'ils soient chiots ou plus âgés, réagissent bien à un entraînement approprié dès le début de votre relation. Commencez l'entraînement immédiatement. Quel que soit l'âge de votre Rottweiler, vous aurez plus de succès si vous commencez l'entraînement entre 6 semaines et 6 mois. Si vous avez adopté votre Rottweiler à un âge plus avancé, ne vous découragez pas. Vous pouvez l'entraîner dès qu'il rejoint votre famille, mais sachez que cela peut demander un peu plus de temps, d'efforts et de patience de votre part. 

Rappelez-vous que les Rottweilers sont des compagnons intelligents, obéissants et loyaux qui veulent vous rendre heureux. Une bonne communication avec votre Rottweiler facilitera son entraînement à tout âge. Lorsque vous entraînez votre Rottweiler, vous devez établir des règles qu'il suivra pour bien se comporter. Comprendre que la dominance dans la relation avec votre Rottweiler ne signifie pas le dominer vous aidera à encourager les comportements que vous recherchez. La dominance consiste à établir des règles que votre Rottweiler suivra, en les renforçant par une voix ferme ou des gestes de la main qui indiquent qu'il fait partie d'une meute que vous dirigez. Vous pouvez être dominant et ferme tout en étant gentil et attentionné avec votre Rottweiler. 

Par exemple, la meilleure façon d'établir cette dominance est de promener votre Rottweiler en laisse et de le faire marcher à vos côtés ou derrière vous. Ne dominez pas votre Rottweiler par l'agression verbale ou physique, car cela ne fera que lui faire peur et compromettre votre plan d'entraînement. Les Rottweilers peuvent montrer des comportements agressifs à tout âge, que ce soit envers des personnes ou d'autres chiens. Identifier l'agression et la gérer activement par l'entraînement peut aider à prévenir ce comportement à l'avenir. 

Un Rottweiler peut ne pas montrer d'agressivité immédiatement, car il est par nature un observateur. Les signes d'agression peuvent être discrets, et votre Rottweiler peut même sembler calme. Ignorer même des signes subtils d'agression, comme un regard fixe, peut entraîner des problèmes ultérieurs. Les signes d'agression chez un Rottweiler incluent un grondement bas, montrer les dents, claquer la mâchoire ou fixer du regard. Si vous voyez votre Rottweiler fixer quelque chose silencieusement, c'est un signe d'agression. Éloignez-le de la situation pour le calmer et éviter des problèmes potentiels.

Un Rottweiler peut montrer de l'agressivité pour différentes raisons, comme protéger son territoire, sa nourriture ou son propriétaire. La peur est une cause principale de l'agression chez les Rottweilers. Cela peut être un comportement appris. Par exemple, si un homme avec une barbe a puni verbalement ou physiquement votre Rottweiler, cela peut l'avoir traumatisé, et il pourrait montrer un comportement agressif en voyant n'importe quel homme avec une barbe. Gérez l'agression en neutralisant rapidement la situation de manière calme. Si vous vous énervez contre votre Rottweiler, vous risquez d'aggraver son anxiété et son agressivité. 

Dire à votre Rottweiler de se calmer ou de ne pas être agressif peut être difficile. Si votre Rottweiler montre de l'agressivité envers vous, quittez la situation et ne confrontez pas votre chien. Ne punissez jamais un Rottweiler pour avoir grondé. Cela inhibera le comportement (le grondement) mais ne supprimera pas ses sentiments sous-jacents de tension, ce qui peut entraîner un comportement de morsure sans avertir au préalable. Une composante importante de l'entraînement de votre Rottweiler est de l'exposer à d'autres chiens et personnes. Cela le rendra heureux et à l'aise dans n'importe quelle situation, et moins susceptible d'être agressif. Cela le rendra également plus réceptif à votre entraînement. 

Les Rottweilers peuvent agir de manière dominante envers d'autres animaux et personnes, mais ce comportement peut être prévenu par une socialisation appropriée. Aidez votre Rottweiler à se sentir à l'aise autour des chiens et des personnes en l'exposant à des situations positives avec d'autres chiens et individus. Socialisez votre Rottweiler en l'emmenant se promener, jouer au parc à chiens et rendre visite à des amis. Il est également important d'inviter des personnes chez vous pour que votre Rottweiler se sente à l'aise avec des gens sur son territoire. Gardez chaque aspect de la socialisation calme et positif, ce qui enseignera à votre Rottweiler à être calme et confiant. 

Les chiens ont une très courte durée d'attention et une mémoire courte, donc gardez vos séances d'entraînement courtes. Combinez les séances d'entraînement avec des activités telles que la socialisation et les repas. Gardez les séances d'entraînement d'environ 15 minutes. Sachez que les Rottweilers se laissent facilement distraire, alors soyez patient si votre chien commet une erreur. Combiner les séances d'entraînement avec d'autres activités est un excellent moyen de renforcer les leçons que vous enseignez. Par exemple, si vous avez votre chien au parc, c'est un bon moyen de lui enseigner des commandes telles que ""viens"". La patience est la partie la plus importante et la plus difficile de l'entraînement d'un Rottweiler. Rappelez-vous que votre chien veut vous faire plaisir. Si vous êtes calme et heureux, votre Rottweiler sera également calme et heureux. 

Vous aurez le plus de succès à entraîner votre Rottweiler si vous êtes patient avec lui. Si vous gardez l'entraînement amusant pour vous et votre Rottweiler, il est plus probable que vous soyez patient avec lui. L'entraînement pour tout chien est un processus de toute une vie. Crier ou punir physiquement ne fera que contrecarrer votre processus d'entraînement et peut également amener votre chien à vous craindre, ainsi que les autres personnes. Récompenser votre chien pour ses comportements positifs est une partie intégrante du processus d'entraînement. Comprenez que votre Rottweiler fera des erreurs de temps en temps et que vous devez éviter la discipline physique ou de crier dans ces situations. 

Le renforcement positif entraîne votre chien en récompensant les actions que vous souhaitez qu'il répète. Récompensez votre Rottweiler avec des friandises, des jouets ou des éloges. Lorsque vous lui enseignez une commande et qu'il l'exécute bien, donnez-lui immédiatement sa récompense. Faites attention aux récompenses alimentaires pour que votre Rottweiler ne prenne pas de poids ou ne devienne pas malsain. Les Rottweilers feront des erreurs et vous ne devriez jamais utiliser la discipline physique pendant l'entraînement. Si votre Rottweiler n'exécute pas une commande, faites une pause, puis demandez-lui de l'exécuter correctement. Vous pouvez le récompenser après qu'il ait suivi la commande à votre satisfaction. Il est contre-productif de punir verbalement ou physiquement votre Rottweiler. Cela ne fera que le rendre craintif et confus et peut même le décourager d'apprendre la commande. Étant donné que les Rottweilers ont une mémoire à court terme et se laissent facilement distraire, il est important de réagir rapidement aux comportements de votre chien. Vous renforcerez vos méthodes d'entraînement en faisant cela et vous vous assurerez également que votre Rottweiler n'a pas peur parce que vous l'avez discipliné pour un comportement qu'il ne peut pas se souvenir. Par exemple, si votre Rottweiler fait quelque chose que vous aimez, comme suivre une commande, il est important de le récompenser immédiatement afin qu'il comprenne que c'est le type de comportement que vous appréciez. Ne punissez pas un Rottweiler pour avoir fait ses besoins chez vous à moins que vous ne le voyiez le faire. Il ne se souviendra pas du comportement. Si vous le voyez faire ses besoins chez vous ou dans un autre endroit inapproprié, un ""non"" ferme suffit pour lui apprendre que ce comportement est mauvais.

### Instruction2:
Pour bien entraîner un Rottweiler, commencez le plus tôt possible, idéalement entre 6 semaines et 6 mois. Soyez patient et établissez des règles claires sans recourir à l'agression. Identifiez et gérez l'agression avec calme et socialisez votre chien pour qu'il soit à l'aise avec les autres. Utilisez le renforcement positif pour ses comportements souhaités et gardez les séances d'entraînement courtes et amusantes.",10.607469320297241
036_53644,"### Instruction1:
Les Bengals adorent grimper et plus ils montent haut, plus ils sont heureux. Si vous ne leur fournissez pas d'objets adaptés pour grimper, ils trouveront des choses par eux-mêmes, comme vos rideaux. Un gymnase pour chats allant du sol au plafond est idéal, avec de nombreuses plateformes et des niches. En fait, si vous en avez un dans chaque pièce, c'est encore mieux. Placez un gymnase pour chats près d'une fenêtre, afin que votre Bengal puisse grimper tout en observant les oiseaux à travers la fenêtre, ce qu'il ou elle appréciera énormément. Fournissez beaucoup de jouets et assurez-vous d'avoir au moins deux séances de jeu par jour, d'une durée d'au moins 10 minutes (ou jusqu'à ce que le chat soit fatigué). Les Bengals sont intelligents et extrêmement énergiques, donc vous devez leur offrir une échappatoire à tout ce comportement de chasse accumulé. Négligez cela et le chat est susceptible de trouver son propre amusement en déchirant vos meilleurs meubles. Le Bengal est très intelligent et habile à résoudre des problèmes. Cela signifie qu'il ou elle pourrait découvrir comment ouvrir le placard à nourriture, voire le réfrigérateur. Soyez prêt à installer des verrous de sécurité sur les portes où il y a des choses qui pourraient nuire au chat (comme des produits de nettoyage) ou où il y a de la nourriture. Jouer avec votre chat peut vous divertir pendant des heures, ainsi que votre Bengal. Ces chats aiment l'attention, donc plus il y en a, mieux c'est ! Ils adorent aussi dormir avec leurs ""parents"", alors laissez-les se blottir contre vous la nuit ! Les Bengals vivent en moyenne 12 à 18 ans, donc profitez de chaque jour avec votre chat. Le temps de jeu avec les petits félins est toujours important ! Les chats adorent tout ce qui bouge. Prenez une plume au bout d'une ficelle et faites-la bouger lentement au sol. Cela fera penser à votre Bengal qu'elle est vivante. Déplacez-la lentement, en la secouant un peu d'avant en arrière, jusqu'à ce que votre Bengal se jette dessus. Les Bengals ont tendance à devenir des chats d'une seule personne et à ignorer tout le monde. Pour éviter cela, lorsque vous obtenez le chaton Bengal, assurez-vous que tous les membres de la maison passent un temps égal à jouer avec, nourrir et toiletter le chaton. Cela aidera le chat à se familiariser également avec tout le monde. Envisagez de donner à votre chat Bengal un ami avec qui jouer. Les Bengals se battent en jouant au milieu de la nuit, donc si vous ne voulez pas qu'un chat vous dérange toute la nuit, adoptez un autre chat. Le deuxième chat n'a pas besoin d'être un Bengal. Cela peut simplement être un chat errant, un chat du refuge ou un chat que vous possédez déjà.

### Instruction2:
Les Bengals aiment grimper et nécessitent des équipements adaptés pour éviter qu'ils ne s'attaquent à vos biens. Offrez-leur un gymnase pour chats, des jouets, et prévoyez des séances de jeu régulières. Ils sont intelligents et peuvent résoudre des problèmes, donc sécurisez les lieux où se trouvent des produits nocifs. Pensez à partager l'attention avec tous les membres de la famille pour éviter que le Bengal ne devienne un chat d'une seule personne. Envisagez d'adopter un deuxième chat pour leur compagnie. Profitez de chaque moment avec votre Bengal, car leur espérance de vie est de 12 à 18 ans.",6.073155641555786
036_60228,"### Instruction1:
Vous n'avez pas nécessairement à lui donner une explication ou une raison. Vous pouvez simplement lui dire que vous n'êtes pas intéressée, ou que vous ne voulez pas lui donner votre numéro. Si vous utilisez cette méthode, assurez-vous que vous ne voulez vraiment pas garder le contact avec le garçon, même si vous le revoyez. Par exemple, vous pourriez dire : ""Merci de demander, mais je ne suis pas intéressée."" Vous pouvez également lui donner un numéro pour rester en contact en tant qu'amis, tant que vous êtes très claire à ce sujet. Par exemple, vous pourriez dire : ""Je n'ai pas de problème à te donner mon numéro, mais je le ferais uniquement en tant qu'amis. Je ne suis pas intéressée par autre chose en ce moment."" Si vous le souhaitez, vous pouvez adopter une approche directe, mais pas tout à fait aussi directe. Par exemple, vous pouvez essayer d'adoucir le rejet en commençant par quelque chose que vous aimez chez le garçon. De cette façon, le rejet ne sera pas aussi difficile. Par exemple, vous pourriez dire : ""Je suis flattée, mais je ne pense pas être dans un état d'esprit pour sortir en ce moment. Je dois dire non."" Cette approche aide à rendre la situation moins personnelle, de sorte qu'il ne se sente pas aussi blessé. Lorsque vous utilisez l'approche directe ou indirecte, ""non"" doit faire partie de ce que vous dites. Si vous tournez autour du pot sans vraiment utiliser le mot ""non,"" vous lui laissez penser qu'il pourrait encore avoir une chance avec vous. Vous n'avez pas besoin d'être méchante, juste directe. Par exemple, dire ""Je ne suis pas sûre de vouloir sortir en ce moment"" laisse un peu d'incertitude. Au lieu de cela, assurez-vous de vous exprimer clairement. ""Je ne suis pas intéressée par une relation en ce moment, donc je dois dire non."" Soyez polie mais ferme. Remerciez le garçon pour son intérêt. Dites-lui que vous êtes flattée qu'il s'intéresse à vous. Cependant, faites-lui savoir que vous ne cherchez pas de relation pour le moment, et donc, vous n'êtes pas capable ou désireuse de partager votre numéro. C'est une réaction naturelle. Vous voulez vous excuser de faire sentir la personne mal. Cependant, vous n'avez pas besoin de vous excuser de ne pas vouloir donner votre numéro. De plus, cela peut attirer l'attention sur le fait que vous vous sentez désolée pour lui, ce qui, à son tour, peut le faire se sentir encore plus mal.

### Instruction2:
Vous pouvez refuser poliment un homme sans vous sentir obligée d'expliquer. Soyez claire sur votre désintérêt, tout en étant respectueuse. Remerciez-le pour son intérêt, mais indiquez que vous n'êtes pas à la recherche d'une relation et que vous ne souhaitez pas partager votre numéro.",5.100433111190796
036_56293,"### Instruction1:
Il peut être difficile de s'enrouler avec votre main non dominante au début, mais vous vous y habituerez après un peu de pratique. Si vous avez besoin d'aide, demandez à votre entraîneur ou à un partenaire de le faire pour vous.

### Instruction2:
Pratiquez l'enroulement avec votre main non dominante, car cela peut être difficile au début. N'hésitez pas à demander de l'aide à un entraîneur ou à un partenaire si nécessaire.",1.2353034019470215
036_60578,"### Instruction1:
Chaque jour qui passe entre la dernière fois où vous avez consommé des drogues et la date du test augmente vos chances de réussir. Si vous avez du temps pour vous préparer, utilisez-le judicieusement et arrêtez d’utiliser des drogues jusqu’à ce que vous soyez en sécurité. Peu importe le type de drogue que vous avez utilisé, il est préférable d'arrêter bien avant le test plutôt que de compter sur des méthodes peu efficaces pour le simuler. Si le test de drogue doit être administré par votre employeur, dans la plupart des cas, vous devriez recevoir un avertissement à l'avance. Vous ne connaîtrez peut-être pas le jour exact où il sera administré, mais vous pourriez savoir dans quelle semaine vous pouvez vous attendre au test. Faites attention aux politiques de votre entreprise pour pouvoir vous préparer au test plutôt que d’être pris au dépourvu. Si vous êtes testé parce que vous êtes en probation, vos tests seront probablement programmés à des dates précises. Ne laissez pas la date du test vous surprendre ; préparez votre corps à l'avance. Bien sûr, il n'est pas toujours possible de se préparer à un test. Si vous êtes arrêté et que les policiers soupçonnent une intoxication par des drogues, vous devrez peut-être passer un test sur le champ. Bien qu'un test sans préavis soit difficile à réussir, il y a encore des choses que vous pouvez faire pour améliorer vos chances. Il existe quatre types de tests de drogue : les tests d'urine, les tests sanguins, les tests de salive et les tests capillaires. Le test standard à 5 panneaux teste les amphétamines (speed, méthamphétamine, ecstasy), les cannabinoïdes (marijuana, hash), la cocaïne, les opiacés (héroïne, morphine, opium, codéine) et le phencyclidine (PCP). Les avancées technologiques dans les tests ont rendu difficile la falsification des tests, mais connaître les différences entre les tests peut être utile selon votre situation. Voici un aperçu : Les tests d'urine sont le type de test le plus courant administré par les employeurs. Ce sont les tests les plus faciles à falsifier, car vous avez une petite fenêtre de confidentialité pendant laquelle vous êtes censé fournir un échantillon d'urine (à condition que vous ne soyez pas surveillé). Les tests sanguins peuvent être administrés si vous êtes arrêté et que l'intoxication par des drogues est suspectée. Ce type de test est très difficile à réussir si vous avez récemment consommé des drogues, car il est efficace pour déterminer exactement combien de drogue se trouve dans votre système. Mais si cela fait plusieurs jours que vous n'avez pas utilisé, le test a plus de chances de donner un résultat négatif qu'un test d'urine. Les tests de salive sont parfois administrés à la place des tests d'urine ou sanguins car ils sont moins invasifs. Ils sont un peu moins sensibles que les tests sanguins. Les tests capillaires sont extrêmement difficiles à falsifier. Jusqu'à 120 mèches de cheveux sont évaluées dans un laboratoire pour déterminer si elles contiennent des traces de drogues. Comme il faut jusqu'à 2 semaines pour qu'une section de cheveux assez longue pour être testée pousse, un test capillaire ne peut pas indiquer si vous avez consommé des drogues au cours des 2 dernières semaines. Cependant, des traces de drogues peuvent rester dans vos cheveux jusqu'à 90 jours, donc c'est un moyen efficace de déterminer si vous êtes un consommateur régulier. La méthode que vous choisirez pour passer un test de drogue dépend en partie de la quantité de drogue que vous pensez qu'il reste dans votre système. Par exemple, si vous êtes simplement un consommateur occasionnel de marijuana, la drogue pourrait ne pas être détectable après quelques jours. Cependant, une forte consommation de marijuana, la consommation de cocaïne, certains barbituriques et d'autres drogues sont détectables même après 15 à 30 jours. Si vous êtes un utilisateur lourd ou ""chronique"" de marijuana, le test que vous passerez sera presque certainement positif. Cependant, si vous ne l'avez utilisé que quelques fois, vous avez une chance raisonnable de pouvoir purger votre système et obtenir un test qui donne un résultat négatif. Rappelez-vous que si vous êtes soumis à un test capillaire, tout ce que vous avez utilisé au cours des 90 derniers jours (à l'exception des deux dernières semaines) apparaîtra. Vous n'aurez pas toujours la possibilité de choisir comment vous serez testé pour des drogues, mais parfois vous pouvez décider si vous souhaitez passer un test d'urine, sanguin, de salive ou capillaire. Au lieu d'essayer de falsifier un test, il pourrait être plus judicieux de choisir le test qui est le moins susceptible d'être positif pour vous. Bien sûr, il n'y a aucune garantie que le test sera négatif, mais il vaut la peine de savoir lequel vous donnera la meilleure chance de réussir. Si vous n'avez consommé la drogue que quelques fois, et que cela fait au moins une semaine, votre meilleure option sera probablement un test sanguin ou de salive, car la plupart des drogues quittent votre circulation sanguine après quelques heures ou quelques jours. Si vous êtes actuellement sous l'emprise des drogues lorsque vous passez le test, vous voudrez probablement opter pour un test d'urine, car il est moins sensible qu'un test sanguin aux niveaux exacts de drogues dans votre système. Les tests d'urine ne mesurent pas les niveaux de THC, donc si la marijuana est le problème, même si vous échouez au test, il n'y aura pas de preuve que vous étiez sous l'influence au moment où vous l'avez passé. Si vous avez essayé des drogues pour la première fois au cours de la dernière semaine, et que vous avez la possibilité de faire un test capillaire au lieu d'un autre, cela pourrait être votre meilleure option. Tout ce que vous avez fait au cours des dernières semaines ne montrera pas, mais les drogues que vous avez utilisées remontant jusqu'à 90 jours le feront. Si vous êtes un utilisateur lourd, essayez de ne pas passer un test capillaire, car il est très difficile à contester.

### Instruction2:
Arrêtez d'utiliser des drogues bien avant le test pour augmenter vos chances de réussir. Informez-vous sur la politique de votre entreprise concernant les tests de drogue. Il existe différents types de tests, et le choix du test peut influencer vos résultats. Préparez-vous à l'avance pour avoir une meilleure chance de passer le test.",10.5296950340271
036_17456,"### Instruction1:
L'effet principal de presque tous les probiotiques est d'améliorer la santé de votre intestin et de votre digestion (en plus des autres bienfaits que les bactéries peuvent apporter). Si vous avez utilisé un certain supplément probiotique pendant quelques semaines et que vous ne remarquez pas d'amélioration de votre santé digestive, il est temps d'essayer un nouveau probiotique. Les signes d'un probiotique inefficace incluent : crampes d'estomac, douleurs intestinales, constipation ou diarrhée. Gardez à l'esprit que, puisque la plupart des probiotiques sont vendus comme des compléments alimentaires, ils ne garantissent pas d'obtenir les résultats annoncés. Heureusement, un autre probiotique peut résoudre votre problème de santé. Si le premier probiotique que vous avez essayé ne vous aide pas, passez à un autre type. Contrairement aux médicaments, vous pouvez changer votre supplément probiotique sans éprouver d'effets secondaires majeurs. Le seul effet secondaire que vous pourriez ressentir en raison du changement est un léger malaise intestinal. La plupart des études médicales sur les probiotiques ont été réalisées sur des souches de Lactobacillus et de Bifidobacterium. Les probiotiques contenant ces souches sont les plus susceptibles de correspondre aux revendications faites sur l'étiquette. Choisissez des souches bien connues de ces bactéries pour aider à des problèmes de santé courants. Celles-ci incluent : Lactobacillus bulgaricus, qui aide avec l'intolérance au lactose et divers problèmes digestifs qui en résultent. Lactobacillus reuteri LR-1 ou LR-2, qui améliore l'hygiène dentaire et prévient la formation de plaque dentaire. Bifidobacterium infantis 35624 ou MIMBb75, qui diminue le ballonnement et l'inconfort dû au syndrome de l'intestin irritable (SII). Si vous avez des douleurs abdominales modérées à sévères fréquentes, ou une constipation ou une diarrhée chroniques, le problème peut être plus grave qu'un probiotique ne peut gérer. Parlez à votre médecin et expliquez-lui votre état. Demandez également à votre médecin s'il recommande des probiotiques spécifiques ou s'il en connaît à éviter. Vous souffrez peut-être d'un cas non diagnostiqué de SII, ou vous pourriez être intolérant au lactose ou avoir la maladie cœliaque sans le savoir.

### Instruction2:
Les probiotiques améliorent la santé intestinale et digestive. Si un probiotique n'apporte pas d'amélioration après quelques semaines, essayez-en un autre. Les signes d'inefficacité incluent des douleurs abdominales, de la constipation ou de la diarrhée. La plupart des études portent sur des souches de Lactobacillus et de Bifidobacterium. Choisissez des souches connues pour des problèmes de santé courants. Si vous souffrez de douleurs abdominales sévères ou chroniques, consultez un médecin. Vous pourriez avoir une condition sous-jacente, comme le syndrome de l'intestin irritable ou une intolérance au lactose.",5.165656805038452
036_42213,"### Instruction1:
Prenez vos pommes de terre et rincez-les sous l'eau froide, en les frottant pendant le rinçage pour les nettoyer. Si vous voulez que les pommes de terre cuisent avec la peau, laissez-la. Si vous souhaitez enlever la peau, tenez la pomme de terre avec votre main non dominante en dessous. Enfoncez les deux lames de votre éplucheur de pommes de terre en haut de la pomme de terre et tirez vers le bas à un angle de 45 degrés pour peler un morceau de peau. Répétez ce processus pour chaque section de chaque pomme de terre. Vous pouvez utiliser une brosse à légumes propre pour frotter vos pommes de terre si vous le souhaitez. Cela les rendra vraiment propres, bien que cela soit généralement inutile. Faire bouillir des pommes de terre au micro-ondes n'est pas la méthode préférée, car le micro-ondes a tendance à chauffer les aliments de manière inégale. Le principal avantage de cette méthode est que vous libérez un brûleur si vous préparez un repas particulièrement copieux. Le verre est toujours un choix sûr, et la céramique non peinte fonctionne généralement aussi. Vérifiez le fond d'un bol ou d'un plat pour voir s'il indique ""compatible micro-ondes."" Tout récipient pouvant aller au micro-ondes fonctionnera avec vos pommes de terre. Mettez vos pommes de terre dans le bol ou le récipient et remplissez-le d'eau à température ambiante jusqu'à ce que les pommes de terre soient complètement immergées. Si un plat ne dit pas ""compatible micro-ondes"", recherchez 3 lignes ondulées, généralement accompagnées de 2 à 3 cercles sur la droite. C'est le symbole indiquant qu'un plat est compatible avec le micro-ondes. Vous pouvez ajouter une pincée de sel si vous le souhaitez, mais le résultat ne sera pas très perceptible par rapport à l'ébullition sur la cuisinière. Repliez le film plastique sur le bol et remettez vos gants de cuisine si vous les avez enlevés pour remuer. Soulevez soigneusement le bol vers le centre de votre micro-ondes et fermez la porte. Faites chauffer le bol à puissance maximale pendant 5 minutes supplémentaires. Si vous cuisez des pommes de terre plus petites et qu'elles semblent relativement molles lorsque vous les remuez, essayez de les chauffer à feu doux pendant 4 minutes, puis testez-les avec une fourchette. Placez une passoire dans votre évier et soulevez le bol en portant une paire de gants de cuisine. Versez lentement le bol dans la passoire pour égoutter vos pommes de terre. Laissez les pommes de terre refroidir ou utilisez des pinces pour les mettre dans la casserole ou la poêle que vous allez utiliser pour continuer à les cuire.

### Instruction2:
Rincez les pommes de terre et décidez si vous voulez les cuire avec ou sans peau. Utilisez un éplucheur pour enlever la peau si nécessaire. Faites bouillir les pommes de terre au micro-ondes dans un récipient approprié et recouvert d'un film plastique. Vérifiez la compatibilité micro-ondes des récipients. Chauffez les pommes de terre, puis égouttez-les dans une passoire.",4.248915672302246
036_19286,"### Instruction1:
Cela peut dépendre du type d'histoire que vous souhaitez raconter. Par exemple, si vous voulez écrire une fantasy épique qui s'étend sur plusieurs générations, un roman (ou même une série de romans) peut mieux convenir qu'une nouvelle. Si vous êtes intéressé par l'exploration de la psychologie d'un seul personnage, une nouvelle peut être idéale. En tant qu'écrivain, il est judicieux de noter vos idées au fur et à mesure qu'elles vous viennent. Écrire vos idées peut vous aider à vous en souvenir et à les développer. Les journaux sont d'excellents alliés pour obtenir de bonnes idées. Gardez votre journal avec vous tout le temps, car vous ne savez jamais quand l'inspiration frappera ! Votre « journal » n'a pas besoin d'être un journal intime ou un carnet. Vous pouvez écrire des notes dans une application de mémo sur votre téléphone ou même sur des post-it. Le « cubing » vous demande d'examiner un sujet sous 6 angles différents (d'où le nom). Par exemple, si vous souhaitez écrire une histoire sur un mariage, envisagez les angles suivants : Décrire : Qu'est-ce que c'est ? (Une cérémonie qui aboutit au mariage de deux personnes ; une fête ou célébration ; un rituel) Comparer : Qu'est-ce que cela ressemble ou ne ressemble pas ? (Comme : d'autres rituels religieux, d'autres types de fêtes ; Pas comme : un jour ordinaire) Associer : À quoi cela vous fait-il penser ? (Dépenses, robes, église, fleurs, relations, disputes) Analyser : De quels éléments est-il constitué ? (En général, une mariée, un marié, une robe de mariée, un gâteau, des invités, un lieu, des vœux, des décorations ; au figuré, stress, excitation, épuisement, bonheur) Appliquer : Comment cela est-il utilisé ? Comment pourrait-il être utilisé ? (Utilisé pour unir deux personnes dans un contrat légal de mariage) Évaluer : Comment cela peut-il être soutenu ou contesté ? (Soutenu : les gens qui s'aiment se marient pour être heureux ensemble ; Contesté : certaines personnes se marient pour de mauvaises raisons) Vous pouvez créer des représentations visuelles de la manière dont les éléments de votre histoire sont liés en réalisant une carte mentale, également connue sous le nom de « cluster » ou « toile d'araignée ». Commencez au milieu avec votre personnage principal ou votre conflit, et tracez des lignes vers d'autres concepts. Voyez ce qui se passerait si vous connectiez ces autres éléments de différentes manières. Les cartes mentales sont un moyen utile d'organiser tout type d'information de manière concise et visuelle. Elles peuvent vous aider à visualiser comment différents personnages et autres éléments de votre histoire sont liés les uns aux autres et vous facilitent la mémorisation des concepts clés. Si vous avez besoin d'aide pour commencer votre carte mentale, envisagez d'utiliser des logiciels ou des applications tels que Mindmeister, iMindMap ou SpiderScribe. Supposons que vous ayez imaginé un personnage : une jeune femme dans la vingtaine qui vit dans une petite ville en Géorgie. Demandez-vous ce qui se passerait si ce personnage était placé dans différentes situations. Que se passerait-il si elle décidait de prendre un emploi à Sydney, en Australie, même si elle n'a jamais quitté le pays ? Que se passerait-il si elle devait soudainement reprendre l'entreprise familiale, même si elle a toujours voulu partir ? Placer vos personnages dans une variété de situations vous aidera à décider quels conflits ils pourraient rencontrer et comment ils pourraient les gérer. Cet exercice peut également vous aider à déterminer ce qui est le plus important pour votre ou vos personnages et avec qui ils pourraient (ou non) se connecter. Si vous souhaitez écrire sur un type de décor ou d'événement particulier, comme les guerres des Roses médiévales, faites un peu de recherche. Découvrez qui étaient les figures historiques majeures, quelles actions elles ont entreprises, pourquoi elles ont agi ainsi. Les célèbres livres de George R.R. Martin, Game of Thrones, ont été inspirés par sa fascination pour l'ère médiévale anglaise, mais il a pris ses recherches et a créé son propre monde et ses propres personnages à partir de cela. S'engager avec d'autres types de créations peut vous fournir un tremplin pour votre propre travail. Regardez plusieurs films ou lisez plusieurs livres dans le même genre que votre histoire pour avoir une idée de la manière dont ces histoires tendent à progresser. Créez une bande-son de musique qui ressemble à celle que les personnages de votre histoire écouteraient, ou à la manière dont vous imaginez la bande-son de l'adaptation cinématographique de votre histoire. Un bon écrivain est aussi un bon lecteur et un bon observateur. Faites des observations sur le monde qui vous entoure que vous pourriez vouloir incorporer dans votre fiction. Prenez des notes sur les conversations que vous entendez. Allez à la bibliothèque et lisez sur des sujets intéressants. Sortez et regardez la nature. Laissez l'idée se mélanger à d'autres idées.

### Instruction2:
Choisissez le format de votre histoire en fonction de son contenu. Notez vos idées. Utilisez des méthodes comme le cubing et les cartes mentales pour explorer des sujets. Expérimentez avec vos personnages en les plaçant dans différentes situations et faites des recherches sur le contexte de votre histoire.",8.294305562973022
036_38753,"### Instruction1:
Les variations de design, également appelées « vues », apparaissent également au dos de l'enveloppe. Ces dessins au trait incluent plus de détails sur le design, tels que les pinces, les lignes de couture et les longueurs potentielles. Chaque vue est identifiée par un symbole, généralement une lettre. Le symbole est utilisé dans les graphiques et le patron pour identifier des informations sur cette vue spécifique. Le dos de l'enveloppe du patron contient une liste de tissus adaptés à ce vêtement. Lisez attentivement la liste. Sélectionnez un tissu qui convient au vêtement et avec lequel vous êtes à l'aise de travailler. En plus du tissu, votre patron peut nécessiter des fournitures et des ornements. La section « Fournitures » énumérera toutes les pièces supplémentaires dont vous aurez besoin pour compléter le vêtement. Cela peut inclure des articles tels que des fermetures éclair, des agrafes et des élastiques. Les tailles de patron s'alignent rarement avec les tailles prêtes à porter. Lorsque vous coupez le patron, vous suivrez les lignes pour une taille spécifique. Il est donc essentiel de déterminer avec précision votre taille au lieu de supposer que vous êtes une certaine taille. Utilisez un mètre ruban pour mesurer divers points de votre corps indiqués sur l'enveloppe du patron, comme votre poitrine, votre taille et vos hanches. Comparez vos mesures aux mesures fournies dans le tableau pour déterminer votre taille de patron. Les exigences en tissu sont énumérées directement sous les tableaux de mesures corporelles et de tailles. Localisez la ligne contenant la variation de design que vous souhaitez créer. Suivez la ligne jusqu'à atteindre la colonne contenant votre taille de patron. Le numéro dans cette cellule est la quantité de tissu dont vous aurez besoin pour compléter le vêtement dans votre taille de patron. La plupart des patrons indiqueront des longueurs alternatives pour différentes largeurs de tissus (largeur de 45 pouces contre 60 pouces). La dernière case du tableau contient des informations sur les mesures du vêtement fini. Le vêtement fini sera légèrement plus grand que vos mesures corporelles afin de permettre de l'aisance, ou le tissu ajouté à un vêtement pour que vous puissiez le porter confortablement. Ces informations sont souvent imprimées sur le patron également.

### Instruction2:
Le texte explique comment utiliser un patron de couture, y compris comment choisir le tissu approprié, déterminer la taille correcte à l'aide d'un mètre ruban et comprendre les exigences en matières. Il met en avant l'importance de lire attentivement les instructions et les tableaux pour s'assurer que le vêtement fini sera confortable et bien ajusté.",4.375119924545288
036_50597,"### Instruction1:
Il est essentiel d'apprendre à jouer à un tempo régulier et uniforme, et la manière la plus simple d'ancrer cela dans votre esprit est de pratiquer avec un métronome. Si vous ne pouvez pas vous permettre un métronome, vous pouvez trouver une piste de clic quelque part, qui est un métronome enregistré que vous pouvez jouer sur votre chaîne stéréo, sur votre Walkman ou sur votre ordinateur pendant que vous pratiquez.

### Instruction2:
Pratiquez à un tempo régulier en utilisant un métronome ou une piste de clic.",1.2303879261016846
036_20684,"### Instruction1:
Un hexagone régulier a six longueurs de côté égales. Si la longueur du côté est spécifiée, utilisez une règle pour tracer une ligne de la bonne longueur. Si aucune longueur de côté n'est spécifiée, vous pouvez dessiner la ligne à n'importe quelle longueur. Par exemple, vous pourriez tracer la ligne AB de 5 centimètres de long. Pour ce faire, placez le point du compas à l'une des extrémités de la ligne et étirez-le de sorte que la pointe du crayon touche l'autre extrémité. Ensuite, placez le point du compas à la première extrémité et tracez un petit arc au-dessus de la ligne. Puis, placez le point du compas sur l'autre extrémité et tracez un autre petit arc, intersectant le premier arc. Le point où ces deux arcs se croisent est le point central de l'hexagone. Ne changez pas la largeur du compas. En gardant la même largeur, déplacez le point du compas au point central de l'hexagone et faites tourner le compas pour dessiner un cercle. Les deux premiers sommets sont déjà marqués par les extrémités de la ligne originale que vous avez tracée. Placez le compas sur la première extrémité de la ligne. Avec le crayon, marquez un point sur le bord du cercle. C'est le troisième sommet. Déplacez le point du compas vers ce nouveau sommet. Marquez un autre point sur le bord du cercle. C'est le quatrième sommet. Complétez ce processus jusqu'à ce que vous ayez tous les six sommets marqués. Faites attention à ne pas changer la largeur du compas. Pour ranger votre hexagone, effacez le cercle et toutes les marques supplémentaires. Gardez le point central de l'hexagone, car vous en aurez besoin pour diviser la forme en trois parties égales.

### Instruction2:
Pour dessiner un hexagone régulier, commencez par tracer une ligne de longueur spécifiée. Utilisez un compas pour trouver le point central et dessinez un cercle. Marquez les six sommets de l'hexagone en gardant la largeur du compas constante. Enfin, effacez le cercle et les marques superflues tout en conservant le point central.",3.72025990486145
036_15315,"### Instruction1:
Manipulez les pièces de monnaie en argent rares ou non identifiées le moins possible. Tenez-les uniquement par le bord, pas par la face, et idéalement, portez des gants en coton sans peluche. Même si la pièce vous semble sale ou endommagée, un collectionneur pourrait payer plus si vous la laissez dans son état naturel et évitez d'autres dommages. Conservez les pièces rares dans des pochettes en plastique Mylar, ou demandez à un marchand de pièces des alternatives. Les pochettes en PVC peuvent endommager vos pièces. Ajoutez quelques gouttes de savon doux (pas de détergent) dans un verre d'eau distillée tiède. Mettez les pièces délicatement et laissez-les tremper, en les retournant toutes les quelques heures. C'est la seule méthode garantie pour nettoyer les pièces plaquées argent (bien que l'argent pur soit un peu plus résistant). L'eau du robinet contient du chlore qui peut entraîner une décoloration. La ternissure (une fine couche de gris, noir ou iridescence, également appelée ""toning"") n'est pas la même chose que la saleté. Si la pièce est rare, le toning peut même être une caractéristique souhaitable qui augmente la valeur de la pièce. Le lendemain, si les pièces sont encore sales, remplacez l'eau par de l'eau distillée fraîche et du savon. Répétez quotidiennement jusqu'à ce que les pièces soient propres (mais conservent leur toning). Séchez les pièces avec un essuie-tout ou laissez-les sur un tissu absorbant pour sécher à l'air. Frotter les pièces est très risqué, car cela peut rayer la surface du toning. Un brossage délicat avec une brosse à dents à poils souples est généralement sûr, mais travaillez lentement et doucement avec des pièces précieuses. L'objectif est de déloger la saleté lâche, pas de brosser directement la surface de la pièce. Si les pièces sont encore sales, faites-les tremper à nouveau dans de l'eau distillée. Transférez les pièces mouillées dans un conteneur en plastique au congélateur. L'eau se dilatera en gelant, espérant déloger une partie de la saleté en dessous. Tamponnez ou brossez délicatement la saleté une fois congelée. Dans la plupart des cas, vous devrez répéter les trempages et congeler plusieurs fois. Si les pièces sont couvertes de boue ou de saleté et ne réagissent pas aux méthodes ci-dessus, faites-les tremper dans de l'huile minérale ou de l'huile d'olive. L'huile minérale ne devrait jamais nuire à votre pièce, mais doit être lavée avec de l'acétone par la suite. L'huile d'olive fonctionnera également, mais il y a un léger risque de dommage. Chacune peut prendre des mois pour nettoyer des pièces très sales. Pour de meilleurs résultats, propez les pièces sur un morceau de plastique pour que les deux côtés soient exposés à l'huile. L'huile d'olive bon marché, non vierge, fonctionne mieux que l'huile vierge ou extra-vierge, car elle est plus acide. Si les pièces n'ont pas de valeur en tant qu'objets de collection, vous pouvez passer directement aux méthodes de nettoyage plus dures pour gagner du temps. Si les pièces sont rares ou non identifiées et que vous ne voulez pas attendre des mois, emmenez-les chez un collectionneur de pièces pour des conseils. Rincez les pièces dans de l'eau tiède savonneuse pour enlever l'huile. Si la saleté ne part pas avec ça, laissez les pièces tremper plus longtemps. Si vous utilisez de l'huile d'olive, remplacez-la chaque fois qu'elle devient vert foncé. Une fois les pièces propres, rincez-les dans de l'eau tiède savonneuse. Si vous avez utilisé de l'huile minérale, essuyez-les avec un coton-tige trempé dans de l'acétone pure. Ces machines vibrent la pièce rapidement pour déloger la saleté. Les petites machines pour usage domestique sont sûres pour le nettoyage des pièces, mais ne retireront que les résidus de saleté doux et mineurs. Les grandes machines professionnelles sont plus efficaces, mais doivent être utilisées avec précaution. Pour de meilleurs résultats, suspendez une tasse à un fil pour qu'elle soit à moitié submergée dans le bain de la machine, sans toucher le fond. Remplissez la tasse avec de l'eau distillée légèrement savonneuse et suspendez la pièce dans cette solution. Remplissez le bain principal avec de l'eau distillée pure, faites fonctionner la machine pendant quelques minutes seulement, brossez la pièce et répétez. Vous pouvez faire fonctionner la machine sans la tasse, mais la saleté ou les objets au fond de la cuve interféreront avec la vibration de la cuve et raccourciront la durée de vie de la machine.

### Instruction2:
Manipulez les pièces rares avec précaution, nettoyez-les avec de l'eau distillée tiède et évitez d'endommager leur surface. Utilisez des méthodes douces et évitez les produits chimiques agressifs. Si nécessaire, consultez un professionnel pour le nettoyage des pièces précieuses.",8.167662382125854
036_22483,"### Instruction1:
Il est important d'être entendu lorsque vous parlez, alors élevez la voix ! Si vous avez tendance à chuchoter, marmonner ou parler la tête baissée, il est beaucoup plus facile pour les gens de vous interrompre ou de vous ignorer. Cependant, cela ne signifie pas que vous devez crier - vous devez plutôt varier le volume de votre discours selon la situation. Par exemple, si vous vous adressez à un grand groupe de personnes, il sera nécessaire de parler fort pour projeter votre voix. Mais parler trop fort dans une conversation normale est inutile et peut donner la mauvaise impression. Parler trop rapidement est une mauvaise habitude et il peut être difficile pour les gens de vous suivre ou même de comprendre ce que vous dites. Cela leur permet facilement de décrocher et d'arrêter d'écouter. Par conséquent, il est important de ralentir votre discours en prononçant vos mots plus lentement et en faisant des pauses entre les phrases - cela aide à souligner ce que vous dites et vous donne une chance de respirer ! D'un autre côté, il est également bon de ne pas parler trop lentement. Parler trop lentement peut être monotone pour vos auditeurs, ce qui peut les rendre impatients et les amener à décrocher. La vitesse idéale de parole se situe entre 120 et 160 mots par minute. Cependant, si vous faites un discours, il est judicieux de modifier la vitesse à laquelle vous parlez - parler lentement peut aider à souligner un point, tandis que parler plus rapidement peut donner l'impression de passion et d'enthousiasme. Parler clairement est probablement l'aspect le plus important pour développer une bonne voix de locuteur. Vous devez prêter une attention particulière à chaque mot que vous dites - en le prononçant pleinement et correctement. Assurez-vous d'ouvrir la bouche, de détendre vos lèvres et de garder votre langue et vos dents dans la bonne position en parlant. Cela peut également aider à éliminer ou à dissimuler un défaut de prononciation si vous en avez un. Cela peut sembler étrange au début, mais si vous faites l'effort de prononcer vos mots correctement, cela deviendra bientôt naturel pour vous. La respiration profonde est essentielle pour avoir une voix riche et pleine. La plupart des gens respirent trop rapidement et superficiellement en parlant, ce qui donne un ton nasal plus artificiel. Votre respiration devrait venir de votre diaphragme, et non de votre poitrine. Pour vérifier si vous respirez correctement, placez votre poing sur votre abdomen, juste en dessous de votre dernière côte - vous devriez sentir votre ventre se gonfler et voir vos épaules monter et descendre en respirant. Pratiquez votre respiration en inspirant profondément, en permettant à l'air de remplir votre ventre. Inspirez pendant 5 secondes, puis expirez pendant 5 autres secondes. Habituez-vous à cette méthode de respiration, puis essayez de l'intégrer à votre discours quotidien. N'oubliez pas que vous devez vous tenir droit, avec le menton levé et les épaules en arrière, cela vous aidera à mieux respirer et à projeter votre voix plus facilement. Cela vous donnera également une certaine confiance lorsque vous parlez. Essayez de respirer à la fin de chaque phrase - si vous utilisez la méthode de respiration profonde, vous devriez avoir suffisamment d'air pour passer à la phrase suivante sans avoir besoin de faire une pause. Cela donnera également à vos auditeurs une chance d'absorber ce que vous dites. La tonalité de votre voix peut avoir un réel impact sur la qualité de votre discours et sur son impact sur vos auditeurs. En général, parler dans un ton tremblant ou instable donne l'impression de nervosité, tandis qu'une voix uniforme est plus apaisante et persuasive. Bien que vous ne deviez pas essayer de changer la tonalité naturelle de votre voix (pas d'impressions de Dark Vador, s'il vous plaît), vous devez faire un effort pour la contrôler. Ne laissez pas vos nerfs prendre le dessus et visez à obtenir un ton plus plein et plus fluide. Vous pouvez pratiquer le contrôle de votre tonalité en fredonnant une mélodie ou simplement en lisant un texte à voix haute pour vous-même. Gardez à l'esprit qu'il n'est pas nécessaire de maintenir une tonalité constante tout le temps - certains mots doivent être prononcés avec une tonalité plus élevée pour ajouter de l'emphase.

### Instruction2:
Pour être entendu, il est essentiel de bien projeter votre voix et de varier le volume. Parlez lentement et clairement pour être compris, en faisant attention à votre respiration et à votre posture. La tonalité de votre voix influence également la réception de votre discours. Pratiquez le contrôle de votre voix pour être plus convaincant.",7.817564010620117
036_54038,"### Instruction1:
Si vous avez une accumulation de cérumen ou une infection dans vos oreilles, n'insérez pas d'objets tels que des cotons-tiges, des serviettes, des épingles ou même vos doigts pour nettoyer vos oreilles. Cela peut causer plusieurs problèmes : insérer des objets dans vos oreilles peut enfoncer l'accumulation plus profondément dans vos oreilles, plutôt que de l'enlever. Cela peut aggraver le problème et entraîner une diminution de l'audition. Vous pouvez perforer le tympan, qui est fin et délicat, ce qui peut provoquer une rupture du tympan. Les objets étrangers insérés dans votre oreille peuvent irriter ou endommager la peau. Le fait de pratiquer le « candle ear » est dangereux et semble inefficace. Vous pouvez vous brûler avec de la cire chaude ou la flamme de la bougie, et même perforer votre oreille interne. En général, le cérumen sortira de vos oreilles tout seul avec le temps. Cependant, si vous sentez qu'il y a une accumulation inhabituelle ou un risque d'infection, vous pouvez utiliser quelques remèdes maison pour soulager. Si vous ne pouvez pas faire traiter vos oreilles par un médecin, vous pouvez : appliquer des gouttes en vente libre qui ramollissent le cérumen. Recherchez celles qui contiennent du peroxyde de carbamide. Appliquez des gouttes d'huile minérale, d'huile pour bébé, de glycérine ou de peroxyde d'hydrogène dans vos oreilles. Utilisez un kit de retrait de cérumen en vente libre. Ces kits contiennent une seringue en caoutchouc pour utiliser de l'eau tiède afin de rincer le cérumen. Les choses dont vous avez besoin pour ces traitements devraient être disponibles dans les pharmacies. Vous pouvez même trouver des kits de retrait de cérumen dans les pharmacies qui incluront une seringue en caoutchouc et des instructions d'utilisation. Si vous appliquez des gouttes auriculaires ou d'autres liquides pour ramollir et/ou enlever le matériau dans votre oreille, suivez attentivement les instructions spécifiques fournies avec les gouttes (ou par votre médecin). Il peut falloir quelques jours pour que ces traitements fonctionnent. Si vous utilisez un liquide comme l'huile minérale, l'huile pour bébé, la glycérine ou le peroxyde d'hydrogène, appliquez quelques gouttes dans votre oreille à l'aide d'un compte-gouttes. Après un jour ou deux, le cérumen devrait être ramolli. Vous pouvez utiliser une seringue en caoutchouc pour injecter doucement un peu d'eau tiède dans votre oreille. Inclinez la tête en arrière et tirez doucement sur votre oreille externe. Cela ouvrira votre conduit auditif. Une fois que l'eau est dans votre oreille, inclinez votre oreille de l'autre côté pour laisser l'eau s'écouler. Ensuite, séchez votre oreille externe avec un coton-tige ou un sèche-cheveux. Vous devrez peut-être répéter ce processus plusieurs fois pour que cela fonctionne. Si cela ne semble pas aider après quelques essais, contactez votre médecin.

### Instruction2:
Évitez d'insérer des objets dans vos oreilles pour retirer l'accumulation de cérumen. Utilisez des gouttes auriculaires ou des kits de retrait de cérumen en vente libre pour soulager l'accumulation. Suivez les instructions et consultez un médecin si nécessaire.",4.849634647369385
036_39671,"### Instruction1:
Célébrez ses succès et soyez patient avec elle lors de ses échecs. N'oubliez pas que l'objectif est qu'elle veuille utiliser le pot toute seule, et non pas qu'elle le fasse par peur de la punition. Une récompense occasionnelle permet à votre petite fille de savoir à quel point vous êtes fier d'elle et peut la rendre plus déterminée à continuer son apprentissage. Vous pouvez la récompenser de temps en temps en lui permettant de regarder une vidéo ou en lui donnant des autocollants ou de petites friandises après des passages réussis sur le pot. Si votre fille a un accident, rappelez-lui doucement que le pipi et le caca vont dans le pot, mais ne criez pas et ne la réprimandez pas. Une fois que votre fille est propre pendant la journée, commencez à vérifier ses couches le matin pour surveiller si elle continue à mouiller la nuit. Si ses couches commencent à sembler sèches, elle est probablement prête. De plus, si elle exprime le désir d'essayer de porter des sous-vêtements normaux la nuit, laissez-la essayer. Si son corps n'est pas encore prêt et qu'elle continue à mouiller le lit pendant quelques nuits consécutives, revenez aux couches pour un peu plus de temps.

### Instruction2:
Encouragez votre fille à être indépendante dans l'apprentissage de la propreté. Récompensez ses réussites et soyez compréhensif face à ses échecs. Surveillez ses progrès la nuit et adaptez son apprentissage en fonction de sa préparation.",2.718442678451538
036_5093,"### Instruction1:
Utilisez un couteau bien aiguisé qui est assez fin pour entrer dans l'ouverture de la bouteille. Pour cette méthode, vous aurez plus de chances de succès si vous utilisez un couteau plat et non un couteau dentelé. Le couteau plat pourra glisser facilement dans le bouchon sans rencontrer autant de résistance qu'un couteau dentelé. Enfoncez le couteau d'environ 2,5 cm dans le bouchon. Ne poussez pas le couteau au centre du bouchon. Vous devez l'enfoncer sur le bord afin que lorsque vous le tournerez, vous puissiez faire des tours plus larges. Vous ne dévissez pas le bouchon autant que vous tournez le couteau et le bouchon ensemble. Ce mouvement ressemble plus à celui de tourner une poignée de porte qu'à dévisser un bouchon de bouteille. Tiretez vers le haut en tournant le couteau. Soyez très prudent ici car vous devrez maintenant saisir la partie plate de la lame du couteau. Portez des gants si vous en avez pour protéger vos doigts. Commencez à tourner le couteau, très lentement, autour de l’ouverture de la bouteille. Le couteau doit être incliné à environ quarante-cinq degrés pour lui donner un avantage. Vous devrez peut-être essayer de caler la lame du couteau entre la bouteille et le bouchon, selon la quantité de bouchon dont vous disposez. Une fois que vous êtes capable de tirer le bouchon suffisamment pour bien le saisir avec vos doigts, retirez le couteau. Dès que vous n'avez plus besoin du couteau comme coin pour tirer le bouchon, posez-le et retirez le reste du bouchon avec vos doigts. Ensuite, savourez votre vin ou votre champagne.

### Instruction2:
Pour retirer un bouchon de bouteille, utilisez un couteau plat bien aiguisé et insérez-le sur le bord du bouchon. Tournez lentement le couteau tout en tirant vers le haut. Une fois le bouchon suffisamment tiré, retirez-le avec vos doigts et profitez de votre boisson.",3.8309550285339355
036_58033,"### Instruction1:
Lors d'une rencontre avec une personne royale, il est important d'offrir une révérence ou une courbette. Cela est considéré comme une formalité, surtout lorsqu'il s'agit d'un membre de la famille royale britannique. Si vous êtes un homme, vous devez faire une révérence en inclinant la tête. Si vous êtes une femme, faites une petite courbette, ce qui signifie incliner légèrement votre corps en pliant vos genoux. Ce sont parmi les types de royauté les plus élevés, donc assurez-vous de les aborder correctement. Les empereurs, rois et reines doivent tous être appelés différemment. En parlant d'un empereur, vous diriez ""Sa Majesté Impériale, Empereur de (Nom du Pays)""; lorsqu'on s'adresse à lui ou elle, remplacez ""Sa"" par ""Votre"". En parlant d'un roi, dites ""Sa Majesté, le Roi."" En s'adressant à une reine, dites ""Votre Majesté, ma Reine."" Comme ce sont généralement les deuxièmes royautés les plus élevées, veillez à les aborder correctement. Les princes et princesses doivent être abordés différemment. Pour un prince, dites ""Son Altesse Royale, Prince de (Nom du Pays)."" Pour une princesse, dites ""Son Altesse Royale, Princesse de (Nom du Pays)."" Il y a aussi des titres formels nécessaires ici. Lors d'une rencontre avec un duc ou une duchesse, une salutation formelle est nécessaire. Pour un duc, dites ""Sa Grâce, le Duc de (Nom du Pays)."" Pour une duchesse, dites ""Sa Grâce, la Duchesse de (Nom du Pays)."" Il existe diverses autres formes de royauté de rang inférieur, comme les barons, les chevaliers, les marquis, les comtes et les comtesses. Il existe également des titres appropriés pour ces personnes qui doivent être utilisés lors de leur adresse. Certains titres sont simples. Par exemple, un chevalier est simplement appelé ""Monsieur"" suivi de son nom, et la femme d'un chevalier est appelée ""Dame,"" suivie de son nom. Il en est de même pour les baronets et leurs épouses. Les personnes royales qui se situent entre les chevaliers et les baronets et des positions comme roi et reine sont généralement appelées ""Le Très Honorable,"" suivi de leur nom. Un marquis, par exemple, serait appelé ""Le Très Honorable.""

### Instruction2:
Lors d'une rencontre avec la royauté, il est essentiel d'adopter un comportement formel, comme faire une révérence pour les hommes ou une courbette pour les femmes. Les titres appropriés doivent être utilisés pour chaque rang de royauté, allant des empereurs et rois aux princes et princesses, ainsi que pour les ducs et duchesses. Les titres doivent être respectés pour chaque catégorie, témoignant ainsi de la hiérarchie et du respect envers la royauté.",4.905531167984009
036_10038,"### Instruction1:
C'est l'icône de bulle de chat bleue avec un éclair blanc à l'intérieur. Vous le trouverez généralement sur l'écran d'accueil ou dans le tiroir d'applications (Android). C'est dans le coin supérieur droit de Messenger. C'est en bas du menu. C'est en bas de la liste. Cela vous déconnecte et désactive votre compte. Si vous vous reconnectez avec votre nom d'utilisateur et votre mot de passe Facebook, votre compte sera réactivé.

### Instruction2:
Pour se déconnecter de Messenger, cliquez sur l'icône de bulle de chat bleue. Cela désactivera votre compte, mais vous pourrez le réactiver en vous reconnectant avec vos identifiants Facebook.",1.5271902084350586
036_57589,"### Instruction1:
Avant de décider de laver un chapeau blanc, vous devez l'examiner soigneusement. Regardez comment le chapeau est cousu, la bande intérieure et le bord. Si le chapeau semble être fabriqué à partir de matériaux de qualité, a une couture durable et possède un bord en plastique, il est un bon candidat pour le lavage. N'essayez pas de laver un chapeau avec une visière en carton. Évitez de laver un chapeau s'il a des coutures lâches ou fragiles. Vous devez déterminer de quel type de matériau est fait le chapeau. Regardez l'étiquette ou l'impression à l'intérieur du chapeau. Cela devrait vous indiquer de quel matériau le chapeau est fait, comme le coton, le polyester, la toile ou la laine. Ces matériaux sont tous lavables. L'étiquette ou l'impression à l'intérieur de votre chapeau peut vous dire comment vous devez laver le chapeau. Ces instructions peuvent inclure quelle température d'eau utiliser, s'il faut le laver à la main ou en machine, et comment vous devez sécher votre chapeau. Il est important de suivre ces instructions si l'étiquette de votre chapeau les inclut. Si vous n'êtes pas sûr de pouvoir laver votre chapeau blanc en toute sécurité chez vous, envisagez de l'emmener chez un nettoyeur à sec. Un nettoyeur à sec peut nettoyer le chapeau pour vous ou vous donner des conseils sur la façon de laver le chapeau vous-même. Laver un chapeau dans le lave-vaisselle peut entraîner des dommages. Cela est dû aux températures élevées et à l'intensité de lavage de la machine. Pour de meilleurs résultats, vous devriez laver votre chapeau à la main ou l'emmener chez un nettoyeur à sec.

### Instruction2:
Avant de laver un chapeau blanc, examinez-le attentivement pour vérifier la qualité de sa fabrication. Assurez-vous qu'il est fait de matériaux lavables et suivez les instructions d'entretien fournies sur l'étiquette. En cas de doute, il est préférable de confier le chapeau à un nettoyeur à sec. Évitez de le laver au lave-vaisselle, car cela pourrait l'endommager.",3.5322964191436768
036_40120,"### Instruction1:
Une fois que vous et la fille commencez à bien vous entendre, n’hésitez pas à flirter un peu de manière décontractée et à la toucher. Penchez-vous un peu plus près d’elle et placez votre main sur son bras ou son épaule et observez sa réaction. Si elle se recule ou s’éloigne, il est probablement mieux de prendre du recul. Mais si elle se rapproche de vous ou vous touche en retour, c'est un signe qu'elle veut que vous franchissiez la barrière du contact physique. Vous pouvez aussi lui donner une tapote amicale sur le bras lorsque vous vous taquinez, ce qui donne l'impression que vous rigolez simplement. Vous pouvez être audacieux et lui faire un compliment sur ses boucles d’oreilles ou son bracelet tout en tendant la main pour le toucher comme excuse pour vous rapprocher d'elle. Si vous êtes assis, rapprochez-vous un peu afin que vos genoux, cuisses ou pieds se touchent. Vous devriez lui demander de sortir lorsque les choses sont à leur apogée. Quand vous riez, passez un bon moment et qu'elle apprécie clairement la conversation, vous devriez dire quelque chose comme : « J'aimerais continuer cette conversation sur Radiohead, mais je dois y aller. Peut-on en reparler autour d'un dîner ou d'un verre bientôt ? » Faites-le sonner décontracté pour qu'elle ne soit pas prise au dépourvu. Si les choses se passent bien, elle sera plus susceptible de dire oui. Si vous attendez trop longtemps pour lui demander de sortir et que la conversation devient ennuyeuse, elle sera moins encline à vouloir vous parler. Si vous manquez déjà de sujets de conversation, pourquoi voudrait-elle plus de cela un autre jour ? Demandez-lui simplement son numéro de téléphone de manière décontractée. Dites simplement : « Hé, puis-je t’appeler un de ces jours ? » ou « J'aimerais te revoir. Puis-je avoir ton numéro ? » Ne dramatisez pas cela ou ne lui dites pas que vous pensez qu'elle est la fille parfaite pour vous. Demandez-lui simplement son numéro, c'est tout, et montrez-lui que vous n'êtes pas trop angoissé à l'idée de demander. Rappelez-vous que la pire chose qui puisse arriver est qu'elle dise non, ce qui, au fond, n'est pas si grave. Ne demandez pas si vous pouvez la contacter sur les réseaux sociaux en premier recours. Bien que vous puissiez penser que c'est moins stressant de dire : « Hé, puis-je te contacter sur Facebook un de ces jours ? », cela donne en réalité l'impression que vous ne prenez pas cela au sérieux. Si vous voulez vraiment séduire la fille, obtenez son numéro. Si vous voulez voir si la fille va rentrer chez vous ce soir, alors vous devrez être charmant à ce sujet. Vous pouvez opter pour la méthode « Hé, sortons d'ici », ou être un peu plus galant et lui demander si vous pouvez aller au bar à vin de l'autre côté de la rue ou dans un autre lieu public pour discuter d'abord. Vous pouvez même dire : « J'aime tellement parler avec toi, mais je veux aller dans un endroit plus privé. Qu'en penses-tu ? » Faites-lui voir que vous voulez vraiment passer plus de temps avec elle et que vous êtes intéressé par plus que juste une aventure d'un soir. Cependant, si vous désirez réellement juste avoir une aventure, il n'y a rien de mal à cela, mais vous ne devriez pas lui faire penser que vous voulez quelque chose de plus si c'est le cas. Apprenez à lire les signes qui vous indiquent de faire demi-tour. Si la fille regarde ailleurs, fixe le sol, consulte son téléphone à plusieurs reprises, ou attend que ses amis viennent la sauver, cela signifie que les choses ne se passent probablement pas bien. Si elle répond à peine et s'éloigne subtilement lorsque vous la touchez, alors vous ne devriez pas essayer de la séduire. Peut-être qu'elle a un petit ami ou qu'elle n'est tout simplement pas intéressée. Quelle qu'en soit la raison, il vaut mieux prendre du recul pendant que vous êtes en avance. Lisez son langage corporel pour voir si elle est intéressée par vous. Si elle tourne régulièrement son corps loin de vous, croise les bras sur sa poitrine, ou recule légèrement lorsque vous la touchez, c'est qu'elle ne se sent probablement pas à l'aise. Il est acceptable d'admettre que vous n'êtes pas désiré. Peut-être que la fille voulait juste passer du temps avec ses amis. Ne laissez pas cela vous affecter et concentrez votre énergie sur la prochaine fille qui attirera votre attention.

### Instruction2:
N'hésitez pas à flirter et à établir un contact physique léger avec la fille. Demandez-lui de sortir lorsque la conversation est à son meilleur. Obtenez son numéro de téléphone de manière décontractée. Lisez son langage corporel pour évaluer son intérêt et ne forcez pas si elle ne semble pas intéressée.",8.378113746643066
036_24659,"### Instruction1:
Votre cou peut ne pas se sentir bien parce que votre environnement de sommeil n'est peut-être pas adapté à votre corps. Des matelas trop mous ou des oreillers trop épais peuvent contribuer à des problèmes de cou et de haut du dos. Évitez de dormir sur le ventre, car cela peut faire tourner votre tête et votre cou de manière à irriter les articulations et les muscles de la colonne cervicale. Essayez de dormir sur le côté avec vos bras en dessous du niveau de votre tête et vos hanches et genoux légèrement fléchis (la position fœtale). Essayez d'utiliser un oreiller orthopédique, conçu pour soutenir les courbes naturelles de votre cou. Les problèmes de cou sont souvent causés par des mouvements répétitifs au travail ou de petites blessures liées à l'activité physique. Si votre problème est lié au travail, parlez à votre patron de changer d'activité ou de modifier votre poste de travail. Peut-être que votre ordinateur est positionné de manière à solliciter votre cou. Si c'est le cas, positionnez-le directement devant vous à hauteur des yeux. Au lieu de tenir constamment votre téléphone contre votre oreille et de tordre votre cou, utilisez la fonction haut-parleur. Si votre travail implique beaucoup de conduite, changez la position du dossier de votre siège de manière à ce que votre tête repose confortablement contre l'appui-tête, ce qui réduira la tension dans votre cou. Peut-être que votre problème de cou est lié à l'exercice à la salle de sport ou à la maison. Dans ce cas, faites une pause dans l'activité causative (si vous pouvez l'identifier) pendant quelques jours et laissez votre cou récupérer. De plus, vous pourriez vous entraîner trop agressivement (soit trop de poids ou de répétitions) ou avec une mauvaise forme : consultez un entraîneur personnel, si vous n'êtes pas sûr. Placer la barre de poids à la base de votre cou en faisant des squats peut causer des entorses des articulations cervicales. Utiliser votre tête comme levier en faisant des crunchs abdominaux peut entraîner une tension ou une entorse dans votre cou. Les mouvements au-dessus de la tête, comme les exercices de développé militaire, peuvent également entraîner un inconfort cervical.

### Instruction2:
L'environnement de sommeil et la posture peuvent affecter la santé de votre cou. Évitez de dormir sur le ventre, utilisez un oreiller orthopédique, et faites attention à votre position de travail et d'exercice pour éviter les tensions cervicales.",4.084045171737671
036_54437,"### Instruction1:
Les deux chaussures ont une petite étiquette rouge de Vans sur le talon. Ces étiquettes sont situées sur la bande en caoutchouc, et non sur le tissu de la chaussure. Déchirez deux petits morceaux de ruban adhésif de la taille des étiquettes. Collez-les sur les étiquettes rouges, les couvrant complètement. La plupart des gens préfèrent préserver l'apparence originale des étiquettes, donc elles doivent être protégées contre le cirage noir. Mettez vos chaussures de côté pour qu'elles sèchent pendant que vous passez au nettoyage des lacets. Le cirage met généralement environ 15 minutes à sécher complètement. Si vous avez utilisé beaucoup de cirage, cela peut prendre un peu plus de temps. Assurez-vous qu'elles sont sèches au toucher avant de porter vos chaussures. Enlevez le ruban adhésif des talons une fois que les chaussures sont sèches au toucher.

### Instruction2:
Protégez les étiquettes des chaussures avec du ruban adhésif avant de les cirer. Laissez sécher le cirage pendant environ 15 minutes, puis retirez le ruban une fois les chaussures sèches.",2.0961556434631348
036_21090,"### Instruction1:
La toux de chenil est très contagieuse, car chaque fois que votre chien tousse, il libère des particules aérosol qui peuvent propager la maladie. Si vous pensez que votre chien a la toux de chenil, il est important de l'isoler immédiatement des autres chiens. Un chien atteint de toux de chenil ne doit pas être promené. Les autres chiens dans le même foyer sont potentiellement à risque. Cependant, au moment où les symptômes se développent, ils ont déjà été exposés, donc les séparer du chien malade à ce stade n'apporte aucun bénéfice. Il est préférable de faire examiner tout chien ayant une toux par un vétérinaire dès que possible. Le vétérinaire pourra vérifier que la toux est due à une infection, plutôt qu'à une autre cause comme une maladie cardiaque. Il ou elle pourra également vous dire si le chien a besoin de traitement ou non. Le vétérinaire effectuera un examen physique approfondi, y compris la prise de la température du chien, la palpation des ganglions lymphatiques dans sa gorge, un contrôle de sa bouche pour un objet étranger, et l'écoute de son cœur et de ses poumons avec un stéthoscope. En l'absence d'un souffle cardiaque, et si le vétérinaire soupçonne fortement une toux de chenil, il ou elle peut suggérer un « diagnostic par traitement » plutôt que des analyses sanguines et d'autres tests coûteux. Si le chien ne répond pas au traitement comme prévu, une enquête plus approfondie peut être nécessaire. Lorsque vous appelez pour prendre rendez-vous, informez la réceptionniste que vous soupçonnez que votre chien a la toux de chenil. Il ou elle peut vous demander d'attendre à l'extérieur jusqu'à ce que le vétérinaire vous appelle. Cela vise à réduire le risque pour les autres patients canins dans la salle d'attente qui pourraient être exposés à l'infection. Votre vétérinaire peut ou non prescrire des antibiotiques pour votre chien. S'ils sont prescrits, administrez-les comme indiqué. Les antibiotiques ne sont pas appropriés dans tous les cas. En effet, l'infection peut être virale, auquel cas les antibiotiques ne seront d'aucune aide, car c'est le système immunitaire du chien qui doit combattre et éliminer l'infection. Il n'y a aucun moyen de différencier les infections bactériennes des infections virales sur la base d'un examen physique seul. D'autre part, si votre chien n'est pas capable de combattre l'infection par lui-même, ou si le vétérinaire constate que le chien a de la fièvre ou entend des signes de congestion dans la poitrine du chien, cela peut suggérer que le chien a une infection bactérienne secondaire à la suite de l'infection primaire (qui peut être virale ou bactérienne). Dans de telles conditions, un antibiotique peut être prescrit. Faites couler la douche à chaud pendant quelques minutes avec la fenêtre et la porte fermées. Asseyez-vous avec le chien dans l'atmosphère humide pendant cinq à dix minutes, en veillant à tenir le chien éloigné de l'eau chaude. Cela aide à desserrer le mucus dans la poitrine du chien, ce qui peut soulager la toux. Le processus peut être répété aussi souvent que nécessaire tout au long de la journée. Ne laissez jamais votre chien sans surveillance dans la salle de bain avec de l'eau chaude qui coule, car il pourrait se brûler. Autant que possible, empêchez le chien de s'engager dans une activité intense. Ne promenez pas le chien. Non seulement cela représente un risque d'infection pour les autres chiens, mais l'effort (surtout respirer de l'air froid) est susceptible d'irriter les voies respiratoires de votre chien et d'aggraver la toux. Tousser a le rôle important de déplacer le mucus hors de la poitrine du chien et de garder les poumons dégagés. Arrêter complètement la toux n'est pas judicieux, car cela signifie que le mucus reste dans les poumons et rend la respiration plus difficile pour le chien. Cependant, si le chien tousse tellement qu'il ne peut pas dormir la nuit, il est acceptable de donner un certain soulagement contre la toux. Un médicament contre la toux approprié est une cuillère à soupe de Robitussin DM pour enfants. Donnez au chien environ une cuillère à café pour chaque 20 livres de poids. Ne donnez jamais d'autres remèdes contre la toux et le rhume humains à un chien sans consulter d'abord votre vétérinaire. Administrer la mauvaise dose ou ingérer certains ingrédients actifs dans les médicaments peut causer de graves problèmes de santé. Idéalement, donnez le médicament contre la toux juste une fois dans chaque période de 24 heures. Si la gorge de votre chien est irritée, vous pouvez également lui donner un remède maison simple qui aidera à apaiser la démangeaison. Donnez au chien une cuillère à soupe de miel et une cuillère à café de jus de citron, mélangés dans de l'eau chaude. Cette concoction peut être donnée toutes les heures, si nécessaire. Ne donnez jamais cela à un chien diabétique, car le miel sera nuisible. Pour aider votre chien à combattre l'infection, demandez à votre vétérinaire de vous parler de la possibilité de lui donner des pilules de vitamine C écrasées dans de l'eau, de l'écorce de baies sauvages, de la menthe poivrée, du miel cru ou de la yerba santa. Ces traitements ne sont pas scientifiquement prouvés, mais des preuves anecdotiques suggèrent qu'ils peuvent être bénéfiques. Si votre chien fait partie d'un groupe à haut risque (par exemple, s'il passe du temps dans des chenils, assiste à des expositions canines ou côtoie beaucoup de chiens dans le parc), envisagez une vaccination contre la toux de chenil pour prévenir une infection future. Ce vaccin est efficace contre les principales causes de toux de chenil et offre une protection de 12 mois. La toux de chenil n'est généralement pas une affection fatale, mais c'est une condition profondément désagréable. Il vaut la peine d'envisager la vaccination, surtout si votre chien est âgé ou a d'autres problèmes de santé.

### Instruction2:
La toux de chenil est une maladie très contagieuse chez les chiens qui nécessite une isolation immédiate et une consultation vétérinaire. Les symptômes doivent être évalués pour déterminer s'il s'agit d'une infection bactérienne ou virale. Les antibiotiques peuvent être prescrits si une infection bactérienne secondaire est suspectée. Des remèdes maison comme le miel et le jus de citron peuvent apaiser la toux, mais des traitements comme les antibiotiques doivent être gérés avec précaution. Il est conseillé de vacciner les chiens à risque pour prévenir cette maladie.",9.929294347763062
036_22186,"### Instruction1:
Vous devez vous assurer que le garçon ne vous a pas fermement placée dans la zone d’amis et qu’il ne pense pas non plus qu'il est dans votre ""zone d'amis"". Il y a quelques choses que vous pouvez faire pour faire la distinction entre ""juste amis"" et ""plus que des amis"". Si jamais il essaie de vous traiter comme l’un des garçons, ne le laissez pas faire. Faites-lui comprendre que vous n’êtes pas là juste pour être sa copine. S’il vous invite à sortir avec un groupe de garçons, habillez-vous bien, comme si vous vous prépariez pour un rendez-vous. Regardez comment il vous demande des conseils. S’il vous demande toujours ce qu’il devrait faire à propos d’une fille ou d’une autre, alors il vous voit peut-être juste comme une amie. Essayez de changer de sujet et montrez-lui que vous êtes une personne avec qui on peut sortir. Il y a une différence entre donner des indices que vous aimeriez qu'il vous invite à sortir et être très évidente sur votre envie d'un rendez-vous. Si vous êtes trop évidente, vous ne laisserez rien à l'imagination et vous ne paraîtrez pas aussi désirable. Évitez de lui accorder trop d'attention. Cela pourrait l'accabler et il est préférable de rester détachée. Évitez de lui demander constamment de sortir ensemble. S’il ne répond pas, il ne ressent peut-être pas la même chose. Évitez de parler de vos week-ends libres ou de votre emploi du temps flexible. Au lieu de cela, parlez de tous les projets amusants que vous avez devant vous. Il devrait sentir qu'il doit s'intégrer dans votre emploi du temps chargé s'il veut vous voir, pas que vous attendez quelque chose d'amusant à faire. Si vous voulez vraiment que le garçon vous demande de sortir et que vous sentez que vous avez été assez claire, il y a deux choses que vous pouvez faire. Passez à autre chose. Si vous avez été claire sur votre envie qu'il vous demande de sortir et qu'il ne bouge pas, peut-être qu'il n'est tout simplement pas intéressé et que vous devriez trouver quelqu'un qui mérite mieux votre affection. Demandez-lui de sortir. S'il est vraiment timide mais que vous avez l'impression qu'il veut mieux vous connaître, soyez audacieuse et demandez-lui de sortir. Si cela vous rend nerveuse, demandez-lui de sortir avec vous dans un grand groupe d'abord.

### Instruction2:
Assurez-vous que le garçon ne vous considère pas comme une simple amie. Montrez-lui que vous êtes intéressée à plus qu'une simple amitié. Évitez de lui donner trop d'attention et ne soyez pas trop évidente dans vos attentes. Si cela ne fonctionne pas, envisagez de passer à autre chose ou demandez-lui directement de sortir.",4.756465673446655
036_29731,"### Instruction1:
Que ce soit la serviette que vous avez utilisée après votre douche ou vos vêtements de sport après une heure au gymnase, ne jetez pas simplement vos vêtements humides sur le sol ou dans le panier à linge. Au lieu de cela, drapez vos vêtements mouillés sur le côté du panier à linge ou accrochez-les sur la tringle de la douche pour les faire sécher avant qu'ils ne soient mis dans le linge. Regrouper des vêtements humides les fera rester humides plus longtemps, donnant à la moisissure une meilleure chance de se développer. L'utilisation excessive de détergent à lessive peut entraîner une accumulation de mousse de savon qui ne sera jamais complètement rincée lors du lavage. Ce résidu nourrit ensuite les bactéries responsables des odeurs, laissant même vos vêtements les plus propres avec une odeur désagréable. Chaque fois que vous lavez vos vêtements, mesurez soigneusement votre détergent pour vous assurer de ne pas en ajouter trop. Suivez les instructions sur l'emballage de votre détergent pour savoir combien en ajouter. En cas de doute, ajoutez un peu moins de détergent que ce que vous pensez avoir besoin. L'assouplissant laisse vos vêtements doux et leur donne une bonne odeur, mais lorsqu'il est utilisé sur des vêtements de sport extensibles et synthétiques, il laisse un résidu glissant qui est presque impossible à enlever. Ce résidu empêche l'eau de pénétrer le tissu, ce qui signifie que vos vêtements auront une mauvaise odeur même s'ils sont propres. Le résidu d'assouplissant favorisera également la croissance des bactéries de la même manière que l'utilisation excessive de détergent. Laisser vos vêtements propres dans le lave-linge fera qu'ils commenceront à développer de la moisissure après quelques heures, ou même plus tôt si le temps est vraiment chaud et humide. Essayez de les transférer dans le sèche-linge ou de les suspendre pour sécher dès que possible après les avoir lavés. Si vous laissez accidentellement votre linge trop longtemps dans la machine à laver, passez-le à nouveau dans un cycle avec un peu de vinaigre pour aider à éliminer l'odeur avant de les sécher. Si vous gardez vos vêtements dans un sous-sol humide ou dans un environnement humide comme la salle de bain, l'humidité de l'environnement sera absorbée par le tissu, entraînant la croissance de moisissure. Au lieu de cela, gardez vos vêtements dans un placard bien ventilé ou une commode. Les sacs en plastique de nettoyage à sec peuvent également piéger l'humidité et entraîner la moisissure sur vos vêtements. Si l'air dans votre pièce est extrêmement humide, placez un déshydratant comme des sachets de gel de silice dans vos tiroirs de commode ou le fond de votre placard. Vous pouvez les acheter dans des magasins de bricolage ou d'artisanat. Parfois, les machines à laver, en particulier les modèles à chargement frontal, peuvent développer de la moisissure, qui peut ensuite être transférée à vos vêtements. Si vous pensez que la machine à laver pourrait être le problème, trempez un chiffon dans de l'eau chaude savonneuse et nettoyez le joint autour de la porte et tous les distributeurs de détergent, puis versez 1 tasse (240 mL) de javel et 1 tasse (240 mL) de bicarbonate de soude et lancez un cycle normal ou de nettoyage. Si vous le souhaitez, vous pouvez ajouter 1/2 tasse (120 mL) de détergent enzymatique pour un pouvoir supplémentaire d'élimination des odeurs. Pour éviter la formation de moisissure dans votre machine à laver, laissez la porte entrouverte après chaque cycle pour que la machine sèche, et retirez toujours les vêtements mouillés immédiatement.

### Instruction2:
Ne laissez pas vos vêtements humides traîner; faites-les sécher correctement. Mesurez le détergent pour éviter l'accumulation de résidus. Ne laissez pas vos vêtements propres dans la machine à laver trop longtemps. Gardez vos vêtements dans un endroit bien ventilé pour prévenir la moisissure. Nettoyez régulièrement votre machine à laver pour éviter les problèmes d'odeur.",6.477031230926514
036_4128,"### Instruction1:
Les luxations des orteils sont une conséquence relativement courante des traumatismes du pied, qu'ils soient accidentels (comme se cogner l'orteil) ou intentionnels (comme frapper un ballon de football). Un orteil luxé est certes douloureux et apparaît mal aligné, mais il n'implique généralement pas de fracture. Le réalignement de l'orteil luxé par un type de procédure manuelle ou d'ajustement (pratiqué par des médecins, des podiatres et des chiropraticiens) est le traitement le plus approprié. Le soulagement de la douleur suit souvent immédiatement le traitement. Les luxations ne se réalignent pas souvent spontanément sans intervention d'un professionnel de santé. Plus une articulation reste luxée longtemps, plus le risque de dommages permanents aux ligaments et/ou tendons est grand, il est donc important de recevoir un traitement rapidement après la blessure. Une fois que l'articulation de votre orteil est à nouveau réalignée, il est important de la soutenir avec une attelle ou un ruban médical solide car les ligaments et tendons qui maintiennent l'articulation droite peuvent être temporairement étirés ou affaiblis. En conséquence, l'orteil nouvellement redressé peut être quelque peu instable pendant quelques jours jusqu'à ce que les tissus conjonctifs puissent se renforcer. Envisagez de fabriquer votre propre attelle avec des bâtonnets de glace et du ruban adhésif. Peu après que votre orteil luxé ait été réaligné et stabilisé, vous devriez le renforcer avec des exercices spécifiques. Les torsions de serviette (utiliser vos orteils pour froisser ou ramasser une serviette du sol) et la prise de billes (ramasser des billes du sol avec vos orteils) fonctionnent bien pour renforcer les tendons et les muscles de vos orteils et de votre pied. Parlez à votre médecin avant de commencer une routine d'exercices pour les orteils, surtout si vous avez d'autres conditions médicales telles que l'arthrite ou le diabète. Si ces exercices ne fonctionnent pas bien ou sont douloureux à réaliser, consultez un physiothérapeute ou un podiatre pour une assistance plus personnalisée.

### Instruction2:
Les luxations des orteils sont fréquentes en cas de traumatisme. Elles ne nécessitent généralement pas de traitement chirurgical, mais doivent être réalignées par un professionnel de santé. Après le traitement, il est important de stabiliser l'orteil et de le renforcer avec des exercices appropriés. Consultez votre médecin avant de commencer des exercices, surtout si vous avez d'autres problèmes de santé.",4.437047719955444
036_52860,"### Instruction1:
L'une des façons les plus traditionnelles de structurer une histoire est d'utiliser le diagramme de l'intrigue triangulaire, également connu sous le nom de pyramide de Freytag. La pyramide de Freytag se divise en six sections : la mise en place, l'incident déclencheur, l'action montante, le point culminant, l'action descendante et la résolution. Le diagramme apparaît comme un triangle ou une pyramide, avec la mise en place à la base du triangle, suivie par le développement de l'incident déclencheur et de l'action montante. Le sommet du triangle représente le point culminant de l'histoire, suivi par la pente descendante de l'action et le nivellement du triangle, ou la résolution de l'histoire. Ce type de diagramme d'intrigue est souvent utilisé dans les romans pour aider à structurer l'action de l'histoire. Cela peut être un moyen utile de s'assurer que vous avez tous les éléments nécessaires d'une histoire dans votre roman, et de nombreux lecteurs réagiront positivement à un texte structuré selon un diagramme d'intrigue qui présente une montée et une descente. Vous pouvez dessiner votre propre diagramme d'intrigue et écrire chaque section ou point de l'intrigue directement dessus. Parfois, il peut être utile d'avoir une référence visuelle comme guide pour votre histoire. Bien que de nombreux romans commencent par intégrer la mise en place à l'incident déclencheur, il peut être avantageux d'écrire votre mise en place lors des étapes de planification de votre histoire. Identifier la mise en place de votre histoire pourrait également vous aider à identifier votre protagoniste ainsi que les thèmes ou les idées principales de votre histoire. Votre mise en place devrait inclure le cadre de l'histoire, des informations sur votre protagoniste et introduire le conflit de ce dernier. Cela peut être quelques lignes abordant ces éléments ou une scène réelle où votre protagoniste parle à d'autres personnages et se déplace dans le cadre. Par exemple, la mise en place du premier livre de la célèbre série Harry Potter de J.K. Rowling, Harry Potter à l'école des sorciers, se concentre sur l'introduction du protagoniste de la série, Harry Potter. Elle introduit également le lecteur dans le monde des Moldus et le monde des sorciers à l'école de sorcellerie de Poudlard. L'incident déclencheur dans votre histoire sera l'événement qui change le cours de la vie de votre personnage principal. Cela devrait surprendre le protagoniste et sembler risqué pour lui. Souvent, l'incident déclencheur apparaît juste après que la mise en place a été introduite dans un roman. Par exemple, dans Harry Potter à l'école des sorciers, l'incident déclencheur est lorsque Harry est visité par Hagrid le géant et apprend qu'il est un sorcier et qu'il a été accepté à Poudlard. Cette information change la vie de Harry et sa trajectoire en tant que personnage. Il quitte sa situation malheureuse avec les Dursley dans le monde des Moldus et se rend à Poudlard avec Hagrid. Cet incident déclenche alors une chaîne d'événements dans la vie de Harry. L'action montante, ou la pente ascendante de l'incident déclencheur au point culminant, est souvent la plus longue section d'un roman ou d'une histoire. Dans la section de l'action montante, vous développerez vos personnages, explorerez leurs relations les uns avec les autres et chronométrerez tous les événements importants qui vous permettront d'atteindre le point culminant. L'action montante doit devenir plus suspense à mesure que vous vous rapprochez du point culminant. Parce que la section de l'action montante est souvent composée d'une série d'événements, vous pouvez esquisser chaque événement dans votre diagramme d'intrigue. Assurez-vous que les événements deviennent plus captivants et augmentent les enjeux à mesure que vous vous rapprochez du point culminant. Par exemple, la série d'événements dans l'action montante de Harry Potter à l'école des sorciers pourrait être décrite comme suit : Harry fait du shopping avec Hagrid pour ses fournitures de sorcellerie dans le Chemin de Traverse, y compris sa baguette magique. Harry quitte la maison des Dursley et prend le train pour Poudlard à la gare de la plateforme 9¾. Il rencontre ensuite trois personnages principaux de la série : Ron Weasley, Hermione Granger et son ennemi, Draco Malfoy. Harry reçoit le manteau d'invisibilité. Harry apprend l'existence de la pierre philosophale et partage cette information avec Ron et Hermione. Le point culminant de votre histoire est le moment fort et devrait sembler être le moment le plus important pour le protagoniste. Il pourrait s'agir d'un revers majeur ou d'un défi que le protagoniste doit affronter ou d'une grande décision qu'il doit prendre. Souvent, le point culminant sera un événement externe que le protagoniste doit survivre pour atteindre l'action descendante et la résolution de l'histoire. Par exemple, dans Harry Potter à l'école des sorciers, le point culminant de l'histoire se produit lorsque Harry réalise qu'il y a un complot visant à voler la pierre philosophale. Il s'associe alors à Ron et Hermione pour essayer de la protéger. L'action descendante est généralement la partie la plus riche en actions de l'histoire, où votre récit s'accélère vers la résolution. Le lecteur devrait être en suspense tout au long de l'action descendante et apprendre comment le protagoniste gère le point culminant de l'histoire. Votre action descendante peut se dérouler sur plusieurs chapitres, surtout si le protagoniste fait face à un grand point culminant. L'action descendante peut sembler être un voyage, bien qu'il soit rapide, qui amène les personnages à la résolution de l'histoire. Par exemple, dans Harry Potter à l'école des sorciers, Harry doit prendre une série de décisions cruciales pour sauver la pierre philosophale des mains des personnes malintentionnées. Cette quête s'étend sur plusieurs chapitres et est chronométrée de manière à ce que Harry doive surmonter plusieurs obstacles pour atteindre son objectif. La résolution d'une histoire est parfois appelée conclusion, car elle se produit à la toute fin du roman. Elle doit faire savoir au lecteur si votre protagoniste réussit et atteint ce qu'il veut, ou s'il échoue. Souvent, la résolution révèle également comment le protagoniste a été changé au cours du livre. Cela pourrait être un changement graduel qui est physique, mental, psychologique, ou tout cela à la fois. Votre protagoniste doit voir son monde différemment à la fin du roman qu'au début. Par exemple, dans Harry Potter à l'école des sorciers, la résolution se produit lorsque Harry confronte le professeur Quirrell dans la dernière pièce contenant la pierre philosophale. Quirrell est bientôt révélé comme étant possédé par Lord Voldemort et Harry lutte avec Voldemort pour obtenir la Pierre. Harry s'évanouit durant la lutte et se réveille à l'infirmerie de l'école, entouré de ses amis. Dumbledore dit à Harry qu'il a survécu grâce au pouvoir de l'amour de sa mère. La pierre est alors détruite, Voldemort disparaît, et Harry retourne chez les Dursley pour les vacances d'été. Bien que commencer avec le diagramme d'intrigue standard puisse être utile lors des étapes de rédaction, vous devriez également envisager d'ajuster les sections et de les déplacer dans les versions ultérieures de votre histoire. Envisagez de commencer par l'incident déclencheur immédiatement puis de passer à la mise en place, ou de déplacer le point culminant pour qu'il apparaisse à la toute fin de votre histoire, plutôt que dans la seconde moitié de celle-ci. Jouer avec le diagramme d'intrigue peut rendre votre histoire plus unique et dynamique. Il pourrait être utile d'écrire les parties de votre diagramme d'intrigue sur des morceaux de papier ou des post-it. Ensuite, vous pouvez les placer sur une table ou un mur et les réarranger jusqu'à ce que vous trouviez un ordre qui fonctionne.

### Instruction2:
Le diagramme de l'intrigue triangulaire, ou pyramide de Freytag, est un outil traditionnel pour structurer une histoire, comprenant six sections : mise en place, incident déclencheur, action montante, point culminant, action descendante et résolution. La mise en place présente le cadre, le protagoniste et son conflit, tandis que l'incident déclencheur change le cours de la vie du protagoniste. L'action montante développe les personnages et crée du suspense, menant au point culminant, qui est le moment fort de l'histoire. Ensuite, l'action descendante révèle comment le protagoniste gère le point culminant, avant d'atteindre la résolution, qui conclut l'histoire et montre comment le protagoniste a changé. Ce diagramme peut être ajusté pour rendre une histoire plus dynamique et personnelle.",14.249778747558594
036_21824,"### Instruction1:
Ajustez la longueur en fonction de votre public et du traitement. Viser deux pages maintient les choses simples et concentrées, tandis que cinq pages est un maximum à ne pas dépasser. Garder le texte court augmente la probabilité que quelqu'un lise l'intégralité du traitement. Certaines personnes écrivent des traitements de 30 à 40 pages, mais les chances qu'il soit lu augmentent si vous le gardez en dessous de cinq pages. Une répartition possible des pages est d'une page pour les informations de base comme le titre, le logline, les personnages et le résumé de l'intrigue, une page ou moins pour chacun des trois actes, et une page supplémentaire à réserver. En décrivant votre scénario, utilisez des détails et de bonnes descriptions, mais restez bref. Lisez les phrases à haute voix pour voir si elles sont faciles à lire. Si vous devez respirer en milieu de phrase, c'est trop long. Visez des phrases de 15 à 18 mots ou moins. C'est une indication, car parfois il peut être nécessaire d'écrire des phrases plus longues. Par exemple, ""Gene se promène sur le trottoir et s'arrête pour admirer un bibelot dans une vitrine."" Cette phrase montre une action mais est courte et épurée. Réduisez vos paragraphes à trois à cinq phrases. Évitez toujours d'écrire de gros blocs de texte, car votre lecteur perdra intérêt. Variez le nombre de phrases selon la partie de l'intrigue que vous décrivez. Si vos phrases ne font que huit mots, mettez plutôt 8 à 10 phrases dans le paragraphe. Vous ne voulez vraiment pas d'un paragraphe qui fait à peine deux lignes. Ne tentez pas de rendre votre traitement joli ou plus attrayant visuellement. Utiliser du papier blanc et de l'encre noire est fonctionnel car c'est le plus facile à lire. Votre traitement n'est pas l'endroit pour des schémas de couleurs festifs. Restez avec du papier de taille lettre basique 8½in X 11in (216mm x 279mm). N'utilisez pas de carton, de papier légal ou d'autres variétés de papier. Il est important que votre scénario soit physiquement facile à lire, et ce sont les polices les plus basiques. Vous pourriez penser que votre contenu serait plus attrayant dans quelque chose de stylistique, mais cela ne fera que rendre la lecture plus difficile. Si vous tenez à utiliser une certaine police, assurez-vous qu'elle est simple. Il est absolument vital que vous vérifiiez le traitement plusieurs fois avant de le donner à quelqu'un d'important. Demandez à un ou deux amis de le lire attentivement pour repérer ce que vous avez manqué. Il peut même être judicieux de faire appel à un correcteur professionnel pour y jeter un œil. Le contenu n'est pas la seule chose qui compte. Un lecteur remarquera vos erreurs et cela le détournera de votre scénario même si l'histoire est excellente.

### Instruction2:
Pour rédiger un bon traitement, gardez-le court (moins de cinq pages), utilisez un format simple, et vérifiez soigneusement le contenu et les erreurs avant de le soumettre.",5.1990745067596436
036_29362,"### Instruction1:
De nos jours, de nombreux restaurants ont cessé d'utiliser du MSG dans leur cuisine. Il est néanmoins judicieux de demander et d'insister sur le fait que le MSG n'est pas utilisé dans les plats préparés pour vous. Si vous souhaitez manger à l'extérieur tout en évitant le MSG, sachez quels aliments éviter. Les aliments courants qui contiennent du MSG incluent les bouillons de légumes, les pains, les vinaigrettes, les produits à base de soja, les édulcorants et les arômes. La plupart des chaînes de restauration rapide, telles que McDonald's, Burger King, KFC, Pizza Hut et Chick-fil-A, ajoutent du MSG à leurs plats. Si vous êtes curieux de savoir quels articles contiennent du MSG, consultez le site web du restaurant et examinez la liste des ingrédients.

### Instruction2:
De nombreux restaurants n'utilisent plus de MSG, mais il est important de le demander lors de la commande. Évitez les aliments courants contenant du MSG, notamment les bouillons, les pains et les produits de restauration rapide. Vérifiez les listes d'ingrédients sur les sites des restaurants si vous avez des doutes.",2.0088884830474854
036_2379,"### Instruction1:
Couvrez la zone affectée tant qu'elle est encore humide afin que le bicarbonate de soude ait plus de facilité à adhérer. Si possible, placez un autre objet (comme un seau, un bol ou une bassine en plastique) sur la tache pour qu'elle soit complètement enfermée. De cette façon, plus d'odeur sera piégée plutôt que de s'échapper dans l'air. Vous devez suivre cette étape même si vous avez utilisé du bicarbonate de soude pour absorber le vomi à l'origine. Une deuxième application sera très probablement nécessaire pour éliminer les odeurs plus persistantes. Il faudra plusieurs heures au bicarbonate de sodium pour absorber le reste des résidus responsables des odeurs. En attendant, il n'y a pas grand-chose d'autre à faire que d'être patient. Attendez que le bicarbonate de soude se solidifie en grumeaux secs avant de l'aspirer. Vaporisez la pièce avec un désodorisant puissant ou une version maison mélangée à de l'eau, du jus d'agrumes frais et des huiles essentielles. Si possible, laissez une porte ou une fenêtre ouverte dans la pièce pour favoriser la ventilation. La plupart des odeurs devraient se dissiper dans quelques heures. Allumer le ventilateur de plafond ou la climatisation peut aider à réduire les odeurs puissantes. Évitez de faire fonctionner le chauffage, qui peut épaissir les odeurs et les rendre plus prononcées. Brûler des bougies parfumées peut également aider à améliorer la qualité de l'air dans la pièce. Balayez la zone sous plusieurs angles, en utilisant une variété d'embouts si nécessaire. Passez votre main sur l'endroit pour vous assurer que vous n'avez pas manqué de bicarbonate de soude. Après avoir aspiré une deuxième fois, il sera difficile de dire qu'il y avait une tache auparavant. Utilisez un aspirateur à main ou un aspirateur Shop-Vac pour enlever le bicarbonate de soude de l'intérieur de votre voiture ou d'autres endroits difficiles d'accès. Assurez-vous de vider le contenu de l'aspirateur dans la poubelle pour vous débarrasser des grumeaux avant de l'utiliser à nouveau.

### Instruction2:
Pour éliminer les odeurs persistantes, couvrez la zone affectée avec du bicarbonate de soude et un objet pour piéger les odeurs. Attendez plusieurs heures, puis aspirez. Utilisez un désodorisant et favorisez la ventilation. Évitez le chauffage et utilisez des bougies parfumées pour améliorer l'air.",3.638509511947632
036_31295,"### Instruction1:
Un thermomètre numérique peut mesurer votre température par voie orale, rectale ou dans l'aisselle. Vous ne devez pas essayer de mesurer votre propre température de manière rectale, utilisez donc le thermomètre soit par voie orale, soit dans l'aisselle. Nettoyez le thermomètre avec de l'eau froide, puis avec de l'alcool à friction, puis rincez à nouveau à l'eau froide. N'utilisez jamais un thermomètre qui a été utilisé rectalement dans votre bouche. Ne mangez ni ne buvez quoi que ce soit pendant cinq minutes avant de prendre votre température. Cela pourrait modifier la température dans votre bouche et conduire à une mesure inexacte. Placez l'extrémité du thermomètre sous votre langue et maintenez-le immobile pendant environ 40 secondes. La plupart des thermomètres numériques émettent un bip pour vous indiquer qu'ils ont terminé la mesure. Après avoir lu la mesure, rincez le thermomètre à l'eau froide, nettoyez-le avec de l'alcool à friction et rincez à nouveau pour le stériliser. Enlevez votre chemise ou portez une chemise ample qui vous permet de prendre la mesure à votre aisselle. Placez l'extrémité du thermomètre directement dans votre aisselle. Il doit toucher uniquement la peau, pas le tissu de votre chemise. Attendez environ 40 secondes ou jusqu'à entendre le bip qui vous indique que la mesure est terminée. Prenez la température de l'enfant par la méthode qu'il peut réellement supporter. Un enfant de 2 ans, par exemple, ne peut pas maintenir un thermomètre sous la langue suffisamment longtemps pour obtenir une lecture précise. Les thermomètres auriculaires ont donné des résultats mitigés. La mesure la plus précise que vous pouvez prendre est celle par voie rectale, qui n'est pas douloureuse pour l'enfant. Cela est recommandé pour les enfants âgés de trois mois à quatre ans. Assurez-vous que l'extrémité du thermomètre a été stérilisée avec de l'alcool à friction, puis rincée. Après avoir séché l'extrémité, lubrifiez-la avec de la vaseline pour faciliter le mouvement. Faites allonger l'enfant sur le dos, puis soulevez ses jambes en l'air. Pour les bébés, vous devez soulever les jambes comme lorsque vous changez une couche. Insérez délicatement le thermomètre d'environ 1/2 à un pouce dans le rectum, mais ne forcez pas contre la résistance. Maintenez le thermomètre immobile pendant environ 40 secondes ou jusqu'à ce qu'il émette un bip pour vous indiquer que la mesure est prête. Vous avez peut-être entendu dire qu'une température corporelle saine est de 98,6°F (37°C), mais ce n'est qu'une indication. Une température corporelle normale fluctue, même au cours d'une journée. La température est généralement plus basse le matin et plus élevée le soir. De plus, certaines personnes ont tout simplement des températures de repos plus élevées ou plus basses. Une plage quotidienne saine peut aller de 97,5 à 98,8°F (36,4 à 37,1°C). Les directives pour les températures fébriles sont les suivantes : Enfants : 100,4°F (38°C) mesurés rectalement ; 99,5°F (37,5°C) mesurés oralement ; 99°F (37,2°C) mesurés dans l'aisselle. Adultes : 100,7°F (38,2°C) mesurés rectalement ; 100°F (37,8°C) mesurés oralement ; 99°F (37,2°C) mesurés dans l'aisselle. Les températures inférieures à 100,4°F (38°C) sont considérées comme des ""fièvres légères"". Vous ne devriez pas vous inquiéter d'une fièvre tant qu'elle n'atteint pas 102°F (38,9°C).

### Instruction2:
Un thermomètre numérique peut mesurer la température par voie orale, rectale ou dans l'aisselle, mais l'utilisation rectale est déconseillée pour vous-même. Il est important de nettoyer le thermomètre correctement et de ne rien manger ni boire avant la mesure. Suivez les méthodes appropriées pour prendre la température, en particulier pour les enfants, qui peuvent nécessiter des méthodes adaptées à leur âge. La température corporelle normale peut fluctuer et il existe des directives spécifiques pour les températures fébriles chez les enfants et les adultes.",6.993536710739136
036_54393,"### Instruction1:
Pour de nombreux hommes, décider comment ils veulent que leur barbe de trois jours passe à leur ligne de cou est la partie la plus difficile. Si vous optez pour un look légèrement plus long et plus robuste avec votre barbe, vous voudrez probablement garder un peu de barbe sur votre cou aussi. Pour un look plus propre—ou si la pousse de cheveux sur votre cou est trop parsemée—vous pouvez le nettoyer facilement. Si vous décidez de garder un peu de barbe sur votre cou, estompez-la. Raccourcissez la longueur à un réglage de 2 juste sous votre mâchoire et ensuite à un réglage de 1 autour de votre pomme d'Adam. Cela vous permet d'estomper les cheveux de manière naturelle sans laisser un contraste marqué entre la barbe sur votre visage et un cou lisse. Si vous gardez un look de barbe courte et propre et ne voulez pas que les cheveux s'étendent jusqu'à votre cou, vous pouvez raser juste au-delà de votre mâchoire. Prenez vos doigts et sentez l'endroit juste derrière votre os de la mâchoire sous votre menton où la peau devient douce et où vous pouvez appuyer ; c'est l'endroit où vous voulez créer votre bord naturel pour votre ligne de cou. En vous rasant à partir de ce point, vous permettez à la barbe de s'étendre le long de la portion visible de votre mâchoire et la ligne de contraste nette reste cachée sous votre menton.

### Instruction2:
Choisissez le style de barbe que vous souhaitez, en tenant compte de la transition vers votre cou. Pour un look plus long, gardez un peu de barbe sur le cou et estompez-la. Pour un look propre, rasez juste au-delà de votre mâchoire en créant un bord naturel.",3.0518462657928467
036_3387,"### Instruction1:
Comme le terme le suggère, la guerre spirituelle se produit principalement dans le domaine spirituel. Elle peut avoir des répercussions dans le domaine physique, mais si vous ne vous attaquez pas à un problème à sa racine spirituelle, vous ne pourrez pas le combattre efficacement. Dans Éphésiens 6:12, l'apôtre Paul explique : « Car nous n'avons pas à lutter contre la chair et le sang, mais contre les principautés, contre les puissances, contre les dirigeants des ténèbres de ce monde, contre les esprits méchants dans les lieux célestes. » Ce verset définit la guerre spirituelle comme une lutte contre des puissances qui ne sont pas « de la chair », ce qui signifie des pouvoirs qui ne sont pas physiques ou tangibles par nature. Étant donné que les royaumes spirituel et physique sont connectés, les événements qui se produisent dans le domaine physique peuvent avoir des conséquences spirituelles, et vice versa. L'obéissance à Dieu dans votre vie terrestre, par exemple, renforce votre esprit. Violenter la loi de Dieu dans votre vie terrestre affaiblira également votre esprit. Comme le dit Jacques 4:7, « Soumettez-vous donc à Dieu. Résistez au diable, et il fuira loin de vous. » Vous devez d'abord vous soumettre à Dieu pour pouvoir résister au diable. Ce n'est qu'avec la puissance de Dieu que vous pouvez espérer vaincre l'ennemi. Compter sur la puissance de Dieu nécessite d'accepter le salut offert par le Christ. Vous devez également comprendre que chaque victoire appartient à Dieu. Lorsque vous réprimandez le diable, vous devez le faire au nom de Jésus en vous appuyant sur l'autorité de Dieu sur le mal. Même l'archange Michel dit « Que le Seigneur te réprimande » lorsqu'il se bat avec le diable pour le corps de Moïse (Jude 9). Si même les anges doivent compter sur le nom de Dieu pour réprimander le mal, il n'est pas surprenant que le chrétien doive s'appuyer sur le nom et la puissance du Christ pour le faire. Il est également important de comprendre que le nom du Christ à lui seul ne fait pas le travail. C'est votre relation avec le Christ en tant que chrétien sur laquelle vous devez vous appuyer. Actes 19:13-16 décrit l'histoire des sept fils de Sceva, qui ont utilisé le nom de Jésus pour chasser des esprits mauvais sans avoir de relation solide avec le Christ. Un jour, un esprit maléfique s'est défendu et les a vaincus parce qu'ils avaient placé leur foi dans un aspect erroné du processus. Ils ont simplement utilisé le nom de Jésus, mais ils ne connaissaient pas vraiment Jésus. Vous avez le pouvoir de combattre dans la grande guerre spirituelle, mais ce pouvoir vous est accordé par le Christ. Si vous commencez à être fier de ce pouvoir comme s'il vous appartenait, vous devez mettre de côté cette fierté avant de continuer. Satan pourrait utiliser le péché de fierté contre vous dans la guerre spirituelle. Pour vraiment vous soumettre à Dieu, vous devez être humble. Il est impossible de se soumettre réellement à la puissance et à la volonté d'un autre si une partie de vous croit que votre propre pouvoir peut être égal. Si deux puissances sont comparables ou similaires, alors vous ne tenez aucune d'elles comme absolue sur l'autre. Vous devez compter entièrement sur la puissance de Dieu pour mener une guerre spirituelle. Laissez de côté toute fierté que vous avez concernant votre propre pouvoir. Comme le dit la Bible : « Ne vous fiez pas à votre propre intelligence. Dans toutes vos voies, reconnaissez-le, et il aplanira vos sentiers. » Mener une guerre spirituelle nécessite que vous restiez obéissant à Dieu en toutes choses. Souvent, vous devez exercer un grand contrôle de soi pour atteindre un tel niveau d'obéissance. L'apôtre Paul demande aux croyants d'« être forts dans le Seigneur » (Éphésiens 6:10). Il est important de noter que le terme est « dans », et non « par ». Il ne suffit pas de compter sur la puissance de Dieu pour gagner vos batailles spirituelles. Au lieu de cela, vous devez être en communion avec le Christ, combattant aux côtés de Dieu dans les batailles que vous rencontrez. Pour ce faire, l'obéissance et le contrôle de soi sont nécessaires. Vous devez être obéissant à Dieu en suivant ses commandements et en résistant ou en vous débarrassant de toute force qui vous influencerait à faire autrement. Le contrôle de soi exige que vous vous débarrassiez de tout excès. Vous devez vous équilibrer spirituellement en résistant à la tentation de vous adonner à des choses qui sont mauvaises ou en quantités excessives qui peuvent causer une dégradation spirituelle. 1 Pierre 5:8 dit : « Soyez sobres et vigilants. Votre adversaire, le diable, rôde comme un lion rugissant, cherchant quelqu'un à dévorer. » Sachez qu'une attaque peut survenir lorsque vous vous y attendez le moins. Vous devez rester conscient du champ de bataille spirituel et vous devez également vous protéger continuellement contre les attaques potentielles. Prenez la bataille au sérieux. L'ennemi est toujours prêt à attaquer, donc vous devez toujours être prêt à vous défendre. Lorsque vous vous réveillez chaque matin, prenez le temps de vous préparer spirituellement par la prière et la méditation. Demandez l'aide de Dieu chaque jour. Une bonne prière à dire est : « Dieu, je ne peux pas le faire, mais vous le pouvez. »

### Instruction2:
La guerre spirituelle se déroule principalement dans le domaine spirituel et a des répercussions dans le monde physique. Il est crucial d'attaquer les problèmes à leur racine spirituelle par l'obéissance à Dieu. La force pour combattre vient de Dieu, et chaque victoire Lui appartient. Il est essentiel d'avoir une relation solide avec le Christ pour utiliser Son nom efficacement. L'humilité et le contrôle de soi sont nécessaires pour mener cette guerre, tout en restant vigilant contre les attaques du diable. La prière quotidienne et la préparation spirituelle sont également importantes pour se défendre.",9.656702756881714
036_32239,"### Instruction1:
Si vous n’avez pas accès à un four ou si vous n’avez tout simplement pas besoin du pain immédiatement, vous pouvez le laisser décongeler à température ambiante. Le temps qu'il faut pour le décongeler variera en fonction de la taille et de l'épaisseur de la miche. Vous pouvez vérifier l'intérieur en coupant une tranche une fois qu'il semble terminé de décongeler, ou en pressant doucement la miche pour voir à quel point elle est moelleuse. Prenez la miche congelée du congélateur. Laissez-la dans le sac de congélation et placez-la sur le comptoir de la cuisine. À température ambiante, il peut falloir jusqu'à trois ou quatre heures pour qu'une miche de pain se décongèle complètement. Quand elle est prête, elle sera décongelée mais peut ne pas être très chaude. La croûte peut également perdre son croquant, et si le pain était très humide, il pourrait devenir détrempé ou rassis. Décongeler le pain dans un four est considéré comme une méthode supérieure par de nombreux boulangers. Utiliser un four est beaucoup plus rapide et efficace que de décongeler à température ambiante. Cela vous donnera également une belle miche chaude qui aura le goût et la texture d'un pain fraîchement cuit. Préchauffez votre four à 350 degrés Fahrenheit (environ 175 degrés Celsius). Sortez le pain du congélateur et retirez tous les sacs en plastique et autres emballages dans lesquels il a été stocké. Mettez la miche encore congelée sur la grille du milieu du four. Réglez une minuterie pour 40 minutes. Cela devrait suffire au pain pour décongeler et se réchauffer de la croûte au centre. Retirez la miche du four et laissez-la reposer sur le comptoir pendant quelques minutes jusqu'à ce qu'elle refroidisse à température ambiante. Que vous ayez décongelé votre pain à température ambiante ou au four, vous pourriez vous retrouver avec une miche de pain rassis ou dure. Ne vous inquiétez pas, car ce pain peut facilement retrouver son état croustillant et délicieux. Humidifiez légèrement la miche avec de l'eau propre et froide. Vous pouvez brièvement passer la miche sous l'eau courante, ou mouiller une serviette en papier propre et tamponner la miche jusqu'à ce qu'elle soit humidifiée. Enveloppez la miche humide dans du papier d'aluminium. Assurez-vous que le papier d'aluminium est bien enroulé pour que l'humidité ne s'échappe pas. Placez la miche enveloppée sur la grille du milieu du four. Assurez-vous que le four n'a pas été préchauffé, car vous souhaitez que le pain se réchauffe progressivement. Réglez la température du four à 300 degrés Fahrenheit (environ 150 degrés Celsius). Les petites miches (comme les baguettes et les petits pains) devraient être prêtes en environ 15 à 20 minutes, tandis que les miches plus grandes et plus épaisses peuvent prendre jusqu'à 30 minutes. Sortez la miche, dépliez le papier d'aluminium et remettez la miche non emballée dans le four pendant cinq minutes supplémentaires pour obtenir une croûte parfaite. Sachez que cette méthode ne ramollira une miche rassis que pour quelques heures ou moins. Essayez de manger votre pain dans ce laps de temps ou il pourrait redevenir dur et rassis. Que ce soit un jour humide qui ait ruiné votre croûte ou que le processus de congélation vous ait laissé une croûte indésirable, vous pouvez facilement restaurer la croûte à son état antérieur en quelques minutes au four. Gardez un œil attentif sur le pain pour ne pas le brûler et il devrait retrouver une miche délicieuse et croustillante en un rien de temps. Préchauffez le four à 400 degrés Fahrenheit (200 degrés Celsius). Déballez la miche décongelée et placez-la dans le four. Placer le pain directement sur la grille du four vous donnera une croûte plus croustillante, mais vous pouvez utiliser une plaque de cuisson si vous préférez. Réglez une minuterie pour cinq minutes et laissez la miche chauffer à l'intérieur du four. Après cinq minutes, retirez rapidement la miche du four et laissez-la reposer à température ambiante pendant 5 à 10 minutes avant de tenter de couper le pain. Couper le pain lorsqu'il est trop chaud peut rendre difficile l'obtention d'une tranche propre.

### Instruction2:
Pour décongeler du pain, vous pouvez le laisser à température ambiante ou utiliser un four pour un résultat optimal. À température ambiante, le pain mettra 3 à 4 heures à décongeler, tandis qu'au four, cela ne prendra que 40 minutes à 350°F (175°C). Si le pain est devenu rassis, vous pouvez le ramollir en l'humidifiant légèrement et en le réchauffant à 300°F (150°C) dans du papier d'aluminium, puis en le laissant cuire sans l'emballage pour une croûte croustillante. Faites attention à ne pas le brûler et laissez-le reposer avant de le couper.",8.126312017440796
036_29669,"### Instruction1:
Les principaux bienfaits de l'origan sont dus à sa teneur en carvacrol et en acide rosmarinique. Ces deux composés sont des décongestionnants naturels et des réducteurs d'histamine qui ont prouvé leur efficacité pour le tractus respiratoire et le flux d'air dans les voies nasales. Les huiles volatiles de l'origan, le thymol et le carvacol, ont montré qu'elles inhibent la croissance de bactéries nuisibles comme le staphylococcus aureus et le pseudomonas aeruginosa. L'origan peut être consommé sous forme fraîche ou sèche, et deux à trois gouttes d'huile d'origan peuvent être ajoutées au lait ou au jus quotidiennement. L'eucalyptus est un ingrédient courant dans les pastilles pour la toux et les sirops. Son efficacité est due à un composé expectorant appelé cinéole, qui peut soulager la toux, combattre la congestion et apaiser les sinus irrités. Pour l'utiliser en inhalation à la vapeur, ajoutez quelques gouttes d'huile d'eucalyptus dans de l'eau chaude et inhalez la vapeur pendant jusqu'à 15 minutes. Attention : l'huile d'eucalyptus peut diminuer la vitesse à laquelle le foie décompose certains médicaments. Prendre de l'huile d'eucalyptus avec certains médicaments peut en augmenter les effets et les effets secondaires. Avant d'utiliser l'huile d'eucalyptus, parlez à votre professionnel de santé pour savoir si vous prenez des médicaments qui pourraient être affectés, tels que Voltaren, Ibuprofène, Motrin, Celebrex, Warfarin, Allegra, et d'autres. Un sauna ou une douche d'eau chaude augmente la sécrétion de sueur et aide les poumons à se débarrasser des substances toxiques. Assurez-vous de boire de l'eau après avoir pris une longue douche ou passé du temps dans un sauna, car vous ne voulez pas risquer de vous déshydrater. Assurez-vous que les bains à remous sont correctement nettoyés pour éviter toute infection. La chaleur élevée favorise la croissance bactérienne, et bien que l'eau ou les alentours puissent sentir fortement le chlore, il est difficile de maintenir des niveaux bactéricides de gaz chlore dissous dans l'eau chaude. Lors des tests, le bain peut contenir des niveaux élevés de chlore, mais la plupart peuvent être sous une forme ayant peu d'effet sur les organismes contaminant. La menthe poivrée et l'huile de menthe poivrée contiennent du menthol, un ingrédient apaisant connu pour détendre les muscles lisses des voies respiratoires et favoriser une respiration libre. Associé à l'effet antihistaminique de la menthe poivrée, le menthol est un excellent décongestionnant. Envisagez de mâcher deux à trois feuilles de menthe poivrée (plutôt que des versions sucrées) pour obtenir les bénéfices immédiats. La plante de molène est connue pour dégager le mucus et purifier les tubes bronchiques. Les fleurs et les feuilles de la plante de molène sont utilisées pour fabriquer un extrait à base de plantes qui peut aider à renforcer les poumons. La molène est utilisée par les praticiens de la phytothérapie pour éliminer l'excès de mucus des poumons, nettoyer les tubes bronchiques et réduire l'inflammation présente dans les voies respiratoires. Vous pouvez préparer une tisane avec une cuillère à café de l'herbe séchée et une tasse d'eau bouillie. Si vous êtes congestionné, vous pourriez trouver que la tisane de racine de réglisse est particulièrement apaisante. On pense que la réglisse réduit le gonflement, fluidifie les sécrétions de mucus et diminue la toux. La réglisse peut aider à fluidifier le mucus dans les voies respiratoires, facilitant l'expulsion du mucus. On pense également qu'elle a des effets antibactériens et antiviraux qui peuvent aider à combattre les infections virales et bactériennes. Elle est actuellement étudiée pour son rôle possible dans la prévention de certains cancers, y compris le cancer du poumon, car elle a montré qu'elle inhibe la croissance de certaines cellules cancéreuses non petites. Consommer une tisane de racine de gingembre mélangée à du citron peut faciliter une respiration moins laborieuse. Le gingembre cru ou cuit peut également améliorer la digestion.

### Instruction2:
L'origan, l'eucalyptus, la menthe poivrée, la molène et la réglisse sont des plantes aux propriétés bénéfiques pour le système respiratoire. L'origan contient des composés qui aident à réduire la congestion et à combattre les bactéries nuisibles. L'eucalyptus est efficace pour soulager la toux, mais son utilisation nécessite des précautions avec certains médicaments. La menthe poivrée détend les voies respiratoires, tandis que la molène et la réglisse aident à éliminer le mucus et à réduire l'inflammation. Le gingembre favorise également une meilleure respiration et la digestion.",8.13851809501648
036_4834,"### Instruction1:
Beaucoup de gens supposent qu'un coup de soleil ou un bronzage n'est une menace que lorsque vous sentez le soleil chaud sur votre peau, mais ce n'est pas vrai. En fait, la neige blanche et la glace réfléchissent plus de rayons UV que l'eau, le sable et le béton, donc la peau exposée est à un risque plus élevé lors des activités de plein air en hiver. Ne sautez pas l'écran solaire juste parce que vous n'êtes pas à la plage ! L'exposition aux rayons UV augmente à des altitudes plus élevées, avec des altitudes de 9 000 à 10 000 pieds ayant une exposition à la radiation 35 à 45 % plus intense qu'au niveau de la mer. Entre l'augmentation de l'exposition aux UV et la réflexion du soleil sur la neige et la glace, votre peau est doublement exposée aux rayons UV lors des activités d'hiver en plein air. Alors que la transpiration est la principale raison pour laquelle l'écran solaire s'efface pendant les activités estivales, être actif à l'extérieur en hiver signifie que vous devez faire face à la transpiration, à la neige et au vent. Pour protéger votre peau lors des activités d'hiver en plein air : choisissez un écran solaire qui offre non seulement une protection UVA/UVB, mais qui contient également beaucoup d'hydratant pour lutter contre le coup de froid. Essayez de trouver un écran solaire avec des ingrédients comme la lanoline ou la glycérine. N'oubliez pas vos lèvres ! La peau de vos lèvres est très délicate et sujette aux coups de soleil et aux brûlures dues au vent, alors assurez-vous également de porter un baume à lèvres hydratant avec un SPF de 15 ou plus. Lors du choix de vêtements et d'équipements de protection pour l'hiver, veillez à couvrir autant de peau que possible : portez un chapeau, des gants, un masque de ski ou une écharpe pour protéger votre visage et votre cou, et des lunettes de soleil ou des lunettes de protection offrant une protection UV. Un masque de ski avec protection UV est un choix particulièrement judicieux, car il couvre une grande partie du visage.

### Instruction2:
Il est important de se protéger du soleil en hiver, car la neige et la glace reflètent davantage de rayons UV. N'oubliez pas d'utiliser de l'écran solaire, même en hiver, et choisissez un produit hydratant. Protégez également vos lèvres avec un baume SPF. Habillez-vous chaudement, en couvrant autant de peau que possible pour éviter les coups de soleil et les brûlures dues au vent.",4.682582855224609
036_7515,"### Instruction1:
Vous dormirez mieux et vous vous réveillerez plus reposé si vous établissez un horaire de sommeil régulier chaque jour : les jours de semaine, le week-end, même pendant les vacances d'été ! Si vous vous couchez tard et vous vous levez tard le week-end, par exemple, votre corps a plus de mal à comprendre quand il est temps de ""dormir"" et quand il est temps ""d'éveiller"". Dans le meilleur des cas, vous pourrez convaincre tous les membres de votre famille d'adopter leurs propres horaires de sommeil réguliers tout au long de l'année. Sinon, voyez si tout le monde peut s'accorder sur une adaptation progressive de leurs horaires (par exemple, de l'année scolaire aux vacances d'été) sur plusieurs jours ou quelques semaines. De cette façon, la routine de tout le foyer ne changera pas radicalement du jour au lendemain. Si vous dormez selon un horaire constant—disons, de 21h00 à 7h00—et que vous obtenez suffisamment de sommeil selon les besoins de votre corps, vous ne devriez presque jamais avoir besoin d'un réveil. Si vous avez du mal à vous lever à l'heure, cela signifie presque toujours que vous ne dormez pas assez. Reculez votre heure de coucher par tranches de 15 minutes tous les 3 nuits jusqu'à ce que vous commenciez à vous réveiller naturellement à la bonne heure. Ensuite, utilisez cela comme votre horaire de sommeil constant. Même de petites quantités de caféine peuvent affecter les gens—en particulier les enfants—pendant des heures après l'avoir bue. Essayez de garder votre consommation de caféine au minimum, mais évitez surtout les boissons énergétiques et les sodas après le milieu de l'après-midi. Si vous avez besoin de caféine pour vous aider à vous réveiller ou à rester éveillé, cela signifie que vous ne dormez pas assez. Le sucre vous rendra plus énergique et rendra plus difficile l'endormissement. Au lieu de prendre une collation sucrée le soir, essayez de manger du popcorn légèrement assaisonné ou des noix. L'exercice est excellent pour votre santé, mais faire du sport trop tard dans la journée peut vous donner un regain d'énergie et de vigilance qui vous tiendra éveillé à l'heure du coucher. Essayez plutôt d’inclure une heure ou plus d'exercice modéré chaque jour avant le dîner. L'objectif est de faire un exercice modéré, ce qui signifie que vous respirez plus fort mais que vous pouvez toujours tenir une conversation. Les cours de gym, la récréation et le temps de jeu après l'école comptent tous pour vos 60 minutes. Faire de l'exercice plus tôt dans la journée vous aidera à vous fatiguer pour l'heure du coucher ! La ""lumière bleue"" émise par les appareils électroniques avec écran affecte les mécanismes internes de sommeil de votre corps et peut vous garder éveillé la nuit. Éteignez la télévision et rangez votre téléphone et votre tablette bien avant de commencer votre routine de coucher. Lire un livre en papier est un bien meilleur choix pour le coucher ! Développez une routine cohérente qui signale à votre esprit et à votre corps qu'il est temps de se calmer, de ralentir et de se préparer à dormir. Un bain chaud, peut-être avec des bulles apaisantes ajoutées, pourrait servir de premier signal que votre routine de coucher a commencé. Vous pourriez également essayer des exercices de respiration profonde, la méditation, la prière ou simplement avoir une conversation apaisante avec un proche. Lire quelque chose de calme et agréable peut aider à éloigner vos soucis avant le coucher. Parfois, il est même préférable d'écrire pour clarifier votre esprit. Sortez un journal et un crayon et notez ce que vous avez accompli aujourd'hui et ce que vous attendez avec impatience de faire demain. Il est formidable de pouvoir se concentrer sur des choses heureuses dans votre journal, mais il est également acceptable d'écrire sur vos préoccupations ou vos peurs. Prendre le temps de les mettre sur papier peut vous aider à les sortir de votre tête. Essayez juste de terminer votre session d'écriture sur une note positive. Mettez un CD de vos chansons ou sons apaisants préférés si cela vous aide à vous endormir. Ou essayez l'une des astuces traditionnelles comme compter les moutons ou compter à rebours à partir de 100—croyez-le ou non, elles fonctionnent vraiment ! Se concentrer sur quelque chose de simple et d'insignifiant—comme ""...62, 61, 60, 59...""—vous aidera à clarifier votre esprit des distractions et pourrait rendre l'endormissement beaucoup plus rapide.

### Instruction2:
Établissez un horaire de sommeil régulier pour mieux dormir. Limitez la caféine et le sucre, et faites de l'exercice plus tôt dans la journée. Éteignez les appareils électroniques avant le coucher et développez une routine relaxante pour signaler qu'il est temps de dormir. Écrivez dans un journal pour clarifier vos pensées et terminez sur une note positive.",7.957181692123413
036_26372,"### Instruction1:
Pour le garder centré au milieu du bocal plus grand, vous pouvez mettre un peu de colle ou du ruban adhésif au fond avant de le placer à l’intérieur. Assurez-vous de bien fermer le couvercle, car vous ne voulez pas que des fourmis tombent accidentellement à l’intérieur. Utilisez un entonnoir pour remplir proprement l’espace supplémentaire avec de la terre, ou utilisez une cuillère. La terre ne doit pas être tassée, assurez-vous qu’elle soit bien lâche, afin que les fourmis puissent se déplacer. Laissez environ un pouce d’espace vide en haut du bocal. Vous aurez ainsi créé une couche de terre qui servira de maison pour les fourmis. L’espace d’un pouce empêchera les fourmis de grimper sur le verre et de sortir du bocal lorsque vous devez ouvrir le couvercle. Déposez soigneusement les fourmis dans le bocal, en vous assurant qu’elles tombent toutes dans la terre fine que vous avez fournie. Couvrez le bocal et utilisez un poinçon ou un couteau aiguisé pour y percer de petits trous, afin de permettre à l’oxygène d’atteindre les fourmis. Assurez-vous de ne pas faire des trous trop grands, sinon les fourmis s’échapperont et construiront un nid ailleurs. Ne couvrez pas le bocal avec un tissu, car les fourmis pourraient ronger leur chemin à l’extérieur.

### Instruction2:
Pour créer un habitat pour les fourmis, commencez par coller un récipient au fond d'un bocal plus grand. Remplissez-le de terre lâche, laissez de l'espace en haut, puis ajoutez les fourmis. Percez de petits trous pour l'oxygène, sans faire de trous trop grands pour éviter leur évasion. Ne couvrez pas le bocal avec un tissu.",3.3808937072753906
036_50273,"### Instruction1:
Déterminez ce qui vous empêche d’être plus discipliné en ce moment. Cela peut être des défauts de caractère, une incapacité à exprimer ce que vous voulez dans la vie ou une préférence pour vous perdre dans des stimulants ou des addictions. Peut-être que vous vous conformez trop sans penser par vous-même ; cela peut rendre facile le fait de suivre les idées de discipline des autres sans développer une discipline qui fonctionne pour vous et répond à vos véritables besoins. Quelle que soit la raison, essayez d’abord de la déterminer. Pourquoi pensez-vous que vous n'êtes pas assez discipliné maintenant ? Quels sont les facteurs qui vous empêchent d’être plus discipliné ? En plus d’évaluer vos propres limites, considérez comment les autres dans votre vie vous impactent. Plaisez-vous trop aux autres pour passer du temps sur vous-même ? Céderez-vous toujours aux désirs des autres en laissant de côté les vôtres ? Cela est particulièrement important si vous passez beaucoup de temps à satisfaire les autres. Il sera beaucoup plus difficile de rester discipliné si vous sentez que vous avez besoin des autres pour poser des limites pour vous ou pour vous dire comment agir, penser ou faire. Quelles voix dans votre tête vous disent que vous êtes indigne ou un échec ? Ce sont des pensées négatives qui n'ont aucun fondement et qui doivent être abordées pour introduire le soin de soi et la discipline dans votre vie. Vous pourriez avoir besoin d'un suivi psychologique ou il pourrait suffire de travailler vos pensées négatives en utilisant des techniques de pleine conscience ou de thérapie cognitivo-comportementale.

### Instruction2:
Identifiez ce qui nuit à votre discipline. Évaluez vos propres limites et l'impact des autres. Abordez vos pensées négatives pour instaurer le soin de soi et la discipline.",3.267707347869873
036_50988,"### Instruction1:
Une bonne façon est d'aller à une foire où il y a des lapins et de contacter les propriétaires qui sont généralement listés sur les vitrines. 3 à 4 portées de 5 à 10 jeunes peuvent être faites par une femelle mature et en bonne santé (lapine) chaque année. Un mâle (étalon) peut saillir jusqu'à vingt à trente lapines, mais pour garder un pool génétique sain, vous devriez avoir un étalon pour chaque 5 lapines. Assurez-vous de garder des enregistrements de quelles lapines sont élevées par quels étalons, et faites tourner les animaux pour maintenir le pool génétique aussi large que possible. Les meilleures races à viande sont la Californie et le Nouvelle-Zélande ou une combinaison des deux. La plupart considèrent le Géant des Flandres comme inadapté pour un lapin de viande, en raison du rapport viande/os, ainsi que du rapport quantité de nourriture consommée à viande. Il est acceptable de croiser avec un Nouvelle-Zélande pour la production de viande. Le clapier doit mesurer au minimum 5 pieds (1,5 m) par 6 pieds (1,8 m) pour cette grande race, mais légèrement plus petit pour les races plus petites. Les lapins ont besoin d'espace ! Le sol doit être en treillis métallique résistant avec des trous carrés d'environ 3⁄4 de pouce (1,9 cm) pour accueillir les excréments et l'urine. Donnez cependant au lapin un autre endroit pour se tenir debout. Se tenir sur du fil tout le temps peut blesser les pattes d'un lapin. Un bac ou une boîte de pleine taille du sol du clapier, avec les quatre côtés d'environ 2 1⁄2 pouces (6,4 cm) de hauteur, doit être glissé sous le clapier pour attraper les déchets de l'animal. Ce bac doit être vidé une fois par semaine et rincé avec un désinfectant. Soyez prudent lors de l'utilisation de l'eau de Javel, car elle réagira avec l'urine et dégagera un gaz nocif ! Un compartiment solide d'environ 1 1⁄2 pieds (0,5 m) de long et 1 1⁄2 pieds (0,5 m) de large doit être inclus dans le clapier pour donner à la lapine de la vie privée pendant qu'elle a ses jeunes. Cela réduira considérablement la mortalité des jeunes. Assurez-vous qu'il y a beaucoup de foin sec dans le clapier lorsqu'elle est ""due"". Il n'y a pas de période œstrale définie. Les jeunes doivent être séparés de la mère vers 6 semaines. La lapine est prête pour l'élevage immédiatement après la séparation de ses jeunes. La période de grossesse du lapin est de 28 à 30 jours, avec la lapine capable de s'accoupler dans les heures suivant la mise bas. Cependant, il est conseillé d'attendre un mois pour ne pas la fatiguer excessivement et réduire drastiquement sa durée de vie. L'eau doit être contenue de telle manière que l'animal ne puisse pas la contaminer avec ses déchets corporels. Si dans un récipient ouvert, il doit être élevé de sorte que le dessus soit à au moins 4 pouces (10,2 cm) au-dessus du sol. Les bouteilles d'eau conventionnelles fonctionnent très bien aussi (sauf pendant l'hiver). Assurez-vous qu'elle a une odeur douce, et qu'elle n'a pas été endommagée par l'eau et devenue moisi. Le trèfle rouge et le trèfle à oiseaux semblent être les plus appréciés par les lapins, mais ils se porteront également bien sur du foin, du pâturin du Kentucky, du timothy, et un mélange de graminées indigènes. Ne pas suralimenter avec des laitues. Tout aliment frais comme la laitue du magasin ou l'herbe du jardin peut donner des diarrhées à vos animaux ! Cependant, s'ils sont introduits progressivement à l'herbe ou aux mauvaises herbes, ils peuvent en profiter régulièrement sans dommages. C'est le changement soudain de nourriture qui est le plus nuisible. De plus, avec du foin à volonté, les animaux réguleront une grande partie de leurs propres habitudes alimentaires. Les granulés médicamenteux pour veaux, disponibles dans un moulin à aliments fréquenté par les agriculteurs laitiers, peuvent aider à garder vos lapins exempts de diarrhée. Ils vous coûteront moins cher que les granulés ""lapin"" par livre, mais peuvent contribuer à la surutilisation d'antibiotiques et ne sont pas disponibles dans toutes les villes. Très important : Lorsque vous êtes prêt à abattre, placez vos animaux dans un environnement particulièrement propre pendant 2 semaines avant l'abattage et nourrissez-les avec des granulés de lapin conventionnels plutôt qu'avec la nourriture pour veaux médicamenteuse pour éliminer les effets de l'antibiotique contenu dans la nourriture pour veaux. Rappelez-vous que ces lapins ne seront pas considérés comme biologiques, ce qui est un choix personnel.

### Instruction2:
Pour élever des lapins, visitez des foires pour trouver des éleveurs. Maintenez un bon pool génétique en enregistrant les accouplements et en faisant tourner les animaux. Choisissez des races comme la Californie et le Nouvelle-Zélande pour la viande. Fournissez un espace adéquat, un sol approprié et des soins appropriés pour les lapins. Évitez de changer brusquement leur alimentation pour prévenir les problèmes digestifs. Enfin, assurez-vous de les préparer correctement avant l'abattage pour garantir la qualité de la viande.",8.874174356460571
036_8783,"### Instruction1:
Versez de l'huile comestible dans un pot. Placez le pot dans un bol d'eau chaude et attendez 2 à 3 minutes jusqu'à ce que l'huile devienne chaude. Massez l'huile dans vos cheveux, puis mettez vos cheveux sous un bonnet de douche. Attendez entre 30 minutes et 2 heures, puis rincez l'huile. L'huile aidera à adoucir et hydrater vos cheveux, les rendant moins frisés. Voici une liste d'huiles que vous pouvez essayer : L'huile d'avocat est ultra hydratante, parfaite pour les cheveux secs et frisés. L'huile de coco non seulement sent très bon, mais rendra vos cheveux brillants. L'huile de jojoba est une huile légère, idéale pour les cheveux gras. L'huile de son de riz est riche en vitamine E, elle renforce les cheveux, donc elle est excellente pour les cheveux secs et cassants. Mélangez 3 cuillères à soupe de vinaigre avec 3 tasses (700 millilitres) d'eau. Après avoir lavé vos cheveux, inclinez la tête en arrière et versez l'eau vinaigrée sur vos cheveux, en veillant à bien traiter le cuir chevelu. Rincez le vinaigre avec de l'eau froide. Vous pouvez utiliser du vinaigre blanc ou du vinaigre de cidre; ce dernier aura une odeur plus forte, mais il est riche en nutriments. Le vinaigre aidera à dissoudre les résidus de produits capillaires ou d'eau dure, et l'eau froide aidera à sceller la cuticule des cheveux, rendant vos cheveux plus lisses et moins frisés. Mélangez 1 boîte de lait de coco, 1 avocat, 2 cuillères à soupe de miel et 2 cuillères à soupe d'huile d'olive dans un mixeur. Une fois que vous obtenez une texture lisse, appliquez le mélange sur vos cheveux, puis rincez. Le lait de coco aidera à hydrater vos cheveux, les rendant moins frisés. L'avocat fournira aux cheveux la protéine dont ils ont besoin pour être forts et sains. Le miel rendra vos cheveux brillants. L'huile d'olive hydratera vos cheveux, les rendant moins secs et frisés. Malheureusement, beaucoup de gels et sprays contiennent de l'alcool, ce qui peut assécher les cheveux bouclés. Si vous souhaitez donner un peu de tenue à vos cheveux, essayez du gel d'aloe vera pur. Cela vous aidera à obtenir une texture croustillante, mais cela n'asséchera pas vos cheveux. Si vous ne souhaitez pas préparer vos propres traitements, vous pouvez en acheter dans un magasin de beauté. Assurez-vous que le produit est exempt de sulfates, de silicones et de parabènes. Recherchez des ingrédients tels que des beurres et des huiles; ils aideront à hydrater vos cheveux et à les rendre moins frisés. Voici d'autres éléments que vous pourriez rechercher : des crèmes hydratantes ou hydratantes pour rendre vos cheveux moins secs. Des crèmes lissantes et anti-frisottis pour des cheveux plus lisses. Des après-shampoings sans rinçage continueront à agir sur vos cheveux, même après être sorti de la douche. Les masques et traitements de conditionnement profond peuvent être utilisés quelques fois par mois. Appliquez-le sur cheveux humides, puis laissez vos cheveux sous un bonnet de douche pendant environ 20 minutes. Une fois le temps écoulé, vous pouvez rincer vos cheveux et les laisser sécher. Cela fonctionne mieux après le shampoing. Ces tissus aident à conserver l'humidité dans vos cheveux, ce qui est important pour des cheveux soyeux et brillants. Vous pouvez également utiliser un bonnet de nuit en soie ou en satin. Évitez de dormir sur des taies d'oreiller en coton et autres tissus; ils peuvent assécher vos cheveux, entraînant des frisottis. La texture rugueuse du coton peut également créer des accrochages et des déchirures, ce qui peut également entraîner des frisottis. Si vous ne pouvez pas obtenir de taies d'oreiller en soie ou en satin, essayez de tresser vos cheveux avant de dormir.

### Instruction2:
Pour des cheveux moins frisés et hydratés, appliquez des huiles comme l'huile d'avocat ou de coco, utilisez du vinaigre pour éliminer les résidus, et faites des masques capillaires. Évitez les produits contenant de l'alcool et privilégiez les soins riches en nutriments. Utilisez des taies d'oreiller en soie ou en satin et n'oubliez pas de tresser vos cheveux avant de dormir pour éviter les frisottis.",7.170458793640137
036_62493,"### Instruction1:
Pointez doucement la pâte levée. Séparez la totalité de la pâte en 12 à 16 portions de taille égale, et roulez chaque portion en boule. Étalez ces boules de pâte sur deux plaques à pâtisserie légèrement graissées. Laissez au moins 7,6 cm d'espace entre chaque boule de pâte. Appuyez doucement sur le dessus de chaque morceau de pâte pour l'aplatir légèrement. Les petits pains doivent être ronds, mais le dessus doit être un peu plat pour l'ajout de la garniture. Séparez la pâte de garniture en 12 ou 16 morceaux, selon le nombre de petits pains que vous avez réalisé avec la pâte à pain. Assurez-vous que la moitié des morceaux soient au chocolat et l'autre moitié à la vanille. Roulez chaque morceau de garniture en boule. Placez chaque boule, une à la fois, entre deux morceaux de film plastique ou de papier sulfurisé. Appuyez dessus avec vos mains ou avec un rouleau à pâtisserie pour aplatir la boule en un cercle. Chaque cercle doit être assez grand pour couvrir complètement le dessus d'un petit pain. Disposez les cercles aplatis de garniture sur les petits pains, un morceau de garniture par petit pain. Appuyez doucement autour du bord de la pâte de garniture pour la fixer à la pâte à pain. Les deux pâtes ne doivent pas être mélangées, mais elles doivent adhérer fermement. Pour tester la solidité de l'adhérence, inclinez soigneusement le petit pain à l'envers après avoir placé la garniture. La garniture doit rester en place même à l'envers. Si elle tombe ou si un côté commence à se détacher, appuyez un peu plus fermement et réessayez. Les motifs que vous choisissez doivent ressembler à des coquillages. Dessinez doucement les motifs dans la garniture à l'aide d'un cure-dent. Les lignes doivent être profondes, mais pas assez pour couper complètement jusqu'à l'autre côté de la garniture ou dans le petit pain lui-même. Le nom de ce petit pain sucré, ""conchas"", est aussi le mot espagnol pour ""coquillages"". En d'autres termes, le pain est nommé d'après ce design de coquillage, ce qui en fait un aspect important des conchas authentiques. Soyez créatif. Essayez d'imiter l'apparence d'une coquille de palourde, ou de créer un motif en spirale semblable à un escargot. Si tout échoue, vous pouvez simplement dessiner un motif en croix sur le dessus. Couvrez légèrement les petits pains avec un torchon humide ou du film plastique. Remettez le pain dans un endroit chaud et laissez les petits pains lever à nouveau pendant 45 minutes. Comme auparavant, la pâte devrait presque doubler de volume après avoir fini de lever.

### Instruction2:
Préparez des petits pains sucrés appelés ""conchas"" en façonnant la pâte et en ajoutant une garniture en chocolat et vanille. Créez des motifs sur le dessus qui ressemblent à des coquillages, puis laissez-les lever à nouveau avant de les cuire.",5.319340467453003
036_63415,"### Instruction1:
Il est tentant de répondre rapidement, mais calmez-vous avec quelques respirations profondes. Ensuite, demandez-vous si l'email mérite vraiment votre attention. Même si vous vous sentez offensé, ne laissez pas cette personne dicter vos émotions ou le ton de votre journée. Concentrez-vous sur ce qui est bon pour vous. Demandez-vous : « Qu'est-ce que j'accomplis ici ? Que se passera-t-il si je confronte cette personne ? Que se passera-t-il si je ne le fais pas ? » Nous communiquons tous de différentes manières, et l'écriture n'est pas une compétence forte pour tout le monde. Ce qu'une personne considère comme une déclaration professionnelle et directe peut sembler brusque ou impolie pour une autre. Ne partez pas du principe qu'ils avaient l'intention d'être impolis. Les différences de langue ou régionales peuvent causer des malentendus. Lorsque les gens essaient d'utiliser le sarcasme ou l'humour dans un email, cela est souvent mal interprété comme de l'impolitesse. Répondez en demandant plus d'informations, en citant des déclarations spécifiques que vous aimeriez clarifier. Parfois, les messages impolis sont simplement mal formulés. Par exemple, votre collègue peut vous avoir envoyé un message disant : « J'espère que vous trouverez le temps de terminer vos rapports aujourd'hui. » Vous pourriez répondre : « Tous mes rapports sont complets sauf celui qui doit être rendu demain. Avez-vous besoin d'une copie brouillon pour un projet aujourd'hui ? » Ne demandez pas ce qu'ils veulent dire ou ne soyez pas brusque. Par exemple, ne demandez pas : « Qu'est-ce que ça veut dire ? » ou « Que voulez-vous dire ? » Parler à la personne vous permettra de mieux entendre le ton de ses mots. Visitez leur espace de travail ou appelez-les pour discuter de votre travail commun ou de sujets liés à l'email. Demandez-leur d'expliquer les déclarations impolies de l'email. Dites : « J'avais une pensée de suivi concernant le projet et je pensais qu'il serait plus facile de le dire en personne. Avez-vous une minute ? » Vous pourriez aussi dire : « Votre email suggérait que les spécifications devaient déjà être prêtes, mais la date limite qui m'a été envoyée disait qu'elles n'étaient pas dues avant la semaine prochaine. Est-ce que je travaille sur le mauvais calendrier ? »

### Instruction2:
Restez calme avant de répondre à un email potentiellement offensant. Évaluez si l'email mérite votre attention. Communiquez avec l'expéditeur pour clarifier les malentendus sans être brusque.",4.644301414489746
036_28856,"### Instruction1:
Ce ne sera pas facile si vous n'avez pas l'habitude de le faire, mais c'est une compétence que vous pouvez pratiquer et votre personne autoritaire est un bon sujet de pratique comme un autre. Il est important que la personne contrôlante soit consciente que vous ne tolérerez pas d'être dirigé ; plus vous laissez passer, plus cela devient un schéma établi et on suppose que vous l'acceptez. Approchez la personne contrôlante en privé pour expliquer vos préoccupations. Ne rendez pas cela public. Gardez la conversation centrée sur la façon dont le comportement autoritaire vous affecte ; n'insultez pas la personne en l'appelant autoritaire. Par exemple, si vous sentez que votre patron vous dit toujours quoi faire sans reconnaître vos compétences, vous pourriez dire quelque chose comme : « J'ai travaillé dans ce domaine pendant cinq ans et je suis bon dans ce travail. Cependant, quand vous me dites de vous donner les résultats afin que vous puissiez tout retravailler, j'ai l'impression que mes qualifications sont ignorées et que ma contribution n'est pas valorisée. En gros, je ne me sens pas digne de confiance pour accomplir ce pour quoi je suis bien formé et je ne me sens pas respecté. J'aimerais qu'on me parle et qu'on me traite avec respect. » Il est important de se comporter calmement et patiemment avec une personne contrôlante, même si vous avez envie de crier à l'intérieur. Se mettre en colère ne fonctionne tout simplement pas. Il peut également être utile de donner à la personne une large marge de manœuvre quand il est clair qu'elle est fatiguée, stressée ou malade. Si vous commencez à vous agacer, le comportement autoritaire ne fera que s'intensifier. Il est important de respirer profondément, d'éviter un langage agressif et de garder votre voix calme et égale. Si vous semblez manifestement agité ou contrarié, la personne verra qu'elle vous a vraiment atteint, ce qui ne fera qu'encourager son comportement. Se fâcher ou être en colère fera également que la personne autoritaire vous considérera comme faible et encore plus facile à contrôler. Vous ne voulez pas donner cette impression, sinon cela fera de vous une cible encore plus facile. Parfois, la meilleure chose à faire est d'éviter le comportement. Bien que parler à la personne de son comportement et de la façon dont cela vous fait sentir puisse aider la personne à comprendre son comportement et à aller vers un plan qui vous aidera à travailler ensemble et à vous entendre plus facilement, parfois vous pouvez sentir que la seule chose qu'il vous reste à faire est de vous retirer de la situation. Bien sûr, cela dépend de la personne que vous essayez d'éviter, mais voici certaines choses à garder à l'esprit : si c'est quelqu'un de votre famille, essayez juste de rester à l'écart. Parfois, il peut sembler qu'il n'y a tout simplement aucun moyen de satisfaire la personne contrôlante. Cette personne vous critiquera sur tout et il est très difficile de ne pas le prendre personnellement. Cela peut vous rendre furieux et peut blesser vos sentiments. La pire chose que vous puissiez faire est de vous battre avec une telle personne car cela ne fait que vous faire perdre du temps. Ils ne changeront pas, et ne peuvent pas changer sans aide. Rappelez-vous que ce comportement contrôlant est leur mécanisme de survie et n'est pas une dévaluation de vous – c'est leur problème profondément ancré, pas le vôtre. Si une relation personnelle devient abusive à cause du comportement contrôlant de la personne, alors vous devez vous en aller et passer à autre chose dans votre vie. Dites à cette personne que vous avez besoin d'une pause de lui ou d'elle pour l'instant et passez à autre chose. Les personnes qui recourent à la violence ou à des tactiques abusives ne s'amélioreront pas tant qu'elles ne chercheront pas une thérapie à long terme. Si vous êtes adolescent, essayez d'être agréable et de rester très occupé tout le temps. Vous pouvez vous éloigner et sortir de la maison en faisant du sport ou en étudiant et en obtenant de très bonnes notes. Dites-leur que vous aimeriez sortir ou parler, mais que vous êtes occupé par vos études, vos jeux, du bénévolat, etc. Inventez de bonnes excuses. Ensuite, sortez et trouvez vraiment de belles personnes qui vous font vous sentir bien dans votre peau. Fixez-vous des objectifs élevés mais réalistes et atteignez-les juste pour vous. Une personne autoritaire n'a pas de compétences d'adaptation lorsqu'elle est stressée et c'est à ce moment-là qu'elle écrase les gens. Ils croient que personne ne peut faire aussi bien qu'eux. Ils seront accablés parce qu'ils ont pris trop de choses sur eux et ensuite ils se mettent en colère. Essayez de rester alerte au changement d'humeur et soyez sur vos gardes. Si vous êtes conscient que le niveau d'anxiété de la personne autoritaire monte, alors vous saurez qu'elle sera plus susceptible d'être contrôlante. Noter activement que cette personne semble perdre le contrôle et offrir d'aider à alléger sa charge peut suffire à apaiser le comportement autoritaire. Par exemple, vous pourriez remarquer que lorsque votre petit ami est stressé, il devient très irritable et contrôlant. Un jour où il semble extrêmement stressé à propos d'une présentation de travail à venir, essayez de lui donner un coup de pouce moral en reconnaissant à quel point il a l'air fatigué ou stressé et en lui assurant qu'il fera un excellent travail. Ne poussez pas trop, et sachez qu'il se pourrait qu'il réagisse encore, mais sachez que ce petit encouragement peut aider à soulager un peu de la pression anxieuse. Cela peut sembler impossible, mais cela peut être un moyen très utile pour vous de reprendre le contrôle, surtout lorsque vous n'avez pas d'autre choix que de continuer à traiter avec cette personne quotidiennement. Vous pourriez penser : « Mon patron est vraiment contrôlant et exigeant mais d'un autre côté, elle est charmante avec les clients et attire beaucoup d'affaires. Elle est aussi très capable dans X, tant que nous parvenons à la tenir à l'écart de Y. » Cherchez des moyens de gérer les aspects négatifs, ainsi que des façons de mener à bien ce que vous devez faire. Avoir un regard positif peut nécessiter de la créativité, mais vous constaterez qu'une personne autoritaire qui comprend que vous avez bien cerné ses traits et qui continue à vanter ses attributs positifs cessera de vous voir comme une menace dans son esprit anxieux. Remarquez quand la personne contrôlante montre des signes de confiance. Si la personne autoritaire vous montre de la confiance, du respect ou vous confie un peu de responsabilité, saisissez cette occasion et louez-la. En remarquant le bon et en l'acknowledging ouvertement, votre ennemi contrôlant pourrait se sentir suffisamment bien à l'intérieur pour vouloir le refaire. Par exemple, dites quelque chose comme : « Merci de m'avoir fait confiance avec cette tâche. » Cela fera sentir à la personne contrôlante qu'elle est bien et cela peut l'aider à relâcher un peu la pression. Si vous êtes une personne d'idées, une personne créative ou une personne qui résout des problèmes, travailler avec une personne autoritaire peut vous épuiser. Il peut sembler que vous suggériez des idées, des solutions ou avertissiez des conséquences possibles, seulement pour être ouvertement ignoré ou même rabaissé. Puis, voilà, votre idée ou solution est présentée comme « son ou sa » réalisation, des semaines ou des mois plus tard. D'une manière ou d'une autre, ce que vous avez dit a filtré ; vous n'avez tout simplement pas été reconnu. Ce comportement frustrant est malheureusement trop courant chez les personnes autoritaires. Si cela vous arrive, voici quelques façons de faire face : reconnaissez cela pour ce que c'est. Parfois, il vaut mieux faire passer l'idée ou la solution que de ne pas l'avoir du tout. Dans ce cas, souriez et supportez-le pour le bien de votre groupe, organisation ou entreprise. Soyez solidaire du résultat et ne le prenez pas personnellement. Appelez la personne à l'ordre. Cela peut être risqué et dépendra du contexte, de la dynamique de groupe et de la personne impliquée. Si c'est très important pour vous de clarifier que vous y avez pensé en premier, vous devriez essayer d'utiliser des faits concrets, comme : « Oh, c'était l'idée dont nous avons discuté en mai 2012 et j'ai toujours les dessins prototypes dans mes fichiers. J'avais compris que notre équipe serait impliquée dans son développement et je suis assez sûr que nous l'avons noté. Je suis un peu déçu que la première fois que nous en entendions parler, ce soit quand elle est déjà en phase de test. Mais, cela dit, puisque c'est déjà là, nous sommes libres d'aider à le tester. » Gardez de très bons dossiers. Si vous devez vraiment prouver que vous avez eu l'idée en premier, gardez des archives solides qui pourraient être utilisées en votre défense si cela en venait à cela. Arrêtez de suggérer de nouvelles idées au travail si vos contributions continuent à être ignorées ou prises de vous. Continuez simplement à être d'accord, afin de garder la paix, et essayez de garder la personne autoritaire de s'inquiéter pour vous. Vous devrez peut-être constamment les rassurer qu'ils sont le « patron » et que vous appréciez votre travail. Si cela est possible, commencez à chercher un nouvel emploi.

### Instruction2:
Affrontez la",15.21642017364502
036_21106,"### Instruction1:
Maintenir une température corporelle normale aidera également à ressentir moins de soif. La première étape consiste à rester à l'écart de la chaleur pour éviter de trop vous réchauffer. Le surchauffement déclenche une réaction en chaîne où votre unité de climatisation interne se met en marche pour vous refroidir, produisant de la sueur. Cela entraîne une perte de fluides corporels et une sensation de soif. Comme le soleil est à son apogée entre 10 h et 15 h, essayez de réorganiser votre emploi du temps pour ne pas être à l’extérieur pendant ces périodes, en particulier durant les périodes chaudes de l’année. Par exemple, faites vos courses tôt le matin. Faites livrer votre déjeuner au bureau plutôt que de monter dans votre voiture étouffante deux fois – une fois en allant déjeuner et encore au retour. Si rester à l’écart de la chaleur n’est pas possible, essayez de limiter la durée de chaque sortie autant que vous le pouvez. Utilisez des bâtiments et des arbres pour vous protéger du soleil. Et n’oubliez pas que la climatisation a été créée pour une raison : vous garder au frais. Parfois, nous ne pouvons tout simplement pas éviter d’être dans la chaleur. Une autre façon de faire des ajustements est de choisir des vêtements qui réduiront la probabilité de surchauffe. Quand il fait très chaud et que vous ne pouvez pas l’éviter, ou que vous savez que vous serez dans un environnement qui vous fera transpirer si vous n’êtes pas habillé correctement, choisissez vos vêtements avec soin. Si vous êtes à l'extérieur, portez des vêtements en coton ou en lin légers et de couleur claire. Les vêtements de couleur claire refléteront plutôt qu'ils n'absorberont les rayons du soleil. Le coton et le lin sont des tissus qui respirent, donc ils ne piégeront pas la chaleur comme le polyester, l’acrylique, le nylon et la rayonne. Si vous pouvez éviter les couches, faites-le. Elles ne feront qu’enfermer la chaleur davantage, provoquant plus de sueur et moins d’espace pour son échappement. Éloignez-vous également des vêtements ajustés, sauf s’ils sont spécialement conçus pour être respirants et pour évacuer la sueur. Faire de l'exercice augmente le risque de déshydratation – si vous ne remplacez pas adéquatement les fluides – car votre température corporelle centrale augmente, vous faisant transpirer et perdre des fluides corporels. Contrôler votre température corporelle est donc crucial, surtout si vous ne pouvez pas ou ne pouvez pas remplacer adéquatement les fluides perdus. Lorsque vous faites de l'exercice, a) ne portez qu'une seule couche de vêtements légers et de couleur claire lorsque vous vous entraînez à l'extérieur et b) si vos vêtements deviennent mouillés à cause de la sueur, changez-vous dès que possible. Et n'oubliez pas qu'une marche rapide par une journée d'été chaude et humide peut également provoquer pas mal de sueur. Quand il fait humide, l'humidité dans l'air empêche la sueur de s'évaporer de votre peau, vous laissant cuire de l'intérieur. Si vous avez trop chaud, l'un des moyens les plus efficaces pour abaisser votre température est de prendre une douche ou un bain frais. Assurez-vous que la température de l'eau est fraîche, pas froide. Elle doit être juste en dessous de la température corporelle. Si elle est trop froide, lorsque vous sortez, votre corps réagit en générant de la chaleur pour se réchauffer, ce qui n'est pas l'effet souhaité. Vous pouvez également essayer de mettre des glaçons dans un linge mince et de les placer pendant environ deux minutes à la fois contre votre cou et sur votre poignet, deux points de pouls que vous pouvez atteindre facilement tout au long de la journée. Cela fonctionne car les points de pouls sont des zones où les vaisseaux sanguins sont proches de la surface de la peau, permettant ainsi le transfert du froid dans le corps. Une autre option est de tremper la base de votre tête et de votre cou dans de l'eau fraîche pendant 5 à 10 minutes. Ici encore, cette zone a une forte concentration de vaisseaux sanguins proches de la surface de la peau et aidera à vous refroidir rapidement. Lorsque vous mettez de la nourriture dans votre estomac, vous obtenez un regain d'énergie. Votre système métabolique se met en marche pour digérer la nourriture et délivrer les nutriments à d'autres parties de votre corps. Ce processus nécessite de l'énergie, qui génère de la chaleur dans votre corps – on l'appelle l'effet thermique des aliments (TEF). De gros repas lourds entraînent plus de création d'énergie, ce qui fait monter votre température interne. Donc, limitez-vous à des repas plus petits et plus fréquents.

### Instruction2:
Pour éviter la soif, restez au frais en évitant la chaleur, portez des vêtements légers, et hydratez-vous correctement. Prenez des douches fraîches pour abaisser votre température, mangez des repas plus petits et fréquents pour réduire la production de chaleur.",8.033915519714355
036_25541,"### Instruction1:
Si votre plante araignée est à l'extérieur, plantez-la dans une zone avec un sol bien drainé, comme un sol contenant du sable. Si votre plante araignée est à l'intérieur dans un pot, choisissez un substrat comme la vermiculite ou la coco. Ne vous inquiétez pas trop pour le sol, car les plantes araignées sont très adaptables. Les plantes araignées n'ont pas besoin de beaucoup de lumière naturelle, donc elles se portent bien dans les salles de bains et les chambres. Elles prospèrent également sur les rebords de fenêtres, bien qu'elles doivent être placées à environ 30 cm des fenêtres orientées vers le sud pendant les mois de printemps et d'été. Les plantes d'extérieur doivent avoir une ombre modérée à profonde pendant la journée, car trop de lumière directe du soleil peut brûler une plante araignée. Si vous vivez dans une région où la température fluctue énormément ou atteint des extrêmes, vos plantes araignées se porteront mieux à l'intérieur. Elles préfèrent une température entre 10 °C et 27 °C et ne peuvent pas prospérer dans des zones extérieures avec des températures glaciales ou brûlantes. Les plantes araignées prospèrent dans des climats humides, donc placez un humidificateur dans la même pièce que votre plante araignée.

### Instruction2:
Pour cultiver une plante araignée, plantez-la dans un sol bien drainé en extérieur ou utilisez un substrat adapté pour un pot intérieur. Elle nécessite peu de lumière naturelle et préfère des températures modérées, ainsi qu'un climat humide. Assurez-vous de la placer à l'ombre modérée à profonde si elle est à l'extérieur et maintenez un humidificateur dans la pièce si elle est à l'intérieur.",3.069552421569824
036_28094,"### Instruction1:
L'une des façons les plus simples de ne plus se soucier de ce que les gens pensent est d'essayer de s'entourer d'un maximum de personnes considérées et soutenantes. Si l'une des personnes qui vous rabaisse constamment est un faux ami ou même un ennemi, alors vous devriez chercher davantage de personnes qui veulent votre succès au lieu de vous tirer vers le bas ; si vous passez plus de temps avec des personnes qui ne veulent que le meilleur pour vous, vous serez une personne plus heureuse et vous déploierez moins d'efforts à vous inquiéter de ce que les autres pensent. Pensez-y : y a-t-il quelqu'un dans votre cercle social qui ne vous donne presque jamais de renforcement positif et qui vous rabaisse toujours ? Même si cette personne est un vieil ami, vous devriez réfléchir à la pertinence de maintenir cette relation. Bien sûr, parfois, vous êtes contraint de passer du temps avec des personnes qui vous tirent vers le bas, que ce soit lors d'une fête de famille ou dans votre cours de chimie. Essayez simplement de créer autant de distance que possible entre vous et la personne dérangeante et concentrez-vous sur les personnes dans la pièce que vous appréciez réellement. Plus vous passez de temps à faire des choses que vous aimez ou dans lesquelles vous excellez, moins vous serez susceptible de vous soucier de ce que les autres pensent. Que vous soyez excellent en ski, que vous aimiez jouer au basket, que vous fassiez du bénévolat dans votre librairie locale ou que vous passiez beaucoup de temps à cuisiner avec votre famille, vous devriez reconnaître ce qui vous rend heureux et essayer de le faire le plus possible. Plus vous passez de temps à faire ce que vous aimez, moins vous passerez de temps à vous soucier des détracteurs. Si vous êtes trop occupé à faire quelque chose qui vous met le sourire aux lèvres, vous n'aurez pas le temps de vous arrêter et de vous soucier de ce que les autres pensent de vous. De plus, si vous suivez des cours ou faites un autre effort pour faire ce que vous aimez, vous êtes plus susceptible de rencontrer d'autres personnes qui partagent vos intérêts. Ce réseau de soutien peut vous aider à vous sentir moins seul. Une autre façon de passer à l'action pour ne plus se soucier de ce que pensent les gens est de se fixer des objectifs qui vous donnent l'impression d'accomplir beaucoup et d'avancer dans votre vie. Que vous vouliez écrire un roman, courir un 10 km, obtenir des mentions bien ou poursuivre un autre objectif, vous devriez dresser une liste de toutes les choses que vous devez faire pour y parvenir et être fier de vous pour le travail acharné que vous fournissez pour réaliser vos rêves. Non seulement le fait de se fixer des objectifs et de les atteindre vous fera vous sentir mieux dans votre peau, mais cela vous occupera l'esprit loin des détracteurs. Si vous êtes trop occupé à essayer de réussir, vous n'aurez pas le temps de rester assis à penser aux autres. Établir de nombreux mini-objectifs en cours de route vous fera vous sentir encore plus confiant et accompli tout au long du processus. Vous pourriez penser que la meilleure chose à faire lorsque les gens sont méchants avec vous est de les insulter en retour, mais vous devez comprendre que vous êtes mieux que cela. Au lieu d'être aussi mesquin et inconsidéré que les personnes qui sont méchantes avec vous ou qui colportent des rumeurs à votre sujet, montrez que vous êtes la personne plus grande en ne les insultant pas ou en ne répandant pas des rumeurs en retour. Vous ne voulez pas vous retrouver dans une dispute sans fin ou un cercle de commérages, et vous ne serez jamais en paix si vous le faites. Au lieu de cela, trouvez du réconfort dans le fait que vous prenez la voie élevée et que vous êtes meilleur que les personnes qui ne vous veulent pas du bien. Il n'est pas toujours possible de laisser ce que les autres disent glisser sur vous, même pour les personnes les plus confiantes. Cependant, vous pouvez travailler sur le contrôle de vos réactions émotionnelles et ne pas laisser les gens voir à quel point leurs commentaires négatifs vous affectent réellement. Si les gens sont méchants avec vous ou vous taquinent, vous devriez essayer de les ignorer, de garder une expression calme, et de ne pas vous frustrer ou montrer que cela vous affecte autant que possible. Bien que ce ne soit pas toujours facile de contrôler vos émotions, si vous vous sentez vraiment bouleversé, vous pouvez au moins essayer de vous excuser et de trouver un endroit pour vous calmer en privé. Si les gens voient que rien de ce qu'ils disent ne vous dérange, ils sont beaucoup plus susceptibles de reculer que s'ils voient que vous vous énervez facilement chaque fois qu'ils disent quelque chose de désagréable à votre sujet. Vous pouvez parler en privé à un ami de votre détresse ou écrire à ce sujet dans un journal, mais essayez de rester aussi calme et indifférent en public que possible. Au fur et à mesure que vous gagnez en confiance, vous devriez être à l'aise pour exprimer ce que vous pensez et défendre vos croyances. Vous n'avez pas besoin de vous exprimer juste pour le principe, mais si vous avez une opinion, que ce soit en classe ou dans une situation sociale, vous devriez être à l'aise pour la partager sans essayer de plaire à ce que vous pensez que les autres veulent entendre. Tant que vous parlez clairement et avez des preuves pour étayer vos idées, vous vous rapprocherez encore plus de ne pas vous soucier de ce que les gens pensent. De plus, si vous avez la réputation d'être assertif et de dire ce que vous pensez, alors les gens seront moins enclins à colporter des rumeurs ou à parler de vous, car ils verront que vous êtes à l'aise avec qui vous êtes. Si d'autres personnes ont des idées différentes, écoutez-les respectueusement et voyez si vous avez quelque chose à apprendre d'elles. Mais vous ne devriez pas immédiatement changer d'avis ou faire marche arrière juste pour plaire aux autres. Si vous devenez plus à l'aise pour faire des choses par vous-même et même apprendre à aimer votre temps seul, alors vous serez beaucoup moins susceptible de vous soucier de ce que pensent les gens. Si vous êtes à l'aise d'être seul et de poursuivre vos propres intérêts, que ce soit en lisant, en regardant un film ou en faisant simplement une promenade, alors vous serez moins susceptible de vous soucier des opinions des autres. Bien que vous n'ayez pas à être seul tout le temps, être à l'aise avec soi-même au lieu de toujours chercher des gens avec qui traîner vous rendra plus confiant dans qui vous êtes et moins susceptible de laisser les autres vous abattre. Trouvez des loisirs que vous aimez faire seul, qu'il s'agisse de yoga, d'écrire de la poésie, de regarder des films classiques ou de courir. Une chose que font souvent ceux qui se soucient trop de ce que pensent les autres est de s'excuser tout le temps même lorsqu'ils n'ont vraiment rien fait de mal. Vous pourriez vous retrouver à vous excuser simplement parce qu'il est préférable d'être en bons termes avec une personne plutôt que de l'entendre dire du mal de vous, mais si vous ne ressentez pas au fond de vous que vous avez fait quelque chose de mal, alors vous devriez éviter de céder et de dire que vous êtes désolé juste pour ne pas avoir à vous soucier de ce que les gens pensent. Gagnez la confiance dont vous avez besoin pour vous affirmer et savoir quand il n'est pas nécessaire de vous excuser pour votre comportement. C'est un signe de force, et si vous prenez l'habitude de défendre vos convictions, les gens vous respecteront davantage pour cela. Si quelqu'un vous blâme pour quelque chose qui n'était clairement pas de votre faute, vous pouvez dire quelque chose comme : ""Je suis désolé que vous ressentiez cela..."", mais ne cédez pas et ne vous excusez pas juste parce que vous pensez que cela rendra les choses plus simples.

### Instruction2:
Entourez-vous de personnes positives. Faites des choses que vous aimez. Fixez-vous des objectifs. Contrôlez vos réactions émotionnelles. Soyez à l’aise avec vous-même et apprenez à ne pas vous excuser à tout bout de champ.",12.850352048873901
036_19315,"### Instruction1:
Pratiquez des exercices de relaxation par respiration profonde. La respiration profonde élargit votre diaphragme et déclenche une réponse apaisante dans votre corps. Dans le cadre de cette réponse, votre pression artérielle et votre niveau de cortisol vont diminuer. Pratiquez la respiration profonde en prenant une inspiration lente et profonde afin de remplir vos poumons dans leur intégralité. Pendant ce faisant, laissez votre ventre se gonfler, puis expirez lentement. Vous pouvez également pratiquer la respiration profonde pendant que vous méditez ou faites du yoga. La pleine conscience est la technique de vivre dans le moment présent et de détourner votre attention des regrets du passé et des peurs concernant l'avenir. La pleine conscience peut être intégrée dans tous les aspects de votre vie quotidienne. Vous pouvez pratiquer la pleine conscience lorsque vous faites de l'exercice, mangez, travaillez, parlez ou lisez. Des recherches sur la pleine conscience ont montré que cette pratique réduit le stress en diminuant la rumination. La pleine conscience améliore également la mémoire, la concentration et la satisfaction dans les relations. Pour pratiquer la pleine conscience, concentrez-vous sur vos sens et laissez les inquiétudes ou les pensées sur les obligations entrer et sortir de votre conscience. Ne vous attardez pas sur une seule pensée. Au lieu de cela, essayez de les observer et de les laisser passer. Pratiquer le yoga de manière régulière change les schémas chimiques dans le corps et déclenche des réponses naturelles de relaxation. Le yoga favorise un état de relaxation biochimique dans le corps, ce qui signifie qu'il y a suffisamment d'oxygène disponible dans le corps et que le rythme cardiaque et la pression artérielle sont normaux. En plus des bienfaits physiques, le yoga aide également à éliminer les toxines du corps. Les techniques de respiration du yoga ont également un impact profond sur le bien-être physique et mental. Elles aident à nettoyer notre système pour rétablir l'équilibre dans nos pensées et nos émotions. Essayez de suivre un cours de yoga pour débutants dans un studio de yoga local ou achetez un DVD pour pratiquer le yoga dans le confort de votre maison. Les huiles essentielles peuvent avoir des effets bénéfiques sur l'humeur qui aident à réduire le stress. Pour la relaxation, il est utile d'inhaler les senteurs de lavande, de valériane, d'agrumes, de géranium, de clous de girofle, de camphre et de peuplier pour soulager l'insomnie associée aux symptômes de l'effondrement mental. L'huile essentielle de menthe poivrée peut soulager les maux de tête causés par le stress et peut même aider avec les nausées et les troubles d'estomac, qui sont également associés au stress. Mélangez quelques gouttes d'huile de menthe poivrée avec une huile porteuse comme l'huile d'amande et frottez une petite quantité sur vos tempes et votre front. Respirez profondément pendant que vous frottez l'huile pour vous aider à vous détendre. Des études récentes ont montré que des huiles essentielles comme l'huile de lavande et l'huile de citron ont amélioré l'humeur.

### Instruction2:
Pratiquez des exercices de respiration profonde et de pleine conscience pour réduire le stress et améliorer le bien-être. Le yoga, les huiles essentielles, et la concentration sur vos sens peuvent également aider à la relaxation et à l'équilibre émotionnel.",6.4983460903167725
036_56819,"### Instruction1:
Cliquez sur le logo Windows dans le coin inférieur gauche de l'écran. La fenêtre du menu Démarrer s'ouvrira sur le côté gauche de l'écran. Cela permettra de rechercher la section Partition du programme Gestion de l'ordinateur. Elle se trouve en haut de la fenêtre Démarrer. Si vous ne voyez pas cette option, essayez de taper ""créer et formater des partitions de disque dur"" dans Démarrer. Cliquez sur le nom de votre disque dur dans la fenêtre près du bas de l'écran. Cet onglet se trouve dans le coin supérieur gauche de la fenêtre. Un menu déroulant apparaîtra. Il est près du bas du menu déroulant. Vous verrez un menu contextuel affiché à droite du menu déroulant. Cette option se trouve au milieu du menu contextuel. Une nouvelle fenêtre s'ouvrira après que Windows ait déterminé combien d'espace vous avez disponible. Cela peut prendre plusieurs minutes à Windows pour déterminer votre espace disponible. Tapez le nombre de mégaoctets que vous souhaitez que votre partition ait dans le champ de texte ""Entrez la quantité d'espace à réduire en Mo"" sur le côté droit de la page. Cela indiquera la taille du disque que vous souhaitez formater. Le nombre maximum de mégaoctets que vous pouvez allouer est indiqué juste au-dessus du champ dans lequel vous tapez. Il y a 1000 mégaoctets (Mo) dans un gigaoctet (Go). Pour créer une partition de 5 Go, vous devriez taper 5000 dans le champ de texte. C'est en bas de la page. Cela retirera une section d'espace de votre disque dur et créera un nouveau ""disque dur"" avec. Cela prendra probablement quelques minutes pour se compléter. Cliquez sur la case ""Non alloué"" à droite de la case de votre disque dur. Le menu contextuel réapparaîtra. Il est près du haut du menu contextuel. Une nouvelle fenêtre s'ouvrira. C'est dans le coin inférieur droit de la fenêtre. Cela acceptera la taille de votre partition et vous dirigera vers la page suivante. Vous pouvez changer la lettre de lecteur de la partition (par exemple, ""E"") en cliquant sur la boîte déroulante puis en cliquant sur une nouvelle lettre. Si la lettre de votre lecteur ne vous importe pas, cliquez sur Suivant pour passer cette étape. Cochez la case ""Formater ce volume avec les paramètres suivants"", puis cliquez sur la case ""Système de fichiers"" et sélectionnez l'une des options suivantes : NTFS - Utilisé pour les lecteurs uniquement Windows. FAT32 - Utilisé pour Windows et Mac. A une limite de stockage de 32 gigaoctets avec une taille de fichier individuelle de 4 gigaoctets. exFAT - Utilisé pour plusieurs appareils (Mac, Windows, consoles, etc.). Pas de limite de stockage. Cela vous amènera à la page de confirmation. C'est en bas de la page. Cela commencera à partitionner votre disque. Une fois la partition créée, vous pouvez l'ouvrir comme n'importe quel autre disque dur depuis le programme Ce PC. Si vous souhaitez un jour changer le format de la partition, vous pouvez la formater comme une clé USB depuis l'Explorateur de fichiers (Windows) ou l'Utilitaire de disque (Mac).

### Instruction2:
Le texte explique comment créer et formater une partition sur un disque dur sous Windows. Il décrit les étapes pour accéder au menu de gestion des partitions, choisir la taille de la nouvelle partition, sélectionner le système de fichiers approprié et finaliser le processus de partitionnement. Les utilisateurs peuvent ensuite accéder à la nouvelle partition comme à tout autre disque dur.",5.432158708572388
036_44438,"### Instruction1:
La majeure partie de la douleur causée par les appareils orthodontiques se produira dans les 24 à 72 heures suivant la pose des appareils sur vos dents. Pendant les premiers jours, mangez des aliments très mous qui ne nécessitent pas beaucoup de mastication jusqu'à ce que vous vous habituiez à manger avec des appareils. Des aliments comme les soupes, la compote de pommes et les pommes de terre écrasées sont de bons choix. La glace vous apportera un soulagement en offrant un confort engourdissant. Vous pouvez également sucer des glaçons. Mettez un glaçon dans votre bouche à côté de la zone qui ressent le plus d'inconfort. Le cube congelé aidera à engourdir votre bouche et à réduire toute inflammation qui pourrait se produire. Beaucoup d'appareils sont réactifs à la chaleur, ce qui signifie que manger des aliments chauds provoque un resserrement des appareils, entraînant des douleurs. Alternativement, vous pouvez congeler un anneau de dentition pour bébé et le mâcher ou le reposer dans votre bouche. Cela apportera également un certain soulagement. Ne mâchez pas la glace ou les glaçons ; les aliments durs peuvent endommager les brackets et affaiblir leur maintien sur vos dents. Vous pouvez également essayer de boire de l'eau glacée. Les aliments et boissons acides contenant des agrumes, par exemple, peuvent aggraver les plaies buccales ou d'autres inconforts dans votre bouche. Évitez-les pour éliminer la possibilité d'irriter davantage votre bouche. Ne mangez pas certains types d'aliments afin que vos appareils ne se cassent pas, ce qui pourrait causer une irritation et des coûts supplémentaires. Les aliments durs et collants, comme les chips, la viande séchée, les noix et le caramel, peuvent endommager vos appareils. Ne mâchez pas d'autres objets durs, comme des stylos, des crayons ou des glaçons.

### Instruction2:
La douleur liée aux appareils orthodontiques est généralement ressentie dans les 24 à 72 heures suivant leur pose. Pour atténuer l'inconfort, il est conseillé de consommer des aliments mous et froids, comme des soupes et de la glace. Évitez les aliments chauds et acides, ainsi que les aliments durs et collants, pour prévenir les blessures aux appareils et aux dents.",3.7638742923736572
036_24026,"### Instruction1:
Utilisez un thermomètre pour tester la température. Vous voulez que le mélange refroidisse mais qu'il reste encore assez chaud pour que la levure puisse faire son travail. Ajoutez la levure sur le dessus du mélange et fermez le couvercle du fermenteur. Pendant environ quatre à cinq minutes, inclinez soigneusement le fermenteur, en le déplaçant lentement d'avant en arrière, pour agiter la levure. Un airlock est un outil essentiel pour la fermentation. Il permet au CO2 de s'échapper mais empêche l'air d'entrer dans le mélange. L'air entrant dans le mélange diminuerait l'effet que la levure a normalement. Vous pouvez fabriquer un airlock vous-même assez facilement, mais en acheter un est bon marché. Il est possible d'en obtenir un pour moins de quelques dollars. Le processus de fermentation prendra de 5 à 10 jours, selon la levure, la température et la quantité de grains que vous utilisez. Utilisez un hydromètre pour savoir quand la fermentation primaire est terminée. Si la lecture sur l'hydromètre est la même pendant deux à trois jours consécutifs, vous êtes prêt à commencer la distillation. Essayez de maintenir le mélange à une température stable de 77 °F (25 °C) pendant la fermentation. Encore une fois, vous avez besoin d'assez de chaleur pour que la levure s'active et consomme l'amidon. Si vous choisissez de filtrer le mélange, utilisez une taie d'oreiller propre. Essayez de garder le plus de solides possible à l'écart de l'alambic lors du transfert du mélange.

### Instruction2:
Pour la fermentation, testez la température du mélange et ajoutez de la levure. Utilisez un airlock pour éviter que l'air n'entre. La fermentation dure de 5 à 10 jours ; vérifiez sa fin avec un hydromètre. Maintenez une température stable pour activer la levure et filtrez le mélange proprement avant la distillation.",3.514554977416992
036_56107,"### Instruction1:
Donnez à votre chien un régime équilibré qui contient les vitamines et minéraux nécessaires pour un système immunitaire fort. Cela le mettra dans de meilleures conditions pour lutter contre les infections par les acariens. Par exemple, les experts pensent que le demodex peut être enfoui dans la peau de nombreux chiens normaux qui n'ont pas de problèmes cutanés. Mais leur immunité cutanée garde les nombres sous contrôle, de sorte que ces chiens ne développent pas de signes cliniques de gale. Lorsque l'immunité d'un chien diminue en raison d'une mauvaise alimentation ou d'une mauvaise santé, ces acariens peuvent alors se reproduire et causer un problème. La plupart des traitements pour les parasites externes ont un spectre d'activité plus large que le simple traitement des puces ou des vers du cœur. Par exemple, un produit courant, Revolution, contient du selamectin. Ce médicament est efficace contre les puces et les acariens de la gale sarcoptique. D'autres produits courants contenant du fipronil, comme Frontline et Efipro, sont efficaces contre les puces et les cheyletiella. En utilisant un produit régulièrement, votre chien sera protégé s'il entre en contact avec ces acariens. Ces produits ne supprimeront pas complètement le risque que votre chien contracte la gale. Mais ils éliminent le risque pour certains types, selon le produit utilisé. Il est bon de garder un espace de vie propre et hygiénique pour votre chien. La saleté et les débris peuvent abriter des parasites et leur fournir de la nourriture. En revanche, un environnement propre est plus difficile à survivre pour les parasites. Passez l'aspirateur régulièrement (tous les jours si possible) et utilisez un collier anti-puces insecticide dans le sac de l'aspirateur pour tuer les parasites qui sont aspirés. Essayez un collier anti-puces avec de la pyréthrine. Vaporisez les meubles doux et la moquette avec un spray insecticide conçu pour tuer les œufs et larves de puces. Ces produits sont très puissants et susceptibles de tuer des parasites tels que cheyletiella et sarcoptes hors de l'hôte (le demodex vit dans la peau, donc cela n'est pas pertinent dans ce cas). Cela réduit le risque que le chien se réinfecte en étant en contact avec de la literie contaminée. Votre vétérinaire peut vous conseiller sur un spray approprié. Certains recommandés pourraient inclure Indorex, RIP Fleas et Nuvan Staykill. Ces sprays ne doivent pas être utilisés près des oiseaux, des poissons ou des reptiles. Assurez-vous de bien ventiler la pièce pendant quelques heures après le spray initial. L'activité parasitaire peut persister pendant 7 mois, donc il est important de traiter les infestations possibles. Si votre chien sort, assurez-vous d'avoir un environnement propre pour lui. Enlevez les déchets végétaux tels que les feuilles sèches et la végétation pourrie qui pourraient abriter des parasites.

### Instruction2:
Assurez-vous que votre chien bénéficie d'une alimentation équilibrée pour un bon système immunitaire. Utilisez des traitements antiparasitaires pour prévenir les infestations, maintenez un environnement propre et consultez votre vétérinaire pour les produits appropriés.",4.915156602859497
036_51015,"### Instruction1:
Dans les climats pluvieux, un arrosage supplémentaire peut ne pas être nécessaire. Pour les climats qui peuvent parfois se passer de pluie pendant plusieurs jours à plusieurs semaines, un arrosage supplémentaire est presque certainement nécessaire. Vérifiez régulièrement l'état du sol. Une fois que la surface semble sèche, vous devez arroser abondamment le sol. Ne laissez jamais les racines rester trop sèches trop longtemps, même après que la plante est établie. Plutôt que de donner un petit arrosage tous les jours, donnez un arrosage conséquent tous les quelques jours. Nourrissez la plante avec un engrais à libération lente au début du printemps, et donnez-lui une dose supplémentaire six à huit semaines plus tard. Vous pouvez utiliser un engrais polyvalent contenant des parts égales d'azote, de phosphore et de potassium, ou opter pour un engrais contenant des niveaux plus élevés d'azote et de phosphore. Le phosphore aide au développement des racines et des fleurs, tandis que l'azote aide à l'établissement d'un feuillage plein et vibrant. Notez que vous ne devez appliquer l'engrais que lorsque le sol est humide. Arrosez le sol lors de l'application afin que l'engrais soit lessivé en profondeur. L'engrais doit également être appliqué tôt le matin ou le soir, lorsque les températures ont refroidi. Suivre ces deux mesures empêchera l'engrais de brûler votre plante. Utilisez des copeaux de bois ou tout autre type de paillis qui retient bien l'humidité. Éparpiller une couche solide de paillis autour de la base de la plante aide le sol à rester humide et agit également comme un type de contrôle des mauvaises herbes. De plus, le paillis en décomposition peut ajouter plus de nutriments au sol environnant. Les plantes se propagent rapidement, et au fur et à mesure qu'elles se propagent, de grands touffes de racines se forment. Les couronnes de ces touffes ont tendance à s'élever au-dessus du sol. Vous devriez couvrir les couronnes avec un sol limoneux pour empêcher les racines de se dessécher. Les insectes et maladies les plus courants qui attaquent la plante Astilbe comprennent le bug de la plante ternie, le mildiou poudreux et les taches foliaires bactériennes. Néanmoins, la plante n'est pas particulièrement sujette aux ravageurs. Si l'un de ces problèmes émerge, vous pouvez appliquer un insecticide ou un fongicide approprié à ce moment-là. Les pesticides préventifs ne sont pas recommandés, cependant. Chaque printemps, vous devez prendre des divisions des racines de la plante Astilbe pour empêcher les racines de s'étouffer mutuellement. Vous pouvez replanter ces divisions pour créer de nouvelles plantes, les donner à des amis jardiniers ou les jeter. Vous pouvez utiliser vos plantes divisées pour former un massif de couleur solide ou border un chemin de jardin ombragé avec vos belles fleurs.

### Instruction2:
Pour prendre soin des plantes Astilbe, vérifiez régulièrement l'humidité du sol et arrosez abondamment lorsque la surface est sèche. Nourrissez-les avec un engrais à libération lente au printemps et appliquez-le lorsque le sol est humide. Utilisez du paillis pour retenir l'humidité et couvrez les couronnes des racines. Surveillez les maladies et les insectes, et divisez les racines chaque printemps pour favoriser la croissance.",5.480895280838013
036_46851,"### Instruction1:
Retirez votre doigt du disque pour commencer la piste B. Il est préférable de commencer sur le premier temps d'une mesure ou, mieux encore, d'une phrase afin que le flux des deux pistes se déroule simultanément. Une mesure est un groupe de temps répétitifs, le premier temps sonnant généralement plus fort ou ayant un son légèrement différent. Il peut y avoir un coup de caisse claire soudain, une nouvelle ligne de basse ou le début d'un lead de synthétiseur. Une phrase est un ensemble de mesures qui se répètent, comme dans un refrain. La musique house a presque toujours des phrases de 32 temps, mais des phrases de 8 et 16 temps sont également courantes. Sur un lecteur CD, vous commencerez la piste B en appuyant sur le bouton Play/Pause. Si vous avez commencé la piste B légèrement décalée par rapport au rythme de la piste A, vous devrez soit accélérer, soit ralentir la piste B pour que ses tempos s'alignent. Pour accélérer la piste, vous pouvez soit donner une légère poussée près du bord de l'étiquette centrale, soit faire tourner le moyeu dans le sens des aiguilles d'une montre en utilisant votre index et votre pouce. Pour ralentir la piste, vous pouvez toucher doucement le bord extérieur du disque avec votre doigt. Si les disques s'écartent après votre correction, cela signifie que vous vous êtes trompé de direction ! Il suffit de corriger dans la direction opposée pour résoudre le problème. Sur un lecteur CD, vous pouvez soit utiliser le bouton de variation de hauteur pour accélérer ou ralentir la piste, soit faire tourner la molette si les platines CD en sont équipées. Faire tourner la molette dans le sens des aiguilles d'une montre accélère la piste, tandis que la faire tourner dans le sens inverse la ralentit. Les boutons de variation de hauteur et la molette peuvent varier considérablement entre différents modèles, il est donc conseillé de se familiariser avec le lecteur que vous utiliserez.

### Instruction2:
Pour un mixage réussi, commencez la piste B au premier temps d'une mesure. Utilisez des techniques pour synchroniser les rythmes des pistes A et B. Familiarisez-vous avec votre équipement pour ajuster la vitesse des pistes.",3.704019546508789
036_11552,"### Instruction1:
Une presse à huile peut être un peu plus chère qu'un mixeur, mais elle peut mélanger vos amandes de manière particulièrement approfondie si vous êtes prêt à dépenser un peu. Vous devriez monter la presse sur une table ou une autre surface solide. Il suffit de tourner la manivelle lentement pour commencer à faire produire de l'huile par les amandes grillées. Contrairement à un mixeur, vous n'aurez pas à vous soucier de l'accumulation d'huile sur les côtés de l'appareil. Placez simplement un verre en dessous des amandes et attendez que l'huile soit libérée dans le verre. Il sera plus facile de tourner la presse plus longtemps vous le ferez. Vous pouvez utiliser l'huile immédiatement et vous n'aurez pas à attendre quelques semaines pour que l'huile se sépare des noix comme vous le feriez avec un mixeur. Cependant, l'huile peut sembler un peu trouble, mais cela ne signifie pas qu'elle sera moins efficace. Si vous souhaitez que votre huile soit plus claire, il suffit de la placer dans un récipient et de la laisser reposer pendant une journée pour que les particules se déposent au fond.

### Instruction2:
Une presse à huile, bien que plus coûteuse qu'un mixeur, permet d'extraire l'huile des amandes efficacement. Elle doit être fixée à une surface solide, et il suffit de tourner la manivelle lentement pour libérer l'huile sans accumulation. L'huile peut être utilisée immédiatement, bien qu'elle puisse être trouble, mais cela ne nuit pas à son efficacité. Pour la clarifier, laissez-la reposer un jour.",2.7970237731933594
036_14093,"### Instruction1:
Pour 1 cuillère à soupe (15 ml) d'huile végétale dans une grande poêle ou un wok. Placez la poêle sur le feu et réglez la chaleur à moyen-vif. Laissez l'huile chauffer pendant 1 à 2 minutes. Testez l'huile en y faisant tomber une goutte d'eau. Si l'huile est suffisamment chaude, l'eau doit grésiller immédiatement. Ajoutez les tranches de porc rôti et de jambon dans l'huile. Placez également le gingembre haché dans l'huile. Faites cuire pendant plusieurs minutes, en remuant fréquemment, jusqu'à ce que la viande et le gingembre deviennent d'un brun clair de chaque côté. Notez que l'arôme du gingembre doit également devenir nettement plus fort. Ajoutez les carottes, le céleri et l'oignon dans l'huile chaude. Faites cuire les légumes, avec la viande et le gingembre, jusqu'à ce que les légumes soient tendres-croustillants et que la viande soit à moitié cuite. Ajoutez les germes de soja dans la poêle et remuez doucement jusqu'à ce qu'ils soient réchauffés. Retirez tout de la poêle à ce stade. Ajoutez les 2 cuillères à soupe (30 ml) restantes d'huile végétale dans la poêle chaude. Placez les nouilles dans la poêle et faites cuire, en remuant constamment, pendant 1 minute entière. Utilisez de véritables nouilles chow fun si possible. Sinon, utilisez n'importe quelle nouille de riz large et courte. Si vous préférez des bords plus croustillants, vous pouvez cuire les nouilles un peu plus longtemps. Ne dépassez pas 1 à 2 minutes supplémentaires, cependant. Remettez la viande et les légumes dans la poêle. Ajoutez la sauce aux huîtres et remuez, en cuisant juste assez pour réchauffer la sauce. Notez que de la sauce soja peut être utilisée à la place de la sauce aux huîtres si désiré. Garnissez le chow fun d'oignons verts hachés et retirez le plat du feu. Servez et appréciez.

### Instruction2:
Pour préparer le chow fun, commencez par chauffer de l'huile dans une poêle, puis ajoutez du porc rôti, du jambon et du gingembre. Faites cuire jusqu'à ce que la viande soit légèrement dorée. Ajoutez des légumes comme des carottes et du céleri, puis incorporez des germes de soja. Ensuite, faites cuire des nouilles dans la même poêle, ajoutez la viande et les légumes, et assaisonnez avec de la sauce aux huîtres ou de la sauce soja. Garnissez avec des oignons verts et servez.",4.446561574935913
036_7710,"### Instruction1:
L'eau est le meilleur ami du régime. Les boissons sucrées, sucrées ou caféinées sont les ennemies du diététicien. Une simple boisson ""énergétique"" ou ""sportive"" peut contenir jusqu'à 400 calories. C'est un tiers de vos calories totales pour toute la journée. Éloignez-vous de toute boisson sauf de l'eau, à une exception près. Le thé vert non sucré est acceptable à boire, de temps en temps. Si vous en avez assez de boire de l'eau jour après jour, un thé vert occasionnel est acceptable. Le thé vert contient beaucoup d'antioxydants et 0 calorie, ce qui le rend acceptable. Si vous avez vraiment faim pendant les repas, buvez un grand verre d'eau juste avant de manger. Cela aidera à tromper votre estomac en lui faisant croire que vous êtes plus plein que vous ne l'êtes réellement, vous rendant moins affamé. Les glucides simples, également appelés glucides raffinés, ne sont généralement pas très nutritifs pour notre corps et sont absorbés par celui-ci très rapidement. Évitez les glucides simples et raffinés tels que : les biscuits, les bonbons, les gâteaux et autres sucreries, le miel, la mélasse et le sirop, le pain blanc, le riz blanc et les pâtes normales, ainsi que de nombreux céréales en sachet. Les glucides complexes, contrairement aux glucides simples, sont riches en fibres et en autres nutriments, et sont digérés par le corps et libérés dans la circulation sanguine beaucoup plus lentement. Des exemples de glucides complexes incluent : le pain complet, les pâtes complètes, le riz brun, les haricots et légumineuses comme les lentilles, les carottes et les patates douces, ainsi que des légumes et des fruits comme les asperges et les abricots. Optez pour du boeuf qui est à 98 % maigre et seulement 2 % de graisse. Choisissez des poitrines de poulet sans peau. Les produits à base de soja comme l'edamame ou le tofu sont également riches en protéines, tout comme de nombreux types de poissons, y compris le saumon. En plus d'être cuits dans des graisses trans, les hamburgers, frites et milkshakes de fast-food (ou burritos, mac 'n' cheese ou sandwiches) sont très riches en sel et en sucre. Ce sont essentiellement des glucides vides, sans réels nutriments. Si vous êtes sérieux au sujet de perdre ces kilos et de remettre votre poids sur la bonne voie, vous devez éviter la restauration rapide. Avez-vous déjà entendu cette phrase ? Elle a un certain fondement. Mangez tôt pour relancer votre métabolisme et vous donner suffisamment d'énergie pour tenir confortablement jusqu'au déjeuner, puis pour le dîner, commencez à ralentir et mangez le plus petit repas de la journée. Voici quelques exemples de repas que vous pourriez cuisiner durant la journée, avec une collation entre les deux : Petit-déjeuner : omelette aux blancs d'œufs avec épinards et poitrine de poulet, accompagnée d'une banane et de quelques myrtilles fraîches. Déjeuner : reste de steak de saumon sur quinoa, avec une petite salade. Collation : poignée de pistaches. Dîner : sauté de bok choy, carottes, champignons et poivrons. Certains aliments qui aident à perdre du poids ou qui contiennent moins de calories sont : les gâteaux de riz au beurre de cacahuète, les baies, les légumes verts, le thé vert, l'eau, le yaourt grec, les noix non salées, le lait d'amande. Créer un journal des calories et y écrire régulièrement vous aidera à savoir quand vous avez dépassé votre limite. Cela vous dira quels aliments ont fonctionné et quand, et s'ils avaient bon goût. Cela vous donnera un aperçu de vos luttes, ce qui est toujours agréable à revoir une fois la douleur passée ! Devenez très bon en comptage de calories et en tailles de portions. Ce sera difficile de tout calculer au début, mais après un certain temps, cela deviendra comme une seconde nature. Soyez rigoureux dans l'estimation du nombre de calories dans un certain aliment ou repas. Soyez précis ! Se mentir n'en vaut pas la peine si c'est vous qui en souffrez. Il est normal de craquer de temps en temps et de manger quelque chose que vous savez ne pas être bon pour vous. Tout le monde le fait. Mais quand vous craquez, ne tombez pas. Ne justifiez jamais une folie ou un excès. Cela ne fera que rendre votre objectif encore plus difficile et vous décourager davantage.

### Instruction2:
L'eau est essentielle pour un régime, tandis que les boissons sucrées et caféinées sont à éviter. Le thé vert non sucré est une exception. Boire de l'eau avant les repas peut aider à réduire la faim. Évitez les glucides simples et privilégiez les glucides complexes. Optez pour des protéines maigres et évitez la restauration rapide. Mangez tôt pour stimuler le métabolisme et réduisez les portions le soir. Gardez un journal des calories pour suivre votre alimentation et soyez précis dans le comptage. Ne vous laissez pas décourager par des écarts occasionnels.",8.474213600158691
036_55530,"### Instruction1:
Gardez votre menton au niveau du sol, vos épaules en arrière et votre ventre rentré. Laissez vos bras tomber naturellement le long de vos côtés. Placez vos pieds à peu près à la largeur des épaules, la même position que vous utiliseriez pour faire de l'exercice. Imaginez un fil qui vous tire vers le haut. En vous tenant droit, imaginez qu'un fil vient du plafond et vous tire vers le haut. Gardez le bas de votre dos aligné et ne vous mettez pas sur la pointe des pieds. Des techniques de visualisation comme celle-ci peuvent vous aider à ressentir la bonne position à adopter. Tenez-vous avec le dos contre une porte ou un mur. Touchez simplement le mur avec l'arrière de votre tête, vos épaules et vos fesses. Vos talons doivent être éloignés du mur de 5 à 10 cm. Glissez votre main derrière votre dos pour vérifier l'espace. Vous devriez pouvoir glisser votre main derrière votre dos, mais seulement un peu. Si vous avez plus d'espace que cela, tirez votre nombril vers votre colonne vertébrale pour aplatir un peu votre dos. Si vous ne pouvez pas glisser votre main derrière votre dos, cambrer votre dos pour que vous puissiez le faire. Essayez de maintenir cette position lorsque vous vous éloignez du mur, en vérifiant au besoin. Loin du mur, si vous reculez simplement la tête, rentrez votre menton et tirez vos abdominaux, vous constaterez que votre colonne vertébrale, vos épaules et votre poitrine se mettent automatiquement dans les positions appropriées pour une bonne posture. Pensez-y : si vous reculez la tête et rentrez votre menton, alors votre poitrine sera automatiquement en avant. Et le bon changement de position de la colonne vertébrale poussera automatiquement vos épaules en arrière, à la position correcte, et encouragera la courbure appropriée au milieu de votre dos (près du bas de la cage thoracique). Ensuite, il devient rapide et facile de penser : ""Tête en arrière, menton rentré, abdos rentrés."" Retournez au mur et remarquez que le mur vous aide à atteindre cette posture de ""Tête en arrière, menton rentré, abdos rentrés"". Faites un ""X"" de vos épaules à vos hanches. Ajoutez une ligne droite de tape à travers vos épaules fermant le haut de l'X. Portez cela pendant la journée pour aider à rééduquer votre dos. Cette technique fonctionne très bien si vous maintenez vos épaules en arrière avant de coller. Utilisez un tape destiné à la peau, comme un tape médical. Au lieu de tape, vous pouvez acheter un correcteur de posture en ligne. Lorsque vous vous reposez sur vos talons, votre tendance naturelle sera de vous affaisser. Au lieu de cela, tenez-vous droit, en déplaçant votre poids un peu vers l'avant. Maintenant, basculez en arrière pour que votre poids soit sur vos talons. Remarquez comment tout votre corps se déplace dans une posture ""affaissée"" avec ce simple mouvement. Imaginer un livre sur votre tête vous aidera à garder votre tête haute et votre dos droit. Si vous avez du mal à l'imaginer, essayez un vrai livre pendant quelques minutes. Ayez une bonne posture en vous tenant debout tout en vous déplaçant. Marcher avec une bonne posture est simplement une extension de se tenir droit. Gardez la tête haute, les épaules en arrière, la poitrine en avant et les yeux regardant droit devant vous pendant que vous marchez. Évitez de pousser votre tête en avant. Choisissez des chaussures qui ont un bon rembourrage pour vous aider à vous tenir droit. De plus, assurez-vous qu'elles offrent un bon soutien de la voûte plantaire. Une bonne posture commence avec vos pieds. Évitez les chaussures à talons hauts, car elles peuvent changer l'alignement de votre corps. Si vous devez rester debout longtemps, ajoutez du rembourrage au sol pour plus de confort.

### Instruction2:
Pour maintenir une bonne posture, gardez la tête droite, les épaules en arrière et le ventre rentré. Utilisez des techniques de visualisation et vérifiez votre position par rapport à un mur. Assurez-vous de porter des chaussures confortables et de bien vous tenir en marchant.",6.6560351848602295
036_45824,"### Instruction1:
Les Américains passent souvent d'une activité à l'autre, oubliant de prendre le temps de profiter de la vie. Les Européens prennent le temps dans leur journée pour apprécier les choses. Que ce soit des déjeuners prolongés en France, des pauses de midi en Italie ou des siestes en Espagne, les Européens savent se détendre et apprécier les petites choses. Prenez une demi-heure l'après-midi pour vous regrouper et évacuer le stress. Profitez de votre heure de déjeuner au lieu de vous précipiter et de dévorer votre nourriture. L'une des meilleures façons d'y parvenir est de prendre des vacances plus longues. En moyenne, les Européens ont et prennent plus de jours de congé que les gens aux États-Unis. Au lieu de sauter vos vacances jusqu'à avoir plus d'argent ou moins de travail, prenez votre semaine de vacances et profitez-en. Planifiez un voyage qui ne vous ruinera pas ou passez la semaine à vous détendre avec ceux que vous aimez. Ne pensez pas au travail et laissez tout votre stress derrière vous. Les Européens savent quand s’asseoir et profiter de la compagnie des autres. En France, les gens prennent souvent de longs déjeuners prolongés où ils se réunissent en groupes pour socialiser et partager un repas. Au lieu de sauter le dîner en famille parce que vous êtes tous trop occupés, asseyez-vous et mangez ensemble. Vous pouvez tous parler de votre journée et profiter de la compagnie des uns et des autres sans vous précipiter. Les Américains sont souvent trop aimables les uns envers les autres et peuvent devenir sensibles lorsqu'on leur dit qu'ils font quelque chose de mal. Les Européens ont tendance à être plus critiques, mais d'une manière constructive. Les Français sont connus pour leur franchise et sont généralement considérés comme trop honnêtes. Lorsque vos amis vous demandent comment ils se débrouillent dans une tâche, dites-leur la vérité au lieu d'essayer de préserver leurs sentiments. Ils deviendront de meilleures personnes et vous aurez une relation plus intime et plus honnête avec eux. En Europe, les gens ne sourient généralement pas à tout le monde qu'ils croisent comme ils le font aux États-Unis. En Allemagne et en France, vous ne verrez pas les habitants marcher en disant « Guten Morgen » ou « Bonjour » en souriant aux gens. Ils gardent leurs sourires pour des occasions qui les justifient, ce qui rend l'acte plus sincère. Au lieu de sourire à tout le monde que vous voyez ou lorsque cela ne vous fait vraiment pas plaisir, souriez uniquement lorsque vous êtes vraiment content ou amusé par quelque chose. Cela rendra votre attention plus spéciale et vous fera paraître plus européen.

### Instruction2:
Les Européens prennent le temps de profiter de la vie, contrairement aux Américains qui sont souvent pressés. Ils privilégient des pauses pour se détendre, apprécient les repas en groupe et prennent des vacances plus longues. La franchise et la critique constructive sont courantes en Europe, contrairement à la sensibilité américaine. Les sourires sont réservés aux véritables occasions, rendant chaque interaction plus authentique.",4.3724894523620605
036_42857,"### Instruction1:
Les érables japonais bonsaï peuvent être taillés à tout moment de l'année, mais ils mettent plus de temps à guérir après les coupes. À moins que vous n'ayez besoin de couper des branches mortes ou en train de mourir, limitez votre taille à une fois par saison. Le meilleur moment pour tailler les érables japonais bonsaï est l'hiver, sa saison de dormance. Inspectez les branches principales de votre bonsaï pour de nouvelles pousses et limitez chaque arbre à 1-2 paires de feuilles. Pincez toute croissance supplémentaire pour maintenir les branches en bonne santé et équilibrées. En raison de leur petite taille, vous pouvez pincer les feuilles au lieu de tailler sans endommager l'arbre. Les érables japonais bonsaï sont particulièrement sensibles aux maladies après la taille. Appliquez une pâte à couper sur les zones que vous taillez ou coupez. Cela aidera le bonsaï à guérir plus rapidement et à protéger ses blessures des maladies et des parasites. Vous pouvez acheter de la pâte à couper dans de nombreux centres de jardinage ou pépinières.

### Instruction2:
Les érables japonais bonsaï peuvent être taillés une fois par saison, de préférence en hiver. Il est essentiel de contrôler la croissance et d'appliquer une pâte à couper après la taille pour éviter les maladies.",2.462902069091797
