uid,generation,generation_time
039_53730,"### Instruction1:
Wenn du allergisch gegen Latex bist, wähle Menstruationstassen aus sicheren Materialien, am besten aus medizinischem Silikon. Sprich mit deinem Arzt, besonders wenn du eine Spirale hast, nach einer Geburt oder Fehlgeburt, oder wenn du andere gesundheitliche Bedenken hast. Die FDA hält Menstruationstassen für sicher, aber es ist wichtig, Rücksprache mit einem Arzt zu halten.

### Instruction2:
If you are allergic to latex, choose menstrual cups made from safe materials, preferably medical silicone. Talk to your doctor, especially if you have an IUD, after giving birth or having a miscarriage, or if you have other health concerns. The FDA considers menstrual cups to be safe, but it is important to consult with a doctor.",1.8322153091430664
039_1118,"### Instruction1:
Es ist normal, dass Kinder tagsüber trocken sind, aber nachts kann es schwieriger sein. Es ist in Ordnung, nachts eine Windel zu tragen, bis das Kind regelmäßig trocken aufwacht. Jedes Kind entwickelt sich unterschiedlich. Bereite dich auf Unfälle vor, indem du eine wasserfeste Matratzenauflage kaufst und frische Wäsche bereit hältst. Ermutige dein Kind, dir zu helfen, wenn es älter wird, und erkläre, dass es Zeit braucht, um nachts trocken zu werden.

### Instruction2:
It is normal for children to be dry during the day, but it can be more difficult at night. It is okay to wear a diaper at night until the child regularly wakes up dry. Every child develops differently. Prepare for accidents by buying a waterproof mattress cover and keeping fresh laundry handy. Encourage your child to help you as they get older and explain that it takes time to become dry at night.",1.7402019500732422
039_42885,"### Instruction1:
Verwende eine hitzebeständige Schüssel für Cipollini-Zwiebeln, decke sie mit Wasser ab, koche das Wasser und lasse die Zwiebeln darin, um die Schale leichter zu entfernen. Achte darauf, geeignete Materialien zu verwenden und schütze dich vor der Hitze. Nach dem Abgießen der Zwiebeln schneide die Enden ab und ziehe die Schale ab.

### Instruction2:
Use a heat-resistant bowl for Cipollini onions, cover them with water, boil the water, and let the onions sit in it to make peeling easier. Ensure to use appropriate materials and protect yourself from the heat. After draining the onions, cut off the ends and peel the skin off.",1.3958539962768555
039_28406,"### Instruction1:
Die Zubereitung chinesischer Klösse kann eine unterhaltsame Aktivität sein. Man kann entweder selbst Pot Sticker herstellen oder gefrorene kaufen und braten. Die Sauce zum Dippen besteht aus einer Mischung von Sojasauce, chinesischem Reisessig, Ingwer und Sesamöl, oft garniert mit Schnittlauch. Für Schärfe kann man chinesische Chilipaste hinzufügen. Es ist wichtig, die Pfanne sehr heiß zu machen und genügend Platz zwischen den Klößen zu lassen, um ein Zerreißen zu vermeiden.

### Instruction2:
Making Chinese dumplings can be a fun activity. You can either make Pot Stickers yourself or buy frozen ones and fry them. The dipping sauce is made from a mixture of soy sauce, Chinese rice vinegar, ginger, and sesame oil, often garnished with chives. For heat, you can add Chinese chili paste. It's important to heat the pan very hot and to leave enough space between the dumplings to avoid tearing.",1.9213881492614746
039_8702,"### Instruction1:
Plane die Aussaat der Wunderblumensamen im frühen Frühling, nachdem die Frostgefahr vorbei ist. Lasse die Samen über Nacht in Wasser einweichen. Pflanze die Samen in gut beleuchteten Bereichen, drücke sie nicht tiefer als 1,25 cm in den Boden, und halte den Boden feucht, aber nicht nass.

### Instruction2:
Plan the sowing of the marvel flower seeds in early spring, after the frost danger has passed. Soak the seeds in water overnight. Plant the seeds in well-lit areas, pressing them no deeper than 1.25 cm into the soil, and keep the soil moist but not soggy.",1.28310227394104
039_53997,"### Instruction1:
Der Google Play Store bietet verschiedene Apps an, mit denen Benutzer App-Symbole ändern und anpassen können. Beispiele für solche Apps sind Icon Changer von Juyeong, CocoPPA von United, Inc. und Icon Changer von Alvina Gomes. Nach der Anpassung sind die neuen Symbole im App-Fach auf Android verfügbar, und Benutzer können neue Symbole, Themen oder persönliche Bilder verwenden, um bestehende App-Symbole zu ersetzen.

### Instruction2:
The Google Play Store offers various apps that allow users to change and customize app icons. Examples of such apps include Icon Changer by Juyeong, CocoPPA by United, Inc., and Icon Changer by Alvina Gomes. After customization, the new icons will be available in the app drawer on Android, and users can use new icons, themes, or personal images to replace existing app icons.",2.369053602218628
039_15033,"### Instruction1:
Schätze die Menschen in deinem Leben, zeige ihnen Wertschätzung durch kleine Gesten und kommuniziere offen in Konflikten. Sei proaktiv in der Gestaltung deines Lebens, gehe aus deiner Komfortzone und arbeite an deinen Zielen mit kleinen, regelmäßigen Schritten. Organisiere deinen Lebensraum und setze dir tägliche Aufgabenprioritäten, um deine Zeit effektiv zu nutzen.

### Instruction2:
Appreciate the people in your life, show them value through small gestures, and communicate openly in conflicts. Be proactive in shaping your life, step out of your comfort zone, and work on your goals with small, regular steps. Organize your living space and set daily task priorities to use your time effectively.",1.2934634685516357
039_4995,"### Instruction1:
Die App hat ein blaues und weißes Design mit einem Kompass-Symbol. Lesezeichen sind für Webseiten gedacht, die du häufig besuchst. Der Teilen-Button sieht aus wie ein Kasten mit einem Pfeil. Du kannst den Webseitennamen anpassen und in einem Ordner speichern. Um einen neuen Ordner zu erstellen, musst du auf das Lesezeichen-Symbol und dann auf Bearbeiten und Neuer Ordner tippen. Um auf deine Lesezeichen zuzugreifen oder eines zu löschen, nutze das Lesezeichen-Symbol in Safari.

### Instruction2:
The app has a blue and white design with a compass symbol. Bookmarks are for websites you visit frequently. The share button looks like a box with an arrow. You can customize the webpage name and save it in a folder. To create a new folder, you need to tap on the bookmark icon and then tap Edit and New Folder. To access your bookmarks or delete one, use the bookmark icon in Safari.",1.6030676364898682
039_51956,"### Instruction1:
Um einen Screenshot aufzunehmen, musst du dein Telefon aktivieren und die richtigen Tasten gleichzeitig drücken. Der Screenshot erfasst alles auf dem Bildschirm, einschließlich Benachrichtigungen. Du kannst den Screenshot in der Galerie unter dem Ordner ""Screenshots"" finden und das Bild bei Bedarf zuschneiden.

### Instruction2:
To take a screenshot, you need to activate your phone and press the correct buttons simultaneously. The screenshot captures everything on the screen, including notifications. You can find the screenshot in the gallery under the ""Screenshots"" folder and crop the image if needed.",1.602548360824585
039_4594,"### Instruction1:
Wähle eine Methode zur Rasur des Schambereichs, die dir am besten gefällt. Du kannst alles abrasieren, eine Schablone verwenden, eine Landebahn rasieren oder einen elektrischen Trimmer nutzen. Achte darauf, hygienisch zu arbeiten, einen guten Rasierer und Rasierschaum zu verwenden, und die Haut gut vorzubereiten, um Hautirritationen zu vermeiden. Peelen vor und nach dem Rasieren kann helfen, die Haare in die gleiche Richtung auszurichten und die Haut zu glätten. Halte die Klinge während des Rasierens leicht auf der Haut, um Verletzungen zu vermeiden.

### Instruction2:
Choose a method for shaving the pubic area that you feel most comfortable with. You can shave everything off, use a stencil, shave a landing strip, or use an electric trimmer. Make sure to work hygienically, use a good razor and shaving cream, and properly prepare the skin to avoid irritation. Exfoliating before and after shaving can help align the hairs in the same direction and smooth the skin. Keep the blade lightly on the skin while shaving to avoid injuries.",2.247483015060425
039_27850,"### Instruction1:
Vermenge die Gurken mit Salz, lasse sie in einem Sieb stehen, um die Feuchtigkeit zu entfernen, und bereite eine Mischung aus saurer Sahne, Dill, Essig, Pfeffer und Salz vor. Mische die Gurken vorsichtig mit der Sauce und lasse sie im Kühlschrank ruhen.

### Instruction2:
Mix the cucumbers with salt, let them sit in a sieve to remove moisture, and prepare a mixture of sour cream, dill, vinegar, pepper, and salt. Gently mix the cucumbers with the sauce and let them rest in the fridge.",1.2898943424224854
039_39632,"### Instruction1:
Verwende kein flüssiges Bleichmittel für Geschirrspüler aus rostfreiem Edelstahl. Miss ein Viertelliter Bleichmittel ab, fülle es in eine Schale und stelle es in den Geschirrspüler. Lass einen Spülgang auf höchster Hitzestufe laufen, um Schimmel zu entfernen.

### Instruction2:
Do not use liquid bleach for stainless steel dishwashers. Measure a quarter liter of bleach, pour it into a bowl, and place it in the dishwasher. Run a cycle on the highest heat setting to remove mold.",1.4471538066864014
039_11986,"### Instruction1:
Sorge dafür, dass die Erde locker und gut drainiert ist, bevor du Süßkartoffeln pflanzt. Grabe die Erde im Frühling, füge Kompost hinzu und lasse den Bereich vor dem Pflanzen ruhen. Achte auf genügend Platz zwischen den Pflanzen und pflanze sie nach dem letzten Frost ein, um eine lange Wachstumsperiode zu gewährleisten.

### Instruction2:
Make sure the soil is loose and well-drained before planting sweet potatoes. Dig the soil in spring, add compost, and let the area rest before planting. Ensure enough space between the plants and plant them after the last frost to allow for a long growing season.",1.554718017578125
039_40948,"### Instruction1:
Die richtige Kleidung ist wichtig, um süß auszusehen. Trage Röcke oder Kleider anstelle von Hosen, wähle helle Farben und Blumenmuster, und achte darauf, dass die Kleidung bequem ist. Schuhe sollten stylish sein und zum Outfit passen. Accessoires wie Ringe, Ketten und kleine Handtaschen runden den Look ab.

### Instruction2:
The right clothing is important to look sweet. Wear skirts or dresses instead of pants, choose bright colors and floral patterns, and make sure the clothing is comfortable. Shoes should be stylish and match the outfit. Accessories like rings, necklaces, and small handbags complete the look.",1.3600599765777588
039_41813,"### Instruction1:
Frage Freunde und Familie nach ihrer Meinung zu deiner Beziehung, aber berücksichtige, dass nicht jeder objektiv ist. Achte auf die Sichtweise von vertrauenswürdigen Personen und hinterfrage die Gründe für negative Rückmeldungen. Die Freundeskreise beider Partner spiegeln ihre Persönlichkeit wider. Verbringt Zeit getrennt, um zu sehen, wie ihr euch fühlt; ein gesundes Verhältnis sollte Unabhängigkeit und Vorfreude aufeinander beinhalten.

### Instruction2:
Ask friends and family for their opinions on your relationship, but keep in mind that not everyone is objective. Consider the perspective of trustworthy individuals and question the reasons for negative feedback. The social circles of both partners reflect their personalities. Spend time apart to see how you feel; a healthy relationship should include independence and excitement for each other.",1.3998398780822754
039_25121,"### Instruction1:
Das größte Risiko beim Tätowieren zu Hause ist eine Infektion. Halte deine Umgebung sauber, verwende frische und sterile Werkzeuge, und sterilisiere deine Nadel. Achte darauf, Tinte und Behälter sauber zu halten und trage Gummihandschuhe. Bewege die Nadel entlang der vorgezeichneten Linien und wische überschüssige Tinte ab. Achte darauf, dass die Nadel tief genug in die Haut eindringt, aber nicht zu tief. Für qualitativ hochwertige Tattoos sollten die Linien gleichmäßig sein. Wechsle zu einer breiteren Nadel, um Flächen auszufüllen, und sterilisiere die Nadel, wenn sie mit anderen Gegenständen in Kontakt kommt. Wische regelmäßig überschüssige Tinte und Blut ab und benutze dafür stets ein neues Papiertuch.

### Instruction2:
The biggest risk when tattooing at home is infection. Keep your environment clean, use fresh and sterile tools, and sterilize your needle. Make sure to keep ink and containers clean and wear rubber gloves. Move the needle along the pre-drawn lines and wipe off excess ink. Ensure that the needle penetrates deep enough into the skin, but not too deep. For high-quality tattoos, the lines should be even. Switch to a wider needle to fill areas, and sterilize the needle if it comes into contact with other objects. Regularly wipe away excess ink and blood, using a new paper towel each time.",2.26651930809021
039_12916,"### Instruction1:
Um in Gesprächen wohler zu werden, stelle offene Fragen, höre aktiv zu und achte auf deine Körpersprache. Sei durchsetzungsfähig, lerne ""nein"" zu sagen und sprich in Gruppen mit mehr Präsenz.

### Instruction2:
To feel more comfortable in conversations, ask open questions, listen actively, and pay attention to your body language. Be assertive, learn to say ""no,"" and speak with more presence in groups.",1.09913969039917
039_6563,"### Instruction1:
Das App-Icon ist blau mit einem weißen ""A"" und befindet sich normalerweise auf dem Homescreen. Es öffnet die Suchseite, wo eine Reihe von Apps in Verbindung mit Twitter angezeigt wird, einschließlich der offiziellen Twitter App und Periscope. Scrolle, um alternative Optionen zu sehen, und tippe auf eine Drittanbieter-App, um ihre Funktionen zu erkunden. Viele kostenpflichtige Apps bieten nützliche Funktionen ohne Werbung, während einige kostenlose Apps die Option haben, gegen eine Gebühr Werbung zu entfernen. Achte auf die Sterne-Bewertung und die Anzahl der Bewertungen. Der Download beginnt nach der Bestätigung des Kaufs. Nach der Installation öffne die App, melde dich an und autorisiere die App für deinen Twitter-Account.

### Instruction2:
The app icon is blue with a white ""A"" and is usually found on the home screen. It opens the search page, where a range of apps related to Twitter is displayed, including the official Twitter app and Periscope. Scroll to see alternative options and tap on a third-party app to explore its features. Many paid apps offer useful features without ads, while some free apps have the option to remove ads for a fee. Pay attention to the star rating and the number of reviews. The download begins after confirming the purchase. After installation, open the app, log in, and authorize the app for your Twitter account.",2.169050693511963
039_33151,"### Instruction1:
Suche nach ausgewachsenen Termiten und ihren Larven in deinem Zuhause, insbesondere in Holzbereichen. Prüfe auf Anzeichen wie hohl klingendes Holz oder Schutzröhren aus Lehm. Bei Unsicherheiten ziehe einen professionellen Kammerjäger hinzu.

### Instruction2:
Look for adult termites and their larvae in your home, especially in wooden areas. Check for signs like hollow-sounding wood or mud shelter tubes. If unsure, consider hiring a professional pest control expert.",1.2293009757995605
039_8283,"### Instruction1:
Verteile Diatomeenerde an Orten, wo du Ameisen siehst, und benutze nur Lebensmittelqualität. Du kannst auch Essig-Wasser-Spray und Spülmittel verwenden, um Ameisen zu bekämpfen. Babypuder kann helfen, Ameisen fernzuhalten, und eine Mischung aus Borax und Zucker kann die Kolonie abtöten. Borsäure ist ebenfalls effektiv, sollte aber sicher aufbewahrt werden.

### Instruction2:
Spread diatomaceous earth in places where you see ants, and use only food grade. You can also use vinegar-water spray and dish soap to combat ants. Baby powder can help keep ants away, and a mixture of borax and sugar can kill the colony. Boric acid is also effective but should be stored safely.",1.488537073135376
039_43586,"### Instruction1:
Gib beim Kochen regelmäßig kleine Mengen Wasser zu den Bohnen, damit sie gleichmäßig garen. Die Kochzeit variiert je nach Bohnensorte und sollte regelmäßig überprüft werden.

### Instruction2:
Add small amounts of water regularly while cooking the beans so that they cook evenly. The cooking time varies depending on the type of bean and should be checked regularly.",1.0662646293640137
039_53649,"### Instruction1:
Für die Schildkröte benötigst du quadratisches Papier, das du in ein Quadrat faltest, indem du eine Ecke nach unten faltest und überstehendes Papier entfernst. Arbeite die Faltenmuster heraus, indem du Talfalten nach innen faltest und ein quadratisches Muster wie einen Bilderrahmen machst.

### Instruction2:
For the turtle, you need square paper, which you fold into a square by folding one corner down and removing excess paper. Work on the crease patterns by folding the valley folds inward and creating a square pattern like a picture frame.",1.36435866355896
039_53795,"### Instruction1:
Eine ausgewogene Ernährung ist wichtig für die Gesundheit, und viele erhalten nicht genügend Vitamine und Mineralien. Die Einnahme eines hochwertigen Multivitamins kann helfen, gesundheitliche Risiken zu senken. Magnesium, Vitamin B6, Kalzium und L-Tryptophan können PMS-Symptome lindern, aber L-Tryptophan sollte nur nach Rücksprache mit einem Arzt eingenommen werden. Die Antibabypille kann ebenfalls helfen, die Symptome von PMS zu regulieren und hat zusätzliche Vorteile.

### Instruction2:
A balanced diet is important for health, and many do not receive enough vitamins and minerals. Taking a high-quality multivitamin can help reduce health risks. Magnesium, vitamin B6, calcium, and L-tryptophan can alleviate PMS symptoms, but L-tryptophan should only be taken after consulting a doctor. The birth control pill can also help regulate PMS symptoms and has additional benefits.",2.0458667278289795
039_26782,"### Instruction1:
Verwende einen Gitarrenständer oder lege die Gitarre auf deinen Oberkörper, während du die Saiten entfernst. Ziehe die Saite S-förmig um den Wirbel und drehe sie vorsichtig im Uhrzeigersinn, wobei du bei den hohen Saiten in die andere Richtung drehst.

### Instruction2:
Use a guitar stand or lay the guitar on your torso while removing the strings. Pull the string in an S-shape around the peg and turn it carefully clockwise, turning the high strings in the opposite direction.",1.6828739643096924
039_2263,"### Instruction1:
Um ein effektives Vorwort zu schreiben, sollte man die Art des Romans berücksichtigen und den Einfluss des Prologs auf die Geschichte bedenken. Der Prolog sollte den Leser fesseln, Hintergrundinformationen liefern und nicht redundant sein. Er sollte kurz und prägnant sein, eventuell in einer schnellen Szene stattfinden und die fünf Sinne einbeziehen. Zudem sollte der Prolog die Stimme der Figur reflektieren und spannende Details aus der Vergangenheit der Figur bieten, die für die Geschichte wichtig sind.

### Instruction2:
To write an effective prologue, one should consider the type of novel and the impact of the prologue on the story. The prologue should engage the reader, provide background information, and not be redundant. It should be short and concise, possibly take place in a fast-paced scene, and incorporate the five senses. Additionally, the prologue should reflect the character's voice and provide exciting details from the character's past that are important to the story.",1.6841957569122314
039_10945,"### Instruction1:
Um Menschen besser zu verstehen, ist es hilfreich, ihre Persönlichkeit einzuschätzen. Beobachte ihre Körpersprache und höre zu, was sie sagen, um deren Verhalten und Reaktionen zu interpretieren. Verschiedene Persönlichkeitstheorien, wie die Big Five und das System der vier P's (spielerisch, friedlich, kraftvoll, präzise), können nützlich sein. Achte auf Offenheit, Extravertiertheit, Verträglichkeit und Neurotizismus, um zu verstehen, wie du am besten mit ihnen interagieren kannst. Spielerische und extravertierte Personen benötigen Spaß und Stimulation, während kraftvolle und präzise Menschen direkten Umgang bevorzugen. Denke daran, wie du deine Vorschläge an ihre Werte und Ziele anpassen kannst.

### Instruction2:
To better understand people, it is helpful to assess their personality. Observe their body language and listen to what they say to interpret their behavior and reactions. Various personality theories, such as the Big Five and the four P's system (playful, peaceful, powerful, precise), can be useful. Pay attention to openness, extraversion, agreeableness, and neuroticism to understand how best to interact with them. Playful and extraverted individuals need fun and stimulation, while powerful and precise people prefer direct communication. Remember to tailor your suggestions to their values and goals.",2.0257763862609863
039_35627,"### Instruction1:
Nutze die Ferienzeit, um aufgeschobene Haushaltspflichten zu erledigen, wie das Reinigen deines Zimmers, das Erledigen deiner Steuererklärung, Besorgungen, Rechnungen zu bezahlen, deinen Kleiderschrank zu organisieren oder dein Auto zum Service zu bringen.

### Instruction2:
Use the holiday time to take care of postponed household chores, such as cleaning your room, filing your tax return, running errands, paying bills, organizing your closet, or taking your car for service.",1.5961759090423584
039_38845,"### Instruction1:
Beginne mit tiefem Atmen, um schlechte Luft aus den Lungen zu entfernen. Halte den Atem und atme dann aus. Übe tiefe Atmung für zwei Minuten, um deinen Körper an das Luftanhalten zu gewöhnen. Verwende eine Stoppuhr und halte deinen Atem schrittweise länger an. Spritze kaltes Wasser ins Gesicht, um die Herzfrequenz zu senken. Entspanne deinen Körper und konzentriere dich, um die Atemhaltezeit zu verlängern. Wenn du den Atem nicht mehr anhalten kannst, atme langsam aus und wieder ein. Trainiere regelmäßig, um deine Fähigkeiten zu verbessern.

### Instruction2:
Start with deep breathing to remove bad air from the lungs. Hold your breath and then exhale. Practice deep breathing for two minutes to acclimate your body to holding your breath. Use a stopwatch and gradually hold your breath longer. Splash cold water on your face to lower your heart rate. Relax your body and focus to extend your breath-holding time. When you can no longer hold your breath, exhale slowly and then inhale again. Train regularly to improve your skills.",2.0014758110046387
039_41307,"### Instruction1:
Lehne Anrufe und E-Mails ab, halte Abstand zu diesen Personen in sozialen Medien und mache deine Chronik privat. Halte dich beschäftigt mit deiner Karriere und Freunden.

### Instruction2:
Decline calls and emails, keep your distance from these people on social media, and make your profile private. Keep yourself busy with your career and friends.",0.9071323871612549
039_51816,"### Instruction1:
Zieh deine Schuhe aus und setz dich entspannt hin, um Reflexologie zu praktizieren. Übe Druck auf die Zehen aus, um Verspannungen im Nacken und Stress im Körper zu lindern. Nutze Druckpunkte an den Füßen, um Unwohlsein in Brust und Bauch zu behandeln und Schlaflosigkeit zu bekämpfen.

### Instruction2:
Take off your shoes and sit comfortably to practice reflexology. Apply pressure to your toes to relieve tension in your neck and stress in your body. Use pressure points on your feet to address discomfort in your chest and abdomen and combat insomnia.",1.2190468311309814
039_19947,"### Instruction1:
Zeige deinem Freund Zuneigung, höre ihm zu und biete Unterstützung an. Vermeide es, seine Probleme zu verharmlosen, und schaffe Raum für seine Gefühle. Sei da, wenn er dich braucht, und frage, wie du helfen kannst.

### Instruction2:
Show your friend affection, listen to him, and offer support. Avoid minimizing his problems and create space for his feelings. Be there when he needs you, and ask how you can help.",1.0646979808807373
039_14939,"### Instruction1:
Bereite künstliches Blut vor, indem du bestimmte Zutaten in einen Mixer gibst und die Farbe anpasst, bis sie deinen Vorstellungen entspricht.

### Instruction2:
Prepare artificial blood by adding specific ingredients to a blender and adjusting the color until it meets your expectations.",0.9047245979309082
039_22747,"### Instruction1:
Unterrichte nur Fächer, in denen du gut bist, und stelle sicher, dass du den Stoff beherrschst. Setze den Lernstoff in einen Kontext, der für den Schüler relevant ist, um das Verständnis zu fördern. Halte das Selbstbewusstsein der Schüler hoch, indem du ihre Erfolge betonst und Fehler konstruktiv korrigierst. Stelle gezielte Fragen, um das Lernen zu leiten, und schaffe einen sicheren Raum, in dem Schüler ihre Unsicherheiten klären können. Achte auf Anzeichen von Mathephobie und unterstütze Schüler entsprechend. Regelmäßiges Feedback und Zuspruch sind wichtig, um das Selbstvertrauen zu stärken.

### Instruction2:
Only teach subjects in which you are proficient, and ensure that you master the material. Put the learning content into a context that is relevant to the student to enhance understanding. Keep students' self-confidence high by emphasizing their successes and constructively correcting mistakes. Ask targeted questions to guide learning, and create a safe space where students can clarify their uncertainties. Be attentive to signs of math phobia and support students accordingly. Regular feedback and encouragement are important to strengthen self-confidence.",2.0298280715942383
039_28390,"### Instruction1:
Ein High Five kann nur mit einem Partner gemacht werden. Um einen guten High Five zu geben, ist eine sichere Haltung wichtig. Ein strammer Stand und eine offene Hand sind entscheidend. Nach dem High Five sollte man Freude zeigen und eventuell jubeln.

### Instruction2:
A high five can only be done with a partner. A secure stance is important to give a good high five. A firm stand and an open hand are crucial. After the high five, one should show joy and possibly cheer.",1.0016226768493652
039_178,"### Instruction1:
Beginne frühzeitig mit dem Lernen für Prüfungen, besonders in Fächern wie Englische Literatur. Mache dir Notizen zu den wesentlichen Inhalten und Begriffen. Verstehe wichtige literarische Konzepte wie Strophen, Ironie, Alliteration, Sprecher und bildliche Sprache. Nutze Lernhilfen, um dein Wissen zu überprüfen und einen Lernplan zu erstellen.

### Instruction2:
Start studying early for exams, especially in subjects like English Literature. Take notes on the essential content and terms. Understand important literary concepts such as stanzas, irony, alliteration, speaker, and figurative language. Use study aids to check your knowledge and create a study plan.",1.4569144248962402
039_15934,"### Instruction1:
Stelle sicher, dass der Akku geladen ist und bringe die Kopfhörer in den Verbindungsmodus. Suche in der Bedienungsanleitung nach, wie du das machst. Verbinde die Kopfhörer mit deinem Mac, wenn sie in der Liste der Bluetooth-Geräte angezeigt werden.

### Instruction2:
Make sure the battery is charged and put the headphones in pairing mode. Check the manual for how to do this. Connect the headphones to your Mac when they appear in the list of Bluetooth devices.",0.9750421047210693
039_41120,"### Instruction1:
Vintage-Schnitte und -Muster passen gut zum Emo-Style. Achte auf Secondhandkleidung, besonders auf Polkadots, Karomuster und Jacken im Stil der Siebziger. Kleider sollten zurückhaltend sein, in Schwarz oder Primärfarben. Emo-Outfits beinhalten oft Tunikakleider oder Röcke, die mit Leggings oder Strumpfhosen kombiniert werden können. Drucke und Zitate auf T-Shirts sind wichtig, und die Passform sollte gut sein. Converse oder Vans sind die besten Schuhe, und Accessoires wie Haarbänder und Nietengürtel runden den Look ab.

### Instruction2:
Vintage cuts and patterns fit well with the emo style. Look for second-hand clothing, especially polka dots, plaid patterns, and jackets in the 70s style. Dresses should be understated, in black or primary colors. Emo outfits often include tunic dresses or skirts that can be paired with leggings or tights. Prints and quotes on T-shirts are important, and the fit should be good. Converse or Vans are the best shoes, and accessories like headbands and studded belts complete the look.",1.9820168018341064
039_46761,"### Instruction1:
Überlege dir einfühlsame Wege, um Entlassungen zu kommunizieren. Bereite dich auf verschiedene Reaktionen der Mitarbeiter vor und sei ehrlich und respektvoll. Erstelle ein Skript für wichtige Punkte und plane persönliche Gespräche zur Mitteilung der Entlassungen. Biete Unterstützung an, z.B. durch Vernetzung mit Karriereberatern, und informiere über Ansprüche und Leistungen. Achte darauf, rechtliche Vorgaben einzuhalten und Diskriminierung zu vermeiden.

### Instruction2:
Consider empathetic ways to communicate layoffs. Prepare for various employee reactions and be honest and respectful. Create a script for important points and plan personal meetings to inform employees about the layoffs. Offer support, such as connecting them with career advisors, and inform them about claims and benefits. Ensure to comply with legal requirements and avoid discrimination.",1.6165199279785156
039_39748,"### Instruction1:
Installiere die neuesten Office-Updates für die besten Ergebnisse beim Einfügen von Videos in PowerPoint. Füge das Video in jede Folie ein, indem du die verschiedenen Optionen nutzt. Achte darauf, dass du ein unterstütztes Videoformat verwendest. Du kannst die Wiedergabeeinstellungen anpassen und das Video wird in die Präsentation eingebettet, wodurch du dir keine Sorgen machen musst, das Video separat zu speichern.

### Instruction2:
Install the latest Office updates for the best results when inserting videos in PowerPoint. Insert the video into any slide by using the various options available. Make sure to use a supported video format. You can adjust the playback settings, and the video will be embedded in the presentation, so you don't have to worry about saving the video separately.",1.6376595497131348
039_21296,"### Instruction1:
Lerne die französischen Produktnamen richtig auszusprechen, indem du die Silben in ihren Lauten zerlegst und auf die richtige Betonung achtest. Achte darauf, dass viele Buchstaben im Französischen still sind und dass die Aussprache oft von der Schreibweise abweicht.

### Instruction2:
Learn to pronounce the French product names correctly by breaking the syllables down into their sounds and paying attention to the correct emphasis. Note that many letters in French are silent and that pronunciation often differs from spelling.",1.2254652976989746
039_13695,"### Instruction1:
Verhindere das Braunwerden der Avocado mit Zitronensaft und lagere sie im Kühlschrank. Wickele die Avocado in Plastikfolie oder verwende einen luftdichten Behälter. Die Reifung hängt von der bestehenden Reife ab; teste sie, indem du sie herausnimmst und auf Weichheit überprüfst.

### Instruction2:
Prevent the avocado from browning with lemon juice and store it in the refrigerator. Wrap the avocado in plastic wrap or use an airtight container. The ripening depends on how ripe it already is; test it by taking it out and checking for softness.",2.242084503173828
039_30771,"### Instruction1:
Füge einen Absatz über deine Ausbildung in deinen Lebenslauf ein, beginnend mit der letzten Schule. Nenne Auszeichnungen und hohe Noten. Präsentiere jede Arbeitserfahrung, auch freiwillige Tätigkeiten, um deine Fähigkeiten zu zeigen. Verwende Schlagwörter, um deine Jobs beeindruckend darzustellen, und gib messbare Details zu deinen Aufgaben an. Erwähne Erfolge und Auszeichnungen sowie Stipendien, um deine Initiative und Leistungsfähigkeit zu betonen.

### Instruction2:
Include a paragraph about your education in your resume, starting with the most recent school. Mention awards and high grades. Present any work experience, including volunteer activities, to showcase your skills. Use keywords to make your jobs appear impressive, and provide measurable details about your tasks. Mention achievements and awards as well as scholarships to emphasize your initiative and performance.",2.3548777103424072
039_22165,"### Instruction1:
Platziere den Rost so hoch wie möglich im Ofen, aktiviere die Grillfunktion auf hoher Temperatur und warte fünf Minuten. Lege das Brot auf ein ungefettetes Backblech oder direkt auf einen Ofenrost und halte es im Auge, während es toastet. Wende das Brot nach ein oder zwei Minuten mit einer hitzebeständigen Zange, nimm es nach der gewünschten Zeit heraus und serviere es.

### Instruction2:
Place the rack as high as possible in the oven, activate the grill function on high temperature, and wait five minutes. Put the bread on an ungreased baking sheet or directly on an oven rack and keep an eye on it while toasting. Turn the bread after one or two minutes with a heat-resistant tongs, take it out after the desired time, and serve it.",1.4545302391052246
039_28661,"### Instruction1:
Beobachte deinen Hamster genau auf ungewöhnliches Verhalten, das auf eine Erkrankung hinweisen könnte, wie z.B. übermäßigen Schlaf, Appetitlosigkeit, Pflege des Fells, Bewegungsprobleme, Fellverlust, nasses Kinn oder Schwierigkeiten beim Fressen. Halte ihn warm und achte darauf, dass er ausreichend Flüssigkeit bekommt. Bei Anzeichen von Dehydrierung kann ein spezielles Pulver zur Flüssigkeitsersatzgabe helfen.

### Instruction2:
Observe your hamster closely for unusual behavior that may indicate illness, such as excessive sleeping, loss of appetite, neglect of fur grooming, movement problems, fur loss, wet chin, or difficulty eating. Keep him warm and ensure he is getting enough fluids. If signs of dehydration appear, a special powder for fluid replacement can help.",1.4054386615753174
039_15509,"### Instruction1:
Koche die Gerste gemäß den Anweisungen auf der Packung, lasse sie abtropfen, sautiere die Zwiebel, koche die Zutaten zusammen und füge dann die anderen Zutaten hinzu, um die cremige Orzo zuzubereiten.

### Instruction2:
Cook the barley according to the instructions on the package, let it drain, sauté the onion, cook the ingredients together, and then add the other ingredients to prepare the creamy orzo.",1.0480432510375977
039_14297,"### Instruction1:
Bei Nagelablösungen ist es wichtig, einen Arzt aufzusuchen, um den Nagel sicher zu entfernen und Infektionen zu behandeln. Orale und topische Antimykotika sind notwendig, um das Wachstum neuer, gesunder Nägel zu fördern. Die Behandlung kann je nach Schweregrad der Infektion variieren, und es gibt verschiedene Behandlungsoptionen, einschließlich Medikamente, Lichttherapien und natürliche Behandlungen. Ein Mangel an Vitaminen kann die Heilung beeinträchtigen, daher können Ergänzungsmittel helfen. Um die Nägel zu schützen, sollte ein Trockenmittel verwendet werden.

### Instruction2:
In cases of nail separation, it is important to consult a doctor to safely remove the nail and treat infections. Oral and topical antifungals are necessary to promote the growth of new, healthy nails. Treatment may vary depending on the severity of the infection, and there are various treatment options, including medications, light therapies, and natural remedies. A deficiency in vitamins can hinder healing, so supplements may help. To protect the nails, a drying agent should be used.",4.404377222061157
039_38656,"### Instruction1:
Lenke dich ab, um über deine Gefühle für deinen Freund hinwegzukommen. Verbringe Zeit mit Freunden oder Familie, mache Sport und probiere neue Hobbys aus. Achte auf deine Gesundheit und sprich über deine Gefühle mit vertrauenswürdigen Personen oder einem Therapeuten.

### Instruction2:
Distract yourself to get over your feelings for your friend. Spend time with friends or family, exercise, and try new hobbies. Take care of your health and talk about your feelings with trusted individuals or a therapist.",2.506554365158081
039_23558,"### Instruction1:
Frauen mit wiederkehrenden Fehlgeburten können von Progesteronbehandlungen profitieren, um ihre Schwangerschaft aufrechtzuerhalten. Progesteron ist wichtig für die Gebärmutterschleimhaut in der frühen Schwangerschaft. Ein Mangel kann zu Fehlgeburten führen. Vaginal angewendetes Progesteron kann helfen, aber die Wirksamkeit hängt von der Ursache der Fehlgeburt ab. Es gibt verschiedene Arten von Progesteron-Anwendungen, einschließlich Injektionen, die jedoch Komplikationen verursachen können. Crinone® ist ein Produkt, das für Frauen bei künstlicher Befruchtung verwendet wird, jedoch gibt es Kontraindikationen, die beachtet werden müssen, und bei allergischen Reaktionen sollte sofort ein Arzt konsultiert werden.

### Instruction2:
Women with recurrent miscarriages may benefit from progesterone treatments to maintain their pregnancy. Progesterone is important for the uterine lining in early pregnancy. A deficiency can lead to miscarriages. Vaginally administered progesterone can help, but its effectiveness depends on the cause of the miscarriage. There are various forms of progesterone applications, including injections, which may cause complications. Crinone® is a product used for women undergoing artificial insemination, but there are contraindications that must be considered, and immediate medical attention should be sought in case of allergic reactions.",2.003079891204834
039_9604,"### Instruction1:
Finde eine Sportart, die dir Spaß macht, und mache sie mindestens dreimal pro Woche. Probiere verschiedene Sportarten aus, um Langeweile zu vermeiden, und trainiere auch andere Körperbereiche. Belohne dich mit gesunden Aktivitäten nach dem Sport und ermutige Freunde, mitzumachen. Integriere Bewegung in deinen Alltag und nutze Ressourcen wie YouTube für kostenlose Workouts. Gewichtheben ist wichtig für Frauen, um stark und gesund zu bleiben.

### Instruction2:
Find a sport that you enjoy and do it at least three times a week. Try different sports to avoid boredom and also train other body areas. Reward yourself with healthy activities after exercising and encourage friends to join you. Incorporate movement into your daily routine and use resources like YouTube for free workouts. Weightlifting is important for women to stay strong and healthy.",1.4113006591796875
039_4760,"### Instruction1:
Baue eine Vogelscheuche mit einem langen Stock und einem kürzeren Stock für die Schultern. Kleide sie mit einem alten Hemd und fülle es mit verschiedenen Materialien aus. Verwende einen Overall für den unteren Teil und fülle die Beine und Handschuhe mit Füllmaterial. Sichere die Schuhe, um die Vogelscheuche stabil zu halten.

### Instruction2:
Build a scarecrow using a long stick and a shorter stick for the shoulders. Dress it with an old shirt and fill it with various materials. Use coveralls for the lower part and fill the legs and gloves with stuffing. Secure the shoes to keep the scarecrow stable.",1.258521318435669
039_25042,"### Instruction1:
Einfache weiße Kleider sind ideal, um Schmuck hervorzuheben. Berücksichtige den Anlass und Stil des Kleides bei der Auswahl. Kombiniere verschiedene Schmuckstücke, wie Ketten, Ohrringe oder Armreifen. Achte darauf, dass die Accessoires zu den Schuhen passen, insbesondere bei metallischen Farben. Füge Farbakzente mit buntem Perlenschmuck und einer passenden Clutch hinzu. Um das Outfit aufzuwerten, kannst du es mit anderen Kleidungsstücken, wie einer Lederjacke oder einem schicken Kragen, kombinieren. Accessoires wie Hüte oder Tücher können das Gesamtbild abrunden.

### Instruction2:
Simple white dresses are ideal for highlighting jewelry. Take into account the occasion and style of the dress when making your selection. Combine different pieces of jewelry, like necklaces, earrings, or bangles. Ensure that the accessories match the shoes, especially with metallic colors. Add color accents with colorful beaded jewelry and a matching clutch. To elevate the outfit, you can pair it with other clothing items, like a leather jacket or a stylish collar. Accessories like hats or scarves can complete the overall look.",1.8658294677734375
039_43369,"### Instruction1:
Zeichne das Bat-Symbol, indem du mit einem Oval beginnst und dann die Fledermaus mit gekrümmten Linien und gewellten Flügelenden darstellst.

### Instruction2:
Draw the Bat symbol by starting with an oval and then depicting the bat with curved lines and wavy wing ends.",1.2377166748046875
039_54623,"### Instruction1:
Mische Mehl, Backpulver, Backnatron und Salz in einer Schüssel. Schmelze die Butter in der Mikrowelle und verrühre sie mit Eiern, Buttermilch und Vanilleextrakt zu einem gleichmäßigen Teig. Backe den Kuchen in Silikonformen und lasse ihn abkühlen, bevor du ihn glasierst und servierst.

### Instruction2:
Mix flour, baking powder, baking soda, and salt in a bowl. Melt the butter in the microwave and combine it with eggs, buttermilk, and vanilla extract to create a smooth batter. Bake the cake in silicone molds and let it cool before icing and serving.",1.3190295696258545
039_5653,"### Instruction1:
Mit iTunes auf Apple TV kannst du Filme in 1080p oder 720p ansehen, sie ausleihen oder kaufen. Viele Filme sind anfangs nur zum Kauf erhältlich. Fernsehsendungen können ebenfalls nur gekauft werden. AirPlay ermöglicht das Streaming von Inhalten von deinem iPad oder iPhone. Mit Home Sharing kannst du auf deine iTunes-Bibliothek zugreifen. Für Netflix und Hulu benötigst du ein Konto, um Inhalte zu streamen. Sportübertragungen sind über MLB.TV, NBA.com und NHL GameCenter verfügbar. Zudem kannst du YouTube, Vimeo und Internetradiosender nutzen.

### Instruction2:
With iTunes on Apple TV, you can watch movies in 1080p or 720p, rent or buy them. Many movies are initially available for purchase only. TV shows can also only be purchased. AirPlay allows streaming content from your iPad or iPhone. With Home Sharing, you can access your iTunes library. For Netflix and Hulu, you need an account to stream content. Sports broadcasts are available through MLB.TV, NBA.com, and NHL GameCenter. You can also use YouTube, Vimeo, and internet radio stations.",1.8163447380065918
039_44841,"### Instruction1:
Freunde dich mit ihr an, indem du gemeinsam lachst, Smalltalk machst und Komplimente gibst. Teile persönliche Informationen, um eine Verbindung zu stärken. Achte auf ihre Körpersprache und reagiere darauf, um den richtigen Moment für einen Kuss zu finden. Sei ein Gentleman und zeige Interesse durch Berührungen.

### Instruction2:
Become friends with her by laughing together, making small talk, and giving compliments. Share personal information to strengthen your connection. Pay attention to her body language and react accordingly to find the right moment for a kiss. Be a gentleman and show interest through touch.",1.2814078330993652
039_9048,"### Instruction1:
Vermeide chloriertes und Salzwasser, um die Haarfarbe zu schützen. Benutze Hitzeschutz bei Hitzestyling und trage einen Hut zum UV-Schutz. Verwende Glazing-Produkte für zusätzlichen Glanz.

### Instruction2:
Avoid chlorinated and saltwater to protect hair color. Use heat protection when styling with heat and wear a hat for UV protection. Use glazing products for added shine.",1.0130419731140137
039_25405,"### Instruction1:
Trinke Kräutertee, um Tee ohne Tein zu genießen. Koffein ist in sehr geringen Mengen vorhanden. Achte auf die Teesorte, um deinen Koffeinkonsum zu steuern, und trinke Wasser nach jeder Tasse Tee.

### Instruction2:
Drink herbal tea to enjoy tea without caffeine. Caffeine is present in very small amounts. Pay attention to the type of tea to manage your caffeine intake, and drink water after each cup of tea.",1.0809659957885742
039_27727,"### Instruction1:
Wenn dein Hund übergewichtig ist, solltest du einen Tierarzt aufsuchen, um das Gewicht zu beurteilen und einen Abnehmplan zu entwickeln. Der Tierarzt kann spezielle Diäten und Bewegung vorschlagen und prüfen, ob gesundheitliche Gründe vorliegen, die das Abnehmen erschweren. Es gibt auch Medikamente, die den Appetit reduzieren, aber diese sollten nur als letzte Option in Betracht gezogen werden, da sie Nebenwirkungen haben können.

### Instruction2:
If your dog is overweight, you should visit a veterinarian to assess the weight and develop a weight loss plan. The veterinarian can suggest special diets and exercise and check for any health reasons that may hinder weight loss. There are also medications that reduce appetite, but these should only be considered as a last resort, as they can have side effects.",1.59360933303833
039_3586,"### Instruction1:
Um Schimmel auf Brot wachsen zu lassen, benötigst du eine Scheibe Brot, eine verschließbare Plastiktüte, eine Sprühflasche und Wasser. Frisches Brot schimmelt schneller als abgepacktes. Sprühe das Brot mit Wasser ein, ohne es zu durchtränken, und bewahre es in einem warmen, feuchten Ort auf. Halte die Tüte verschlossen, um Schimmelsporen zu vermeiden, und beobachte das Wachstum über sieben bis zehn Tage. Trage bei Bedarf Handschuhe und eine Maske. Entsorge den Behälter nach dem Experiment im Müll und wasche dir die Hände nach dem Umgang mit dem Beutel.

### Instruction2:
To grow mold on bread, you need a slice of bread, a resealable plastic bag, a spray bottle, and water. Fresh bread molds faster than packaged bread. Spray the bread with water without soaking it, and store it in a warm, humid place. Keep the bag closed to avoid mold spores, and observe the growth over seven to ten days. Wear gloves and a mask if necessary. Dispose of the container in the trash after the experiment and wash your hands after handling the bag.",2.1875085830688477
039_47827,"### Instruction1:
Stelle sicher, dass du gesetzlich konform arbeitest, bevor du als selbstständiger Reiseberater anfängst. Halte dich an alle Vorschriften, erstelle einen detaillierten Businessplan, recherchiere deine Zielgruppe und entwickle eine Marketingstrategie. Halte persönliche und geschäftliche Finanzen getrennt und überlege, ob du eine Nische wählen möchtest. Nutze deine Erfahrungen, um dein Reisebüro erfolgreich zu führen.

### Instruction2:
Make sure you operate legally before starting as a self-employed travel advisor. Comply with all regulations, create a detailed business plan, research your target audience, and develop a marketing strategy. Keep personal and business finances separate and consider whether you want to choose a niche. Use your experiences to successfully run your travel agency.",1.4776332378387451
039_4885,"### Instruction1:
Wenn du Schwierigkeiten hast, deinen Freund zu finden, kontaktiere gemeinsame Bekannte oder Verwandte. Nutze LinkedIn, Alumni-Register oder spezifische soziale Netzwerke. Suche auch nach Seiten für Militärfreunde oder länderspezifische Todesanzeigen.

### Instruction2:
If you're having trouble finding your friend, contact mutual acquaintances or relatives. Use LinkedIn, alumni directories, or specific social networks. Also, look for sites for military friends or country-specific obituaries.",1.1928911209106445
039_31880,"### Instruction1:
Coke und Pepsi haben ähnliche, aber nicht identische Geschmäcker. Coke wird oft als ""geschmeidiger"" beschrieben, während Pepsi als ""scharfer"" wahrgenommen wird. Coke hat weniger Zucker als Pepsi und ist sprudelnder. Der Geschmack und das Aroma sind wichtig, um die beiden Getränke zu vergleichen, wobei Coke an Rosinen und Vanille erinnert und Pepsi an Zitrusfrüchte. 

### Instruction2:
Coke and Pepsi have similar but not identical flavors. Coke is often described as ""smoother,"" while Pepsi is perceived as ""sharper."" Coke has less sugar than Pepsi and is fizzier. The taste and aroma are important for comparing the two drinks, with Coke reminiscent of raisins and vanilla and Pepsi of citrus fruits.",1.4536981582641602
039_8908,"### Instruction1:
Wasche deine Haare gründlich, schneide sie, wenn sie feucht sind, und kämme sie, um die ideale Länge zu finden. Teile die Haare für den Pony ab und ziehe sie nach vorne, um eine bessere Sicht auf den Schnitt zu haben.

### Instruction2:
Wash your hair thoroughly, cut it when it's damp, and comb it to find the ideal length. Section the hair for the bangs and pull it forward to have a better view of the cut.",1.1881873607635498
039_20687,"### Instruction1:
Spüle das Gemüse ab, schneide es und blanchiere es eventuell vor dem Einfrieren, um Frische zu bewahren.

### Instruction2:
Rinse the vegetables, cut them, and optionally blanch them before freezing to preserve freshness.",0.8778069019317627
039_27266,"### Instruction1:
Maßgeschneiderte Schuheinlagen bieten Dämpfung und Schutz, um Hühneraugen schneller abheilen zu lassen und ihre Bildung zu verhindern. Verschreibungspflichtige Behandlungen sind effektiver als rezeptfreie. Diabetiker und Menschen mit dünner Haut sollten keine Säuren verwenden. Bei Entzündungen kann ein Antibiotikum nötig sein. Selbstbehandlung sollte vermieden werden; professionelle Fußpfleger können sicher Hühneraugen entfernen. Chirurgische Eingriffe können empfohlen werden, um den Druck auf die Zehen zu reduzieren und die Bildung von Hühneraugen zu vermeiden.

### Instruction2:
Custom insoles provide cushioning and protection to help corns heal faster and prevent their formation. Prescription treatments are more effective than over-the-counter ones. Diabetics and people with thin skin should not use acids. Antibiotics may be necessary for inflammation. Self-treatment should be avoided; professional foot care specialists can safely remove corns. Surgical procedures may be recommended to reduce pressure on the toes and prevent the formation of corns.",2.6007208824157715
039_303,"### Instruction1:
Mache beide Seiten so oft du möchtest.

### Instruction2:
Do both sides as often as you want.",1.052295207977295
039_15392,"### Instruction1:
Nehme Hygieneartikel mit in den Rucksack oder die Tasche, um sie diskret zu transportieren. Besuche die Toilette regelmäßig, auch wenn du denkst, dass du nichts wechseln musst. Menstruationstassen sind eine umweltfreundliche Option, die bis zu 12 Stunden getragen werden kann. Wenn du Binden trägst, kannst du eine frische Binde unter der ersten anbringen, sodass du sie diskret wechseln kannst.

### Instruction2:
Take hygiene products with you in your backpack or bag to transport them discreetly. Visit the restroom regularly, even if you think you don't need to change anything. Menstrual cups are an eco-friendly option that can be worn for up to 12 hours. If you wear pads, you can place a fresh pad underneath the first one so you can change it discreetly.",1.5310521125793457
039_2982,"### Instruction1:
Erstelle eine To-Do-Liste für jeden Tag, setze realistische Ziele und plane Pausen ein. Arbeite an einem ruhigen Ort, vermeide Ablenkungen und delegiere Aufgaben an andere. Suche einen Mentor, um von deren Erfahrung zu profitieren und lerne kontinuierlich. Nutze Technologie produktiv und organisiere deine Aufgaben mit Apps oder einem Planer.

### Instruction2:
Create a to-do list for each day, set realistic goals, and schedule breaks. Work in a quiet place, avoid distractions, and delegate tasks to others. Find a mentor to benefit from their experience and learn continuously. Use technology productively and organize your tasks with apps or a planner.",1.4615259170532227
039_31945,"### Instruction1:
Wasche die Minze, entferne die Blätter und trockne sie. Du kannst die Blätter klein hacken oder sie in Eiswürfelförmchen mit Wasser einfrieren. Die gefrorenen Minzeiswürfel können für Getränke verwendet werden und halten die Minze frisch.

### Instruction2:
Wash the mint, remove the leaves, and dry them. You can chop the leaves or freeze them in ice cube trays with water. The frozen mint cubes can be used for drinks and will keep the mint fresh.",1.1944031715393066
039_30183,"### Instruction1:
Das Systemwiederherstellung-Fenster ermöglicht es dir, einen empfohlenen oder einen anderen Wiederherstellungspunkt auszuwählen. Du musst ein Kontrollhäkchen für das gewünschte Laufwerk setzen. Die Systemdateien werden auf ein früheres Datum und eine frühere Uhrzeit zurückgesetzt, während deine persönlichen Daten unangetastet bleiben.

### Instruction2:
The System Restore window allows you to select a recommended or another restore point. You need to check the box for the desired drive. The system files will be restored to a previous date and time, while your personal data remains untouched.",1.4346227645874023
039_6225,"### Instruction1:
Suche nach Praktika auf verschiedenen Websites, besuche Jobmessen und frage Lehrer oder Professoren nach Angeboten. Bereite dich gut vor, indem du einen Lebenslauf mitbringst und dich ordentlich kleidest.

### Instruction2:
Look for internships on various websites, attend job fairs, and ask teachers or professors about opportunities. Prepare well by bringing a resume and dressing appropriately.",1.1648776531219482
039_29651,"### Instruction1:
Verwende harte und weiche Schalen für deinen Salat, achte darauf, die Schalen nicht zu überfüllen und sei vorbereitet, dass die Füllung herausfallen kann. Halte Besteck bereit und wische dir den Mund regelmäßig ab.

### Instruction2:
Use hard and soft shells for your salad, be careful not to overfill the shells, and be prepared for the filling to fall out. Keep utensils handy and wipe your mouth regularly.",1.0937936305999756
039_9922,"### Instruction1:
Verwende ein umfassenderes Videobearbeitungsprogramm, schneide Fehler heraus, achte auf die Synchronität der Kommentare und lade das Video auf Plattformen wie YouTube hoch. Überprüfe die Qualität des Videos vor dem Hochladen und erwäge eine Kompression, um die Dateigröße zu reduzieren.

### Instruction2:
Use a more comprehensive video editing program, cut out mistakes, pay attention to the synchronization of comments, and upload the video to platforms like YouTube. Check the quality of the video before uploading and consider compression to reduce the file size.",1.218250036239624
039_43685,"### Instruction1:
Gehe zu https://www.gmail.com/ und logge dich ein. Suche nach E-Mails von einer bestimmten Person, indem du ihre E-Mail-Adresse im Dropdown-Feld eingibst. Erstelle ein neues Label für die E-Mails dieser Person, damit sie in einem speziellen Ordner gespeichert werden.

### Instruction2:
Go to https://www.gmail.com/ and log in. Search for emails from a specific person by typing their email address in the dropdown field. Create a new label for that person's emails so that they are stored in a special folder.",1.6206343173980713
039_24152,"### Instruction1:
Die richtige Ernährung ist wichtig für das Wohlbefinden deiner Katze. Übergewicht ist ein häufiges Problem. Kaufe hochwertiges Futter, das dem Alter deiner Katze entspricht, und halte dich an die Fütterungshinweise. Sei vorsichtig mit Leckerlis und lasse Fleisch nicht unbeaufsichtigt. Bringe deine Katze regelmäßig zum Tierarzt und lasse sie sterilisieren. Achte auf Symptome wie Gewichtsverlust oder Energiemangel. Katzen benötigen eine saubere Umgebung und können sich selbst pflegen. Halte das Katzenklo sauber und interagiere regelmäßig mit deiner Katze, indem du sie streichelst und mit ihr sprichst. Achte darauf, sie sanft zu berühren und respektiere ihre Grenzen.

### Instruction2:
Proper nutrition is important for your cat's well-being. Overweight is a common problem. Buy high-quality food that is appropriate for your cat's age and follow the feeding instructions. Be careful with treats and do not leave meat unattended. Take your cat to the vet regularly and have her spayed. Watch for symptoms like weight loss or lack of energy. Cats need a clean environment and can groom themselves. Keep the litter box clean and interact regularly with your cat by petting her and talking to her. Make sure to touch her gently and respect her boundaries.",1.9851458072662354
039_853,"### Instruction1:
Schneide den Schinken in Scheiben, bis du den Knochen erreichst, und schneide die Seiten entlang der Fettstränge ab. Hebe den Knochen für eine Suppe auf.

### Instruction2:
Cut the ham into slices until you reach the bone, and cut the sides along the fat strands. Save the bone for soup.",0.9278044700622559
039_19501,"### Instruction1:
Mache Notizen während des Unterrichts oder beim Lesen, um das Material besser zu verstehen und zu behalten. Stelle Fragen an deinen Lehrer, um dein Engagement zu zeigen und mehr zu lernen. Komme regelmäßig zum Unterricht, um nichts Wichtiges zu verpassen, und kontaktiere deinen Lehrer oder Klassenkameraden, falls du fehlen musst. Engagiere dich in Schulclubs und Aktivitäten, um neue Kontakte zu knüpfen und deine Bewerbungen zu stärken.

### Instruction2:
Take notes during class or while reading to better understand and retain the material. Ask questions to your teacher to show your engagement and learn more. Attend classes regularly to avoid missing important information, and contact your teacher or classmates if you must be absent. Get involved in school clubs and activities to make new connections and strengthen your applications.",1.4628171920776367
039_26078,"### Instruction1:
Verwende eine Pipette zum Auftragen des Nagelhautöls; alternative Produkte haben einen Pinsel oder eine Rolle.

### Instruction2:
Use a pipette to apply the cuticle oil; alternative products have a brush or a roller.",1.0115818977355957
039_43366,"### Instruction1:
Führe ein Experiment durch, um die Effekte verschiedener Brennstoffe auf die Feuerkraft von Kartoffelkanonen zu testen. Berücksichtige unabhängige und abhängige Variablen, wie Gewicht und Menge des Brennstoffs. Halte Sicherheitsmaßnahmen ein, wenn du mit brennbaren Materialien arbeitest, und dokumentiere die Ergebnisse in einer Datentabelle. Analysiere die Ergebnisse, erstelle Diagramme und empfehle weitere Forschungsmöglichkeiten.

### Instruction2:
Conduct an experiment to test the effects of different fuels on the firing power of potato cannons. Consider independent and dependent variables, such as weight and amount of fuel. Follow safety measures when working with flammable materials and document the results in a data table. Analyze the results, create charts, and recommend further research opportunities.",1.6420156955718994
039_24890,"### Instruction1:
Ältere Türrahmen benötigen möglicherweise Restauration. Fülle Abplatzungen mit Holzkitt, versiegle Lücken mit Fugenmasse und erwäge den Austausch beschädigter Teile. Reinige den Rahmen gründlich mit Seifenwasser und einem nicht schäumenden Reinigungsmittel, bevor du mit dem Schleifen beginnst. Schleife leicht über die Oberfläche, um die Haftung der neuen Farbe zu verbessern. Entferne Staub nach dem Schleifen und warte, bis der Rahmen trocken ist, bevor du die Farbe aufträgst.

### Instruction2:
Older door frames may need restoration. Fill chips with wood filler, seal gaps with caulk, and consider replacing damaged parts. Clean the frame thoroughly with soapy water and a non-foaming cleaner before sanding. Lightly sand the surface to improve the adhesion of the new paint. Remove dust after sanding and wait until the frame is dry before applying paint.",1.7398629188537598
039_49357,"### Instruction1:
Um sicherzustellen, dass deine Pfanne backofensicher ist, erhitze sie auf dem Herd, füge Kokosnussöl hinzu, schwenke es, bis es zu rauchen beginnt, lasse die Pfanne abkühlen und reibe dann das Öl in die Poren.

### Instruction2:
To ensure that your pan is oven-safe, heat it on the stove, add coconut oil, swirl it until it starts to smoke, let the pan cool, and then rub the oil into the pores.",1.673337459564209
039_36226,"### Instruction1:
Wenn der Mitesser entleert ist und blutet, wende sanften Druck an, bis die Blutung aufhört. Benutze ein Gesichtswasser oder Antiseptikum für Akne. Trage Aknemittel auf und vermeide Make-up auf der betroffenen Stelle. Gehe zum Arzt, wenn die Akne nicht abheilt oder zystisch wird.

### Instruction2:
If the blackhead is emptied and bleeds, apply gentle pressure until the bleeding stops. Use a toner or antiseptic for acne. Apply acne medication and avoid makeup on the affected area. See a doctor if the acne does not heal or becomes cystic.",1.4828534126281738
039_33031,"### Instruction1:
Das Identitätspositionskonzept hilft, Stigmen und soziale Kategorien zu verstehen. Es beschreibt, wie Identitäten wie „fähig vs. unfähig“ oder „normal vs. abnormal“ unsere Wahrnehmung von Menschen beeinflussen. Viele Menschen leiden unter psychischen Krankheiten, und es ist wichtig, diese Realität zu erkennen, um sich weniger isoliert zu fühlen. Es gibt gesetzliche Schutzrechte für Menschen mit Behinderungen, die Gleichheit und Zugang zu verschiedenen Dienstleistungen gewährleisten. Diskriminierung kommt häufig vor, aber es gibt rechtliche Möglichkeiten, sich zu wehren, wenn man aufgrund von Stigmen benachteiligt wird.

### Instruction2:
The identity position concept helps understand stigmas and social categories. It describes how identities like ""able vs. unable"" or ""normal vs. abnormal"" influence our perception of people. Many individuals suffer from mental illnesses, and recognizing this reality is important to feel less isolated. There are legal protections for people with disabilities that ensure equality and access to various services. Discrimination occurs frequently, but there are legal avenues to defend oneself if disadvantaged due to stigmas.",1.9248769283294678
039_41652,"### Instruction1:
Nutze To-do-Listen zur Organisation von Aufgaben, erledige die wichtigsten Aufgaben zuerst und halte eine Liste der bereits erledigten Aufgaben. Begrenze die Arbeit von zuhause aus und widme Zeit deiner Familie. Bestimme feste Zeiten für den Feierabend und überprüfe E-Mails zu bestimmten Zeiten, um die Produktivität zu steigern.

### Instruction2:
Use to-do lists to organize tasks, complete the most important tasks first, and keep a list of tasks you have already completed. Limit work from home and dedicate time to your family. Set specific times for finishing work and check emails at certain times to increase productivity.",1.2546019554138184
039_13714,"### Instruction1:
Dieser Stil ähnelt der Standardkursivschrift. Die meisten Buchstaben werden mit einem Strich geschrieben, wobei wichtige Striche Abwärts-, Aufwärts- und Kurvenstriche sind. Beginne auf linierten Papier und mache Striche in verschiedene Richtungen. Einige Buchstaben beginnen mit einem Abwärtsstrich und andere erreichen unterschiedliche Linienhöhen. Es wird empfohlen, ein kursives Kalligraphie-Diagramm zu verwenden und konstant zu bleiben.

### Instruction2:
This style is similar to standard cursive writing. Most letters are written with a single stroke, with important strokes being downward, upward, and curved strokes. Start on lined paper and make strokes in different directions. Some letters begin with a downward stroke while others reach different line heights. It is recommended to use a cursive calligraphy diagram and to remain consistent.",2.2980401515960693
039_52614,"### Instruction1:
Trage Gummihandschuhe, schöpfe Wasser aus dem Spülbecken, finde den Siphon und entferne ihn mit einer Wasserpumpenzange. Überprüfe auf Verstopfungen und entferne diese. Spüle den Siphon aus und bringe ihn wieder an. Verwende eine Rohrreinigungsspirale, um weitere Verstopfungen zu beseitigen. Spüle den Abfluss mit warmem Wasser, Backsoda und Essig aus.

### Instruction2:
Wear rubber gloves, scoop water out of the sink, locate the siphon, and remove it with a pipe wrench. Check for clogs and remove them. Rinse the siphon and reattach it. Use a drain cleaning spiral to eliminate further blockages. Flush the drain with warm water, baking soda, and vinegar.",1.3965208530426025
039_42449,"### Instruction1:
Gehe zu Google Drive und logge dich in deinen Account ein. Wähle die Audiodatei aus und teile sie, indem du die E-Mail-Adresse des Empfängers eingibst. Der Empfänger kann die Datei über den Link in der E-Mail herunterladen.

### Instruction2:
Go to Google Drive and log into your account. Select the audio file and share it by entering the recipient's email address. The recipient can download the file via the link in the email.",1.5989878177642822
039_33715,"### Instruction1:
Timing und Ort sind entscheidend für eine einfühlsame Trennung. Ein Gespräch von Angesicht zu Angesicht ist ideal, um nonverbale Hinweise zu vermitteln. Wähle einen Ort, an dem sich der Partner wohlfühlt, und einen geeigneten Zeitpunkt. Übernehme Verantwortung für deine Entscheidung und sei ehrlich, ohne brutal zu sein. Halte die Gründe für die Trennung allgemein und vermeide es, in Details der Probleme des Partners zu gehen. Beginne das Gespräch direkt und bleibe ruhig, um die Botschaft klar zu übermitteln. Ein kleines Trostpflaster, wie das Angebot einer Freundschaft, kann hilfreich sein, sollte jedoch nur gegeben werden, wenn du tatsächlich daran interessiert bist.

### Instruction2:
Timing and location are crucial for a compassionate breakup. A face-to-face conversation is ideal to convey nonverbal cues. Choose a place where your partner feels comfortable and an appropriate time. Take responsibility for your decision and be honest without being brutal. Keep the reasons for the breakup general and avoid going into details about your partner's issues. Start the conversation directly and stay calm to convey the message clearly. A small consolation, like offering friendship, can be helpful but should only be extended if you genuinely want to maintain that connection.",2.83933687210083
039_31142,"### Instruction1:
Fülle eine Schüssel mit Wasser und füge Zitronensaft und Natron hinzu, um eine Einweichlösung zu erstellen. Weiche deine Nägel ein, um gelbe Flecken zu entfernen. Verwende einen Buffer, um die schmutzige Schicht des Gels zu entfernen, und trage dann eine Schicht Überlack auf, um die Maniküre zu schützen.

### Instruction2:
Fill a bowl with water and add lemon juice and baking soda to create a soaking solution. Soak your nails to remove yellow stains. Use a buffer to remove the dirty layer of the gel, and then apply a coat of topcoat to protect the manicure.",1.3091113567352295
039_4821,"### Instruction1:
Überprüfe das Ablaufdatum von Kondomen und achte auf Risse in der Verpackung. Verwende nur intakte und nicht abgelaufene Kondome. Frauenkondome sind teurer, aber mit etwas Übung lassen sie sich leicht einführen. Benutze Gleitmittel, um das Risiko eines Reißens zu verringern. Nach dem Gebrauch sollte das Kondom sicher entsorgt werden, und es ist nicht ratsam, es mehrmals zu verwenden.

### Instruction2:
Check the expiration date of condoms and look for tears in the packaging. Only use intact and unexpired condoms. Female condoms are more expensive, but with some practice, they can be easily inserted. Use lubricant to reduce the risk of tearing. After use, the condom should be disposed of safely, and it is not advisable to use it more than once.",1.6039931774139404
039_17330,"### Instruction1:
Gib keinen verurteilenden Rat und ermögliche der anderen Person, eigene Entscheidungen zu treffen. Höre zu, sei empathisch und unterstützend, ohne deine Meinung aufzuzwingen. Interveniere nur, wenn es um ernsthafte Gefahren geht.

### Instruction2:
Do not give judgmental advice and enable the other person to make their own decisions. Listen, be empathetic and supportive without imposing your opinion. Intervene only when it concerns serious dangers.",1.208477258682251
039_36291,"### Instruction1:
Ein hochwertiges lila Shampoo sollte blickdicht und dunkel sein, um die Messingartigkeit aus blondem oder silbernem Haar zu entfernen. Gute Optionen sind Swiss O-Par Silver Shampoo® und Platinum Blonde Purple Shampoo von Paul Mitchell®. Dunklere lila Formeln sind besser für platinblonde, graue oder hellblonde Haare geeignet. Vermeide leuchtend lila Shampoos und wähle eine hellere Farbe, um Übersättigung zu vermeiden. Lila Shampoo ist weniger wirksam bei braunen oder schwarzen Haaren.

### Instruction2:
A high-quality purple shampoo should be opaque and dark to remove brassiness from blonde or silver hair. Good options include Swiss O-Par Silver Shampoo® and Platinum Blonde Purple Shampoo by Paul Mitchell®. Darker purple formulas are better suited for platinum blonde, gray, or light blonde hair. Avoid bright purple shampoos and choose a lighter color to prevent oversaturation. Purple shampoo is less effective on brown or black hair.",1.5801122188568115
039_11615,"### Instruction1:
Beim Schleifen von Holz sollte das Schleifpapier eingeweicht werden und während der Arbeit regelmäßig befeuchtet werden. Verwende einen Holzblock oder Schwamm, um einen besseren Druck auszuüben und eine größere Fläche abzudecken. Schleife in kreisenden Bewegungen, ohne auf einer Stelle zu bleiben, und wiederhole das Muster, bis die gesamte Oberfläche bearbeitet ist. Nach dem Schleifen sollte Staub entfernt und eventuell ein Holzversiegeler aufgetragen werden.

### Instruction2:
When sanding wood, the sandpaper should be soaked and regularly moistened during work. Use a wood block or sponge to apply better pressure and cover a larger area. Sand in circular motions, without staying in one spot, and repeat the pattern until the entire surface is worked on. After sanding, dust should be removed, and a wood sealer may be applied.",1.47013258934021
039_45037,"### Instruction1:
Eine gute Matratze ist wichtig für die Körperausrichtung und Unterstützung, besonders an der Hüfte. Eine feste Matratze ist meist besser, sollte aber nicht zu hart sein. Eine Schaumstoffauflage kann zusätzlichen Komfort bieten. Vermeide Matratzen mit Federkern und ziehe Memoryschaummatratzen in Betracht. Halte eine gute Schlafhygiene ein, indem du regelmäßige Schlafzeiten einhältst und eine entspannende Umgebung schaffst. Vermeide Koffein, elektronische Geräte und Alkohol vor dem Schlafen. Bei Hüftschmerzen kann das Kühlen der betroffenen Stelle hilfreich sein, achte jedoch darauf, dass der Kühlakku nicht direkt auf die Haut gelegt wird.

### Instruction2:
A good mattress is important for body alignment and support, especially at the hips. A firm mattress is usually better but should not be too hard. A foam topper can provide additional comfort. Avoid innerspring mattresses and consider memory foam mattresses. Maintain good sleep hygiene by keeping regular sleep times and creating a relaxing environment. Avoid caffeine, electronic devices, and alcohol before sleeping. For hip pain, cooling the affected area can be helpful, but ensure that the cooling pack is not placed directly on the skin.",2.186626434326172
039_33627,"### Instruction1:
Die Wörter einer Person können Hinweise auf ihr Verhalten geben. Unsicherheiten zeigen sich oft in Formulierungen wie „weitere“ Auszeichnungen. Inkonsistenzen zwischen Worten und Körpersprache sind verräterisch. Gegenfragen können darauf hindeuten, dass jemand Zeit schinden möchte. Einschränkende Ausdrücke wie „nach meinem Wissen“ können auf Lügen hinweisen. Lügner vermeiden oft das Wort „Ich“ und verwenden die Gegenwartsform für vergangene Ereignisse. Förmliche Sprache könnte ebenfalls ein Zeichen für Unehrlichkeit sein. Der Klang der Stimme kann viel über eine Person verraten; schnelles Sprechen deutet auf Unsicherheit hin, während langsames Sprechen auf Depressionen hindeuten kann. Eine signifikante Abweichung von der durchschnittlichen Satzlänge kann ein Zeichen für Stress oder Lügen sein.

### Instruction2:
The words of a person can provide clues to their behavior. Uncertainties often manifest in phrases like ""another"" award. Inconsistencies between words and body language are telling. Counterquestions may indicate that someone wants to buy time. Restrictive phrases like ""to my knowledge"" can suggest lies. Liars often avoid the word ""I"" and use the present tense for past events. Formal language could also be a sign of dishonesty. The sound of a voice can reveal much about a person; speaking quickly indicates insecurity, while speaking slowly may suggest depression. A significant deviation from the average sentence length can be a sign of stress or lying.",2.5492990016937256
039_21748,"### Instruction1:
Die ideale Höhe für den Strauch liegt zwischen 1,8 und 3 Metern. Verwende eine scharfe Gartenschere zum Beschneiden und schneide in einem Winkel über eine Knospe. Ein leichter Rückschnitt ist für junge Sträucher ausreichend, während ältere einen Verjüngungsschnitt benötigen können. Tote Stängel sollten sofort entfernt werden. 

### Instruction2:
The ideal height for the shrub is between 1.8 and 3 meters. Use sharp garden shears for trimming and cut at an angle above a bud. A light pruning is sufficient for young shrubs, while older ones may need a rejuvenation cut. Dead stems should be removed immediately.",1.813427209854126
039_56981,"### Instruction1:
Um einen Grabstein aus Dämmstoffplatten zu gestalten, benötigt man verschiedene Materialien wie Dämmstoffplatten, Cuttermesser, Sperrholz, Pinsel und Schwamm. Man kann eine Schablone verwenden, um Buchstaben aufzutragen. Die Platten sind robust und nehmen Farbe gut auf. Man sollte sich zuvor inspirierende Bilder ansehen oder auf Friedhöfen nach Formen suchen. Die Platten können in unterschiedlichen Formen geschnitten und mit Montagekleber zusammengeklebt werden. Wetterfeste Acrylfarbe ist am besten geeignet, um den Grabstein zu gestalten. Man kann verschiedene Farben und Techniken verwenden, um einen realistischen oder gruseligen Look zu erzielen. Es ist ratsam, die Buchstaben zuletzt aufzutragen, um sie hervorzuheben.

### Instruction2:
To create a gravestone from insulation boards, various materials are needed, such as insulation boards, a utility knife, plywood, a brush, and a sponge. One can use a stencil to apply letters. The boards are sturdy and absorb paint well. It is advisable to look for inspiring images or visit cemeteries for shape ideas. The boards can be cut into different shapes and glued together with mounting adhesive. Weather-resistant acrylic paint is best for designing the gravestone. Various colors and techniques can be used to achieve a realistic or spooky look. It is recommended to apply the letters last to make them stand out.",2.270944595336914
039_55981,"### Instruction1:
Um die Lebensdauer deines Fisches zu verlängern, ist eine regelmäßige Pflege notwendig, einschließlich einer angemessenen Fütterung, Wasserwechsel und der Reinigung des Aquariums. Wähle das richtige Futter, vermeide Fischmehl und ziehe Lebendfutter vor. Achte auf die Wasserqualität und entferne Algen. Verwende einen Fütterer mit Timer für die Urlaubszeit. Spiegel können zur Aggressionsdarstellung eingesetzt werden, sollten aber nicht übermäßig verwendet werden.

### Instruction2:
To extend your fish's lifespan, regular care is necessary, including proper feeding, water changes, and aquarium cleaning. Choose the right food, avoid fish meal, and prefer live food. Pay attention to water quality and remove algae. Use a feeder with a timer for vacation time. Mirrors can be used for aggression display but should not be overused.",1.97312331199646
039_40442,"### Instruction1:
Das Coming-out kann befreiend, aber auch anstrengend sein. Geduld mit sich selbst ist wichtig, und Unterstützung von Freunden oder Familie kann helfen. Gefühle wie Stolz, Unsicherheit, Angst und Erleichterung sind normal. Es gibt Hilfsangebote, z.B. von LGBTQ+-Organisationen, und es ist wichtig, gut zu sich selbst zu sein. Aktivitäten, die Freude bringen, sind hilfreich, und das Leben nach dem Coming-out bietet viele Vorteile, wie authentischere Beziehungen und das Teil einer Gemeinschaft zu sein.

### Instruction2:
Coming out can be freeing but also exhausting. Patience with oneself is important, and support from friends or family can help. Feelings like pride, uncertainty, fear, and relief are normal. There are support services available, such as LGBTQ+ organizations, and it's important to be kind to oneself. Activities that bring joy are helpful, and life after coming out offers many benefits, such as more authentic relationships and being part of a community.",1.6445484161376953
039_6280,"### Instruction1:
Benutze ein Stirnband oder Haarnadeln, um deine Haare aus dem Gesicht zu halten. Entferne dein Make-up mit einem Gesichtsreiniger und warmem Wasser. Peele dein Gesicht, um tote Hautzellen zu entfernen, und führe eine Gesichtsmasage durch, um die Durchblutung zu fördern.

### Instruction2:
Use a headband or hairpins to keep your hair out of your face. Remove your makeup with a facial cleanser and warm water. Exfoliate your face to remove dead skin cells, and perform a facial massage to promote circulation.",2.7706758975982666
039_20093,"### Instruction1:
Verwende geruchsdichte Boxen, um deine Nahrungsmittel und Pflegeartikel im Rucksack getrennt zu halten, besonders in Bärengebieten. Fülle die Boxen vollständig aus und lagere sie so, dass sie während des Wanderns stabil bleibt. Eine Plane oder ein Kleidungsstück kann helfen, sie vor Nässe zu schützen.

### Instruction2:
Use odor-proof boxes to keep your food and toiletries separated in your backpack, especially in bear areas. Fill the boxes completely and store them in a way that keeps them stable while hiking. A tarp or a piece of clothing can help protect them from moisture.",1.5780210494995117
039_36629,"### Instruction1:
Du benötigst vier lange Pfosten für die Ecken deines Pavillons sowie Materialien für die Konstruktion. Markiere die Fläche, grabe Löcher für die Pfosten und verwende schnell bindenden Zement, um diese zu fixieren. Setze weitere Balken für die Seiten ein und bohre Löcher vor, um die Schrauben anzubringen. Falls du Fenster einbauen möchtest, passe die Maße entsprechend an und befestige diese mit Nägeln. Verbinde die Pfosten oben mit weiteren Balken, indem du spezielle Ausschnitte machst.

### Instruction2:
You need four long posts for the corners of your pavilion, as well as materials for the construction. Mark the area, dig holes for the posts, and use quick-setting cement to secure them. Insert additional beams for the sides and pre-drill holes to attach screws. If you want to install windows, adjust the measurements accordingly and secure them with nails. Connect the posts at the top with additional beams by making special cutouts.",1.850250482559204
039_16358,"### Instruction1:
Um schön zu schreiben, benötigst du gutes Papier und einen geeigneten Stift. Achte darauf, dass das Papier weich, aber nicht zu weich ist, und benutze liniertes Papier, das zu deiner Schriftgröße passt. Experimentiere mit verschiedenen Stiften wie Füllern, Kugelschreibern oder Gelstiften, um den für dich besten zu finden. Achte auf eine gute Sitzhaltung, indem du an einem geeigneten Tisch sitzt und deine Ellbogen in einem 90-Grad-Winkel beugst. Dehne deine Hände vor dem Schreiben, um Krämpfe zu vermeiden. Halte beim Schreiben deinen Kopf gerade und passe den Winkel des Papiers an deine Schreibhand an.

### Instruction2:
To write beautifully, you need good paper and a suitable pen. Ensure the paper is soft but not too soft, and use lined paper that fits your writing size. Experiment with different pens like fountain pens, ballpoint pens, or gel pens to find the best one for you. Pay attention to a good sitting posture by sitting at a suitable table and bending your elbows at a 90-degree angle. Stretch your hands before writing to avoid cramps. Keep your head straight while writing and adjust the angle of the paper to suit your writing hand.",1.9483249187469482
039_1949,"### Instruction1:
Vergleiche den neuen Kraftstofffilter mit dem alten, um sicherzustellen, dass sie übereinstimmen. Baue den richtigen Filter ein, hebe das Auto an und entferne die Stützböcke, bevor du das Auto wieder absenkst und die Batterie anschließt.

### Instruction2:
Compare the new fuel filter with the old one to ensure they match. Install the correct filter, lift the car, and remove the jack stands before lowering the car again and reconnecting the battery.",1.2690849304199219
039_5803,"### Instruction1:
Lass alte Streitigkeiten ruhen, wenn du mit jemandem befreundet bist. Sei unterstützend und vermeide Kritik. Beginne mit wenigen Treffen im Monat und wähle neue Aktivitäten. Halte Gespräche auf einem allgemeinen Level und erwarte Unterstützung von Freunden und Familie.

### Instruction2:
Let old disputes rest when you are friends with someone. Be supportive and avoid criticism. Start with a few meetings per month and choose new activities. Keep conversations at a general level and expect support from friends and family.",1.1766822338104248
039_4787,"### Instruction1:
Packe deinen Koffer effizient, indem du Kleidung rollst und abwechselnd faltest, um Platz zu sparen. Nutze Socken und Accessoires zum Ausfüllen von Lücken, und halte deine Unterwäsche und kleine Gegenstände in Schuhen. Verwende Vakuum-Kompressionsbeutel für dein Kissen und packe die wichtigsten Dinge in deine Handtasche.

### Instruction2:
Pack your suitcase efficiently by rolling clothes and alternating folding to save space. Use socks and accessories to fill gaps, and keep your underwear and small items in shoes. Use vacuum compression bags for your pillow and pack important items in your handbag.",1.286978006362915
039_23891,"### Instruction1:
Verwende eine Gliederung, um Absätze für deinen Aufsatz zu erstellen. Jeder Absatz sollte eine Hauptidee behandeln. Bespreche die gegenteilige Sichtweise mit einer Gegenbehauptung und erkläre, warum deine Position besser ist. Achte darauf, eine zusammenhängende Argumentation zu schaffen und verwende Übergänge zwischen den Abschnitten. Unterstütze deine Ideen mit Quellen und Statistiken.

### Instruction2:
Use an outline to create paragraphs for your essay. Each paragraph should address a main idea. Discuss the opposing viewpoint with a counterclaim and explain why your position is better. Make sure to create a coherent argument and use transitions between sections. Support your ideas with sources and statistics.",1.8392770290374756
039_45069,"### Instruction1:
Zeichne ovale Schuhe, Ohren, eine konische Nase und Rechtecke an den Schultern der Figur.

### Instruction2:
Draw oval shoes, ears, a conical nose, and rectangles on the shoulders of the figure.",0.8706521987915039
039_14180,"### Instruction1:
Es könnte an der Zeit sein, professionelle Hilfe in Anspruch zu nehmen, um mit dem Rauchen aufzuhören. Einzel- oder Gruppentherapie kann Unterstützung bieten. Nikotinpflaster und -kaugummi sind hilfreiche Optionen. Stelle Ressourcen zur Verfügung und informiere den Arzt über den Wunsch, mit dem Rauchen aufzuhören.

### Instruction2:
It may be time to seek professional help to quit smoking. Individual or group therapy can provide support. Nicotine patches and gum are helpful options. Provide resources and inform the doctor about the desire to quit smoking.",5.0629167556762695
039_33729,"### Instruction1:
Befürworter empfehlen, täglich drei Teelöffel Öl zu konsumieren, um die gesundheitlichen Vorteile zu nutzen. Beginne eventuell mit einem Teelöffel und steigere langsam die Menge. Das Öl kann den Blutzuckerspiegel senken, daher sollten Diabetiker vorsichtig sein und ihren Blutzucker regelmäßig überprüfen. Es kann auch den Blutdruck senken und die Blutgerinnung beeinträchtigen, weshalb Konsultationen mit einem Arzt empfohlen werden, insbesondere bei bestehenden Erkrankungen oder der Einnahme von Blutverdünnern. Vermeide die Einnahme vor Operationen.

### Instruction2:
Proponents recommend consuming three teaspoons of oil daily to reap the health benefits. Consider starting with one teaspoon and gradually increasing the amount. The oil may lower blood sugar levels, so diabetics should be cautious and regularly check their blood sugar. It may also lower blood pressure and affect blood clotting, so consulting a doctor is advised, especially if there are existing conditions or if blood thinners are taken. Avoid taking it before surgeries.",1.748950719833374
039_29051,"### Instruction1:
Manchmal ist es verlockend, sich auf das Niveau anderer herabzulassen und ihnen Streiche zu spielen, aber es ist wichtig, dabei reif zu bleiben und keine illegalen oder gefährlichen Aktionen durchzuführen. Es gibt verschiedene harmlose Möglichkeiten, um jemanden zu ärgern, wie das Verstecken von stinkenden Lebensmitteln oder das Bestellen von anstößigen Dingen, die zu einem ungünstigen Zeitpunkt geliefert werden. Es ist jedoch wichtig, darauf zu achten, dass der Spaß nicht in Belästigung umschlägt, was rechtliche Konsequenzen haben kann.

### Instruction2:
Sometimes it is tempting to lower yourself to the level of others and play pranks on them, but it is important to remain mature and not engage in illegal or dangerous actions. There are various harmless ways to annoy someone, such as hiding stinky food or ordering offensive items to be delivered at an inconvenient time. However, it is crucial to ensure that the fun does not turn into harassment, which could have legal consequences.",1.6241204738616943
039_44489,"### Instruction1:
Im Kantonesischen sagt man ""Danke"" hauptsächlich mit den Ausdrücken ""doh jeh"" für materielle Geschenke und ""m goi"" für Gefallen oder Dienstleistungen. ""Doh jeh"" wird als 多謝 geschrieben, während ""m goi"" als 唔該 geschrieben wird. Für Dank im Voraus sagt man ""doh je sin"". 

### Instruction2:
In Cantonese, ""thank you"" is mainly expressed with ""doh jeh"" for material gifts and ""m goi"" for favors or services. ""Doh jeh"" is written as 多謝, while ""m goi"" is written as 唔該. To thank someone in advance, one says ""doh je sin.""",2.2219691276550293
039_8105,"### Instruction1:
Um krauses Haar zu vermeiden, kämme es mit feuchten Fingern oder einem grobzinkigen Kamm. Beginne an den Enden und arbeite nach oben, um Verknoten zu verhindern. Die Frisur sollte zu deinem Haartyp passen, und es gibt Tipps für verschiedene Lockenarten. Verwende Hitzeschutzspray und stelle Stylinggeräte auf eine niedrige Temperatur ein, um das Haar nicht zu schädigen.

### Instruction2:
To avoid frizzy hair, comb it with damp fingers or a wide-toothed comb. Start at the ends and work your way up to prevent tangling. The hairstyle should match your hair type, and there are tips for different types of curls. Use heat protection spray and set styling tools to a low temperature to avoid damaging the hair.",3.5325517654418945
039_9418,"### Instruction1:
Die Kenntnis der Wasserstoffperoxidkonzentration ist wichtig, um die richtige Vorgehensweise im Falle von Haut-, Augen- oder Verdauungsreizungen zu wählen. Haushaltsprodukte enthalten meist drei Prozent Wasserstoffperoxid, während Haarbleichmittel sechs bis zehn Prozent enthalten können. Industrielle Lösungen sind viel konzentrierter und können zu schweren Verätzungen führen. Im Falle eines Unfalls sollte sofort der Notarzt gerufen werden, und betroffene Kleidung sollte entfernt und der Bereich mit kaltem Wasser gespült werden. Kleinere Hautreizungen können mit Wasser abgespült und mit milder Seife gereinigt werden. Bei schwereren Verätzungen ist eine kalte Dusche zu empfehlen. Es ist wichtig, die Haut nicht zu reiben oder Blasen aufzubrechen, und Symptome nach dem Kontakt sollten beobachtet werden.

### Instruction2:
Knowing the concentration of hydrogen peroxide is important to choose the right approach in case of skin, eye, or digestive irritations. Household products usually contain three percent hydrogen peroxide, while hair bleaching agents can contain six to ten percent. Industrial solutions are much more concentrated and can cause severe burns. In the event of an accident, the emergency services should be called immediately, and affected clothing should be removed and the area rinsed with cold water. Smaller skin irritations can be rinsed with water and cleaned with mild soap. For more severe burns, a cold shower is recommended. It is important not to rub the skin or pop blisters, and symptoms after contact should be monitored.",2.157768726348877
039_432,"### Instruction1:
Sei vorsichtig im Umgang mit Hunden und nähere dich ihnen langsam. Frage den Besitzer nach den Vorlieben des Hundes und gebe ihm Leckerbissen, um Freundschaft zu schließen.

### Instruction2:
Be cautious when interacting with dogs and approach them slowly. Ask the owner about the dog's preferences and offer treats to build friendship.",0.8951084613800049
039_39678,"### Instruction1:
Wähle ein leidenschaftliches Thema, das du gut kennst. Stelle sicher, dass du bereit bist, es umfassend zu recherchieren. Deine Leser sollten das Gefühl haben, sich auf dein Wissen verlassen zu können.

### Instruction2:
Choose a passionate topic that you know well. Ensure that you are ready to research it thoroughly. Your readers should feel that they can rely on your knowledge.",0.9721598625183105
039_50998,"### Instruction1:
Füge die Anti-Porn Pro Erweiterung zu deinem Chrome-Browser hinzu, indem du einen Account erstellst und Passwortschutz aktivierst, um deine Einstellungen zu sichern. Dein Browser wird dann alle Arten von Inhalten für Erwachsene blockieren.

### Instruction2:
Add the Anti-Porn Pro extension to your Chrome browser by creating an account and enabling password protection to secure your settings. Your browser will then block all types of adult content.",1.0812218189239502
039_16642,"### Instruction1:
Verteile Natron auf der Matratze, lasse es 24 Stunden einwirken und sauge es danach mit einem Staubsauger ab.

### Instruction2:
Spread baking soda on the mattress, let it sit for 24 hours, and then vacuum it off with a vacuum cleaner.",0.8743085861206055
039_11267,"### Instruction1:
Dieser Test ist ein Speicheltest, der zu Hause durchgeführt werden kann und enthält eine Anleitung, einen Teststab und ein Reagenzglas. Der Test erfordert das Abstreifen des Zahnfleischs mit dem Stab und das Eintauchen in die Flüssigkeit im Reagenzglas. Nach 20 Minuten werden die Ergebnisse abgelesen, wobei ein Strich ein negatives Ergebnis und zwei Striche ein positives Ergebnis anzeigen. Keine Striche bedeuten ein defektes Testset. Bei positiven Ergebnissen sollte ein Arzt aufgesucht werden.

### Instruction2:
This test is a saliva test that can be done at home and includes instructions, a test stick, and a test tube. The test requires swabbing the gums with the stick and dipping it in the liquid in the test tube. After 20 minutes, the results are read, with one line indicating a negative result and two lines indicating a positive result. No lines mean a defective test set. In case of positive results, a doctor should be consulted.",1.77073335647583
039_54061,"### Instruction1:
Phlox gibt es in vielen Farben und Sorten, die unterschiedliche Bedürfnisse im Garten erfüllen. Kaufe sie als Topfpflanzen oder wurzelnackte Pflanzen, wobei letztere am besten im Frühling gepflanzt werden. Phlox benötigt viel Feuchtigkeit und nährstoffreichen Boden. Wähle einen geeigneten Standort, da sie volle Sonne bevorzugen, aber auch im Schatten wachsen können. Achte auf die Abstände beim Pflanzen und gib nach der Pflanzung Wasser.

### Instruction2:
Phlox comes in many colors and varieties that meet different needs in the garden. Buy them as potted plants or bare-root plants, with the latter being best planted in spring. Phlox needs plenty of moisture and nutrient-rich soil. Choose a suitable location, as they prefer full sun but can also grow in shade. Pay attention to the spacing when planting and water after planting.",1.6568467617034912
039_15240,"### Instruction1:
Bade deine Füße regelmäßig, um trockene Haut zu entfernen. Verwende lauwarmes Wasser und milde Seife, besonders wenn du Diabetes hast. Trage Lotion oder Öl auf, um die Haut zu befeuchten, und benutze einen Bimsstein oder eine Feile, um Hornhaut zu entfernen. Vermeide enge Schuhe und benutze Polster, um deine Füße zu schützen. Bei schmerzhaften Hornhäuten oder Hühneraugen solltest du einen Arzt aufsuchen.

### Instruction2:
Soak your feet regularly to remove dry skin. Use lukewarm water and mild soap, especially if you have diabetes. Apply lotion or oil to moisturize the skin, and use a pumice stone or a file to remove calluses. Avoid tight shoes and use pads to protect your feet. If you have painful calluses or corns, you should see a doctor.",1.5461106300354004
039_22004,"### Instruction1:
Autistische Menschen kommunizieren auf ihre eigene Weise, die nicht weniger wertvoll ist. Fehlender Blickkontakt bedeutet nicht, dass sie nicht zuhören. Es ist wichtig, offen zu sein und die Person individuell kennenzulernen. Seltsame Gesten oder Ausdrücke sind nicht gefährlich. Körpersprache ist komplex, und es gibt keine universelle Anleitung, daher sollte man den Kontext beachten und Fragen stellen, um Missverständnisse zu vermeiden.

### Instruction2:
Autistic individuals communicate in their own way, which is not less valuable. Lack of eye contact does not mean they are not listening. It is important to be open and get to know the person as an individual. Strange gestures or expressions are not dangerous. Body language is complex, and there is no universal guide, so one should pay attention to the context and ask questions to avoid misunderstandings.",2.526148557662964
039_56094,"### Instruction1:
Verbringt Zeit in einer zwanglosen Atmosphäre, um herauszufinden, ob ihr zusammenpasst. Ein Café ist ein guter Ort für ein erstes Treffen. Es ist wichtig, gut auszusehen und persönlich zu kommunizieren. Lade die Person zu einem Date ein, indem du das Eis brichst und Smalltalk machst. Vermeide Aufreißersprüche und sei vorbereitet auf eine mögliche Absage.

### Instruction2:
Spend time in a casual atmosphere to determine if you match. A café is a good place for a first meeting. It's important to look good and communicate in person. Invite the person on a date by breaking the ice and making small talk. Avoid pickup lines and be prepared for a possible rejection.",1.3264966011047363
039_39788,"### Instruction1:
Erwarte nicht, dass andere so schlau sind wie du, um Frustration zu vermeiden. Betrachte die Perspektive anderer, um ihre Denkweise zu verstehen. Intelligenz hängt nicht nur von Bildung und familiären Umständen ab; jeder hat unterschiedliche Stärken. Halte dich informiert und bereite dich gut vor, bevor du mit anderen diskutierst, um besser mit ""dummen"" Menschen umzugehen.

### Instruction2:
Do not expect others to be as smart as you to avoid frustration. Consider the perspective of others to understand their way of thinking. Intelligence is not solely dependent on education and family circumstances; everyone has different strengths. Stay informed and prepare well before discussing with others to better deal with ""dumb"" people.",1.3108229637145996
039_4347,"### Instruction1:
Die Eigenschaften jeder Zahl werden aufgelistet, sowohl gute als auch schlechte. Es wird empfohlen, eine Internetsuche zu deiner Zahl durchzuführen. Die Meisterzahlen 11, 22 und 33 haben verstärkte Eigenschaften im Vergleich zu ihren Basiszahlen.

### Instruction2:
The characteristics of each number are listed, both good and bad. It is recommended to conduct an internet search for your number. The master numbers 11, 22, and 33 have amplified traits compared to their base numbers.",1.7777771949768066
039_13473,"### Instruction1:
Schneide die Kartoffeln gleichmäßig und lasse die Schale dran. Verwende einen V-Hobel oder deine Hände, um die Kartoffeln vorzubereiten. Weiche sie ein, lasse sie abtropfen und trockne sie. Frittiere sie zuerst bei einer mittleren Temperatur und dann erneut, um eine knusprige Konsistenz zu erhalten.

### Instruction2:
Cut the potatoes evenly and leave the skin on. Use a V-slicer or your hands to prepare the potatoes. Soak them, drain, and dry them. Fry them first at a medium temperature and then again to achieve a crispy texture.",1.3702473640441895
039_49782,"### Instruction1:
Ein Luftentfeuchter kann ideal zum Trocknen von Kräutern verwendet werden. Die Minzblätter sollten auf einem Gitterrost verteilt werden, damit die Luft gut zirkulieren kann und Schimmelbildung verhindert wird. Die Blätter sollten ein bis zwei Tage im trockenen, warmen Luftstrom des Geräts stehen bleiben, bis sie trocken sind.

### Instruction2:
A dehumidifier can be ideally used for drying herbs. The mint leaves should be spread out on a wire rack to allow good air circulation and prevent mold formation. The leaves should remain in the dry, warm airflow of the device for one to two days until they are dry.",1.2802646160125732
039_20757,"### Instruction1:
Selbstpflege beeinflusst, wie attraktiv andere uns finden. Vor einem romantischen Gespräch sollte man Sport machen, gesund essen, duschen, die Haare frisieren, die Zähne putzen und etwas Schönes anziehen. Eine romantische Stimmung kann durch dimmes Licht, Kerzen und passende Musik erzeugt werden. Schokolade, besonders Zartbitterschokolade, kann romantische Gefühle hervorrufen.

### Instruction2:
Self-care significantly influences how attractive others find us. Before a romantic conversation, one should exercise, eat healthily, shower, style their hair, brush their teeth, and wear something nice. A romantic atmosphere can be created through dim lighting, candles, and suitable music. Chocolate, especially dark chocolate, can evoke romantic feelings.",1.4247839450836182
039_28657,"### Instruction1:
Berühre das Piercing während der Reinigung nur mit sauberen Händen. Vermeide den Kontakt mit Waschgel, feuchtigkeitsspendenden Produkten, alkoholhaltigen und parfümierten Produkten. Halte dich von Seen und Pools fern, bis das Piercing verheilt ist.

### Instruction2:
Touch the piercing only with clean hands during cleaning. Avoid contact with wash gel, moisturizing products, alcohol-containing and perfumed products. Stay away from lakes and pools until the piercing has healed.",1.2483525276184082
039_48097,"### Instruction1:
Übe Tanzen in einem sicheren Raum, um Selbstbewusstsein zu entwickeln. Trage bequeme Kleidung, benutze einen Spiegel, um deine Bewegungen zu beobachten, und habe Spaß dabei.

### Instruction2:
Practice dancing in a safe space to build confidence. Wear comfortable clothing, use a mirror to observe your movements, and have fun with it.",1.001615285873413
039_33171,"### Instruction1:
Bestimme, wann und wie du eine Zahlung einforderst. Berücksichtige den geschuldeten Betrag und frage so bald wie möglich. Verwende freundliche Erinnerungen und nenne relevante Informationen. Wenn nötig, sei direkter und stelle klare Konsequenzen auf. Es ist wichtig, gesetzliche Praktiken zu beachten und unethische Methoden zu vermeiden.

### Instruction2:
Determine when and how to request a payment. Consider the owed amount and ask as soon as possible. Use friendly reminders and mention relevant information. If necessary, be more direct and set clear consequences. It is important to observe legal practices and avoid unethical methods.",1.407472848892212
039_30458,"### Instruction1:
Denke nach, bevor du sprichst. Halte inne und überlege, ob deine Worte der Situation nützlich sind. Höre aktiv zu, stelle Fragen und bleibe höflich. Übe dich im Zuhören und vermeide es, dich über Dinge zu beschweren, die du nicht ändern kannst.

### Instruction2:
Think before you speak. Pause and consider whether your words are useful to the situation. Actively listen, ask questions, and remain polite. Practice listening and avoid complaining about things you cannot change.",1.249267578125
039_35600,"### Instruction1:
Um mehrere Zehen Knoblauch auf einmal zu zerdrücken, benötigst du eine große Presse und mehr Kraft. Verwende eine große Schüssel, um den Knoblauch aufzufangen, und mache eine Pause, wenn du müde wirst, um eine bessere Konsistenz zu erreichen.

### Instruction2:
To crush several cloves of garlic at once, you need a large press and more strength. Use a large bowl to catch the garlic and take a break if you get tired to achieve a better consistency.",1.1739120483398438
039_23423,"### Instruction1:
Als Torhüter musst du das Spielfeld gut im Blick haben, um deiner Mannschaft Informationen zu geben und dein Tor zu verteidigen. Halte den Ball immer im Auge, motiviere deine Teamkollegen, kommuniziere während des Spiels, und achte auf die Bewegungen des gegnerischen Angreifers. Nutze psychologische Tricks, um den Schützen zu verunsichern, und reagiere schnell auf Spielsituationen. Fange den Ball, wenn möglich, oder weiche ihm aus, indem du ihn mit Händen oder Füßen ablenkst. Stehe schnell wieder auf, um jederzeit bereit zu sein, ein weiteres Tor zu verhindern.

### Instruction2:
As a goalkeeper, you need to keep a good view of the field to provide your team with information and defend your goal. Always keep an eye on the ball, motivate your teammates, communicate during the game, and pay attention to the movements of the opposing attacker. Use psychological tricks to unsettle the shooter, and react quickly to game situations. Catch the ball if possible, or deflect it with your hands or feet. Get back up quickly to be ready to prevent another goal at any time.",2.1792540550231934
039_43457,"### Instruction1:
Sprich mit Freunden über gemeinsame Wohnmöglichkeiten oder suche online nach Mitbewohnern. Respektiere die Entscheidungen anderer und halte dich an Vereinbarungen. Wenn nötig, suche nach günstigen Einzimmerapartments oder ziehe zu einem älteren Familienmitglied, um zu helfen.

### Instruction2:
Talk to friends about shared living options or look online for roommates. Respect others' decisions and adhere to agreements. If necessary, search for cheap studio apartments or move in with an older family member to help.",1.197641372680664
039_53544,"### Instruction1:
Schenke deiner Partnerin Aufmerksamkeit, ohne dich selbst zu stimulieren. Nimm dir Zeit für den Geschlechtsverkehr und betrachte ihn als sinnlichen Tanz. Probiere neue Stellungen aus, um Routine zu vermeiden. Wenn du kurz vor dem Orgasmus bist, atme langsam und tief, lenke deine Gedanken ab und benutze die Stopp-und-Start-Methode, um den Höhepunkt hinauszuzögern.

### Instruction2:
Give your partner attention without stimulating yourself. Take your time during intercourse and view it as a sensual dance. Try new positions to avoid routine. When you are close to orgasm, breathe slowly and deeply, distract your thoughts, and use the stop-and-start method to prolong the climax.",1.420778512954712
039_27583,"### Instruction1:
Schreibe Tagebuch, um dich besser kennenzulernen. Erstelle Listen über Vorlieben, Ängste und Glücksmomente. Nutze Persönlichkeitstests zur Selbstreflexion und frage Freunde und Familie nach ihrer Sicht auf dich. Akzeptiere deine Stärken und Schwächen und bleibe flexibel in deiner Entwicklung.

### Instruction2:
Write a journal to get to know yourself better. Create lists about preferences, fears, and moments of happiness. Use personality tests for self-reflection and ask friends and family for their perspective on you. Accept your strengths and weaknesses and remain flexible in your development.",1.4616799354553223
039_20376,"### Instruction1:
""Faul sein"" hat oft eine negative Konnotation, die impliziert, dass man nicht genug beiträgt oder seine Umstände nicht verbessert. Wenn man jedoch Faulheit aus einem anderen Blickwinkel betrachtet, kann sie auch Erholung für Geist und Körper bedeuten. Menschen könnten glücklicher und weniger gestresst leben, wenn sie sich gelegentlich erlauben, faul zu sein. Faulheit könnte ein Hinweis darauf sein, dass man müde von der Nüchternheit des Lebens ist oder einen inneren Konflikt zwischen dem, was man tun sollte, und dem, was man tun möchte, hat. Bequemlichkeit kann zu weniger Stress führen und es ist in Ordnung, Dinge effizienter zu erledigen. Faulheit ist nicht grundsätzlich schlecht; sie kann sogar produktiv sein, wenn man es schafft, die eigene Definition von Produktivität zu verändern. Es ist wichtig, Zeit mit anderen zu verbringen und die Kontrolle über das Leben nicht überzubewerten. Gelegentliches Faulsein kann helfen, neue Energie zu tanken und die eigene Produktivität zu steigern.

### Instruction2:
""Being lazy"" often has a negative connotation, implying that one does not contribute enough or improve their circumstances. However, when viewed from a different perspective, laziness can also mean rest for the mind and body. People could live happier and less stressed lives if they occasionally allow themselves to be lazy. Laziness might indicate that one is tired of the dullness of life or is experiencing an inner conflict between what they should do and what they want to do. Convenience can lead to less stress, and it is okay to accomplish tasks more efficiently. Laziness is not inherently bad; it can even be productive if one manages to change their definition of productivity. It is important to spend time with others and not to overvalue control over life. Occasional laziness can help recharge and increase one's productivity.",3.0410678386688232
039_20715,"### Instruction1:
Kaufe ein Stück Karton oder dickes Papier von mindestens 90 x 23 cm. Du kannst einfarbige oder designte Papiere wählen und auch dein eigenes Design erstellen. Verwende Wachsmalfarben oder Buntstifte für die Gestaltung, und achte darauf, das Papier richtig zuzuschneiden. Wenn du einen Seidenfächer machst, achte darauf, dass die Seide dick genug ist und mindestens die gleiche Größe hat. Miss die Maße genau aus und schneide das Material sicher zu.

### Instruction2:
Buy a piece of cardboard or thick paper measuring at least 90 x 23 cm. You can choose solid colors or designed papers and also create your own design. Use crayons or colored pencils for the design, and make sure to cut the paper to the right size. If you are making a silk fan, ensure that the silk is thick enough and at least the same size. Measure the dimensions accurately and cut the material safely.",1.7879321575164795
039_14857,"### Instruction1:
Repariere dein geliebtes Shirt kreativ, indem du Löcher bestickst oder Applikationen verwendest. Wenn du nicht nähen kannst, nutze Stoffkleber. Achte darauf, die Anweisungen des Klebers zu befolgen. Bei zu vielen Löchern könnte es sinnvoll sein, das Shirt in ein Projekt zu verwandeln oder es zu einem Schneider zu bringen. Kommuniziere klar deine Erwartungen an den Schneider.

### Instruction2:
Repair your beloved shirt creatively by embellishing holes with embroidery or using appliqués. If you can't sew, use fabric glue. Make sure to follow the glue instructions. If there are too many holes, it might be wise to turn the shirt into a project or take it to a tailor. Clearly communicate your expectations to the tailor.",1.5805995464324951
039_27311,"### Instruction1:
Gib dem Publikum am Ende der Präsentation die Möglichkeit, Fragen zu stellen und zusätzliche Informationen zu erhalten. Ermutige sie, Feedback anonym zu geben, um ihre Verständnisse zu überprüfen und zukünftige Präsentationen zu verbessern. Mache dem Publikum Komplimente, um ihre Wertschätzung zu zeigen.

### Instruction2:
At the end of the presentation, give the audience the opportunity to ask questions and receive additional information. Encourage them to provide feedback anonymously to check their understanding and improve future presentations. Compliment the audience to show your appreciation.",1.1670477390289307
039_42207,"### Instruction1:
Japanischer Staudenknöterich darf oft nicht über den regulären Müll entsorgt werden und muss entsprechend den lokalen Vorschriften behandelt werden. Du solltest dich informieren, Müllbeutel verwenden und das Unkraut möglicherweise verbrennen, wobei du auf Sicherheit und Brandschutz achten musst. Wenn Verbrennen nicht erlaubt ist, kontaktiere ein spezielles Transportunternehmen für die Entsorgung.

### Instruction2:
Japanese knotweed is often not allowed to be disposed of through regular waste and must be handled according to local regulations. You should inform yourself, use garbage bags, and possibly burn the weeds while paying attention to safety and fire protection. If burning is not permitted, contact a special transportation company for disposal.",1.6291916370391846
039_33691,"### Instruction1:
Einnistungsblutungen sind schwächer und kürzer als normale Perioden, treten vor der Monatsblutung auf und sind meist heller. PMS und frühe Schwangerschaftssymptome können ähnliche körperliche Veränderungen verursachen, einschließlich Stimmungsschwankungen, Brustschmerzen, Müdigkeit, Kopfschmerzen und Heißhunger. Beide können auch Verdauungsprobleme hervorrufen, wobei in der Schwangerschaft eher Verstopfung auftritt. PMS-Symptome erscheinen normalerweise eine bis zwei Wochen vor der Periode und verschwinden in den ersten Tagen der Periode, während die Symptome einer Einnistung und frühe Schwangerschaft gleichzeitig auftreten.

### Instruction2:
Implantation bleeding is weaker and shorter than normal periods, occurs before the menstrual period, and is usually lighter. PMS and early pregnancy symptoms can cause similar physical changes, including mood swings, breast tenderness, fatigue, headaches, and cravings. Both can also lead to digestive issues, with constipation being more common in pregnancy. PMS symptoms typically appear one to two weeks before the period and disappear within the first few days of menstruation, while implantation symptoms and early pregnancy symptoms occur simultaneously.",2.539396047592163
039_52156,"### Instruction1:
Dieser Kühlschrank muss leer sein und an einem sicheren Ort stehen. Bereite den Käse vor, benutze Holzspäne zum Räuchern und halte den Käse kühl. Überprüfe den Räucherprozess regelmäßig und kühle den Käse nach dem Räuchern für mindestens eine Woche.

### Instruction2:
This refrigerator must be empty and located in a safe place. Prepare the cheese, use wood chips for smoking, and keep the cheese cool. Check the smoking process regularly and cool the cheese for at least one week after smoking.",1.647853136062622
039_27135,"### Instruction1:
Eine Fehlermeldung kann auf einen falsch geschriebenen Hostnamen hinweisen. Überprüfe Schreibfehler und teste bekannte Hostnamen. Bei ""Unknown Host"" könnte das Problem bei der Adresse des Domainanbieters liegen. Ping die IP-Adresse statt des Namens, um zu sehen, ob die Seite erreichbar ist. Bei ""No route to host"" kann die Gateway-Adresse falsch sein. Überprüfe die WLAN-Verbindung und die Kontrollleuchten am Router. Wenn alles fehlschlägt, kontaktiere deinen Internetanbieter.

### Instruction2:
An error message may indicate a misspelled hostname. Check for typos and test known hostnames. With ""Unknown Host,"" the problem may lie with the domain provider's address. Ping the IP address instead of the name to see if the site is reachable. ""No route to host"" may mean the gateway address is incorrect. Check the Wi-Fi connection and the indicator lights on the router. If everything fails, contact your internet provider.",1.7413837909698486
039_50050,"### Instruction1:
Erzähler in der ersten Person haben eine einzigartige Sichtweise, die von ihrer Vorgeschichte geprägt ist. Es ist wichtig, eine eigenständige narrative Stimme zu entwickeln, die das Alter, die Klasse und den Hintergrund des Icherzählers berücksichtigt. Der Leser sollte die Geschichte aus der Perspektive des Icherzählers erleben. Achte darauf, dass die Handlung im Vordergrund bleibt und verwende Dialoge, um die Gedanken und Gefühle des Erzählers zu vermitteln. Lies Beispiele aus der Literatur, um ein besseres Verständnis für diese Erzählweise zu bekommen.

### Instruction2:
First-person narrators have a unique perspective shaped by their background. It is important to develop a distinctive narrative voice that takes into account the narrator's age, class, and background. The reader should experience the story from the first-person narrator's perspective. Ensure that the action remains central and use dialogue to convey the narrator's thoughts and feelings. Read examples from literature to gain a better understanding of this narrative style.",1.9250235557556152
039_11937,"### Instruction1:
Lade die passende binäre Datei herunter und installiere den Subversion-Installer. Überprüfe, ob svn funktioniert, indem du den Befehl im Terminal eingibst. Falls erforderlich, füge /usr/local/bin zu deinem Pfad hinzu.

### Instruction2:
Download the appropriate binary file and install the Subversion installer. Check if svn works by entering the command in the terminal. If necessary, add /usr/local/bin to your path.",1.6566925048828125
039_37816,"### Instruction1:
Um eine Beziehung zu älteren Leuten aufzubauen, ist es wichtig, sich mehr mit ihnen zu umgeben und die Unterschiede im Alter zu akzeptieren. Suche nach Möglichkeiten, wie Vereine oder Clubs, um Gleichaltrige zu treffen, und entwickle ein gesundes Selbstbewusstsein, um den älteren Jungen zu beeindrucken. Halte deine Versprechen und arbeite an deinen negativen Gedanken. Tagebuchschreiben kann helfen, sich selbst besser kennenzulernen, und lerne, mit Eifersucht umzugehen. Umgebe dich mit positiven Einflüssen und ignoriere kindisches Drama, während du weiterhin für eine reife Haltung eintrittst.

### Instruction2:
To build a relationship with older people, it is important to surround yourself more with them and accept the age differences. Look for opportunities, such as clubs or organizations, to meet peers, and develop a healthy self-confidence to impress the older boy. Keep your promises and work on your negative thoughts. Journaling can help you get to know yourself better, and learn to deal with jealousy. Surround yourself with positive influences and ignore childish drama while continuing to advocate for a mature attitude.",2.0028910636901855
039_24493,"### Instruction1:
Die Krankheit betrifft den Verdauungstrakt und zeigt Symptome wie Übelkeit, Erbrechen, Durchfall und Bauchschmerzen. Sie dauert zwei bis drei Tage und wird durch den Kontakt mit betroffenen Personen übertragen. Bei leichten bis mittleren Symptomen ist meist kein Arztbesuch nötig, außer bei starken Bauchschmerzen oder Anzeichen von Dehydration. Kinder und ältere Menschen sind besonders gefährdet. Vorbeugung erfolgt durch häufiges Händewaschen und das Vermeiden von Kontakt mit anderen, um eine Ausbreitung zu verhindern. Kinder sollten zu Hause bleiben, bis sie nicht mehr ansteckend sind.

### Instruction2:
The illness affects the digestive tract and presents symptoms such as nausea, vomiting, diarrhea, and abdominal pain. It lasts two to three days and is transmitted through contact with affected individuals. In cases of mild to moderate symptoms, a doctor's visit is usually not necessary, except in cases of severe abdominal pain or signs of dehydration. Children and older adults are particularly at risk. Prevention involves frequent handwashing and avoiding contact with others to prevent spreading. Children should stay home until they are no longer contagious.",2.1255829334259033
039_47397,"### Instruction1:
Achte darauf, dass sich keine Menschen oder Tiere in Schussrichtung befinden. Halte die Finger vom Abzug fern und wiederhole den Vorgang, um sicherzustellen, dass alle Patronen entfernt sind. Drücke beim letzten Zurückziehen des Schlittens den Verschlussfanghebel, um ihn offen zu halten, und ziehe den Abzug, um ihn in die hinterste Position zu bringen.

### Instruction2:
Make sure no people or animals are in the direction you are aiming. Keep your fingers off the trigger and repeat the process to ensure all cartridges are removed. When you pull back the slide for the last time, press the bolt catch lever to keep it open, and pull the trigger to bring it to the rearmost position.",1.53173828125
039_34268,"### Instruction1:
Stelle sicher, dass du ausreichend schläfst, geh immer zur gleichen Zeit ins Bett und mache dein Schlafzimmer gemütlich. Reduziere Koffein und vermeide Bildschirme vor dem Schlafengehen. Ein warmes Bad kann helfen, und ein kurzes Nickerchen während des Tages kann dein Energielevel steigern.

### Instruction2:
Make sure you get enough sleep, go to bed at the same time every night, and make your bedroom cozy. Reduce caffeine and avoid screens before bedtime. A warm bath can help, and a short nap during the day can boost your energy level.",1.4996020793914795
039_22905,"### Instruction1:
Sport ist wichtig, besonders ab 50. Kombiniere Ausdauer- und Krafttraining für bessere Durchblutung und straffere Haut. Entspannung, Lachen, ausreichend Schlaf und eine gute Haltung helfen, das Erscheinungsbild des Alters zu verringern. Verwende sanfte Peelings und feuchtigkeitsspendende Cremes, und schütze deine Haut vor UV-Strahlen. Vermeide Sonnenstudios und Rauchen, um Hautalterung zu verhindern.

### Instruction2:
Exercise is important, especially after 50. Combine endurance and strength training for better circulation and firmer skin. Relaxation, laughter, adequate sleep, and good posture help reduce the appearance of age. Use gentle peels and moisturizing creams, and protect your skin from UV rays. Avoid tanning salons and smoking to prevent skin aging.",1.3817639350891113
039_29694,"### Instruction1:
Der ideale erste Läufer hat einen explosiven Start und darf nicht disqualifiziert werden. Der zweite Läufer muss den Staffelstab gut handhaben und ist am besten auf einer geraden Strecke. Kleinere Läufer sind für Kurven geeignet. Der dritte Läufer sollte ebenfalls gut mit dem Staffelstab umgehen können. Der letzte Läufer sollte unter Druck gut performen und nicht entmutigt werden. Wählt Teilnehmer mit technischen Fähigkeiten und denkt über die Übergabe des Staffelstabs nach. Ändert die Reihenfolge, wenn Schwierigkeiten auftreten.

### Instruction2:
The ideal first runner has an explosive start and must not be disqualified. The second runner must handle the baton well and is best suited for a straight section. Smaller runners are suitable for curves. The third runner should also be good with the baton. The last runner should perform well under pressure and not be discouraged. Choose participants with technical skills and think about the baton exchange. Change the order if difficulties arise.",1.6939713954925537
039_36699,"### Instruction1:
Mische Butter und Mehl, um eine Paste herzustellen, die zur Verdickung von Soßen verwendet werden kann. Du kannst die Mischung im Voraus herstellen und im Tiefkühlschrank aufbewahren.

### Instruction2:
Mix butter and flour to create a paste that can be used to thicken sauces. You can prepare the mixture in advance and store it in the freezer.",1.3863940238952637
039_39918,"### Instruction1:
Lerne die spanischen Zahlen von 11 bis 15 und die Bildung der Zahlen bis 99. Übe regelmäßig das Zählen und merk dir die Grundlagen.

### Instruction2:
Learn the Spanish numbers from 11 to 15 and how to form numbers up to 99. Practice counting regularly and remember the basics.",2.6210014820098877
039_32972,"### Instruction1:
Es ist schwierig, eine Geschichte zusammenzufassen, ohne sie zu lesen. Vertraue nicht auf Internetzusammenfassungen, da sie ungenau sein können. Halte beim Lesen die zentrale Idee im Kopf und mache Notizen zu den wichtigen Charakteren und Konflikten. Erwähne nur die Hauptcharaktere und die wichtigsten Handlungen, die den zentralen Konflikt betreffen. Der Schluss der Geschichte sollte ebenfalls zusammengefasst werden, ohne unwichtige Details einzubeziehen.

### Instruction2:
It is difficult to summarize a story without reading it. Do not rely on internet summaries as they can be inaccurate. Keep the central idea in mind while reading and take notes on important characters and conflicts. Only mention the main characters and the key actions that relate to the central conflict. The conclusion of the story should also be summarized without including unimportant details.",2.1845242977142334
039_20595,"### Instruction1:
Verwende Raumspray oder einen wohlriechenden Gebräu, um Zigarettengeruch zu neutralisieren. Duftkerzen und Lufterfrischer sind ebenfalls nützlich, um den Geruch zu überdecken.

### Instruction2:
Use air freshener or a fragrant brew to neutralize cigarette odor. Scented candles and air fresheners are also useful for masking the smell.",1.1548280715942383
039_38428,"### Instruction1:
Probiere den Ranzen vor dem Kauf an, um die Größe und den Komfort zu testen. Achte auf die Nähte, reinige die Tasche regelmäßig und sorge dafür, dass sie leer und sauber ist.

### Instruction2:
Try on the backpack before buying to test the size and comfort. Pay attention to the seams, clean the bag regularly, and ensure it is empty and clean.",1.4578683376312256
039_16982,"### Instruction1:
Tiere mit Tollwut zeigen möglicherweise untypisches Verhalten, wie z.B. Verlust der Furcht vor Menschen oder übermäßige Aggressivität. Abstand halten und die Tieraufsicht informieren ist wichtig, wenn ein Tier sich seltsam verhält. Infizierte Tiere können ängstlich oder aggressiv erscheinen, und selbst freundliche Tiere können gefährlich sein. Es wird geraten, sich von streunenden oder wilden Tieren fernzuhalten, selbst wenn sie freundlich wirken.

### Instruction2:
Animals with rabies may display atypical behavior, such as loss of fear of humans or excessive aggression. It is important to keep a distance and inform animal control if an animal behaves strangely. Infected animals may appear anxious or aggressive, and even friendly animals can be dangerous. It is advised to stay away from stray or wild animals, even if they seem friendly.",1.6555125713348389
039_52605,"### Instruction1:
Erstelle eine Löffelliste mit Aktivitäten, die du im Leben erledigen möchtest, sowohl große als auch kleine. Nutze deinen Geburtstag, um diese Dinge zu tun. Eine schriftliche Liste kann dich motivieren, den Fokus erhöhen und dir helfen, Erfolge zu feiern. Berücksichtige sowohl kostengünstige als auch große Träume. Es gibt viele Ressourcen, um deine Wünsche zu erfüllen, sei es Reisen oder besondere Erlebnisse. Wähle Möglichkeiten gemäß deinem Budget und prüfe die damit verbundenen Kosten.

### Instruction2:
Create a bucket list with activities you want to accomplish in life, both big and small. Use your birthday to do these things. Having a written list can motivate you, increase focus, and help you celebrate successes. Consider both affordable options and big dreams. There are many resources to fulfill your wishes, whether it’s traveling or special experiences. Choose options according to your budget and review the associated costs.",1.5338082313537598
039_27880,"### Instruction1:
Die runden, flachen Gesichter und großen Augen von Perserkatzen sind anziehend, können jedoch Probleme verursachen, da ihre verkürzte Nase die Tränenkanäle verknickt und den Abfluss von Tränen behindert. Um deiner Katze zu helfen, wische regelmäßig ihre überschüssigen Tränen ab, insbesondere wenn sie unter den Augen nass aussieht. Die braune Farbe der Flüssigkeit stammt von Porphyrinen, die beim Kontakt mit Luft oxidieren.

### Instruction2:
The round, flat faces and large eyes of Persian cats are attractive but can cause problems, as their shortened nose bends the tear ducts and hinders the drainage of tears. To help your cat, regularly wipe away any excess tears, especially if she appears wet under the eyes. The brown color of the fluid comes from porphyrins, which oxidize upon contact with air.",1.5073695182800293
039_30750,"### Instruction1:
Verwende einen trockenen Beauty Blender, um Make-up-Fehler zu beseitigen, anstatt ihn nass zu verwenden. Ein zusätzlicher Schwamm kann hilfreich sein, um das Make-up aufzutragen und um Fehler zu korrigieren. Wenn zu viel Farbe aufgetragen wurde, hilft der trockene Schwamm, das Make-up abzupuffern und ein natürlicheres Finish zu erzielen.

### Instruction2:
Use a dry Beauty Blender to correct makeup mistakes instead of using it wet. An extra sponge can be helpful for applying makeup and for correcting mistakes. If too much color has been applied, the dry sponge helps to buff away the makeup and achieve a more natural finish.",1.5929362773895264
039_38174,"### Instruction1:
Öffne WhatsApp, gib deine Telefonnummer ein und erhalte einen Bestätigungscode. Füge deinen gewünschten Namen und ein Profilfoto hinzu. Erlaube WhatsApp den Zugriff auf deine Kontakte oder füge Freunde manuell hinzu.

### Instruction2:
Open WhatsApp, enter your phone number, and receive a confirmation code. Add your desired name and a profile picture. Allow WhatsApp access to your contacts or add friends manually.",1.3301124572753906
039_51029,"### Instruction1:
Mache mehrere Beruhigungsgläser in bunten Farben für jedes Kind im Haushalt. Verwende kreativen Glitzer und transparente Behälter, die sicher sind. 

### Instruction2:
Make several calming jars in colorful designs for each child in the household. Use creative glitter and transparent containers that are safe.",1.3086321353912354
039_51150,"### Instruction1:
Bevor du eine ernsthafte Beziehung mit einem älteren Mann eingehst, kläre seine Ziele und wie ihr in Zukunft zusammenpasst. Intimität ist wichtig, aber die Beziehung sollte nicht nur auf Sexualität basieren. Achte auch darauf, wie er zu deinen Freunden passt und umgekehrt.

### Instruction2:
Before entering a serious relationship with an older man, clarify his goals and how you fit together in the future. Intimacy is important, but the relationship should not be based solely on sexuality. Also, pay attention to how he fits in with your friends and vice versa.",1.2220864295959473
039_1205,"### Instruction1:
Trinke genug Wasser, um gesünder zu leben und beim Abnehmen zu helfen. Vermeide gezuckerte Getränke und esse weniger Fleisch. Achte auf deinen Alkoholkonsum und bevorzuge Wein oder Bier in Maßen, während du schwanger bist, solltest du Alkohol meiden.

### Instruction2:
Drink enough water to live healthier and to help with weight loss. Avoid sugary drinks and eat less meat. Watch your alcohol consumption and prefer wine or beer in moderation; if you are pregnant, you should avoid alcohol.",1.4342725276947021
039_19224,"### Instruction1:
Sprich mit deinen Kindern über Internetnutzung und Pornografie. Setze klare Regeln und Konsequenzen. Halte Filter und Sicherheitsmaßnahmen auf dem neuesten Stand.

### Instruction2:
Talk to your children about internet usage and pornography. Set clear rules and consequences. Keep filters and security measures up to date.",0.9329178333282471
039_25459,"### Instruction1:
Mische Spülmittel mit heißem Wasser, um Ameisen zu bekämpfen. Verwende Borsäure oder Diatomeenerde, um sie abzutöten. Alternativen sind Essig mit Orangenschalen oder Babypuder. Achte auf Sicherheit bei der Verwendung von Chemikalien.

### Instruction2:
Mix dish soap with hot water to combat ants. Use boric acid or diatomaceous earth to kill them. Alternatives include vinegar with orange peels or baby powder. Be mindful of safety when using chemicals.",1.3306832313537598
039_36445,"### Instruction1:
Setze klare Lernziele für deinen Kurs, um zu definieren, was gelehrt werden soll und was die Schüler am Ende erreichen müssen. Berücksichtige die Bedürfnisse der Schüler und den Lehrplan. Beschreibe die Lernziele mit aktiven Verben und bewerte die Schüler durch verschiedene Methoden. Stelle sicher, dass die Materialien für den Kurs erschwinglich sind und plane den Kurs so, dass die Schüler die Lernziele erreichen können.

### Instruction2:
Set clear learning objectives for your course to define what will be taught and what students should achieve by the end. Consider the needs of the students and the curriculum. Describe the learning objectives with active verbs and assess the students through various methods. Ensure that the materials for the course are affordable and plan the course so that students can achieve the learning objectives.",1.5620410442352295
039_30996,"### Instruction1:
Sprich mit Freunden oder Familienmitgliedern und biete ihnen Unterstützung an. Höre aktiv zu und urteile nicht. Hilf bei alltäglichen Aufgaben, besonders in stressigen Zeiten. Zeige, dass du an sie denkst, zum Beispiel durch kleine Gesten oder Care-Pakete.

### Instruction2:
Talk to friends or family members and offer them support. Listen actively and do not judge. Help with everyday tasks, especially during stressful times. Show that you are thinking of them, for example through small gestures or care packages.",1.1783866882324219
039_4368,"### Instruction1:
Das Risiko für schlechten Atem erhöht sich durch Schnarchen oder Mundatmung, da dies die Ansiedlung von Bakterien fördert. Speichel reinigt den Mund, und ein trockener Mund führt zu unangenehmem Geruch. Bei verstopfter Nase sollte das Problem behandelt werden, um durch die Nase atmen zu können. Training der Nasenatmung kann helfen, und es ist wichtig, aus dem Diaphragma zu atmen, um die Gesundheit zu fördern. Dehydrierung ist ein Auslöser für schlechten Atem, daher ist ausreichendes Trinken wichtig. Ein Glas Milch kann helfen, schlechten Geruch zu neutralisieren. 

### Instruction2:
The risk of bad breath increases due to snoring or mouth breathing, as this promotes the settlement of bacteria. Saliva cleans the mouth, and a dry mouth leads to unpleasant odors. If you have a blocked nose, the problem should be treated to enable nasal breathing. Training yourself to breathe through your nose can help, and it's important to breathe from the diaphragm to promote health. Dehydration is a trigger for bad breath, so adequate hydration is essential. A glass of milk can help neutralize bad odors.",1.9737169742584229
039_39618,"### Instruction1:
Wähle vielseitige Kleidung, die für verschiedene Anlässe geeignet ist. Achte darauf, neutrale Farben zu kaufen und optimiere deine bestehende Garderobe, indem du Teile aussortierst, die du nicht trägst.

### Instruction2:
Choose versatile clothing that is suitable for different occasions. Be sure to buy neutral colors and optimize your existing wardrobe by sorting out pieces you do not wear.",0.9772980213165283
039_34833,"### Instruction1:
Sei immer bereit, um die Veranstaltung zu kontrollieren. Plane Pausen im Voraus und halte eine kurze Geschichte bereit, um Zeit zu füllen. Informiere das Publikum über die Wichtigkeit von Gewinnspielen und bedanke dich bei den Organisatoren.

### Instruction2:
Always be ready to control the event. Plan breaks in advance and have a short story ready to fill time. Inform the audience about the importance of contests and thank the organizers.",1.0539641380310059
039_40735,"### Instruction1:
Bilder sind wichtig, um die Aufmerksamkeit der Leser zu gewinnen. Sie helfen, Botschaften effektiver zu kommunizieren als Worte. Verwende eigene Fotos oder Bilder aus dem öffentlichen Bereich, um visuelle Elemente in deinen Materialien hervorzuheben. Verwende idealerweise ein oder zwei Bilder, um Überfüllung zu vermeiden. Ein guter Bildtext kann die Botschaft verstärken. Das Einrahmen des Bildes kann helfen, es im Flyer zu verankern.

### Instruction2:
Images are important to capture the attention of readers. They help communicate messages more effectively than words. Use your own photos or images from the public domain to highlight visual elements in your materials. Ideally, use one or two images to avoid clutter. A good caption can enhance the message. Framing the image can help anchor it in the flyer.",2.199864149093628
039_42971,"### Instruction1:
Du kannst lernen, andere zu leiten und zu motivieren, indem du Gespräche in interessante Richtungen lenkst und Vertrauen aufbaust. Es ist wichtig, verschiedene Fähigkeiten zu entwickeln, um diese Fähigkeit zu unterstützen, wie z.B. ehrenamtlich zu arbeiten oder eine Führungsrolle zu übernehmen. Du solltest Verantwortung übernehmen, flexibel sein und auf die Bedürfnisse anderer eingehen. Ein Unterstützungsnetzwerk aus Freunden und Familie kann dir helfen, ruhig zu bleiben und Lösungen in stressigen Situationen zu finden. Vertraue dir selbst und versuche, Veränderungen in deinem Leben vorzunehmen, um deine Probleme zu lösen.

### Instruction2:
You can learn to lead and motivate others by steering conversations in interesting directions and building trust. It is important to develop various skills to support this ability, such as volunteering or taking on a leadership role. You should take responsibility, be flexible, and respond to the needs of others. A support network of friends and family can help you stay calm and find solutions in stressful situations. Trust yourself and try to make changes in your life to solve your problems.",1.6307344436645508
039_51329,"### Instruction1:
Lasse die Matratze regelmäßig in der Sonne, um Feuchtigkeit und Schimmel abzutöten. Verwende eine Mischung aus Essig und Wasser zur Reinigung und desinfiziere die Matratze mit Isopropylalkohol oder Desinfektionsmitteln.

### Instruction2:
Regularly leave the mattress in the sun to kill moisture and mold. Use a mixture of vinegar and water for cleaning and disinfect the mattress with isopropyl alcohol or disinfectants.",1.1089708805084229
039_10920,"### Instruction1:
Du bist nicht verpflichtet, immer zuzusagen, wenn jemand dich um etwas bittet. Es ist wichtig, deine eigenen Wünsche zu respektieren und freundlich zu bleiben, auch wenn du absagen musst. Denke daran, dass du nicht für die Reaktion des anderen verantwortlich bist, solange du dein Bestes gibst, um die Freundschaft zu pflegen. Es ist normal, andere Verpflichtungen zu haben und du solltest dich nicht schlecht fühlen, wenn du absagst.

### Instruction2:
You are not obligated to always say yes when someone asks you for something. It is important to respect your own wishes and to remain friendly even when you have to decline. Remember that you are not responsible for the other person's reaction as long as you do your best to maintain the friendship. It is normal to have other commitments, and you should not feel bad if you say no.",1.6041746139526367
039_270,"### Instruction1:
Augenkontakt ist eine subtile Möglichkeit, Interesse zu zeigen. Halte den Augenkontakt für ein bis zwei Sekunden und beobachte seine Reaktion. Wenn du schüchtern bist, kannst du deine Gefühle andeuten, zum Beispiel durch Textnachrichten oder Zettel. Schreibe ihm eine Nachricht, in der du sagst, dass du ihn magst, oder sende ihm etwas, das er mag, als heimliche Verehrerin.

### Instruction2:
Eye contact is a subtle way to show interest. Hold eye contact for one to two seconds and observe his reaction. If you're shy, you can hint at your feelings, for example, through text messages or notes. Write him a message saying that you like him, or send him something he likes as a secret admirer.",1.4226291179656982
039_25562,"### Instruction1:
Öffne den Internetbrowser und gehe zu roblox.com, um einen Account zu erstellen. Du brauchst eine E-Mail-Adresse, um dich anzumelden und kannst dann deinen Avatar anpassen und Spiele spielen. 

### Instruction2:
Open your internet browser and go to roblox.com to create an account. You need an email address to sign up and then you can customize your avatar and play games.",1.098513126373291
039_1007,"### Instruction1:
Du kannst die Meinungen anderer Menschen nicht kontrollieren. Freiheit kommt von der Abkehr von den Erwartungen anderer und dem Umgang mit toxischen Beziehungen. Konzentriere dich auf das Positive, sei ehrlich und betrachte Geld als Werkzeug. Lerne, deine Fähigkeiten zu teilen und baue ein Netzwerk auf, um ein erfüllteres Leben zu führen.

### Instruction2:
You cannot control the opinions of others. Freedom comes from distancing yourself from others' expectations and dealing with toxic relationships. Focus on the positive, be honest, and view money as a tool. Learn to share your skills and build a network to lead a more fulfilling life.",1.7998549938201904
039_29383,"### Instruction1:
Beim Spielen von Tabu ist es wichtig, schnell Hinweise zu geben, ohne die Tabu-Wörter zu verwenden. Lese die Wörter sorgfältig durch und führe dein Team mit kreativen Beschreibungen, ohne auf Reime oder Klangähnlichkeiten zurückzugreifen. Wenn dein Team bei einem Wort nicht weiterkommt, wechsle schnell zu einem anderen Wort, um Punkte zu sammeln. Achte darauf, nicht zu viele Wörter zu überspringen, um nicht im Rückstand zu geraten.

### Instruction2:
When playing Taboo, it is important to give hints quickly without using the taboo words. Read the words carefully and guide your team with creative descriptions, avoiding rhymes or sound similarities. If your team is stuck on a word, quickly switch to another word to collect points. Be careful not to skip too many words to avoid falling behind.",1.8059780597686768
039_39863,"### Instruction1:
Ermutige ihn, täglich Dankbarkeit zu zeigen, indem er für kleine Dinge dankt, Augenkontakt hält und handschriftliche Dankesnotizen schreibt. Diese Notizen können Eigenschaften der Person loben und sollten persönlich überreicht oder vorgelesen werden. Kleine Geschenke als Zeichen der Wertschätzung sind ebenfalls eine schöne Geste.

### Instruction2:
Encourage him to show gratitude daily by thanking for small things, making eye contact, and writing handwritten thank-you notes. These notes can praise the person's qualities and should be presented or read personally. Small gifts as a sign of appreciation are also a nice gesture.",1.2603015899658203
039_8290,"### Instruction1:
Die Pfeile sollten aus geraden, trockenen Stöcken hergestellt werden, die halb so lang sind wie der Bogen. Frisches Holz kann gut verwendet werden, wenn es richtig getrocknet ist. Die Pfeilspitze kann geschnitzt oder aus verschiedenen Materialien wie Metall oder Stein gemacht werden. Für die Befiederung sind Federn nützlich, um die Flugstabilität zu verbessern, sind aber nicht unbedingt notwendig. Eine gute Befiederung erhöht die Reichweite des Pfeiles, ist jedoch schwer zu perfektionieren.

### Instruction2:
The arrows should be made from straight, dry sticks that are half the length of the bow. Fresh wood can be used well if it is properly dried. The arrowhead can be carved or made from various materials like metal or stone. Feathers are useful for fletching to improve flight stability but are not strictly necessary. A good fletching increases the arrow's range but is difficult to perfect.",1.573695421218872
039_41390,"### Instruction1:
Eine gute Ernährung während der Schwangerschaft ist wichtig für die Gesundheit von Mutter und Kind. Schwangere sollten nur etwa 300 zusätzliche Kalorien pro Tag konsumieren, wobei diese aus gesunden Quellen stammen sollten. Wichtige Nährstoffe sind Vitamin C, Protein, Calcium, Vitamin D, Zink und Omega-3-Fettsäuren, die alle aus natürlichen Lebensmitteln gewonnen werden sollten. Es wird empfohlen, bestimmte Mengen dieser Nährstoffe täglich zu sich zu nehmen, um das Wachstum und die Entwicklung des Fötus zu unterstützen.

### Instruction2:
A good diet during pregnancy is important for the health of both mother and child. Pregnant women should only consume about 300 additional calories per day, with these coming from healthy sources. Important nutrients include vitamin C, protein, calcium, vitamin D, zinc, and omega-3 fatty acids, all of which should be obtained from natural foods. It is recommended to consume specific amounts of these nutrients daily to support the growth and development of the fetus.",2.476588487625122
039_21705,"### Instruction1:
Virtual Router ist ein kostenloses Open Source Programm, das deinen Laptop in einen WLAN Hotspot verwandelt, ohne eine separate Netzwerkverbindung zu benötigen. Vermeide Virtual Router Plus, da es Adware enthält. Lade das Programm nur von der offiziellen Website herunter. Es funktioniert nicht unter Windows 10, sondern nur unter Windows 7 und 8. Nach dem Download kannst du die Installation starten und das Programm im Startmenü öffnen. Du kannst den Netzwerknamen und das Passwort nach Belieben anpassen. Achte darauf, dass die richtigen Treiber installiert sind und führe einen Neustart durch, wenn Probleme auftreten.

### Instruction2:
Virtual Router is a free open-source program that turns your laptop into a Wi-Fi hotspot without needing a separate network connection. Avoid Virtual Router Plus as it contains adware. Download the program only from the official website. It does not work on Windows 10, but only reliably on Windows 7 and 8. After downloading, you can start the installation and open the program from the Start menu. You can customize the network name and password as you wish. Make sure the correct drivers are installed and restart if problems occur.",1.9926636219024658
039_10077,"### Instruction1:
Wähle einen Platz vorne in der Klasse, um besser aufpassen zu können. Wenn die Sitze zugewiesen sind, frage den Lehrer um einen Wechsel. Versuche, dich während des Unterrichts mit kleinen Aktivitäten zu beschäftigen, wie einem Fidget Spinner oder Notizen auf unterhaltsame Weise zu gestalten. Nimm aktiv am Unterricht teil, indem du Fragen stellst oder Diskussionen beisteuerst.

### Instruction2:
Choose a seat at the front of the class to help you pay better attention. If seats are assigned, ask the teacher for a change. Try to occupy yourself during class with small activities, like a fidget spinner or making notes in an entertaining way. Actively participate in class by asking questions or contributing to discussions.",1.469132423400879
039_16847,"### Instruction1:
Transportiere deine Fische in Plastikbeuteln oder einem Eimer mit Wasser aus dem Aquarium. Verwende keinen Eimer mit Chemikalienrückständen. Achte darauf, dass der Behälter gut verschlossen ist und genug Sauerstoff enthält. Entferne beim Umzug eines Aquariums Steine und Deko, um Verletzungen der Fische zu vermeiden. Schütze die Fische während des Transports mit Luftpolsterfolie und transportiere sie in einem isolierten Behälter, wenn möglich. Stelle sicher, dass der Behälter groß genug für die Fische und das Wasser ist.

### Instruction2:
Transport your fish in plastic bags or a bucket filled with water from the aquarium. Do not use a bucket that has chemical residues. Ensure that the container is well sealed and contains enough oxygen. When moving an aquarium, remove stones and decorations to avoid injuring the fish. Protect the fish during transport with bubble wrap and transport them in an insulated container if possible. Make sure the container is large enough for the fish and the water.",3.3104395866394043
039_46269,"### Instruction1:
Die Gifteiche hat giftige, leuchtend grüne Blätter, die im Herbst rot werden und im Winter absterben. Sie wächst in Gruppen von drei Blättern und kann als Busch oder Rebe auftreten. Bei der Entfernung der Gifteiche ist Schutz vor dem giftigen Öl nötig, einschließlich dicker Handschuhe und langer Kleidung. Man sollte vorsichtig sein, da die Öle auch auf der Kleidung haften bleiben. Es ist wichtig, die gesamte Pflanze mit Wurzeln zu entfernen, um ein Nachwachsen zu verhindern. Abgestorbene Pflanzen bleiben giftig und sollten nicht als Mulch oder Kompost verwendet oder verbrannt werden.

### Instruction2:
The poison oak has toxic, bright green leaves that turn red in autumn and die in winter. It grows in groups of three leaves and can appear as a bush or vine. Protection from the toxic oil is necessary when removing poison oak, including thick gloves and long clothing. One should be careful, as the oils can also stick to clothing. It is important to remove the entire plant with roots to prevent regrowth. Dead plants remain toxic and should not be used as mulch or compost or burned.",2.277700901031494
039_52330,"### Instruction1:
Öffne das Action Center, aktiviere Bluetooth auf deinem Computer und Telefon, und verbinde die Geräte, um Dateien zu synchronisieren oder Musik abzuspielen.

### Instruction2:
Open the Action Center, enable Bluetooth on your computer and phone, and connect the devices to synchronize files or play music.",0.8871607780456543
039_14567,"### Instruction1:
Um mehrere Dateien zu löschen, suche die Aktivitätsanzeige auf deinem Mac, um Hintergrundprozesse zu überwachen und zu stoppen. Beende den Hintergrundprozess des Kalenders, um Cache-Dateien störungsfrei zu löschen. Leere den Papierkorb, um sicherzustellen, dass die gecachten Kalender-Dateien gelöscht werden.

### Instruction2:
To delete multiple files, search for the Activity Monitor on your Mac to monitor and stop background processes. Terminate the background process of the calendar to delete cache files without interruptions. Empty the trash to ensure that the cached calendar files are deleted.",1.1652750968933105
039_44896,"### Instruction1:
Konzentriere dich auf trockene Haaransätze und verwende eine spezielle Creme. Teile dein Haar in etwa sechs Abschnitte und kämme sie ordentlich. Experimentiere mit den Scheiteln und verwende 12 bis 24 Strähnen pro Cornrow, je nach gewünschter Dicke. Die Extensions müssen nicht deiner Haarfarbe entsprechen.

### Instruction2:
Focus on dry hair areas and use a special cream. Divide your hair into about six sections and comb them neatly. Experiment with the partings and use 12 to 24 strands per cornrow, depending on the desired thickness. The extensions do not need to match your hair color.",1.2225019931793213
039_50989,"### Instruction1:
„Oneesama“ ist ein respektvolles Wort für „ältere Schwester“, das in speziellen Situationen verwendet wird. Es beinhaltet das Präfix „O-“, das Respekt zeigt, und das Suffix „-sama“, das auf einen höheren Status hinweist. Die Aussprache ist wichtig: „Ne“ sollte rein ausgesprochen werden, ohne es zu einem „Y“-Ton werden zu lassen. Das Wort hat zwei Silben und sollte monoton ausgesprochen werden.

### Instruction2:
""Oneesama"" is a respectful word for ""older sister"" that is used in specific situations. It includes the prefix ""O-"", which shows respect, and the suffix ""-sama"", which indicates a higher status. Pronunciation is important: ""Ne"" should be pronounced clearly, without turning it into a ""Y"" sound. The word has two syllables and should be pronounced monotonously.",2.5125796794891357
039_14752,"### Instruction1:
Diese Infektion kann durch einen Athletenfuß oder andere Kontaminationsformen entstehen. Vermeide das Teilen von Socken und Schuhen, und gehe in öffentlichen Bereichen nicht barfuß. Halte deinen Fuß trocken und behandele die Infektion mit antimykotischen Cremes oder rezeptpflichtigen Medikamenten. Unkonventionelle Behandlungen wie Teebaumöl oder Weißweinessig können ebenfalls helfen. Bei schweren Fällen kann eine Nagelentfernung erforderlich sein, aber ein neuer Nagel wird nachwachsen.

### Instruction2:
This infection can occur from athlete's foot or other forms of contamination. Avoid sharing socks and shoes, and do not go barefoot in public areas. Keep your foot dry and treat the infection with antifungal creams or prescription medications. Unconventional treatments such as tea tree oil or white vinegar may also help. In severe cases, nail removal may be necessary, but a new nail will grow back.",1.7919893264770508
039_29111,"### Instruction1:
Mische Essig mit gefiltertem Wasser, teste die Lösung an einer unauffälligen Stelle und reinige das Möbelstück mit einem leicht feuchten Lappen, während du die Maserung beachtest. Poliere das Holz trocken und verwende bei Bedarf die Reinigungslösung erneut.

### Instruction2:
Mix vinegar with filtered water, test the solution on an inconspicuous area, and clean the furniture with a slightly damp cloth while following the grain. Polish the wood dry and use the cleaning solution again if necessary.",1.3505067825317383
039_45739,"### Instruction1:
Setze erreichbare Ziele, um deine Motivation zu stärken. Betrachte Fehler als Lernmöglichkeiten und entwickle eine positive Einstellung. Lass dich von anderen inspirieren und konzentriere dich auf das große Ganze, anstatt dich von Kleinigkeiten herunterziehen zu lassen. Vermeide negative Selbstgespräche und verwandle sie in positive Affirmationen.

### Instruction2:
Set achievable goals to boost your motivation. View mistakes as learning opportunities and develop a positive attitude. Get inspired by others and focus on the bigger picture instead of letting small things bring you down. Avoid negative self-talk and transform it into positive affirmations.",1.485107660293579
039_2223,"### Instruction1:
Normaler Scheidenausfluss ist klar oder milchig, geruchlos und wichtig für die Gesundheit. Es gibt verschiedene Arten von Ausfluss, die auf unterschiedliche Probleme hinweisen können, wie Pilzinfektionen oder bakterielle Vaginose. Faktoren wie Ernährung, Menstruationszyklus und Stress können den Ausfluss beeinflussen. Antibiotika und Intimprodukte können das Gleichgewicht des pH-Werts stören. Anzeichen wie Farbveränderungen oder unangenehme Gerüche erfordern einen Arztbesuch. Bei Verdacht auf Infektionen sollte keine Selbstdiagnose gestellt werden.

### Instruction2:
Normal vaginal discharge is clear or milky, odorless, and important for health. There are different types of discharge that can indicate various issues, such as yeast infections or bacterial vaginosis. Factors like diet, menstrual cycle, and stress can influence discharge. Antibiotics and intimate products can disrupt the pH balance. Signs like color changes or unpleasant odors require a doctor's visit. If infections are suspected, self-diagnosis should not be attempted.",1.8363330364227295
039_57376,"### Instruction1:
Nimm eine Tintenpatrone und einen Bambusspieß, um einen Stift zu basteln. Bereite die Tonerde vor, forme sie um den Spieß, backe sie und lasse sie abkühlen. Stecke die Tintenpatrone hinein und sorge dafür, dass sie richtig sitzt. Mache einen Schnitt in das geschlossene Ende, um eine Tinteaufnahme zu ermöglichen, und bereite eine Feder als Spitze vor.

### Instruction2:
Take an ink cartridge and a bamboo skewer to make a pen. Prepare the clay, shape it around the skewer, bake it, and let it cool. Insert the ink cartridge and ensure it fits properly. Make a cut at the closed end to allow for ink absorption, and prepare a feather as the tip.",1.4367601871490479
039_5271,"### Instruction1:
Achte darauf, den richtigen Fahrradhaken für das Gewicht deines Fahrrads zu verwenden. Bestimme das Gewicht deines Fahrrads mit einer normalen Waage und benutze einen Balkenfinder, um sicherzustellen, dass der Haken an einem stabilen Balken befestigt ist. Miss die Länge deines Fahrrads und installiere den Haken in der richtigen Höhe, sodass das Fahrrad sicher aufgehängt werden kann.

### Instruction2:
Make sure to use the correct bike hook for the weight of your bicycle. Determine the weight of your bike with a regular scale and use a stud finder to ensure the hook is attached to a stable beam. Measure the length of your bike and install the hook at the right height so that the bike can be hung securely.",1.750551462173462
039_54246,"### Instruction1:
Ein Ernährungstagebuch zu führen hilft dir, deine Essgewohnheiten zu erkennen und zu kontrollieren. Notiere alles, was du isst und trinkst, zusammen mit der Zeit und den dazugehörigen Gefühlen. Achte auf Muster und Trigger, die dich zum Essen bringen, auch wenn du nicht hungrig bist. Kauf gesunde Snacks und packe sie für die Schule oder die Arbeit ein. Achte darauf, ausreichend Wasser zu trinken, um das Verlangen nach Snacks zu reduzieren.

### Instruction2:
Keeping a food diary helps you recognize and control your eating habits. Write down everything you eat and drink, along with the time and associated feelings. Pay attention to patterns and triggers that lead you to eat even when you’re not hungry. Buy healthy snacks and pack them for school or work. Make sure to drink enough water to reduce the urge to snack.",1.5417354106903076
039_3204,"### Instruction1:
Der erste Schritt, um von roten zu blonden Haaren zu wechseln, besteht darin, die Haare aufzuhellen, was schädlich sein kann. Verwende Conditioner, um deine Haare zu schützen, bevor du die Farbe änderst. Entferne zuerst das rote Haarfärbemittel, indem du Farbentferner nutzt. Wähle den richtigen Entwickler entsprechend der Haarfarbe und -beschaffenheit. Teile die Haare in Abschnitte und trage die Bleichmittelmischung gleichmäßig auf. Lass das Bleichmittel 30 bis 45 Minuten einwirken und spüle es dann gründlich aus. Warte mindestens drei Wochen zwischen den Anwendungen, um Haarschäden zu vermeiden, oder gehe zu einem Profi.

### Instruction2:
The first step to transitioning from red to blonde hair is to lighten the hair, which can be damaging. Use conditioner to protect your hair before changing the color. First, remove the red hair dye using color remover. Choose the right developer based on your hair color and texture. Section the hair and apply the bleach mixture evenly. Let the bleach sit for 30 to 45 minutes, then rinse it out thoroughly. Wait at least three weeks between applications to avoid hair damage, or go to a professional.",1.9365448951721191
