uid,generation,generation_time
040_13496,"To make a spear, choose a pole that is at least your height, ideally a few inches taller, with a diameter of 1–1.5 inches. Hardwoods like ash or oak are preferred. To sharpen the spear, use a rough surface like stone or brick, rubbing the end against it. If in the wilderness, look for a suitable sapling or a recently deceased tree. Carefully create a point at one end using a knife or small hand-axe, making even strokes and cutting away from yourself. This process can be time-consuming and physically demanding. Once the point is shaped, hold it over flames, turning it until the wood changes color, which helps to fire harden the spear by removing moisture, making it lighter and harder.",1.4799175262451172
040_35050,"Schedule regular physical and dental exams for your horse with a veterinarian to ensure she is healthy and up to date on vaccinations, which include tetanus, equine encephalomyelitis, equine influenza, rhino pneumonitis, and rabies. Deworming is also necessary. Horses' teeth grow continuously, so dental checks are important to prevent discomfort. While horses can sleep standing, they need to lie down for deep sleep, so keep their stall clean. Social interaction with other horses is essential. In winter, ensure they are warm, but be cautious in summer to prevent overheating, as horses can only cool off by sweating. If you suspect poisoning from plants or beetles, contact a veterinarian immediately. Potential hazards include wilted red maple leaves, black walnut, oak leaves, several toxic plant species, and blister beetles found in hay.",1.3778810501098633
040_24854,"Computers, televisions, cell phones, and other devices can hinder your ability to relax and sleep, as well as affect sleep quality. It is recommended to turn off these devices at least 30 minutes before bedtime and to limit bedroom activities to sleep and sex. Using software that adjusts your computer's light can be beneficial, as well as dimming bedroom lights. Creating a dark sleep environment is important, and options like night lights or light-blocking curtains can help. Music or white noise, like rain sounds or ocean waves, can aid relaxation. A cool bedroom temperature (60 to 67°F or 15.5 to 19.4°C) is ideal for sleep. If stress or anxiety from pain affects sleep, relaxation techniques such as deep breathing, progressive muscle relaxation, or sipping herbal tea can be helpful.",1.4501609802246094
040_2334,"To get to know someone better, start by discussing shared interests like classwork, teachers, and classmates. As the relationship develops, it's important to talk about non-school topics as well. Be yourself and avoid trying too hard to appear ""cool,"" as authenticity is more attractive. Engage in open and honest conversations, maintaining eye contact and a friendly demeanor. Explore her interests by asking about her favorite classes and activities, while also sharing your own important topics to create balance in the conversation. It's beneficial to spend time together in group settings with mutual friends to ease any nervousness and strengthen connections. Cultivate genuine friendships with her friends, as this can positively influence her perception of you.",1.211862564086914
040_29237,"To unshare files in your ADrive folders, navigate to the folder with the shared files and select the files by ticking the check boxes next to them. The “Unshare” link will only show if all selected files have share links. If any do not, the link won't appear. After selecting the appropriate files, click “Unshare link” in the Actions section to remove the public links and unshare the files.",0.9664478302001953
040_43614,"You will need to select an Internet connection type to reinstall OS X. Being connected to the Internet is necessary for this process. Once connected, the Recovery menu will appear, allowing you to access Disk Utility. Typically, the default startup disk is named “Macintosh HD OS X.” Your Macbook Pro will erase the startup disk and, once completed, will format it and install a fresh version of OS X.",1.7014868259429932
040_57114,"You can create a BASEketball court using a hoop mounted on a building or a freestanding hoop, ensuring about 20 feet of free space in front. Sidewalk chalk works well for marking the court, which combines elements of baseball and basketball and is about half the size of a basketball court. The layout resembles a baseball diamond within a rectangular basketball half-court, with the top of the diamond in front of the hoop and home base about 20-25 feet away. Bases are positioned relative to home base, with different colored chalk to distinguish them. Shooting locations radiate outward from the hoop in a triangular shape, with squares arranged in a specific order and at various distances from the hoop, including ""bunt"" squares and single, double, and triple squares at designated lines.",1.3722851276397705
040_62679,"To lighten hair effectively, use a 3% hydrogen peroxide solution mixed with water in equal parts. Detangle hair and section it into four parts, two at the bottom and two at the top. Mist the solution evenly for all-over lightening, or apply it selectively for highlights or an ombre effect. Allow the mixture to sit for about 30 minutes, adjusting the time based on the desired lightness. To enhance the process, sit in the sun while the solution is in your hair. Rinse with cold water once the desired color is achieved and apply a hydrating conditioner, allowing hair to air dry to prevent further dryness. If blow drying is necessary, use a cool or low-heat setting.",1.3369617462158203
040_55317,"If you are using a new or rented shampooer, read the instructions or examine the machine to understand its parts and settings. Different carpet cleaners operate in various ways; some require pushing forward like a vacuum, while others need to be pulled backwards. Using the machine incorrectly will result in a dirty carpet. Look for online tutorials specific to your shampooer to learn the best usage techniques. Before renting or purchasing, check if the machine is verified by the Carpet and Rug Institute (CRI) for effective cleaning. Be aware of the water tank type, max fill line, and follow instructions regarding water temperature. Hot water is generally more effective with soap, which should be specifically designed for your shampooer. Use the recommended amount of soap to avoid clogging the machine or leaving residue. Check if soap goes in the clean water or a separate compartment. Most shampooers can clean without soap, so it's better to use less than too much.",1.4468798637390137
040_1806,"Travel writing often comes with the fantasy of being well-compensated and having all expenses covered, but in reality, few publications pay travel writers' expenses, especially freelancers. Most travel writers work on a contract basis, which means inconsistent income and lower pay rates, typically ranging from $10 to $1,000 for a 500-word article, with experienced writers earning more. Securing a stable job at a major travel publication is challenging and requires years of experience and a solid reputation. Many writers freelance while maintaining other jobs to support themselves financially. The career demands self-arranged travel logistics, consistent pitching of articles, and the ability to promote one’s work. Passion for travel, curiosity, and a readiness to embrace adventure are essential traits for aspiring travel writers.",1.8089442253112793
040_30633,"Teasing can be an effective way to flirt with your crush once you know each other better. It shows appreciation for their quirks and that you have a light-hearted approach to life. You can poke fun at their hobbies or interests, like joking about how much time they spend on their guitar. Friendly sports banter can also work, but it's important to avoid crossing the line into insults. Demonstrating that you can take teasing as well can impress your crush and highlight your confidence. Quick wit and humor are essential; responding quickly to clever comments shows you can keep up. Making jokes about familiar topics can show your knowledge, while a touch of sarcasm can add charm. Overall, setting the right tone is key to captivating your crush with your sense of humor.",1.4254474639892578
040_48421,"Some children and adults are naturally slender and struggle to gain weight. It's important to rule out medical or psychological issues if a child shows little interest in eating. Conditions like diabetes, overactive thyroid, gastrointestinal problems, or undiagnosed food allergies can affect weight gain. Medications may also reduce appetite. Eating disorders can develop in children due to peer pressure, or they may simply be more active, burning more calories. Regular medical check-ups are important, and parents should feel free to discuss concerns about their child's weight. Underweight issues can often be improved with home changes, but professional advice is beneficial. For infants, weight gain concerns differ, and causes are usually related to feeding techniques or gastrointestinal issues. Consulting a doctor is crucial for underweight infants, who may require tests or referrals to specialists. Remedies may include supplementing breastfeeding or introducing solid foods earlier. Early weight gain is vital for long-term health, and below-average gain can typically be corrected with appropriate medical guidance.",2.0332019329071045
040_54632,"Calmez-vous avant de commencer à parler pour ne pas manquer d'air. Clarifiez vos pensées sans les déverser. Si vous vous lancez dans le discours sans prendre le temps de vous ancrer, vous risquez de parler plus vite et de déformer vos mots. Prenez le temps de vous centrer et avancez de manière consciente. Prononcez chaque syllabe individuellement. Allez-y très lentement au début, jusqu'à ce que chaque son soit clair et distinct. Accélérez progressivement votre discours et réduisez l'espace entre les mots jusqu'à parler normalement. Assurez-vous d'arrêter réellement l'air pour les consonnes comme 't' et 'b'. Différenciez vos voyelles. Ne vous attendez pas à parler avec une clarté parfaite tout de suite. Vous devrez peut-être pratiquer cela pendant plusieurs heures chaque jour et pratiquer davantage pour maîtriser des mots difficiles. Pratiquez quand vous êtes seul – dans la voiture, en marchant dans la rue ; en nettoyant, en tricotant ou devant le miroir. Vous pouvez ralentir vos syllabes dans une conversation, mais vous progresserez peut-être davantage si vous consacrez du temps à perfectionner votre discours. Il peut être très utile de donner à vos mots une seconde ou deux supplémentaires pour sortir complètement de votre bouche. Les pauses sont également efficaces, car elles permettent à la personne à qui vous parlez de digérer tous les mots que vous venez de dire.",1.9831135272979736
040_15457,"Growing calla lilies in pots requires a deep container with drainage holes, ideally about 12 inches in diameter, to keep the soil moist and allow tuber growth. They need six hours of indirect sunlight daily, as full sunlight can burn the leaves and flowers. In summer, place the calla lily outside in a partially shaded spot. When temperatures cool at the end of summer, bring it back inside. Yellowing leaves indicate dormancy, at which point stop watering and feeding, and relocate the plant to a cool, dark indoor area for two to three months. This dormancy period is essential for the plant to produce flowers. The ideal temperature for dormant calla lilies is between 60 and 75°F (15.5 and 24°C).",2.0232136249542236
040_11933,"A sore tongue can have various causes, such as infections (fungal, viral, or bacterial), nutritional deficiencies, ill-fitting dentures, teeth grinding, allergies, stress, or burning mouth syndrome. If home remedies are ineffective, it's important to consult a doctor who can identify the underlying cause and recommend appropriate treatment. Symptoms may not always show physical changes, but could include irritation or signs of infection. Diagnostic tools like blood tests, oral cultures, and biopsies may be used. Treatment may involve medications, over-the-counter pain relievers, throat lozenges, or capsaicin cream, with caution regarding prolonged use. Antiseptic mouthwash can also help relieve pain and treat infections.",1.652461051940918
040_18487,"To add a signature in Gmail, log in with the email address you want to modify. Click the Gear icon and select Settings. Find the Signature section and enter your desired text in the provided box, using formatting tools for customization. A professional signature typically includes your name, job title, contact details, and can link to other websites or email addresses. Ensure readability and avoid distractions. You can create different signatures for multiple email addresses associated with your account and choose when to display the signature in relation to quoted replies.",1.5654792785644531
040_38397,"The machine must run for a few minutes to build pressure before milking the cow. During this time, secure the cow and clean her udder through “stripping” to remove dirt and bacteria, which should not be collected in the bucket. Once the pressure is released, place suction cups over the teats to collect milk. Monitor the cow to prevent her from kicking and ensure that the device remains in place until the udder is fully milked, which typically takes around 5 to 7 minutes. Remove the suction devices carefully to avoid hurting the cow, and apply a post-milking disinfectant to protect her teats. After milking, provide fresh grass or hay for the cow to eat.",1.7998366355895996
040_57972,"Volunteer opportunities can vary in their application processes, with some requiring formal applications and interviews similar to job applications. It's important to be professional and prepared to discuss your background and what you can offer. The interview is also a chance for you to evaluate if the organization fits your needs. Organizations may have specific requirements for volunteers, such as training or a commitment to a certain number of hours. Understanding these expectations in advance is crucial. Training can range from minimal orientation to extensive courses, such as those required by crisis organizations. Initially committing to a short volunteer period is advisable to ensure the role is enjoyable. If you're unhappy in a position, explore options for changes within the organization or consider seeking other opportunities.",1.3628053665161133
040_54391,"The designer stubble look can be appealing for men who experience shaving irritation and ingrown hairs. Keeping facial hair at a short length can improve skin appearance and provide a rugged look for baby-faced men. Some men may hesitate to try stubble due to sparse hair growth, but they can stop shaving for up to a week to assess their hair's suitability for the style. While stubble requires less daily maintenance than other styles, it still needs to be groomed about three times a week, which may take longer than regular shaving.",1.880265474319458
040_44159,"To limit conversation while maintaining politeness, respond minimally to questions and avoid lengthy discussions. Remain respectful but assertive about your boundaries. If someone irritates you, choose not to react and excuse yourself neutrally. Keep your tone calm, watch your nonverbal cues, and maintain a neutral demeanor to avoid escalation. Ignore negative comments and do not engage in arguments, opting instead for simple responses to deflect unwanted discussions. Visualize a protective bubble to help you remain unaffected by their negativity.",1.498626708984375
040_1111,"The text provides guidance on how to kiss someone, particularly focusing on the technique of French kissing. It advises to open the mouth just enough to fit the partner's lip securely, to start gently and build pace to enhance passion, and to engage with the partner by running fingers through their hair or shirt. It suggests waiting for the partner to initiate French kissing, gently massaging tongues, and not forcing the tongue too quickly into the partner's mouth. Additionally, it mentions taking breaks to smile and enhance the moment, lightly biting or sucking the partner's neck, and being mindful of not biting too hard to avoid causing injury. The overall emphasis is on creating a passionate and consensual kissing experience.",1.1895668506622314
040_35431,"To make a game, you need certain skills, which can be learned through school or self-study. A solid understanding of math and familiarity with a programming language like C, C++, or C# is essential. Attending a good programming school can provide a broader skill set, which is beneficial if immediate job opportunities in game design don't materialize. Starting with a small, engaging game can attract attention from potential employers or investors. You don't need a major publisher for your game; the indie market is thriving, and self-publishing is an option. Funding is crucial, and platforms like Kickstarter can be effective for raising money. Successful projects often have strong incentives and maintain constant communication. For distribution, Steam is a key platform for indie games, and building a robust online presence through a website and social media is important. Engaging with the community can foster connections that aid in your success.",1.8920526504516602
040_43345,"In moments of temptation, call a friend to discuss the situation and seek distraction or support. Express your feelings and ask them to help you resist the urge to cheat, reminding yourself of the impact on your family and others involved. Get to know the families of people you may be tempted by, and avoid confiding in those you have feelings for. Instead, rely on your partner or platonic friends for support. Give yourself time to think before acting on impulses, as often the temptation will pass. Seek spiritual guidance and accountability from local places of worship, engaging in prayer or meditation with your partner to strengthen your relationship. Reflect on the motivations behind your desire to cheat, and work to address any underlying issues, such as dissatisfaction in your sex life, by suggesting new experiences to enhance intimacy.",1.5082449913024902
040_62607,"Sprinkle 1/2 teaspoon of salt on the ribs and massage it into the meat evenly. Flip the ribs with metal tongs, then coat them with a honey-vinegar glaze using a basting brush, and bake for 30 minutes. Baste the ribs with more honey-vinegar every 5 to 10 minutes, and discard any leftover glaze after baking.",1.0129055976867676
040_32487,"These methods for killing fish are only humane if performed accurately and quickly, and they are typically meant for food fish or laboratory subjects, not pets. It is advisable to practice on dead fish if you are inexperienced. Fish under 2 cm can be killed instantly in a fish macerator designed for their size. Larger fish may suffer, and stunning them by clubbing above the eyes is recommended. Decapitation may not guarantee death, and some fish can remain conscious afterward, so inserting a sharp object into the brain is crucial for a quick death. Experience with fish anatomy is necessary for certain methods, and online resources can help find the effective point for inserting the spike for various species.",1.188594102859497
040_10270,"Super-tight workout shirts can be challenging to remove due to sweat and friction. To aid in removal, cross your arms while pulling the shirt over your head for better leverage. If struggling with a tight tank top, consider pushing it down over your hips to your ankles and stepping out. This method works best for tube-style tops or shirts with wide necklines. For buttoned polo shirts, unbutton them starting from the top before removing them like a t-shirt. Many women's shirts have zippers or buttons at the nape of the neck that may require assistance to unclasp. If alone, use a mirror to locate the clasp and unzip slowly.",2.1007578372955322
040_39042,"It's important to familiarize yourself with the hunting area to identify where game may rest and to note any obstacles that could hinder your path. Be aware of natural animal trails, as they can help you track your prey. Before hunting, prepare for unexpected weather and pack necessary supplies, including wearing blaze orange for visibility. Ensure you have permission to hunt on private property and inform the landowner beforehand to prevent accidents. This preparation will help ensure a safer and more successful hunting experience.",0.9803667068481445
040_28914,"You can create an effective and eco-friendly cleaning solvent by mixing orange oil with Castile soap. Adding a teaspoon of orange oil extract to Castile soap results in a versatile cleaner that is safe for sensitive skin and biodegradable. Limonene, a component of orange oil, serves as a natural grease-cutter and is effective for cleaning kitchen utensils. It also repels insects when applied to the skin and around campsites, but should be kept away from open flames due to its flammability. Additionally, orange oil can help eliminate unpleasant odors and can be used to make a homemade deodorizer with baking powder. Limonene is believed to have health benefits, including potential cancer-fighting properties and aiding in gallstone treatment, but it is not a substitute for medical care. Always consult a doctor before using limonene supplements or consuming orange oil.",1.3913593292236328
040_23070,"The number 256 raised to the power of 2.25 can be expressed as a mixed number and then converted to an improper fraction. The decimal 0.25 equals 25/100, which simplifies to 1/4, making 2.25 equal to 2 1/4. This translates to the improper fraction 9/4. Thus, 256^2.25 equals 256^(9/4). By rewriting the expression, it can be simplified to (256^(1/4))^9. The fourth root of 256 is 4, resulting in (4)^9. Calculating this yields 4^9, which equals 262,144. Therefore, 256^2.25 equals 262,144.",1.879723310470581
040_16885,"You should always pack your medication in your carry-on bag to avoid being without it if your checked bag is lost. Keep medications in their original containers to avoid suspicion during security checks. It's wise to bring slightly more medication than needed to account for travel delays. Ensure your supply lasts longer than your trip. If your medication requires refrigeration, use an ice pack or insulated bag to keep it cool. Double-check airline regulations for any restrictions and get waivers for medical reasons if necessary. Always have a copy of your prescription with you for security and medical purposes, and obtain one from your doctor's office if needed.",1.2091476917266846
040_60672,"This will reveal your card's 12-digit number. After recharging your Salik account, you will get a message confirming your new balance.",1.2423570156097412
040_38953,"While some salons may claim that a bikini wax is painless, it is likely that you will experience pain, especially if it is your first time. The pain should only last during the waxing process. Some suggest taking a nonsteroidal anti-inflammatory drug, like ibuprofen, before the wax to help reduce pain. Consult your doctor to see if this is advisable for you. Hair follicles are linked to blood vessels, so there may be slight bleeding when hair is removed, particularly if it is your first bikini wax. A little redness post-waxing is normal and typically lasts a few hours. If redness and inflammation persist for days afterward, contact your practitioner.",1.186500072479248
040_18681,"To solve subtraction problems involving negative numbers, identify the first and second numbers in the equation. The first number is to the left of zero on the number line, while the second is to the right. For example, in the equation (-8) - (-3), -8 is the first number, and -3 is the second. Begin at -8 on the number line. Subtracting a negative number is like adding; so moving from -8 to -7 means you've moved one space. To find the answer, move the number of spaces indicated by the second number (-3) to the right, which means moving 3 spaces from -8, landing on -5. Thus, (-8) - (-3) equals -5. If your answer differs, review your steps for any mistakes.",1.3520958423614502
040_43279,"Try on the snorkel gear and adjust the straps for a proper fit. Testing it in the water can help check for leaks. If you have poor eyesight, consider a prescription mask or contact lenses for better visibility underwater. Disposable masks are suitable for snorkeling. Position the snorkel tube near your mouth without inserting it yet, and place your face in the water at a 45-degree angle. Seal your lips around the snorkel and breathe slowly and deeply through it. Stay calm, knowing you can lift your head above water at any time. Focus on your breathing and enjoy the underwater view, as this will help you float effortlessly. Many snorkeling spots require wearing a colorful life vest for safety.",1.7379937171936035
040_43207,"There are many ways to make a difference in your community while recognizing the global nature of issues. Start by researching organizations that align with your values, such as the Time's Up movement, which supports individuals facing workplace harassment and inequality. You can support organizations that focus on specific issues, like domestic violence. Once you've selected an organization, consider donating money either as a one-time contribution or a recurring donation, such as to Planned Parenthood for women's healthcare. If financial contributions aren't feasible, you can offer your time by volunteering. Additionally, you can raise funds through activities like silent auctions or social media campaigns, helping to increase awareness and support for your chosen cause.",1.1354990005493164
040_56387,"Les symptômes des ulcères d'estomac peuvent varier d'une personne à l'autre, mais la douleur est un symptôme commun. Cette douleur peut se situer sous la cage thoracique, près du centre de la poitrine, et peut aller du nombril jusqu'au sternum. La douleur peut être intermittente, s'aggravant la nuit, lorsqu'on a faim, et pouvant disparaître puis revenir des semaines plus tard. En plus de la douleur, on peut ressentir des nausées, des vomissements ou des ballonnements causés par des parois d'estomac endommagées. En cas de complications graves, des vomissements de sang ou du sang dans les selles peuvent survenir. Il existe des signes d'alerte à surveiller : fièvre, douleur sévère, diarrhée persistante, constipation prolongée, sang dans les selles, nausées ou vomissements persistants, vomissements de sang, sensibilité abdominale sévère, jaunisse et gonflement visible de l'abdomen. Un médecin peut recommander une EGD pour visualiser les ulcères et déterminer s'ils saignent. Des radiographies du tractus gastro-intestinal supérieur peuvent également diagnostiquer les ulcères gastriques, bien qu'elles soient moins efficaces pour détecter les petits ulcères. Après un traitement initial, un médecin peut effectuer une endoscopie pour vérifier la réponse au traitement et écarter le cancer de l'estomac.",2.0272600650787354
040_43881,"You can use any type of milk, but whole milk tastes the best. For vegans or those allergic to dairy, almond, coconut, or soy milk are good alternatives. Taste the chocolate milk and adjust the sweetness with sugar if needed. Adding extracts like almond or vanilla can enhance flavor, while a tiny pinch of salt can reduce sweetness. Stir well and consider adding ground cinnamon for extra flavor. Serve it plain or enhance it with a straw and ice cubes, and garnish with whipped cream if desired.",0.9946982860565186
040_56884,"Learning the terminology at the tux rental place can help you choose the right suit for your body type and make the process less confusing. The ""drop"" is the difference between coat and pants sizes with various ranges: regular drop (6 in), athletic drop (8 in), and portly drop (2 in). Coat lengths vary based on height: short for under 5 ft 7 in, regular for 5 ft 8-11 in, long for 6 ft 0-2 in, and extra-long for over 6 ft 2 in. When trying on a jacket, ensure armholes are loose for movement and check for proper fit across shoulders and back. The sleeve hem should reach your knuckles when arms hang down, showing about 1⁄2 inch of shirt cuff. Trousers should rest gently on shoes without draping too much.",1.395737648010254
040_60868,"The good bacteria in yogurt and probiotic supplements can help balance vaginal pH, and adding yogurt to your diet may increase beneficial bacteria. However, inserting yogurt directly into the vagina is not recommended due to potential issues with sugars. If considering a probiotic supplement, choose one that lists specific strains, species, and genus, along with a best by date and dosage information, and consult your doctor first. For relief from itching or burning, applying a cold, wet washcloth may help soothe the area. While vaginal probiotic suppositories have been studied for bacterial vaginosis, their use in healthy vaginas is not well researched, and they should be discussed with a gynecologist before use.",2.3793892860412598
040_17227,"Combine the rice flour, starch, and salt in a mixing bowl, then sift to remove lumps. In a separate bowl, whisk together eggs, vegetable oil, and water. Make a well in the dry mixture, pour in the liquid, and mix until smooth. Chill the batter in the refrigerator for about an hour. Heat a nonstick frying pan and add a small amount of oil if needed. Pour about 1/4 cup of batter into the pan, swirling it to form a thin film. Cook until set, then lift with a spatula without flipping. Continue with the remaining batter, keeping it chilled between batches. Stack the finished wrappers with wax paper in between and store them in the refrigerator for up to two days.",1.3119616508483887
040_6481,"In Safari, add-ons are called ""plug-ins"". To view installed plug-ins, click Help → Installed Plug-ins, which opens a page listing them along with their file names. You cannot uninstall plug-ins from Safari, so note the file name. The Library folder, where add-on files are stored, is hidden in OS X, and you must unhide it to find the plug-in file. Open your Home folder in Finder, select View → Show View Options, and check the ""Show Library Folder"" box. Use the noted file name to navigate to the plug-in files, which may be in Library/Internet Plug-Ins/ or ~/Library/Internet Plug-ins/. Drag the plug-in file to the Trash and restart Safari for the changes to take effect.",1.4862499237060547
040_43813,"Avoid using soap when washing apples, as it can affect the flavor of the sauce. The goal is to clean the fruit from dirt and debris without peeling or removing any parts, as the colander will take care of that later. Keeping the peel adds nutrients and color, especially with red apples. Focus on cutting the apples into uniform chunks for steaming to prevent burning. Depending on the juiciness of the apples, you may need to experiment with the amount of water to achieve the desired consistency of the sauce.",1.0299711227416992
040_5217,"Open the device's cover to access the battery cradle and inspect for corrosion. Look for signs of mild or severe corrosion and check for leaks. If a battery is leaking acid, dispose of it immediately while wearing protective gear. Remove any non-corroded batteries and prepare a cleaning agent with baking soda and water. Apply the paste to the corroded areas using a cotton swab and let it sit for 5 minutes. After cleaning, rinse the cradle with distilled water on a clean cotton swab and allow it to dry for 15-20 minutes. Finally, reinsert the cleaned batteries, close the device, and ensure the cover is secure.",1.178553581237793
040_27480,"To dye your boots, start by wearing rubber or latex gloves to protect your hands. Shake the dye bottle and pour the dye into a disposable container. Follow the dye instructions and mix colors if creating an intermediate shade. Dilute dye with water if necessary and test the color on swatches. Use a sponge brush or paintbrush to apply a thin coat of dye in long, even strokes, allowing it to dry for 30 minutes before applying a second coat. If needed, a third coat can be added, but always allow for drying time. For even application, alternate the direction of your strokes between coats. Test a small area first, and remember that transitioning from lighter to darker colors yields the best results. Use intermediate colors for drastic changes to neutralize the original color. Always ensure each layer dries completely before applying the next.",1.6252777576446533
040_59145,"Making and maintaining eye contact with a guy can encourage him to take an interest in you. When talking, avoid letting your eyes wander, especially towards other guys. You can create intrigue from a distance by making eye contact, then dropping your gaze and slowly bringing your eyes back up with a flirty smile. While your personality matters, your appearance also plays a role in attraction; wear clothes that flatter your features without being overly revealing. Casual clothing can be worn later to show comfort, but should still be clean and presentable. Occasionally dressing up can reignite initial attraction. Subtle use of perfume can enhance allure, but should not be overpowering. Being playful, like dancing randomly, can also attract a guy's attention. Engaging him in dance or casually playing with your hair can create a sensual atmosphere.",2.216013193130493
040_35895,"Earwax candles are hollow paper tubes lined with wax that are claimed to draw out earwax through a vacuum effect when lit. However, scientific evidence shows that they do not work and can cause burns, fires, and punctured eardrums. Safer methods to remove excess earwax include using liquids like salt water, baby oil, or mineral oil, and commercial earwax cleaning solutions. It's important to warm liquids to body temperature before use, as cool liquids can disrupt inner ear function and hot liquids can cause irritation. A few drops of the safe liquid should be applied in the ear while lying on your side to encourage the wax to drain out, which should be a painless and relaxing process. Afterward, allow the liquid and loosened wax to drain onto a clean towel.",2.1808202266693115
040_14369,"In a large pot, melt butter over medium heat and whisk in flour until smooth. Gradually add milk and simmer for about 10 minutes until the sauce is thick and creamy. Set aside to cool, then season with salt and pepper. Cook meat until browned, drain excess fat, and mix with ricotta cheese, salt, and pepper. Layer pasta, spinach, and more pasta in a dish, then top with mozzarella cheese. Add another layer of pasta and spread remaining béchamel sauce on top, finishing with mozzarella and Parmesan cheeses. Bake for an additional 15 minutes and enjoy with red wine if of age.",1.1211731433868408
040_1851,"The shag dance consists of eight steps, each aligned with a beat of music. Steps ""one-and-two"" and ""three-and-four"" should take the same time as ""five-six."" It's essential to practice with good shag music and to focus on counting each beat. Before incorporating the dance steps, practice stepping in place, alternating feet without repeating the same foot consecutively. The movement should be fluid, resembling a pendulum, avoiding any bounce. Partners mirror each other's steps, with women leading with their right foot. Both partners should maintain an upright posture and wear proper shoes. When dancing, they should face each other with a comfortable distance, with the man holding the woman's right hand firmly yet gently. Their forearms should remain level, and the non-holding arm should hang relaxed.",1.30014967918396
040_41763,"To access the Settings menu on your console, scroll up from the main menu and select the briefcase-shaped option, then press X. Within Settings, you can choose to connect using Wi-Fi or a LAN cable. If using Wi-Fi, select the desired network. You can manually edit DNS or MTU settings, entering both primary and secondary DNS IP addresses. Popular DNS options include Google and OpenDNS. Ensure accurate typing before proceeding, and avoid lowering your PS4's MTU number, as it won't increase download speeds. With the updated DNS settings, you should experience faster download speeds.",1.4401154518127441
040_52939,"Sitting around and constantly thinking about someone can lead to unproductivity and depression. It is important to redirect your energy towards new hobbies or activities to keep your mind occupied. Finding enjoyment in clubs, exercise, travel, or other interests can help shift your focus. Imagining yourself with someone else can help you realize your worth and move on from an unattainable person. Engaging in online dating or connecting with new people through friends or social circles can open new possibilities. Reflect on the qualities you desire in a partner and be true to yourself to avoid repeating past mistakes. It’s important to express your feelings to maintain mental health; bottling emotions can hinder healing. Speaking with trusted friends, family, or professionals can provide support and help you regain confidence to meet someone new.",1.3905112743377686
040_26885,"This project involves using wooden boards or wood disks for transferring pictures. If the wood has a rough finish, it should be sanded to facilitate the transfer. Only one side will display the picture, leaving raw edges that can be left plain or painted. To transfer the image, Mod Podge Photo Transfer Medium is needed for an opaque look, while regular matte Mod Podge gives a translucent effect. A laser printer and regular printer paper are required, as inkjet printers won't work. The picture will appear in reverse, so mirroring may be necessary. After trimming any white borders, apply Mod Podge generously to the front of the picture, then smooth it with a tool, cleaning excess with a damp cloth. Allow the picture and wood to dry for 24 hours before wetting the back of the picture to facilitate paper removal. Use a light touch to avoid rubbing off the image. If any residue remains, repeat the process after drying. The edges can be weathered with sandpaper, and Mod Podge should extend beyond the image for sealing. Multiple coats may be applied, with drying times observed. Once cured, the piece is ready for use, but care should be taken to avoid getting it wet. Transferring images to multiple sides is not recommended.",1.8113038539886475
040_39356,"Do not get dressed or undressed in front of your baby, and avoid bathing with them. Seeing your breast may remind your baby of nursing, so hold them differently to distract from that desire. Change routines that might trigger nursing, such as the chair or room typically used for nursing.",0.8449034690856934
040_7804,"To make frosting, combine 3 and 1/2 cups powdered sugar and 1 cup unsweetened cocoa powder in a medium bowl. In a separate bowl, mix 1/2 cup milk with 2 teaspoons vanilla extract. In a large bowl, whip 12 tablespoons softened unsalted butter until fluffy. Gradually add the milk mixture and cocoa-sugar mixture to the butter, alternating between them, and beat until fluffy. Adjust the consistency with more milk or sugar as needed. The frosting can be used immediately or stored in the refrigerator for up to three days.",1.1466236114501953
040_39108,"To clean grout, mix equal parts water and white vinegar in a bucket or spray bottle, and let the solution sit on the grout for five minutes. Scrub with a narrow brush or stiff toothbrush and rinse with warm water. Test a small area first to ensure the vinegar doesn't damage the tile. Optionally, apply a baking soda and water paste before using vinegar for a bubbling effect. Hydrogen peroxide can also be applied similarly; let it sit, scrub, and rinse. For tough stains, consider using a steam cleaner with a brush attachment, avoiding machines with beater bars. If necessary, scrape away old caulk, clean with a bleach solution, and use mildew-resistant caulk to prevent future mold. Proper sealing of grout is essential, and if mold penetrated beneath the tiles, renovation may be needed.",1.3420937061309814
040_54716,"In recent years, flavored whipped cream has gained popularity to complement various desserts. Whipped cream can be easily flavored with extracts, cocoa, liqueurs, and zests. Some suggestions include making chocolate whipped cream with cocoa for chocolate silk pie, vanilla bourbon whipped cream with vanilla and bourbon for pecan pie, and lemon zest for strawberry shortcake. Almond or anise extracts can also enhance whipped cream, making it a great topping for berry pies.",1.0948970317840576
040_24646,"The text explains how to perform division and express the results in different forms. When dividing, you may end up with a whole number and a remainder, which should be denoted with an ""r"" (e.g., 41 r4). If a more precise answer is needed, you can convert to decimal form by adding a decimal point to both the quotient and the dividend. The process involves bringing down zeros and determining how many times the divisor fits into the new number. If the division results in a repeating decimal, you can round the answer or indicate the repeating part with a line above the digit. Finally, units should be included in the answer, and any placeholder zeros should be removed. For example, if dividing 250 grams by 6, the final answer would be 41.67 grams.",1.3575046062469482
040_50797,"To clean water stains from leather, use room temperature water and a clean, soft sponge. The amount of water needed depends on the size of the leather product, but it should be enough to cover the entire surface. Dip the sponge in the water and wring it out to remove excess moisture. Apply the damp sponge to the center of the stain and gently wipe outward, avoiding scrubbing to prevent damage. Clean the entire surface quickly, as allowing one area to dry before others may create new water stains.",1.0554842948913574
040_40236,"To attract a boy's love, it's important to appear fun and approachable. Smile, be silly, and laugh with friends to become magnetic. Embrace adventure and step out of your comfort zone. Show your playful side through your clothing and humor. Good body language is crucial; maintain eye contact, avoid crossing your arms, and stand tall. Small gestures like tilting your head or blushing can also draw attention. Flirt lightly by engaging in banter and teasing. Ultimately, be yourself and share your unique qualities and interests to show him why you are special.",1.3335134983062744
040_49754,"Before eating a kiwi, examine its exterior, noting the fuzzy brown skin and bumpy pit at the top, which is inedible. To check if the kiwi is ripe, gently press it; if it gives, it's ready to eat. If hard, let it soften at room temperature. Underripe kiwis can be too tart. You can eat the kiwi like an apple, enjoying the texture contrast between the skin and flesh. The skin contains fiber, vitamins, and antioxidants but may have pesticide residues, so wash it under cold water while scrubbing. Organic kiwis reduce pesticide risks but should still be washed. If you dislike the skin, chop the kiwi in half or slice off the ends, using a spoon to scoop out the flesh. Remember to wash the skin even if you won't eat it, as dirt and chemicals can transfer to the flesh while peeling.",1.3629400730133057
040_11961,"To remove paint from glass, use a glass measuring cup to heat white vinegar, which will soften the paint without needing chemical products. Use rubber gloves to protect your hands and a smaller rag to rub the paint with the vinegar. If the paint doesn’t come off completely, proceed to the next step by using soapy water to saturate the paint and scrape it off carefully with a razor, ensuring not to scratch the glass. Clean any remaining residue with glass cleaner and a clean rag. If any paint is missed, repeat the process as necessary.",1.0380845069885254
040_59299,"House training a puppy involves teaching it to go potty in a designated area, whether outside or inside on pads or in a litter box. For an eight-week-old puppy, take it to the potty spot every half hour, and for an adult not yet trained, every two hours. If the puppy does not go within five minutes, bring it back inside and try again later. Use a phrase like ""Go potty"" to help the puppy associate the action with the command. Initially, be prepared to take the puppy out frequently, especially at night, and avoid playtime during bathroom breaks. Take the puppy to the spot after sleeping, eating, or playing, and praise it with treats when it uses the correct spot. Consistent praise is crucial, and it should be given immediately after the puppy finishes. Never punish an accident unless you catch the puppy in the act, and remain patient, as accidents will happen during the training process.",1.46828293800354
040_60038,"To use HP Auto Wireless Connect, your computer must meet specific requirements: it should run Windows Vista or later (PC) or OS X 10.5 (Mac), connect to a 2.4 GHz 802.11 b/g/n wireless router (5.0 GHz is unsupported), and utilize a dynamic IP address. You can find your printer's model number on https://support.hp.com/us-en/drivers/, download the necessary software, and initiate the printer setup process. If compatible, the printer will be prepared to connect for two hours. The process may take a few minutes, and upon successful connection, a confirmation will appear on your computer. Follow the on-screen prompts to complete the setup and start using your printer.",1.284059762954712
040_32765,"Most coyotes have become habituated to humans, leading to increased sightings in urban and suburban areas. To prevent coyotes from entering neighborhoods, it is important to trim trees and bushes to eliminate hiding spots, install coyote-proof fences or motion-triggered deterrents, and avoid feeding coyotes or leaving food accessible. Properly secure garbage and compost bins, and when hiking, carry a stick or umbrella for protection, along with noisemakers and chemical deterrents like pepper spray.",1.036755084991455
040_20220,"To scan documents, place them face down on the printer or scanner, align them within the designated arrows or grids, and close the lid if applicable. Start the scanning process by pressing the scan button or using the scanning software on your computer. You can select options for color, black and white, or custom, and choose the digital format (jpg, jpeg, tiff) for saving the images. Use the preview feature to check your settings for format, orientation (portrait or landscape), and resolution—higher resolution results in sharper images but also larger file sizes. After finalizing your settings in the preview, click finish or scan to complete the process. If you encounter any difficulties, follow the Scan Wizard for step-by-step instructions. Save your images appropriately on your computer or upload them online, ensuring you don’t lose them; renaming every photo is unnecessary if you have many.",1.5925896167755127
040_43220,"Body builders often choose egg powder for quick bulking unless they have egg white allergies. Eggs are a perfect source of protein, containing all essential amino acids needed for muscle maintenance and recovery after workouts. Egg protein powder can also promote feelings of fullness, making it suitable for weight loss. It's lactose-free, making it ideal for those with lactose intolerance. Milk protein powder, consumed post-workout, aids in muscle recovery and mass retention but should be avoided by those allergic to lactose. Whey protein, derived from cheese-making, is absorbed quickly and is effective for muscle protein synthesis. There are three whey protein levels based on filtration, with advanced whey protein isolate being the least likely to cause gastrointestinal issues for lactose intolerant individuals, although it can be quite expensive.",1.271493911743164
040_24718,"To strengthen your left hand for writing, use light weights and focus on flexibility to prevent cramping. Start with basic daily tasks using your left hand, like eating and drinking, and gradually increase the difficulty. Practice using your left hand for opening doors, buttons, and using a computer mouse by switching settings for left-handed use. Download left-handed cursors to aid in hand-eye coordination. Engaging both sides of your brain by catching and throwing with your right hand can make the learning process smoother and less frustrating.",1.0687227249145508
040_40454,"To post a life event on Facebook, go to https://www.facebook.com and log in if needed. Click on your name in the upper-right corner to access your profile. In the ""Create a Post"" section, click to bring up a pop-up window. Hover over a category on the left, such as Word & Education or Health & Wellness, and then select a life event preset from the right side. You can also choose ""Create Your Own"" if no preset fits. Fill in details like the title, location, who you experienced it with, the date, and a story about the event, then post it to your Timeline.",1.1341702938079834
040_40658,"Your doctor can test for chikungunya and other mosquito-borne diseases if you have symptoms such as fever lasting over five days, dizziness, cold extremities, bleeding, rash, joint pain, or low urine output. Blood samples will be taken for various tests, including ELISA, viral cultures, and RT-PCR. There is no specific treatment or vaccine for chikungunya, so management focuses on symptom relief. The World Health Organization suggests rest, cold packs for pain, and hydration. Paracetamol can help with fever and pain, but avoid aspirin and NSAIDs initially. If joint pain is severe, your doctor may prescribe hydroxychloroquine or chloroquine. Mild exercises and physiotherapy may be beneficial. Skin irritations can be treated with moisturizers or antihistamines. Herbal remedies, such as Eupatorium perfoliatum and Echinacea, may help relieve symptoms, but consult your doctor before using them.",1.455580711364746
040_2868,"Be careful not to put too little water in the bowl, as the freezing will release enough heat to warm the salt water to 0°C before the ice cubes finish freezing. A colder freezer requires a higher concentration of salt to prevent the salt water from freezing. You will learn from experience how much salt is needed for your freezer's temperature. The result is bubble-free ice that is strong and crack-free because it froze without any trapped regions of water forming during the process.",1.2558724880218506
040_62452,"It is crucial to remember that Japan is in a different time zone, specifically Japan Standard Time, which is nine hours ahead of Greenwich Mean Time. You may incur charges for international calls, even if the call is not answered. Therefore, ensure you call at a time when the person in Japan will be awake. For example, if you are calling a friend in Fukuyama, Japan from San Francisco, CA, USA, you would dial: the United States exit code (011), followed by the country code for Japan (81), then the area code for Fukuyama (84), and finally the seven-digit local phone number (XXX-XXXX). The complete number would be 011-81-84-XXX-XXXX, indicating a successful call to Japan.",1.2871766090393066
040_50247,"To turn off Find My iPhone, tap the Settings app icon at the top of the Settings page. If Find My iPhone is enabled, enter your password and tap Turn Off. In the top-right corner, you can choose to keep a copy of Calendars, Contacts, Keychain, News, or Safari history on iCloud by tapping the toggle switch next to the items you want to save. This process will remove your Apple ID and any associated data from your iPhone.",1.5085883140563965
040_60557,"Combinez du dentifrice blanc (pas du dentifrice en gel) avec du bicarbonate de soude dans un rapport de 1:1 dans un petit plat. Mélangez bien les produits avec une cuillère. Prenez une portion du mélange sur un chiffon propre. Utilisez le chiffon pour appliquer le mélange sur la zone tachée, en effectuant de petits mouvements circulaires pour enlever la tache. Ajoutez plus de mélange si nécessaire et continuez à frotter jusqu'à ce que la tache disparaisse. Soyez patient, cela peut prendre du temps ! Remplissez un petit seau d'eau tiède et de savon. Trempez un chiffon propre dans l'eau savonneuse et essorez-le. Utilisez le chiffon humide pour enlever le mélange de bicarbonate de soude et de dentifrice du sol.",1.4092793464660645
040_17190,"Most anal fissures heal within 4 to 6 weeks. If they do not improve with medication, surgery may be recommended, which involves cutting a portion of the sphincter muscle to help the fissure heal. The surgery has a high success rate, with over 90% of fissures resolving afterward. Patients are instructed on how to prepare for surgery, including dietary restrictions and medication guidelines. Bowel preparation may involve enemas or laxatives. The surgery is usually done on the same day, and patients can expect to leave the hospital after the procedure. Recovery involves gradual resumption of normal activities, walking to reduce blood clot risks, and avoiding driving while on pain medications. Post-surgery care includes keeping the wound clean and dry, taking sitz baths, and managing bloody drainage with gauze.",1.561539649963379
040_30798,"Surface planers are mechanical tools that automatically plane wood to a uniform thickness using rollers and spinning blades. They are time-saving for woodworkers, but work best if the opposite surface of the wood is flat. Adjustments can be made to control cutting depth, typically not exceeding 1/16 or 1/8 inch at a time. A depth stop feature helps prevent over-planing. Careful feeding of wood and cutting along the grain are essential to avoid tear-out. To track progress, pencil lines can be drawn on the wood surface. ""Snipe"" can occur, causing deeper cuts at the edges, which can be mitigated by lifting the wood during the planing process. Safety precautions include wearing ear protection due to noise and eye protection to guard against dust.",1.3096442222595215
040_14912,"To incorporate coconut oil into your diet, you can add 1-2 tablespoons to a smoothie with other ingredients like milk, ice, and a banana. If you prefer a smoother texture, melt the coconut oil at a low temperature before blending. Additionally, you can mix coconut oil into various cooked or prepared foods such as soup, yogurt, oatmeal, or pasta, and use it in marinades for meat or fish. Some people also enhance their drinks with a bit of unsalted butter or sweetener.",1.5606095790863037
040_19793,"Dealing with the sudden closure of a major life goal can feel like mourning, whether it's due to a failed book deal or a breakup. It's natural to feel upset and to express your emotions, but avoid lashing out at others. In the aftermath of disappointment, it's helpful to ask if the situation will matter in the future. Talking to a supportive friend and writing down feelings can provide perspective. Recognizing real disasters versus minor setbacks is important, as is being cautious about sharing disappointment on social media. Practicing gratitude for the positive aspects of life can help shift focus from what went wrong. Self-care and physical activity can alleviate emotional pain, and learning from experiences can lead to growth. Accepting that disappointment is often due to unrealistic expectations can foster a more positive outlook. Lastly, persistence and optimism are key in overcoming setbacks.",1.368938684463501
040_58155,"Maintenir vos jambes dans la même position pendant une longue période réduit la circulation sanguine et peut provoquer une accumulation de sang dans vos veines. Pour améliorer la circulation, changez de position toutes les 30 minutes, marchez ou étirez-vous. Élever vos jambes pendant que vous êtes assis ou couché peut soulager la pression sur vos vaisseaux sanguins. Évitez de porter des vêtements serrés et privilégiez des chaussures à talons bas ou des ballerines. Intégrer des exercices modérés dans votre routine quotidienne peut améliorer la circulation et tonifier vos muscles. Le yoga réparateur peut également aider à la circulation. Une alimentation équilibrée riche en fruits, légumes et fibres peut stabiliser votre pression artérielle et réduire le gonflement. Réduire la consommation d'alcool et arrêter de fumer sont également essentiels pour minimiser les varices.",1.6569545269012451
040_38308,"Your PC requires an active network connection. To access settings, move the mouse cursor to the lower right of the screen or swipe left on a touch screen, then select “Settings.” Restart your computer when prompted.",0.7777073383331299
040_9359,"Return to the VariableCosts table to accurately fill out all costs related to your product on a per unit sold basis. Enter these costs into your Fixed Costs table, ensuring they are set to the same interval (e.g., monthly). In the BEP sheet, input an initial estimated price per unit, which can be adjusted later. The Units Sold should reflect the number of units intended to be sold in the same timeframe as your Fixed Costs. The Units output cell (C11) will show the necessary number of units to sell to break even, which will vary with changes in Price Per Unit, Variable Costs, and Fixed Costs. Experimenting with the Price Per Unit will affect the breakeven point.",1.2304980754852295
040_58265,"To start the car and turn on the air conditioner, assess the air temperature. If it's warm to cool, check the radiator cooling fans for functionality, as a lack of airflow may indicate an issue. The cabin air filter might need replacement to improve airflow. Ensure the A/C compressor is operational by checking if the pulley and clutch are engaging. If the clutch does not engage, the compressor may be broken or require refrigerant. Testing the clutch involves running a wire from the compressor to the battery; a loud CLACK means it's functioning. If repairs are necessary, specialized tools might be needed. Leak detection kits can help identify leaks by using dye in the system. If leaks are found, repairs are required; if not, low refrigerant may be the issue.",1.5374724864959717
040_62506,"The first step in solving a problem is to analyze the gathered data to understand its significance. Start with raw data, breaking it down into manageable parts and using tools like charts or graphs. For example, review bank statements to track income and expenses and identify financial patterns. If a net deficit is found, brainstorm potential solutions without immediate evaluation. Options may include obtaining a part-time job or reducing spending. Use strategies like dividing the problem into smaller parts or drawing analogies to previously solved issues. Analyze potential solutions for suitability, considering scenarios and consequences. Choose the best solution based on needs and feasibility, while also creating budgets and evaluating personal sacrifices or priorities regarding finances.",1.360133409500122
040_30519,"Once all the ingredients are combined, transfer the thick and sticky batter into a prepared pan using a spatula. Bake the brownies in a preheated oven for about 35 to 40 minutes. They are done when a tester inserted into the center comes out with a few moist crumbs. The edges should be set, while the center remains slightly moist. It's better to under bake than overbake, so remove them from the oven if unsure. If you lack toothpicks or skewers, a fork can be used instead. After baking, let the brownies cool in the pan for about an hour before cutting, and then cool for another hour on a wire rack. This cooling time allows for cleaner cuts and enhances the flavors.",1.3669981956481934
040_57304,Combine the ingredients in a food processor to achieve a smooth puree. Transfer to a bowl and mix thoroughly. The hot sauce will develop a richer flavor over time and can be stored in the refrigerator for several months.,1.2073428630828857
040_3552,"Il est important de garder un ton et une attitude calmes lorsqu'on s'adresse à un enfant désobéissant. Au lieu de crier des menaces, il vaut mieux demander calmement à l'enfant d'arrêter un comportement dangereux ou inapproprié, en expliquant pourquoi cela est mal. Si l'enfant continue à désobéir, il faut lui annoncer une punition et s'assurer qu'il comprend le lien entre son comportement et la conséquence. Il est essentiel de ne pas faire de menaces vides pour maintenir la crédibilité. Après la punition, il est recommandé de montrer de l'affection pour indiquer que l'on n'est plus fâché. La forme de la punition doit être juste et adaptée à l'âge de l'enfant, en tenant compte de sa capacité d'attention. La cohérence dans l'application des punitions est également cruciale pour éviter la confusion. Si les règles changent, il est important d'en informer l'enfant et d'expliquer les nouvelles attentes. Enfin, il faut prendre en compte la personnalité de l'enfant pour déterminer si la punition est un bon moyen d'instaurer la discipline.",1.665238618850708
040_4856,"To save effort during the day, you can prepare all your juice in the morning and store it in the fridge, or prepare the ingredients ahead in ziploc bags. Experiment with different fruit and vegetable combinations for enjoyable flavors. When on a juice fast, maintain a 20:80 ratio of fruit to vegetable juice, limiting fruit juice to the morning. Drink plenty of juice throughout the day, at least four servings, to ensure you receive necessary vitamins and avoid feeling starved. Stay hydrated by drinking water, and consider diluting your juice or drinking herbal tea. Light exercise can help with hunger symptoms, and performing an enema may assist in detoxification. Drinking warm lemon water in the morning may also stimulate bowel movements. Continue to experiment with juice recipes and stay strong against temptations during your cleanse, focusing on the benefits of detoxification. Engage in relaxing activities to distract from hunger, and enjoy the extra time without meal planning.",1.6675376892089844
040_10593,"Accept that your relative will not change unless they choose to. Focus on your own well-being instead of trying to change them. If they are self-destructive, remember you cannot save them and may be inadvertently encouraging their behavior by giving them attention. Do not feel the need to explain your choices or defend them. Your relative is responsible for their actions, and do not make excuses for them. Recognize passive aggression as a manipulative tactic and choose not to respond. Set firm boundaries regarding behaviors you won't tolerate and communicate them clearly to your family. If someone tries to violate your boundaries, stand firm in your decision. Create distance from your dysfunctional relative by limiting contact and reflecting on how you feel without them. This distance may cause guilt, but it can help you gain perspective. Decide how to respond to other family members about your decision to distance yourself, keeping it brief and firm.",1.4699580669403076
040_54855,"Worms thrive in black, moist, nutrient-rich soil with mulch or leaves. They are commonly found in small gardens, tree bases, and areas with decomposing leaves. The best time to catch worms is after rain, particularly at dusk or nighttime when night crawlers surface. To catch worms, thrust a shovel into moist dirt and leverage the soil to look for worms. If worms are not visible, continue digging or rake the mulch away to stir the soil. Turn over large objects to search for worms underneath, especially in darker conditions. When picking up worms, grasp them by their lighter-colored end to prevent breaking them. After collecting worms, dry your fingers in sawdust to improve grip. Limit the number of worms taken from any area to protect the environment. Store collected worms in a plastic container with some dirt and a cover with puncture holes for ventilation, ideally in a cool, dark place like a refrigerator, but avoid freezing them.",1.8903625011444092
040_15483,"Think about how to communicate with your family member without confronting them immediately, especially if you're feeling angry or hurt. Take time to cool down and consider your approach, such as writing a letter that you won't send. After a few hours, revise the letter to sort out your feelings. When discussing the issue, express the emotional impact their theft had on you, staying calm and avoiding raised voices. Clearly communicate your disappointment and the seriousness of their actions. If they offer excuses, remind them that taking without permission is still stealing. Encourage them to make amends, such as returning or replacing what was taken. Set consequences for their actions, which may involve involving other family members if necessary.",1.7041842937469482
040_28351,"It is not your fault if your parent is an addict. You can express your feelings to your mother and encourage her to seek treatment, but ultimately, the desire for help must come from her. If you've tried to assist her but feel hurt or ignored, remember that her addiction is not your fault. Children of addicts are at a higher risk of developing drug problems themselves. It's important to take care of your own needs and not let your life revolve around your mother’s addiction. Engage in activities that promote your well-being and seek support from trusted individuals. If needed, consider talking to a therapist or counselor for help in coping with the challenges you face. Resources like Al-Anon and Nar-Anon can provide additional support.",1.252634048461914
040_15775,"To access your Google Account's activity, tap the Google app icon, typically located in the bottom-right corner of the screen on Android devices. If prompted, sign in with your email and password. You can scroll through your activity list or select specific sections like Chrome. To delete an entry, tap the options menu next to the item, choose Delete, and confirm. To clear all activity, go to the menu, select Delete activity by, choose All time, and confirm the deletion.",1.6552517414093018
040_48795,"Avoid using cheesy pick-up lines or clichés to get a girl's attention. Instead, offer genuine compliments that reflect a deeper attraction. Encourage her to spend time with friends, showing that you respect her independence and are not overly possessive. Jealousy can be a turn-off, so don’t worry about her having male friends. Be respectful of her decisions, especially if she declines your advances, as anger or aggressive behavior can ruin your chances with her and others. While a playful chase can be fun, it’s important not to appear uninterested or overly desperate.",1.048325777053833
040_4770,"To grow a mango tree, visit local orchards or markets to select a healthy, polyembryonic mango fruit. Clean the pit thoroughly without damaging its outer coating, then dry it overnight. Carefully open the pit to extract the seed, which resembles a lima bean. Plant the seed about one inch deep in quality potting soil, concave side down, and keep it damp in a warm, shaded area until it sprouts in one to three weeks. Once ready, plant it directly in its permanent outdoor location to avoid transplant shock.",1.2134654521942139
040_48590,"As soon as you receive a message indicating that there are no healthy people left in the world, you should evolve deadly symptoms like Paralysis, Total Organ Failure, and Coma. This will start killing people and increase the cure percentage. As the population declines, you will gain DNA Points to evolve Internal Hemorrhaging, Hemorrhagic Shock, and Necrosis. Don't focus on the cure percentage, as all nations will collaborate to create a cure. Counter this by evolving the Genetic Hardening Ability and Genetic Reshuffle to decrease the cure amount and boost your final score. Before the cure reaches 50%, your Parasite will have eradicated humanity. Congratulations, you won the game!",1.2171435356140137
040_52195,"Watch for excessive scratching in your cat, as it may indicate fleas. Perform a spot check using a fine-toothed comb to find fleas or flea dirt, which is black and comma-shaped. Commercial products are available for flea removal; consult your vet for recommendations. Hairballs can cause bad breath or low appetite, and severe cases may lead to trichobezoars, requiring surgery. Regular grooming helps reduce hairballs. Adding supplements like slippery elm bark or pumpkin pulp can aid in preventing hairballs. Consult a veterinarian if symptoms such as increased appetite, weight loss, irritability, vomiting, lethargy, diarrhea, or a messy coat appear. Hyperthyroidism is common in older cats and can be indicated by increased appetite. Diabetes symptoms include vomiting, dehydration, and increased thirst. FLUTD symptoms involve urination difficulties and appetite loss, and it can be serious if untreated. Various factors can cause FLUTD, including diet and dehydration.",1.413212537765503
040_32404,"Stubborn black soot stains on fireplace or woodstove glass can be hard to remove. Hot fires help loosen these stains, making cleaning easier. Before cleaning, burn hot fires or use creosote removal products to soften the buildup. Always let the stove or fireplace cool for 6 to 8 hours before cleaning to avoid burns or cracking the glass. For lightly soiled glass, wipe with a damp microfiber cloth or paper towel. Use old newspaper for initial cleaning to remove haze. Wear gloves while cleaning. For tougher stains, create a paste from fine white ashes and water, scrub the glass in circular motions, and rinse with a clean cloth. For brown stains, use woodstove glass cleaner, allowing it to sit for 30 minutes before wiping. Avoid ammonia-based cleaners as they can leave streaks.",1.456831455230713
040_35828,"Wearing a black suit during the day is generally not advisable unless for formal occasions like funerals. Instead, opt for a classic-cut suit in neutral colors for versatility in everyday wear. Dark grey or navy suits pair well with most dress shirt colors, and subtle patterns can be chosen as long as they don't clash. The suit jacket should taper at the waist and the hem should reach the fingertips when arms are at the sides. Sleeve lengths should allow for some shirt cuff to show. For a better fit, consider visiting a tailor, and avoid wide lapels and brand labels. Pants should skim the tops of shoes and have a crease; if not, they may be too short, and multiple creases indicate they may be too long. Try pants on with shoes for the correct length, and if wearing suits daily, buy more than one pair of trousers. Flat-pressed trousers are recommended over pleats, and pants without cuffs can help elongate the legs.",1.6052978038787842
040_25298,"To make a simple mayonnaise-based dressing, whisk together egg yolks, salt, powdered sugar, and lemon juice, using a whisk, electric mixer, or blender. Slowly add oil in a steady stream while blending to maintain a smooth texture. Once combined, mix in vinegar. Set this aside and proceed to make the cornstarch mixture by heating water and continuously whisking in the cornstarch until it reaches a smooth, pudding-like consistency. Blend well and incorporate seasonings into the dressing. After cooling in the refrigerator, store the dressing for a few days to a week.",1.0739731788635254
040_33184,"To draw a skull, start with a circle that is slightly longer than it is wide, avoiding tapered ends. Once the circle is drawn, use a small eraser to remove any visible horizontal and vertical guidelines, but leave any that have been drawn over. Instead of a large eraser, use the eraser on the end of a pencil for precision.",0.8416335582733154
040_1842,"A moan is a sound associated with pleasure, often in a sensual context, allowing individuals to express their enjoyment. However, not everyone is comfortable making such noises publicly. With practice and a supportive partner, one can learn to moan more naturally. Research indicates that some aspects of moaning are consciously controlled, especially for women. If it feels unnatural, it’s okay to work on developing a moan. Observing and imitating others can be helpful, but remember that everyone expresses pleasure differently. The exaggerated moans often heard in media do not reflect reality, and not all partners may prioritize or appreciate moaning.",1.1579196453094482
040_18410,"Before starting an intensive weight loss program, consult your doctor to ensure it's safe for your health and won't affect any existing conditions. Set reasonable goals and create a fat loss schedule for the next six months, aiming to lose 1 to 2 pounds per week. Focus on achievable milestones for motivation, as losing weight requires time, energy, and commitment. Maintain a positive view of your body, appreciating its strengths, which can help in your weight loss journey. Avoid negative self-talk, as it can hinder your progress and lead to regaining lost weight.",1.0052483081817627
040_11473,"Inflation refers to the rise in prices of goods and services, impacting the cost of living. During high inflation, consumers tend to reduce their purchases due to increased prices for essentials like food and gas. Various factors influence currency inflation, with the U.S. Department of Labor's Bureau of Labor Statistics providing monthly inflation reports. To assess the effect of inflation on salary increases, subtract the inflation rate from the calculated increase percentage. For example, if the inflation rate is 1.6% and the salary increase is 11.1%, the real increase is only 9.5%. This means more money is needed to purchase the same items as before. Purchasing power reflects the changing costs of goods over time; for instance, if inflation rises without an equivalent salary increase, purchasing power decreases accordingly. The Bureau of Labor Statistics offers a calculator to compare purchasing power across years.",1.884547472000122
040_6700,"TED Talks focus on ""ideas worth spreading,"" requiring speakers to be emotionally invested in their topics. Enthusiasm helps in planning and engaging the audience. While expertise is important, speakers should seek accurate information from experts for areas outside their knowledge. The talk should address the audience's needs and interests, presenting unique and realistic ideas that can be practically applied. A clear premise, stated in one or two sentences, is essential. TED Talks are limited to 18 minutes, but brevity is encouraged if the idea can be conveyed in less time. Speakers should explore various styles by watching TED Talk videos. Talks typically fall into three categories: Education (informing about sciences and technologies), Entertainment (exploring creative arts), and Inspiration (elevating perspectives and encouraging new thoughts).",1.4662346839904785
040_4358,"Aim to use natural light in your living room but avoid relying on a single source. Incorporate multiple lighting layers from various sources like ceiling lights, lamps, and sconces for balanced illumination. Pay attention to corners by placing multiple lamps to create an even distribution of light. Use tall lights to give an impression of higher ceilings and consider dimmers for adjustable ambiance, especially for entertaining. Choose LED bulbs for bright white light and use dimmers to extend bulb life and save energy. Ensure lighting does not cause glare when watching TV, and keep lights low for relaxing. Designate specific lighting for tasks, such as a desk lamp for work or a reading lamp for a chair.",1.2369036674499512
040_19731,"Il existe une grande variété de graines de chrysanthème, dont le prix varie entre 2 et 10 dollars par paquet, contenant entre 50 et 1 000 graines. Vous pouvez acheter du terreau dans un magasin de jardinage ou le préparer vous-même. Remplissez chaque cellule d'un plateau de germination presque jusqu'au sommet avec le terreau. Pour vérifier si le sol de votre jardin a un bon drainage, creusez un trou de 30 cm de profondeur et remplissez-le d'eau. Si l'eau s'écoule en 10 minutes, le sol est bien drainant. Pour semer, versez les graines dans votre main et placez-les délicatement dans le sol, en les espaçant. Si les graines sont simplement posées sur le sol, saupoudrez une fine couche de terre pour les couvrir. Arrosez le plateau avec un vaporisateur pour que le sol soit humide, mais pas saturé. Placez le plateau dans un endroit ensoleillé ou sur un porche tout en surveillant la météo. Un tapis chauffant peut être utilisé pour une germination plus rapide. Les résultats devraient apparaître en 8 à 10 jours. Vérifiez le sol quotidiennement pour qu'il reste humide sans être détrempé. Lorsque les tiges atteignent environ 7,6 cm, vous pouvez les transférer dans des pots séparés après environ 6 semaines. Pour utiliser un bouture, plongez-la dans un mélange d'hormone d'enracinement avant de la planter.",2.2294864654541016
040_24894,"To have your letter to the editor selected, avoid saying what everyone else says and find a unique angle on the issue. Summarizing other letters effectively can increase your chances of being published. Keep your letter between 150 and 300 words, being concise and eliminating unnecessary phrases. Maintain a respectful tone, even in disagreement, and avoid slang or casual language. Ensure your writing is at an appropriate reading level for the audience and avoid jargon or acronyms that may confuse readers. Proofread your letter for grammatical and spelling errors, as professionalism is essential when competing with many other submissions. Reading your letter aloud and seeking feedback from others can enhance clarity and flow.",1.2388508319854736
040_43457,"If someone who has been ignoring you claims to understand your feelings and even apologizes, but then continues to ignore you, it indicates insincerity and a lack of interest in maintaining a positive relationship. Avoid pushing for further apologies or explanations, as chronic disregard often provides satisfaction to the other person. If they persist in their behavior despite attempts to reconcile, it's their choice, and you shouldn't dwell on how to make them more attentive. Communicate your hope for reconciliation, but don’t give up on them, as personal issues may be at play. Let them know you are available if they need to talk or seek help.",1.184523105621338
040_6381,"Rabbits tend to choose a specific spot in their cage for elimination, which can be utilized to encourage them to use a litter box. After relocating some dirty bedding, clean the rest of the cage. There are litter boxes designed for rabbits that can fit in cage corners or rectangular ones for larger cages. If positioned correctly, the rabbit will continue to use the same spot in the litter box. Larger litter boxes can also be used when the rabbit is outside the cage during playtime.",1.1044354438781738
040_24398,"A neti pot is a small teapot-like device used to flush out mucus and irritants from the sinuses using saline or distilled water. The process involves pouring the solution into one nostril and letting it drain from the other, which helps remove unwanted irritants. It is recommended to use the neti pot once or twice daily and to clean it thoroughly after each use. A homemade saline solution can be made using distilled water, kosher salt, and baking soda. Warm compresses can help relieve sinus pressure, and a humidifier may be beneficial for dry sinuses. Steam inhalation can also help loosen mucus. Avoiding irritants like smoke and pollutants is important, and proper nose-blowing techniques should be practiced to prevent further irritation.",1.3563880920410156
040_54227,"Be your own cheerleader by encouraging yourself after completing tasks and while working on them. If you get distracted, remind yourself of what you need to do. Choose topics that interest you for assignments and find connections if you lack control over the subject. Work in a clean and pleasant environment to enhance focus. Recognize the purpose of your homework by listing reasons to complete it, such as improving future assignments and maintaining good grades. Remember that good grades can lead to better opportunities, such as scholarships and college admissions. Your reputation for being dependable and hardworking matters, especially for recommendations from teachers.",1.1330289840698242
040_61260,"The text discusses the design process for t-shirts, emphasizing the importance of considering the purpose of the design, such as advertising a company, band, or personal illustration. It highlights the significance of logos, colors, and the balance of elements in the design. The text advises using original or legally obtained images, paying attention to color contrast based on shirt color, and experimenting with different designs and sketches. Tools like Adobe Illustrator and Inkscape are suggested for creating and manipulating designs. Lastly, it encourages seeking feedback on design choices.",1.1045382022857666
040_55360,"You don't need to lean backwards to perform a Spiderman kiss if you're uncomfortable. Instead, you can lie on your bed or a flat surface like a couch. Your partner should stand near your head, slightly hovering above you. Reach forward with your hands to gently hold your partner's face and pull it downward towards your lips. Once their face is close, you can give them a sensual kiss on the lips, reminiscent of the movie scene.",0.9756894111633301
040_59573,"Focusing on origami can help pass the time, and there are many creations to try, such as making a paper football or an origami jumping frog for a race. Drawing can also be a fun activity, whether by doing a self-portrait or drawing with your eyes closed for unexpected results. Editing voices or creating songs to share with friends can be entertaining, as well as making collages from old magazines. Writing poetry, whether humorous or serious, allows for creative expression, and you can share it online. Additionally, completing DIY projects from Pinterest can be rewarding. If you prefer a simpler activity, browsing Pinterest can also consume time. Finally, photography can become a passion, and you can capture interesting images around your home or neighborhood.",1.2980859279632568
040_26663,"Camtasia est disponible gratuitement pendant 30 jours. Après la période d'évaluation, vous devrez l'acheter pour continuer à l'utiliser. Camtasia peut être téléchargé depuis le site Web de TechSmith. Pendant l'installation, vous devrez lire et accepter le contrat de licence. Vous devrez également entrer votre clé de licence ou installer le programme en tant qu'essai. Si vous avez votre clé, tapez-la ou copiez-la dans le champ et entrez votre nom. Lorsque vous achetez Camtasia, votre clé de licence vous sera envoyée par e-mail. Assurez-vous de vérifier votre dossier Spam si vous avez des difficultés à localiser l'e-mail. Camtasia tentera de valider votre licence pendant le processus d'installation, alors assurez-vous que votre ordinateur est connecté à Internet. Après avoir entré votre clé, vous serez invité à choisir où Camtasia doit être installé. La plupart des utilisateurs peuvent conserver les paramètres par défaut. Vous serez également invité à installer le module complémentaire PowerPoint, qui vous permettra d'insérer des enregistrements Camtasia dans des présentations PowerPoint.",1.7395422458648682
040_41766,"Il est essentiel d'identifier correctement la mauvaise herbe avant d'acheter un herbicide, car différentes espèces nécessitent différents herbicides. Si vous n'êtes pas sûr de la mauvaise herbe, contactez votre bureau d'extension du comté ou un revendeur d'herbicides pour vous assurer d'acheter le bon produit. Avant d'appliquer un herbicide, comprenez ses effets et implications en lisant l'étiquette pour connaître les restrictions concernant la navigation, la baignade et la pêche. Les herbicides se présentent sous forme liquide ou solide, en sprays ou en granulés. Pour le contrôle des algues, utilisez des sulfates de cuivre ou des chélates de cuivre comme le Cutrine Plus. Pour certaines plantes submergées, utilisez du diquat ou du fluridone, et pour les plantes ancrées-flottantes, utilisez du glyphosate. Vérifiez les réglementations locales et étatiques avant d'utiliser des herbicides dans une étendue d'eau, car des permis peuvent être nécessaires. Appliquez-les au printemps lorsque les plantes sont jeunes et faibles, en évitant l'été tardif pour ne pas nuire à la vie aquatique. Appliquez lorsque la température de l'eau est dans les 60 degrés Fahrenheit. Utilisez la bonne dose en vous basant sur les instructions de l'étiquette, qui indiquera comment calculer la dose en fonction de la superficie et de la profondeur. Ne dépassez jamais la dose indiquée. Les herbicides devront être réappliqués les années suivantes, car les graines sous-jacentes ne sont pas affectées et germeront l'année suivante. Appliquez à nouveau au printemps pour traiter les structures dormantes.",2.691530704498291
040_21521,"The areas of the foot most vulnerable to fungal infections are often neglected during drying, trap moisture, and suffer from abrasion due to ill-fitting shoes. Symptoms of athlete's foot include itching, redness, a scaly rash, and in severe cases, inflammation and peeling skin between the toes. This contagious condition spreads through contaminated surfaces and can worsen to affect the sole of the foot, resulting in dry, flaky skin. There are three main types of athlete's foot: moccasin, inter-digital, and blistering types. Foot pain might arise from overuse or poorly fitting shoes, but persistent burning pain and itching suggest athlete's foot. Fungi irritate nerve endings, causing these symptoms. Blisters caused by athlete's foot can ooze and become crusty, differing from regular blisters. Risk factors include being male, wearing damp socks, walking barefoot in public, and having a weakened immune system. The infection can also spread to toenails, leading to discoloration and brittleness. Managing blood sugar levels is important, as diabetes can present similar symptoms.",1.616053819656372
040_53706,"Smoking leads to bone mass depletion and various health issues. Smokers should quit to prevent further bone loss and can seek help from their doctor regarding cessation programs. Maintaining a healthy body weight is crucial for bone and joint health; being underweight increases bone loss risk, while being overweight can stress joints and lead to osteoarthritis. Individuals should consult their doctor to achieve and maintain a healthy weight. Sedentary lifestyles can exacerbate joint pain, so it's essential to move around regularly. Footwear, particularly high heels, can increase the risk of joint problems. Those with concerns about bone and joint health should consult their doctor for tests and possible treatments, including medications or surgical options for severe pain.",1.284825325012207
040_30542,"Before drawing a map, you need to determine its size and scope, such as whether it will represent an entire planet, continent, country, or city. Most maps should include both land and water, with larger maps showing more geographical features like oceans and rivers, while smaller maps may only depict select bodies of water. The style of the map—geographical, political, or other—will influence how you outline or draw it. You can combine different styles but may need to simplify details to avoid overwhelming viewers. Consider what characteristics to include, such as trade routes or population centers, and decide the level of detail, which will affect the map's physical size. Additionally, think about weather patterns and climate to accurately represent areas on the map. Finally, decide whether to hand-draw the map, use a computer program, or an online tool, as each method requires different preparations.",2.0072550773620605
040_35823,"Effective documentation of bullying incidents at school is important for reporting to authorities, including the police. This should involve assessing the nature and prevalence of bullying, as well as tracking incidents with specific dates. Peer mediation is a common strategy but has drawbacks, as bullying is a form of victimization. If the bullied child feels intimidated during mediation, they should stop the session. For further support, contacting outside organizations like the ACLU or local media can be helpful. If internal complaints are not taken seriously, involving the police with proper documentation is advised. Schools can also enroll in anti-bullying programs to prevent future incidents.",1.1093080043792725
040_22721,"Exercising boosts energy, happiness, and fitness. If you're sluggish, working out can help you feel more alert. Just 30 minutes of exercise daily can significantly improve health and energy. Activities can include running, yoga, team sports, or gym workouts. Being active throughout the day, like taking stairs or walking, can also help. Power naps of 15-20 minutes can recharge you without making you groggy. Splashing cold water on your face can invigorate you, and spending time outdoors increases energy and happiness. Adequate sleep is crucial; aim for 7-8 hours each night, maintain a regular schedule, and establish a calming bedtime routine. Avoid hitting snooze to ensure you wake up feeling energized and in control.",1.526878833770752
040_49306,"Don't plan a proposal until both partners envision a future together using ""we"" instead of ""me"" and ""you."" Important life decisions should be treated as joint decisions. Proposing should feel like a natural step in the relationship, not just a spectacle. Confidence in the partner's willingness to say ""yes"" is crucial; avoid public proposals if unsure. A meaningful location can enhance the proposal, but it should align with what the partner prefers, whether private or public.",1.0344023704528809
040_4234,"The passage discusses the challenges of dealing with emotionally needy parents. It suggests that if parents are overly fixated on their needs, it may indicate emotional immaturity, necessitating the establishment of boundaries. If their neediness is due to declining health, a different, more sensitive approach is required, possibly involving support from siblings. The passage encourages considering parents' health issues, such as medical diagnoses or mobility limitations. Additionally, logistical factors like distance, travel capabilities, and personal responsibilities play a crucial role in how one can support their parents. It also prompts self-reflection on whether one is fulfilling their role as a caring child, by comparing their contact frequency and quality with their parents to that of siblings or peers.",1.272829294204712
040_39755,"Once you’ve apologized, suggest an activity that both of you can do together to show your commitment to the relationship and make the other person feel valued. Choose something personally meaningful, like hosting a “Bad Movie Night” if you both enjoy cheesy movies. Activities that encourage discussion are beneficial as they help restore positive feelings about each other. After apologizing, it may be useful to discuss what caused the argument, as unresolved underlying issues can lead to repeated conflicts. Avoid absolute terms like “always” or “never” when expressing feelings, as they can put the other person on the defensive. Instead, share your feelings about the situation. Clear communication can help minimize arguments and facilitate resolution. It’s important to communicate openly without resorting to insults or a list of flaws. Regularly check in with each other about progress in changing behaviors. Conflicts are natural in relationships, and managing them rather than ignoring them is essential.",1.5085084438323975
040_23116,"You can purchase do-it-yourself kits online for replacing iPhone displays and backs, which cost between $50 and $100 and will void your warranty. Different iPhone models need specific screwdriver heads, so keep them organized in a small cup to avoid losing them. The screen should move a few centimeters upwards during the process.",1.0492804050445557
040_57667,"There are many options available to choose from. Once you are there, select ""Options"" and check the box that says “Enable Flash Player.”",1.0115275382995605
040_5993,"The first step to making amends is to embrace your guilt and learn from it, rather than ignore it. Reflect on your actions and consider if you have hurt someone, and think about how you can improve in the future. It’s important not to fall into shame, as it leads to negative self-judgment without fostering change. Acknowledge your mistakes without making excuses, and cultivate empathy by considering how your actions affected others. After reflecting on your behavior, seek ways to make amends, whether through direct action like repairing damage or through apologies and showing change. Rebuilding relationships may take time, but it’s essential for personal growth. If you’ve let yourself down, think about how to better your decisions moving forward, and take steps to mitigate any current damage.",1.8099031448364258
040_26991,"The text discusses how to choose and prepare portfolios and presentation cases for showcasing art. It emphasizes the importance of selecting a case that is neat and functional, depending on the context of the presentation. For students, a simpler case may suffice, while professionals may opt for a higher-quality presentation. Presentation cases are suitable for smaller works and include sheet protectors, while portfolios are better for larger pieces. The text advises organizing works logically, using high-quality materials, and labeling items clearly. Additionally, it mentions the possibility of including an artist statement or essay, highlighting the importance of summarizing one's artistic influences and direction.",1.7122201919555664
040_24560,"Positionnez votre main de tir de manière à ce que vos doigts soient perpendiculaires aux coutures du ballon. Cette main est responsable du lancement du ballon. Placez votre main non dominante sur le côté du ballon pour servir de guide pour le tir. Votre paume peut ou non toucher le ballon pendant que vous vous préparez à tirer - vous pouvez avoir le contrôle du ballon avec vos doigts et votre pouce. Laissez un peu d'espace entre votre paume et le ballon, afin que le ballon puisse rouler facilement sur le bout de vos doigts. Le ballon doit reposer sur les coussinets de vos doigts. Écartez vos doigts pour avoir un meilleur contrôle sur le ballon.",1.4097039699554443
040_46498,"If you are new to working out, avoid planning long sessions each day to prevent burnout and injury. Start with 30-minute workouts every other day to build stamina and ensure adequate rest between sessions. Aim for 24-48 hours of rest for muscle recovery, as muscles grow during breaks. Different rep ranges yield different results: for endurance and toning, do 12+ reps with light weights; for muscle size and strength, do 8-12 reps with moderate to heavy weights; and for strength, do 5-8 reps with heavy weights. Begin with 2-3 sets of 10-15 reps using light weights to establish proper movement and strengthen tendons. If the workout routine is unenjoyable or doesn’t fit your schedule, reassess and choose what works best for you.",1.3343174457550049
040_33599,"The wide edge of a table can be used to help rotate and remove a cap. Place the edge of the table between the top and bottom parts of the cap, applying downward pressure until it clicks and releases. Alternatively, you can position the cap under the edge of a table or counter, hold the container with one hand, and apply pressure while rotating until the cap clicks and releases.",0.9226365089416504
040_29075,"If you are writing to someone you don't know well, your letter is likely to be formal, which is important for both the body and the ending. In contrast, letters to close friends or family members tend to be informal. After deciding the letter's formality, consider the degree of formality for the ending, as letters to different recipients, such as a boss or the President, will have different endings compared to those for a significant other or parents.",0.9621505737304688
040_54027,"Placez les côtes courtes sur une plaque de cuisson, assaisonnez avec du sel et du poivre, et faites rôtir au four pendant 15 minutes. Retirez les côtes du four, puis réduisez la température à 300 degrés F (149 degrés C). Ajoutez l'oignon, le céleri, le fenouil, le poireau et les carottes, et faites cuire à feu moyen-doux pendant environ 20 minutes, en remuant de temps en temps. Versez le vin dans la casserole, portez le mélange à ébullition et faites cuire à feu vif pendant environ 10 minutes. Le liquide doit être réduit de moitié. Ajoutez le bouillon de bœuf et le sucre brun, et laissez mijoter à feu vif. Attachez le romarin et le thym avec de la ficelle de cuisine pour pouvoir les retirer facilement plus tard. Retirez les côtes de la casserole et mettez-les de côté. Retirez les herbes et faites cuire les légumes à feu moyen pendant 20 minutes. Remettez les côtes dans la casserole et réchauffez. Si vous êtes assez vieux, profitez de ce repas avec un verre de Cabernet Sauvignon ou d'un autre vin rouge.",1.8318309783935547
040_22676,"To plant an orange tree, use a container that fits the roots comfortably and is not too large. The best time to re-pot is in spring, ensuring to cut any dead or broken roots beforehand. Sterilize your knife to prevent disease transmission. Pack the soil gently around the roots, ensuring the top roots are just below the soil surface. Orange trees thrive in USDA hardiness zones 8-10 and should be planted outside in a wind-protected area, maintaining distance from walls and other trees. When planting, dig just deep enough to cover the roots and avoid using potting mixes that retain excess water. Young seedlings need careful monitoring and prefer full sun, while adult trees should be protected from extreme temperatures. Water the trees only when the soil is dry, with frequency depending on environmental conditions. Use filtered or rainwater if your tap water is hard, and clean leaves regularly to aid photosynthesis.",1.5116682052612305
040_56438,"Severe diarrhea or vomiting can lead to dehydration, with symptoms including increased thirst, dry mouth, sleepiness, reduced urination, dark yellow urine, headache, dry skin, and dizziness. If these symptoms occur, contact a doctor. For mild dehydration, ORS drinks are recommended, as they help replace lost salts and improve water absorption. Early intervention with ORS is easier than treatment for severe dehydration, which may require hospitalization. Dosage varies by age, with specific amounts for babies, children, and adults. Symptoms should improve after drinking ORS, but seek immediate medical help if severe symptoms arise, such as blood in diarrhea, persistent vomiting, high fever, or extreme dehydration.",1.2105350494384766
040_51984,"You can view the contents of your Dropbox in the top-right corner of the page, where a drop-down menu will appear. You are now signed out of your Dropbox account.",0.7254607677459717
040_19376,"To become a chaplain, institutions typically require at least a bachelor's degree, preferably in theology or counseling. Some may offer specialized chaplain training, but a degree in religion or a related field is also sufficient. Volunteer experience, especially in specific settings like hospitals or prisons, enhances job applications. Many positions require a master's degree, particularly for hospital or military chaplains, and pursuing a doctoral program may be necessary for certain roles. Training in biblical counseling or pastoral care is essential, and clinical pastoral education (CPE) provides practical experience and is often required for certification. CPE is structured in units, with some programs requiring completion of multiple units. Ordination and endorsement by a religious organization may be necessary, especially for roles like military chaplaincy, and each faith group has its own standards for endorsement.",1.9055283069610596
040_31418,"It is important to see a doctor if you suspect you have gout, as they can provide symptom relief and treatment recommendations. Gout is typically diagnosed through symptom review and medical history, and may involve tests like joint fluid analysis or blood tests for uric acid levels, though imaging tests are rarely used. Treatment for gout involves medications that either block uric acid production (such as allopurinol and febuxostat) or increase its excretion (like probenecid). These medications can have significant side effects. Allopurinol is for chronic gout and not effective for acute attacks; colchicine is recommended for acute gout symptoms. Other treatments include prescription NSAIDs and lifestyle changes, which your doctor can help you with to manage pain and improve sleep.",1.4763433933258057
040_25455,"Keep a notebook to track your dog's relieving habits, symptoms, eating and drinking patterns. This helps identify symptom patterns and is useful for the veterinarian's diagnosis. Mild sickness can be observed at home, but certain severe symptoms require immediate veterinary attention, such as unconsciousness, profuse bleeding, ingestion of toxins, relentless vomiting and diarrhea, broken bones, breathing difficulties, seizures, inability to urinate, and new or worsening symptoms in dogs with existing medical conditions. For less severe symptoms like isolated short seizures, occasional vomiting, fever, lethargy, and unusual behaviors, consult your vet for advice.",1.1086020469665527
040_50752,"Changing eating and drinking habits can help maintain white teeth. Certain foods, like berries, can stain teeth, while strawberries can whiten them by breaking down bacteria. Wine and coffee also stain teeth, but sipping water can help prevent this. Hard foods like seeds and nuts can rub off plaque and contribute to whiteness. Proper care is essential: regular brushing, flossing, and using mouthwash can help maintain dental health. It's important to brush after consuming sugary snacks and replace toothbrushes every 3 to 4 months. Regular dental checkups are also crucial for keeping teeth white and healthy.",1.1022093296051025
040_32701,"Crafting tables can be created by placing a block of wood in a 2x2 crafting area to make 4 wooden planks, which are then used to make the crafting table. Crafting tables display a 3x3 grid for crafting various items and can also be found in villages. To craft a bow, you need 3 sticks and 3 strings. Sticks are made from wooden planks, which are made from wood. Strings can be obtained by killing spiders or breaking webs in mines. To craft a bow, arrange the sticks in a triangle pattern on the crafting table and the strings in a straight line down the left side of the grid, then click the craft button to create the bow.",1.2364153861999512
040_52426,"Flour mites feed on flour germ and mold, indicating that food may be spoiled. While generally harmless, they can cause allergic reactions in rare cases, known as oral mite anaphylaxis or pancake syndrome, leading to symptoms like hives, difficulty breathing, and nausea. If infested food shows no signs of mites, freezing it for several days can eliminate them. Afterward, sifting or removing infested portions is recommended, along with thorough cleaning of containers and storage areas. Avoid chemical pesticides near food and opt for natural cleaning methods instead. Flour mites thrive in damp environments.",1.1479008197784424
040_54339,"Scabies is characterized by intense itching, which is an allergic reaction to the mites, their eggs, and waste. The itching is usually worse at night and can disrupt sleep. A rash may develop, often described as pimple-like with inflammation and redness, typically found on hands, wrists, elbows, knees, buttocks, waist, genitals, and in children, on the scalp, face, neck, palms, and soles. Tiny burrows made by mites may be visible on the skin. Scratching can lead to sores, which are at risk for bacterial infection, potentially causing complications like kidney inflammation or sepsis. To prevent infection, it's advised to avoid scratching and keep nails trimmed. Signs of infection include increased redness, swelling, and discharge. Crusted scabies is a severe form affecting those with weakened immune systems, resulting in thick skin crusting and potentially fewer symptoms. Risk factors include older age, immune deficiencies, and certain medical conditions.",1.621779441833496
040_14711,"The passage discusses tips for improving the appearance of a home to enhance its marketability. It suggests getting rid of trash, maintaining the lawn, and planting flowers or shrubs. It emphasizes the importance of painting walls, including patching holes and applying primer and multiple coats of paint. Choosing the right colors, such as white ceilings and off-white walls, is recommended to make spaces appear larger and brighter. Upgrading interior finishes and installing new blinds or curtains can also create a better impression. The passage advises on updating electrical fixtures, changing lightbulbs for higher wattage, and measuring the home's square footage accurately to ensure proper listing. Simple upgrades like ceiling trim are also mentioned as effective ways to improve a home's appeal.",1.2979774475097656
040_52732,"To achieve crispy and slightly fried tortillas, apply a small amount of oil or butter to both sides of each tortilla. Preheat a dry skillet, cast iron pan, griddle, or non-stick frying pan over medium heat. Place a tortilla in the skillet and heat for approximately 30 seconds. Flip the tortilla using tongs or a spatula and heat the other side for another 30 seconds. Continue this process for each tortilla until you have warmed the desired amount.",1.0468502044677734
040_49817,"You will require lemon oil, linseed oil, a mixing bucket, and a stirring stick, all of which can be found at a hardware or paint supply store.",0.6983952522277832
040_27781,"It is important to track the duration and changes of a lump. Upon first noticing a lump, document the date, location, and shape to help your doctor assess its seriousness and the need for removal if it grows. Measure the lump initially to monitor growth. If it increases in size over a month or two, consult a doctor, even if it has been evaluated before. Tumors like lipomas grow slowly, starting small and typically reaching about 3 centimeters in diameter. Anything larger may not be a lipoma. Always have new or unusual lumps checked by a doctor, who will ask about symptoms and examine the lump. Diagnosis may often be made by feel, but further tests like X-rays, CT scans, MRI scans, or biopsies may be conducted to confirm the diagnosis.",1.3115899562835693
040_63204,"When opening a pomegranate, use a plastic or wooden cutting board to prevent staining. To protect the cutting board, consider using a cloth. Wearing rubber gloves is also advisable to avoid staining your fingers.",1.2555508613586426
040_20914,"Smooth out the fabric to eliminate lumps or bumps. To cut slits in the sleeves, ensure they are flat. For slits in the back, fold the sweatshirt down the center and lay it sideways. Fold it in half and align the sleeves for symmetry. Cut along the same lines made on the first sleeve.",0.8281905651092529
040_37460,"To create an acne-fighting mask, mix lemon juice and honey, then add baking soda and apply it to your skin for 15 minutes before rinsing. Baking soda enhances the mask's properties but should be applied gently to avoid abrasiveness. Another option is to mix lemon juice and honey with egg white, applying it for the same duration to tighten pores. A third mask involves combining honey, lemon juice, fresh milk, and yogurt to create a lotion-like consistency, applying it in layers, and allowing it to dry between applications. This mask should be left on for 10 minutes before rinsing. Both milk and yogurt help cleanse and moisturize the skin.",1.2291264533996582
040_21856,"To use Lenses on Snapchat, you need the latest version of the app and a supported device (iPhone 5 or later, or Android 5.0 or later), unless you have a jailbroken iPhone or rooted Android. When you open Snapchat, you'll see a live capture from the front-facing camera, as Lenses only work with this camera. Make sure you're in a well-lit area for better recognition of your face. A wireframe will appear around your face, and lens options will be displayed at the bottom. If you can't start the feature, ensure your face is fully visible and press your finger on the screen for several seconds. Lens options rotate regularly, so some may not be available later. After selecting a lens, you can take a Snap and add text, filters, and stickers before sending it to friends or adding it to your Story.",1.8425791263580322
040_17090,"The small bushes that grow broad beans can become weighed down by heavy pods without proper support. It's essential to plant stakes along the row to help support the plants as they grow. Use small dowels spaced every foot or two with twine or strips of bed-sheet to keep the plants upright and the pods off the ground. Stake the plants early to avoid damaging the roots and promoting mildew. While broad beans can endure dry spells, they should be well-watered, especially in warm climates, without over-watering or creating standing water. Hand weeding is preferred due to the shallow roots of the plants. Once established, pinch off new sprouts to prevent overgrowth and harvest tender leaves if desired. Protect the plants from pests with row covers, which can also help in autumn by trapping heat. Monitor for fungal diseases and aphids, using insecticidal spray or manual removal as needed.",1.4643378257751465
040_7665,"Petechiae can be caused by excessive straining from activities like coughing, crying, vomiting, or lifting weights. It is also common after childbirth and can result from certain medications, including anticoagulants and drugs like naproxen. Additionally, specific infections, such as bacterial or fungal infections, can lead to petechiae, as well as diseases that affect blood clotting, like leukemia. Vitamin deficiencies, particularly vitamin C and K, are also linked to petechiae. Some treatments, like chemotherapy, may cause this condition due to a reduction in platelets, which are essential for repairing blood vessels, leading to small red spots or larger bruises.",1.1781549453735352
040_700,"This technique is effective during office hours when professors are more relaxed and open to conversation. Start by discussing topics unrelated to class, such as their hobbies or background, to show them you're a multidimensional person. A small gift and a personal note can also help establish a connection. Observe how they interact with you compared to other students to gauge their interest. Engaging with them outside the classroom, such as studying at their favorite coffee shop or attending concerts, can deepen your relationship. However, avoid being overly aggressive or intrusive. After the semester ends, consider asking them out for coffee or seeking their advice on future classes or professional opportunities.",1.1142425537109375
040_54253,"Pour créer un collage, assurez-vous que les objets sont bien attachés et ne tombent pas. Utilisez des objets plats personnels comme des photos, des billets ou des cartes, et vous pouvez aussi découper des éléments de magazines. Des objets en 3D légers, tels que des porte-clés, des colliers ou des médailles, peuvent être épinglés avec des punaises. Vous pouvez superposer les objets ou les disposer en grille pour un style unique. Pensez à ce que vous souhaitez afficher, comme des médailles, des œuvres d'art personnelles ou des cartes. Si vous avez des objets très personnels, gardez-les en sécurité.",1.2085320949554443
040_49003,"If your video plays on the iPod but has no sound, it may be muted or in an incompatible format. Files that are muxed contain combined audio and video tracks. To check the format, open the movie file in QuickTime Player, go to the Window menu, and select Show Movie Info. If the format is ""MPEG1 Muxed"" or ""MPEG2 Muxed,"" the audio is incompatible with your iPod and iTunes. The only solution is to use a third-party application to convert the file.",1.1723194122314453
040_62571,"When you wake up, remove the buns.",0.3919811248779297
040_35487,"Life can become too comfortable, leading to dissatisfaction in jobs, relationships, or living situations. If something significant is negatively impacting you, consider making a change, but weigh the pros and cons first. If you can't leave, try to find ways to make your current situation more exciting. Keeping a tidy home can improve your mindset and overall happiness. Focus on the positives in life to combat negativity, and remember that everyone has their own unique definition of what is interesting. Maintain a balanced diet to support your mood, and try new foods to keep meals exciting. Make time to relax and engage in activities that help you unwind, while surrounding yourself with positive people. Spending time with family can also be rewarding and fulfilling.",1.2754237651824951
040_19886,"To make a masquerade mask, search for ""masquerade mask template"" online, and choose a simple design for beginners. Standard masks typically extend above the eyebrows and reach the cheekbones, but you can customize the size. Use cardstock for durability, and print the template on letter-sized paper while ensuring your printer can handle the cardstock thickness. If only plain paper is available, layer multiple templates for strength. If the template lacks design elements, lightly sketch your desired design, ensuring symmetry and using light marks to avoid visibility through paint. Set the mask to dry on a covered surface, which may take up to 4 hours depending on the paint used. Ensure it is completely dry before adding more details.",1.377817153930664
040_59374,"Some people have noticed longer hair by washing it less frequently with shampoo and conditioner, suggesting a wash every 2-3 days. On days without washing, using a shower cap and dry shampoo can help control oil. If hair tangles easily, more frequent washing may be needed, and using conditioner regularly can prevent tangles and breakage. Regular trims every 2-3 months can stop damage, and immediate attention from a stylist is advised if damage occurs from heat or chemicals. Deep conditioning treatments can protect hair, and using the right type of hair mask is important. Brushing should be minimized to prevent breakage, and a wide-toothed comb is recommended. Avoiding heat tools and using thermal sprays can help protect hair from damage. Terry cloth towels should be avoided for drying; instead, air drying or using a microfiber towel is better. Chemical treatments and tight hairstyles can cause damage, so it's best to eliminate them from your routine. Loose styles are preferable, and clip-in extensions can be a safer option.",1.6605281829833984
040_2320,"Transurethral Resection of the Prostate (TURP) is the most common surgery for Benign Prostatic Hyperplasia (BPH), where a resectoscope is used to remove the inner section of the prostate. Symptoms are typically relieved quickly, but patients may need to use a catheter and stay in the hospital for up to 48 hours. Other procedures include Holmium Laser Enucleation of Prostate (HoLEP), which uses a laser for minimal bleeding and short recovery; Transurethral Incision of the Prostate (TUIP), which treats small prostate glands causing blockage and requires a 3-day hospital stay; and Transurethral Microwave Thermotherapy, where microwaves shrink the prostate with a recovery of 2 to 3 days. Transurethral Needle Ablation uses radio waves for destruction of enlarged tissue. For severe cases, a prostatectomy may be necessary, involving a cut to remove part of the prostate, with longer recovery times of 4 to 6 weeks and risks of complications.",1.5816066265106201
040_38061,"If you are in a noisy setting, you can capture people's attention with a shout, clinking a glass, or an engaging remark. Begin with a friendly tone, addressing the purpose of the gathering. A humorous anecdote can help set a positive mood. Acknowledge those who contributed to the event and thank significant donors if applicable. Maintain a cheerful demeanor and smile throughout your presentation.",1.1272344589233398
040_49845,"Pour fabriquer un tapis de souris fait maison, commencez par utiliser une enveloppe en plastique, qui offre une surface lisse et un léger rembourrage. Vous pouvez garder l'enveloppe entière pour un tapis de souris plus grand ou la découper pour un format plus gérable. Remplissez l'enveloppe avec un poids, comme un livre mince, un morceau de bois ou des morceaux de carton, pour donner de la stabilité et permettre à la souris de glisser. Assurez-vous que le poids est légèrement plus petit que la moitié de l'enveloppe, et fixez les bords avec du ruban adhésif pour éviter que le poids ne tombe. Si vous avez besoin d'un tapis de souris rapidement, vous pouvez sauter l'étape de scellement, mais pour un meilleur maintien, utilisez un adhésif double face ou du ruban pour le fixer à votre bureau.",1.7444090843200684
040_53058,"When mastering a skill or project, failure is an essential part of learning. It allows for exploration and creativity, helping to identify what works and what doesn't. Embracing failure as a learning experience can change the perception of it from a punishment to a gift. Many successful individuals have faced setbacks; the key is in how those setbacks are interpreted. Success requires time and effort, and it's important not to let perceived failures deter progress. Setting realistic goals and approaching challenges gradually can make the process manageable. Understanding and working with fears is vital for growth. Documenting fears and learning from past experiences can help improve future outcomes. Ultimately, failure is as valuable as success, providing insights that enable better strategies for overcoming future challenges.",1.304511547088623
040_39060,"To prepare deviled eggs, hard boil 6 eggs and add salt to the water for easier peeling. Squeeze the egg gently to nudge the yolk out with a spoon. If no food processor is available, mash the yolks with a fork or potato masher. Mix mayonnaise with the egg yolks until smooth. Melt butter in a microwave-safe dish for about 30 seconds, covering to prevent splattering, then stir the mixture. Distribute the yolk evenly into the cooled egg whites using a teaspoon. Top with crème fraiche, caviar, chives, and paprika. Serve on a platter and store leftovers in the refrigerator.",1.170945405960083
040_2164,"One effective way to find a partner for a one-time fling is to explore nightlife venues like bars and nightclubs. Observe the women around you, particularly those who are alone and seem open to company. Initiate conversation and offer to buy a drink, but respect boundaries if she is not interested. In today’s digital age, dating or hookup apps can also facilitate connections for casual encounters. These platforms allow you to share information about yourself and find matches who are interested in physical relationships. Apps like Tinder and Down cater specifically to people seeking sex, while others like Bumble and eHarmony focus more on long-term relationships. Attending social gatherings can also provide opportunities to meet potential partners, where mutual friends can help with introductions. Flirting with various women can help you identify those who may be interested in a casual encounter. Be mindful of decency and ensure the woman is not impaired by alcohol or with someone else before approaching her. A close friend can act as a matchmaker, introducing you to suitable candidates while providing reassurance about character. However, be cautious about pursuing relationships that could negatively affect your friendships.",1.659005880355835
040_58663,"Now that the grill is heated, it's time to cook the hot dogs. Use tongs to place the hot dogs on the grill perpendicular to the grate for better char lines. Ensure they are well-spaced to allow for rolling. Every minute or two, turn the hot dogs a quarter turn to cook all sides evenly, noting that thicker hot dogs will take longer to heat through.",0.9153451919555664
040_17266,"To improve your sleep schedule, be mindful of your caffeine intake, especially avoiding it after 2 PM, as it can disrupt sleep due to its stimulant effects. Moderate caffeine consumption is generally safe, but excessive intake can lead to anxiety and sleep difficulties. Engage in regular physical activity, but avoid vigorous exercise close to bedtime. Establish a calming bedtime routine with relaxing activities, such as reading or drinking non-caffeinated tea. Manage stress and anxiety through practices like meditation and journaling, and consider seeking professional help if needed.",1.1894357204437256
040_42740,"If there is an element of your wish that can be acted upon before the next day, take action. For instance, if you wish to do well on a test, study the night before. If your wish is to fall in love, ask your crush out on a date. You must actively work towards your dreams rather than just hoping for them to come true. If your wish involves others, ask friends or family for help and share your goals. Before sleeping, write down actionable steps you can take to achieve your wish in the next few days, keeping the list visible and crossing off completed items. Start with easier tasks to build momentum. Place the original wish note under your pillow to focus your mind while you sleep, which can help you feel more secure about your wish.",1.8234801292419434
040_35418,"To prepare pureed onions, start by trimming the tops and bottoms of the onions to peel off the skin easily. Cut the onions into chunks small enough to fit in a blender, using the blender pitcher as a size guide. If the onions are small, cutting them into eighths may be sufficient. Place the chopped onions in the blender and use the puree setting, holding down the button until you achieve a thick, smooth consistency. If you have a large quantity, puree in batches to avoid overfilling. If the blender motor is weak, use a metal ladle to push the onions down while blending. Once pureed, pour the mixture into an ice cube tray, cover it with plastic wrap, and freeze for about four hours. After freezing, transfer the cubes to a plastic freezer bag, label it with the date, and store for up to six months. These onion cubes can be used in sauces, gravies, and soups.",2.0253164768218994
040_44760,"Halloween excitement can begin early in October, but it's important not to buy your pumpkin too soon, as they may rot within a week and a half to two weeks. It's best to purchase your pumpkin about a week before Halloween. Many places sell carving pumpkins as the holiday approaches, so check local supermarkets or pumpkin patches for a good selection. When choosing a pumpkin, look for one without nicks or bruises, a sturdy stem, and a consistent color. A hollow sound when thumped indicates ripeness, and a flat base will help it display better. You can wash the pumpkin at home if it's dirty. For elaborate carvings, larger pumpkins offer more surface space, while medium-sized round pumpkins are popular choices. If kids will be decorating with markers, consider getting several small to medium pumpkins for them to use.",2.0445899963378906
040_48408,"Most state lottery programs provide charts that display how often each number has been drawn over a specific time frame. For example, the frequency of the number 1 in Powerball from 1997 to 2015 can be viewed via the Iowa State Lottery. Analyzing all-time frequencies offers the best data set, as it is more comprehensive. Players can look up both frequently and infrequently drawn numbers to create their sequences. Winning numbers that appear more often are likely to continue being winners, while less frequent numbers may take longer to win. It's important to check the correct frequency chart for the specific lottery game being played, as Powerball and Mega Millions have different statistics. Players have the option to select frequently drawn numbers, which might lead to sharing the prize, or less frequently drawn numbers, which could result in winning without many shared winners. Ultimately, despite frequency patterns, every number has an equal chance of being drawn in any lottery drawing.",2.0104904174804688
040_38626,"The weight of a mirror determines how it should be hung. Heavy mirrors weigh between 35 to 100 pounds (16 to 45 kg), while lighter mirrors range from 1 to 35 pounds (0.45 to 15.88 kg). For mirrors over 10 pounds (4.5 kg), assistance is recommended during installation, and they require secure anchoring, such as into a wall stud. Consider the room's size and lighting when choosing a mirror's location, using it to brighten smaller spaces or as a statement piece. For optimal placement, hold the mirror up to visualize its position, mark the outline, and possibly use butcher paper for tracing. If the mirror exceeds 35 pounds (16 kg), drilling into a stud is advised for support. To find a stud, various methods can be employed, including using a stud finder or visual indicators. If the wall is uneven, adjustments may be needed to prevent wobbling, or a new location could be selected.",1.8669610023498535
040_7858,"Cuffs are widely present in various forms, and one can observe them in fashion magazines, online, or by noticing how others style their jeans.",0.6970529556274414
040_53053,"To access an Administrator account, boot from a DVD and modify the registry. You can use any Windows installation DVD. Ensure the computer boots to a language selection screen; if not, adjust the boot order in the BIOS. Select the Windows 7 installation and click Next to reach the System Recovery Options, where the command prompt will open. Use the registry editor to create a new hive, then navigate to HKEY_LOCAL_MACHINE > temporary > SAM > Domains > Account > Users > 000001F4. In the right panel, find the entry for F, highlight the number 11 next to 0038, and replace it with 10. This process grants full administrative access to Windows, allowing you to reset the regular admin account password.",1.3478608131408691
040_24193,"Loose-fitting pants that sag around the waist became popular among urban youths, influenced by prison fashion. When selecting jeans, it's essential to try various sizes for a snug yet low fit. Consider pants designed to sag or oversized pants adjusted with a belt. Pair them with colorful boxers to maintain modesty. Brands like Rocawear produce pants for this style in various colors. The ""gangsta"" look typically features baggy jeans and oversized clean white T-shirts, which should be significantly larger than normal sizes. College or professional sports jerseys are also popular, with basketball jerseys often being favored. High-top basketball shoes are a common choice, needing to look clean and new. The overall style can be enhanced by experimenting with different shirt and pants combinations, aiming for a classic look like white t-shirts with saggy jeans and crisp shoes. Accessories can further complete the outfit.",1.411388635635376
040_57099,"Coffee and other caffeinated drinks, including soda, energy drinks, tea, and hot chocolate, are stimulants that can hinder sleep, especially if consumed later in the day. If someone struggles with sleep, it may be due to caffeine intake, and they should avoid caffeinated beverages after 12:00 PM, as caffeine effects last four to seven hours. Additionally, fatty and sugary foods can lead to indigestion and stomach aches, making sleep challenging. It's advisable to gradually reduce caffeine intake and limit alcohol consumption before bed to minimize anxiety. Maintaining a consistent wake-up time, even on weekends, can help the body adjust to a sleep schedule. Regular exercise, particularly walking, can also alleviate anxiety and promote tiredness, enhancing sleep quality.",1.3002393245697021
040_52052,"To create a Batch file, open Notepad++ and type ""@echo off"" followed by pressing Enter. Then, type ""Title text"" to set a title for the Command Prompt window and replace ""text"" with your chosen title, pressing Enter afterward. Next, type ""echo text"" to display a message in the Command Prompt, replacing ""text"" with your desired message. Add ""pause"" to indicate the end of the program. Your code should look like this: 
```
@echo off 
Title Improved Command Prompt 
echo Humans are superior! 
pause
```
Afterward, click on File, choose Save As..., name your program, select a location to save it, and click Save. To run your program, locate it in the saved location and double-click it.",1.57102370262146
040_40292,"Il est très important d'inclure des mots-clés dans le titre de votre page, en essayant de placer les mots-clés importants en premier et de limiter la longueur globale du titre à moins de 65 caractères, sans mots vides. Le titre doit contenir le mot-clé principal de la page et utiliser des caractères alphanumériques, des tirets et des virgules. Le H1 est le plus significatif, donc le mot-clé principal doit être étiqueté comme un tag h1 pour aider au classement du site. Les mots-clés doivent également être intégrés dans le contenu de la page, qui doit comporter entre 300 et 700 mots descriptifs. Il est conseillé d'optimiser les URL en y incluant des mots-clés importants. Le meta tag des mots-clés doit contenir entre 5 et 10 mots-clés présents dans le contenu de la page. Le meta tag de description doit contenir des informations sur le contenu de la page en 15-160 caractères. Chaque page doit avoir des liens vers toutes les autres pages pour un bon indexage. Il est recommandé d'utiliser deux sitemaps, une version XML soumise aux outils pour webmasters de Google et une version statique HTML.",1.885986089706421
040_52269,"Praying out loud can be challenging for some individuals, and long prayer sessions may initially feel uncomfortable. However, with practice, the group can grow stronger together. Creating a flexible and intentional environment helps participants feel at ease, encouraging heartfelt prayers and involvement from everyone, including children who often bring energy and enthusiasm. It's important to express gratitude when prayers are answered and to share these feelings collectively during meetings. Additionally, spending time together after meetings, such as having snacks or meals, can foster camaraderie and excitement among participants.",1.5370023250579834
040_29898,"Instead of viewing this moment as putting yourself out there, consider it as an opportunity to brighten someone's day. This mindset will help you feel better about yourself and make it easier to tell a girl she's beautiful. It's normal to feel nervous, and you can express this by saying, ""I wanted to tell you how beautiful you are, but you make me nervous."" When complimenting her, be genuine and focus on specific aspects you find beautiful about her appearance and personality. Since words like ""beautiful"" and ""pretty"" are overused, try using different terms like ""radiant,"" ""breathtaking,"" ""elegant,"" ""riveting,"" or ""dazzling."" Complimenting a girl can signal your desire for a deeper connection, so express how much you enjoy being with her and how her presence makes you happy.",1.3758323192596436
040_15381,"If the cover of the seat is removable, you can dry it by using a dryer if allowed or by hanging it to air dry. The plastic surface should also be laid out to air dry. After rinsing the plastic and metal parts, you can leave them to air dry, potentially speeding up the process by wiping with a dry cloth, but it's best to allow several hours or a day for complete drying. Always air dry harness straps and buckles. If the cover is not removable, place the entire seat in a sunny location to dry, though it will take longer without sunlight. Odor-eliminating sprays can be used on the base and fabric cover, but avoid spraying harness straps, relying instead on air for odor removal. Once dry, reattach the fabric cover according to the instruction manual, reversing the removal process. Ensure to thread the straps correctly to avoid twisting, as twists can wear them out and compromise safety. If unsure about the installation, seek assistance from a fire department or a place offering car seat safety checks. If there are concerns about any components, especially straps and buckles, replace them to ensure your child's safety.",2.220688819885254
040_17536,"This passage provides tips for starting the day with energy and hydration. It suggests keeping a glass of water next to the bed to drink upon waking and outlines a morning routine that includes personal hygiene tasks. Using cold water can help wake you up, and maintaining a consistent bathroom routine can form a habit. A nutritious breakfast, such as eggs, toast, fruits, granola, or smoothies, is recommended to sustain energy throughout the day. Exercise, even in short bursts, can boost energy levels and invigorate the body. The passage also encourages accomplishing tasks in the morning, such as running errands or making a to-do list, to enhance motivation for the day ahead.",1.333817958831787
040_49245,"If diagnosed with valley fever, you may be referred to a specialist, especially in severe cases or relapses. There are no over-the-counter treatments available for valley fever, and you should consult your doctor for severe symptoms or relapses. Antifungal medications like ketoconazole, itraconazole, or fluconazole are typically prescribed for three to six months, while amphotericin B may be used for severe cases intravenously. Some individuals may require lifelong antifungal treatment if complications, such as meningitis, arise. Valley fever can lead to serious conditions, including severe lung infections or systemic infections, necessitating hospitalization and treatment with antifungals. In cases of severe complications, treatment may last longer than six months, and surgical intervention might be required for lung damage or severe arthritis and joint inflammation.",1.571103811264038
040_55381,"A classic ponytail is a simple hairstyle for little girls, but it can be made more interesting with some tips. To jazz it up, you can cover the hair tie with a strand of hair, create a quiff by teasing hair at the front, or add accessories like ribbons and flowers. A ballerina bun is elegant and keeps hair out of the face, made by curling hair and wrapping it into a bun. Pigtails are another easy option, which can be styled in various ways, including braiding or adding ribbons. For a more intricate style, you can create pincurls using small ponytails and securing them with bobby pins, or a bow-shaped bun that resembles a bow. Each style can be customized with different placements and accessories to suit any occasion.",1.2828154563903809
040_54372,"As an employee, you may not have the authority to implement significant changes to prevent workplace theft, but your observations can be valuable. If you suspect theft, report it to a supervisor immediately, as silence can implicate you. Many workplaces have a ""culture of silence"" where employees may be bullied for reporting theft. If direct reporting could harm relationships, consider anonymous methods like notes or emails. Documenting theft is risky and could label you a ""snitch."" It's often sufficient to note when and where the theft occurred and who was involved. Employees should report theft without making unsupported accusations, as this can harm morale and lead to embarrassment.",1.1939730644226074
040_39918,"The text discusses the desire to look attractive and the societal pressures surrounding it. It emphasizes that wanting to be ""hot"" should come from personal desire rather than societal judgment. Confidence in oneself and acceptance of one's unique body shape are key to feeling attractive. The text encourages individuals to focus on their achievements and not overly concern themselves with others' perceptions. It also highlights the importance of both healthy lifestyle choices and self-acceptance, reminding readers that many body types can be beautiful in their own right.",1.278273582458496
040_11178,"To find the MAC address, click the Apple menu and ensure you are connected to the desired network. In the Show pull-down menu, select your Ethernet or AirPort connection. After selecting the connection, click on the corresponding tab (Ethernet or AirPort) to view the MAC address listed as either Ethernet ID or AirPort ID.",1.3208222389221191
040_61278,"The most formal way to say ""goodbye"" in German is ""Auf Wiedersehen,"" pronounced as ""owf vee-der-say-en."" Although it's taught in German classes, it's somewhat old-fashioned and not commonly used in casual settings, similar to saying ""farewell"" in English. It's best reserved for professional or formal situations, especially when speaking with someone unfamiliar to show respect. A less formal alternative is ""Wiedersehen."" Informally, ""Tschüss,"" pronounced ""chuuss,"" is the most common way to say goodbye in German, equivalent to ""bye"" or ""bye-bye"" in English. It's considered informal but can be used with both friends and strangers in most situations.",1.3297736644744873
040_6478,"To split wood safely, you need ready-to-split logs of appropriate length, a trusty axe, work gloves, steel-toe work boots, and safety glasses. A chopping block can be a large, thick piece of un-split wood or a flared stump. Choose a knotty piece for durability, preferably elm wood for its split resistance. Stabilize the wood with a recycled tire if needed. Ensure your chopping block has some yield to protect your axe and yourself from damage. Position the wood securely on the block, maintaining a stable stance with feet shoulder-width apart. Grip the axe correctly and swing it with control, focusing on the target and aiming for smooth-grained areas or existing checks in the wood for easier splitting. You may need multiple strikes depending on the wood's thickness and knottiness.",1.335496425628662
040_38589,"Wet tongues can stick to frozen metal surfaces due to the metal drawing heat from the tongue, causing saliva to freeze and adhere strongly. The textured taste buds also grip the metal, making it difficult to remove the tongue without causing injury. If someone gets their tongue stuck, they should remain calm and avoid pulling, as this can lead to bleeding. If not witnessed, check for other injuries and call 911 if necessary. Warming the metal by breathing on it or using warm water can help detach the tongue. If these methods fail, emergency services should be contacted. Warm liquids like coffee or tea can also be used if available.",1.280224323272705
040_31957,"The outdoor shutoff near the condenser unit resembles a square box on the wall. Inside, there should be a switch to turn off the power, or you might need to pull the plug. Before disassembling the condenser, it's essential to disable the power supply, either by finding the outlet or switching off the circuit breaker. The condenser unit has metal slats called ""fins"" that can be cleaned with a wet/dry vacuum to remove debris. If any fins are bent, gently straighten them with a knife or utensil. The fan unit sits on top of the compressor and is covered by wiring or a grate. Remove the wiring and unscrew the fan to clean it with water and a cloth. Rinse the fins from inside the unit to clear obstructions. After cleaning, reassemble the fan and wiring, and turn the power supply back on.",1.8834257125854492
040_5027,"If someone accuses you of something you haven't done, it's best to confront them calmly. Take a deep breath if the accusation is direct, or wait to respond if it's written. State the truth clearly and check your frustration if they are not ready to listen. Understand the source of the accusations and ask your accuser for guidance if they are unwilling to share. It's important to let rumors die down and seek support from friends. If the accusation stems from misunderstanding, encourage the accuser to clarify. Avoid anger and false allegations, as they can damage your reputation. Maintain honest communication with loved ones and seek counseling if necessary. Engage in social activities to boost your self-esteem and practice self-care. Affirmations can help you cope with the emotional impact of false accusations.",1.3010375499725342
040_24569,"To start shopping on eBay, you first need to create an account by registering on ebay.com, where you will provide your name, email, and create a username and password. After confirming your email, you can begin shopping. You can search for items using keywords or browse categories. For first-time buyers, it's recommended to participate in low-priced auctions to familiarize yourself with the site and practice bidding skills.",0.9992368221282959
040_35001,"When discussing your Instagram account with your parents, approach the topic respectfully and allow for a conversation rather than an argument. Use phrases like ""Have you had any time to think about my Instagram account?"" to introduce the subject. Be prepared to explain the platform and how you will stay safe. Acknowledge their concerns about maturity, safety, and the permanence of online photos, and demonstrate your responsibility by outlining features like private accounts, the ability to report inappropriate content, and control over who can see your posts. Show maturity in your daily responsibilities to gain their trust. Highlight the benefits of private accounts, such as controlling followers and protecting personal information, and consider involving them in setting up the account to ease their worries.",1.8560340404510498
040_28313,"When you arrive at the hospital, the veterinary team will take emergency action based on the injury's severity, focusing first on stabilizing vital organs before addressing the fractured leg. The veterinarian will diagnose the type of fracture and discuss treatment options, which may include casting for closed fractures or surgery involving pins, plates, or screws for more severe injuries. In cases of multiple fractures, amputation might be recommended, although it can be a daunting option, as dogs can live well with three legs. X-rays will assess the damage, and the surgery could take several hours. Treatment costs vary significantly, ranging from $1200 to $3000, with non-surgical options typically being cheaper. It’s advisable to inquire about payment plans or more affordable care options.",1.5271344184875488
040_41922,"If a girl has cut off communication with you, reach out to her close friends to see if she is upset with you. Ask her friends if they have spoken to her recently and if they know about her feelings. Choose friends who have regular contact with her, and approach them respectfully without pressuring them for information. If advised to speak to her directly, follow that advice. You can also contact family members, especially siblings, to inquire if they know if she is upset. If you have mutual friends, ask them about her behavior towards you and if she has expressed any negative feelings. If they are unresponsive, consider asking other mutual friends for insight.",1.2298903465270996
040_15130,"Working well under pressure involves prioritizing tasks to meet deadlines, demonstrated through examples from previous positions. Resilience is about overcoming setbacks to achieve goals, with examples of completing large projects despite challenges. Problem-solving skills entail developing creative solutions to issues encountered at work. It is advisable to cover multiple selection criteria in one example to save space in a cover letter. A formal tone is important, avoiding slang and contractions, and ensuring clarity and flow in writing. Lastly, proofreading is essential to catch errors and improve sentence structure.",1.0234949588775635
040_63259,"To add a place on Google Maps, go to the website and sign in with your Google account if you aren't already. Click on the ""Add a place"" option from the menu, then fill out the ""Name"" and ""Address"" fields with the relevant information. Choose a category from the drop-down menu and optionally add a phone number, website, and hours of operation. Once completed, click the submit button to request the addition of the place. You will receive an email confirmation regarding the status of your submission within a few weeks. If the place already exists, a pop-up will show its current address, and you can choose to submit anyway if it's incorrect.",1.1963138580322266
040_36311,"Social support is crucial during challenging times, providing emotional backing and a sense of acceptance. Key components of healthy relationships include trust, which fosters vulnerability; respect, which involves accepting others' opinions and boundaries; listening, which conveys care; and freedom, allowing for personal space and other relationships. However, some relationships can be abusive, characterized by controlling behaviors, criticism, and possessiveness. Recognizing healthy versus unhealthy relationships is essential. It's important to assess your social circle and consider confronting or distancing yourself from abusive individuals. Maintaining positive relationships involves understanding individual needs, expressing them, being open to compromise, and practicing empathy.",1.1671645641326904
040_2002,"Without trust, your girlfriend won't be able to trust you either. It's important to avoid tempting situations that could undermine trust. Your role is to support her rather than fix her trust issues. Listen to her story and fears, and encourage her to seek professional help or coping strategies. Patience is essential, as rebuilding trust is a slow process that may involve setbacks. Be understanding if she takes time to lower her guard. Share personal details about yourself to encourage her to open up, and consistently show her love and support. Check in on her feelings and offer comfort when she feels distant.",1.0510814189910889
040_47841,"You can open MS Word by double-clicking the Word icon or a Word document. ""File"" is found in the upper left corner of the interface. Clicking ""Save"" on an unsaved document opens the ""Save As"" menu, while saving an already saved document updates it without needing to select a destination or file name. Common locations are ""This PC"" and OneDrive, or you can click ""Browse"" to choose a specific location. Selecting ""This PC"" requires choosing a subfolder, such as the desktop, leading to the file name screen. If the file is in the chosen location, it has been successfully saved!",1.1270966529846191
