uid,generation,generation_time
032_493,"### Instruction1:
La banque Northern Rock a été nationalisée en 2008 suite à la révélation que l'entreprise avait reçu un soutien d'urgence du gouvernement britannique. Northern Rock avait nécessité un soutien en raison de son exposition pendant la crise des prêts hypothécaires subprimes en 2007. L'offre de Sir Richard Branson, du groupe Virgin, pour la banque a été rejetée avant la nationalisation de la banque. En 2010, alors que la banque était nationalisée, la banque de rue actuelle Northern Rock plc a été séparée de la « mauvaise banque », Northern Rock (Asset Management). Virgin n'a acheté que la « bonne banque » de Northern Rock, et non la société de gestion d'actifs.

### Instruction2:
La question demande, ""D’après l’extrait, laquelle des affirmations suivantes décrit correctement les négociations entre le groupe Virgin et la banque Northern Rock ?"". Selon le texte traduit, le groupe Virgin a fait une offre pour la banque, mais celle-ci a été rejetée avant sa nationalisation. De plus, Virgin a seulement acheté la « bonne banque » et non la société de gestion d'actifs. Donc, l'affirmation qui décrit correctement les négociations est :

2. Le groupe Virgin a racheté la banque après sa nationalisation.

La réponse à la question est :

<task2>2<task2/>",2.920231342315674
032_2,"### Instruction1:
Un des problèmes les plus courants lors de la conversion d'un film au format DVD est le surbalayage. La plupart des télévisions sont fabriquées de manière à plaire au grand public. Pour cette raison, tout ce que vous voyez à la télévision a les bords coupés, en haut, en bas et sur les côtés. Cela est fait pour s'assurer que l'image couvre tout l'écran. Cela s'appelle le surbalayage. Malheureusement, lorsque vous créez un DVD, ses bords seront très probablement coupés également, et si la vidéo avait des sous-titres trop proches du bas, ils ne seront pas entièrement affichés.

### Instruction2:
La question demande, ""Pourquoi les bords des images sont-ils coupés sur les télévisions ?"". Selon le texte traduit, les bords des images sont coupés pour que l'image puisse couvrir tout l'écran. Par conséquent, la réponse à la question est :

<task2>2<task2/>",1.8818423748016357
032_618,"### Instruction1:
Les célèbres avocats grecs, Sakis Kechagioglou et George Nikolakopoulos, ont été emprisonnés dans la prison de Korydallus à Athènes, car ils ont été reconnus coupables de corruption et de pots-de-vin. En conséquence, un grand scandale au sein de la communauté juridique grecque a été révélé par l'exposition d'actions illégales que des juges, avocats, solliciteurs et procureurs ont commises au cours des années précédentes. Il y a quelques semaines, après les informations publiées par le journaliste Makis Triantafylopoulos dans son émission de télévision populaire ""Zoungla"" sur Alpha TV, le membre du Parlement et avocat, Petros Mantouvalos, a été contraint de démissionner, car des membres de son bureau étaient impliqués dans des actes de corruption et de pots-de-vin illégaux. De plus, le juge en chef Evangelos Kalousis est emprisonné car il a été reconnu coupable de corruption et de comportement déviant.

### Instruction2:
La question demande : ""Quel groupe de gens ne ferait pas partie du scandale qui touche la communauté juridique grecque ?"". Selon le texte traduit, les journalistes ne sont pas mentionnés comme étant impliqués dans le scandale, tandis que les juges, avocats et solliciteurs le sont tous. Par conséquent, la réponse à la question est :

<task2>3<task2/>",2.591144561767578
032_404,"### Instruction1:
Le golf et le rugby sont de retour aux Jeux Olympiques. Le Comité International Olympique a voté pour inclure ces sports lors de sa réunion du conseil exécutif à Berlin aujourd'hui. Le rugby, en particulier le rugby à XV, et le golf ont été sélectionnés parmi cinq autres sports à considérer pour participer aux Jeux Olympiques. Le squash, le karaté et les sports de patinage à roulettes ont également essayé d'entrer dans le programme olympique, tout comme le baseball et le softball, qui ont été exclus des Jeux Olympiques en 2005. Le vote doit encore être ratifié par l'ensemble du CIO lors de sa réunion d'octobre à Copenhague.

### Instruction2:
La question demande: ""Parmi les sports suivants, duquel le Comité international olympique a-t-il voté l’inclusion aux Jeux ?"". Selon le texte traduit fourni, le Comité International Olympique a voté pour inclure à la fois le rugby collectif et le golf. Cependant, parmi les options fournies, la seule option qui correspond est le rugby collectif. Par conséquent, la réponse à la question est :

<task2>3<task2/>",2.0258376598358154
032_528,"### Instruction1:
Une étude publiée jeudi dans la revue Science a rapporté la formation d'une nouvelle espèce d'oiseau sur les îles Galápagos équatoriennes. Des chercheurs de l'université de Princeton aux États-Unis et de l'université d'Uppsala en Suède ont rapporté que la nouvelle espèce a évolué en seulement deux générations, bien que ce processus ait été jugé prendre beaucoup plus de temps, en raison de la reproduction entre un pinson de Darwin endémique, Geospiza fortes, et le pinson des cactus immigrant, Geospiza conirostris.

### Instruction2:
La question demande, ""D’après l’extrait, lequel des éléments suivants a pris moins de temps que ce que les chercheurs prévoyaient initialement ?"". Selon le texte traduit, la nouvelle espèce a évolué en seulement deux générations, ce qui est moins de temps que ce que les chercheurs avaient initialement prévu. Par conséquent, la réponse à la question est :

<task2>1<task2/>",1.8090760707855225
032_741,"### Instruction1:
Jardín de la Unión. Cet espace a été construit comme l'atrium d'un couvent du XVIIe siècle, dont le Templo de San Diego est le seul bâtiment survivant. Il fonctionne maintenant comme la plaza centrale, et il y a toujours beaucoup d'activités, jour et nuit. Il y a un certain nombre de restaurants entourant le jardin, et dans les après-midis et les soirées, des concerts gratuits sont souvent donnés depuis le kiosque central. Callejón del Beso (Allée du Baiser). Deux balcons séparés par seulement 69 centimètres sont le foyer d'une ancienne légende d'amour. Pour quelques centimes, des enfants vous raconteront l'histoire.

### Instruction2:
La question demande, ""D’après l’extrait, lequel des éléments suivants ne se trouve pas dans le Jardín de la Unión ?"". Selon le texte traduit, le Jardín de la Unión a un kiosque central proposant des concerts, des restaurants qui font face au jardin, et est lié à un bâtiment d'un ancien couvent. Cependant, le ""lieu d’une ancienne histoire d’amour"" se réfère à Callejón del Beso, qui n'est pas dans le Jardín de la Unión. Par conséquent, la réponse à la question est :

<task2>2<task2/>",2.3084282875061035
032_734,"### Instruction1:
Tout camping en dessous du bord dans le Grand Canyon nécessite un permis d'arrière-pays. Les permis sont limités pour protéger le canyon et deviennent disponibles le premier jour du mois, quatre mois avant le mois de début. Ainsi, un permis d'arrière-pays pour toute date de début en mai devient disponible le 1er janvier. L'espace pour les zones les plus populaires, comme le terrain de camping Bright Angel adjacent à Phantom Ranch, se remplit généralement par les demandes reçues le premier jour où elles sont ouvertes aux réservations. Il y a un nombre limité de permis réservés pour les demandes de dernière minute disponibles selon le principe du premier arrivé, premier servi.

### Instruction2:
La question demande : ""Quand un permis d’arrière-pays pour une date de début en août serait-il disponible ?"" Selon le texte traduit, un permis d'arrière-pays devient disponible le premier jour du mois, quatre mois avant le mois de début. Pour une date de début en août, le permis serait donc disponible le 1er avril. Par conséquent, la réponse à la question est :

<task2>2<task2/>",2.220136880874634
032_793,"### Instruction1:
Étant donné l'éloignement de nombreux pueblos, vous ne pourrez pas trouver une quantité significative de vie nocturne sans voyager à Albuquerque ou Santa Fe. Cependant, presque tous les casinos mentionnés ci-dessus servent des boissons, et plusieurs d'entre eux proposent des divertissements de marques connues (principalement les grands casinos situés immédiatement autour d'Albuquerque et de Santa Fe). Attention : les bars de petite ville ici ne sont pas toujours de bons endroits pour les visiteurs venant d'un autre État. D'une part, le nord du Nouveau-Mexique a des problèmes significatifs avec la conduite en état d'ivresse, et la concentration de conducteurs intoxiqués est élevée près des bars de petite ville.

### Instruction2:
La question demande : ""D’après l’extrait, où un visiteur a-t-il le plus de chances de trouver certains divertissements célèbres dans le nord du Nouveau-Mexique ?"". Selon le texte traduit, il est mentionné que les grands casinos situés autour d'Albuquerque et de Santa Fe apportent des divertissements de marques connues. Par conséquent, la réponse à la question est :

<task2>3<task2/>",3.051865577697754
032_225,"### Instruction1:
Le temps est quelque chose qui nous entoure et affecte tout ce que nous faisons, mais il est difficile à comprendre. Le temps a été étudié par des érudits religieux, philosophiques et scientifiques pendant des milliers d'années. Nous expérimentons le temps comme une série d'événements passant du futur à travers le présent jusqu'au passé. Le temps est aussi la façon dont nous comparons la durée (longueur) des événements. Vous pouvez marquer le passage du temps vous-même en observant la répétition d'un événement cyclique. Un événement cyclique est quelque chose qui se produit encore et encore régulièrement.

### Instruction2:
La question demande, ""Que faudrait-il noter à propos d’un événement cyclique pour pouvoir suivre le passage du temps ?"". Selon le texte traduit fourni, il est mentionné que vous pouvez marquer le passage du temps en observant la répétition d'un événement cyclique. Par conséquent, la réponse à la question est :

<task2>2<task2/>",1.8937954902648926
032_634,"### Instruction1:
Buvez des boissons alcoolisées avec modération. L'alcool affecte chacun différemment, et connaître votre limite est très important. Les événements de santé à long terme possibles dus à une consommation excessive d'alcool peuvent inclure des dommages au foie et même la cécité et la mort. Le danger potentiel est accru lors de la consommation d'alcool produit illégalement. Les spiritueux illégaux peuvent contenir diverses impuretés dangereuses, y compris le méthanol, qui peut causer la cécité ou la mort même à petites doses.

### Instruction2:
La question demande, ""D’après l’extrait, qu’est-ce qui pourrait atténuer les effets nocifs de l’alcool ?"". Selon le texte traduit, il est mentionné que boire de l'alcool avec modération est très important et peut aider à réduire les effets nocifs de l'alcool. Par conséquent, la réponse à la question est :

<task2>3<task2/>",2.0931901931762695
032_378,"### Instruction1:
Le Dr Tony Moll a découvert la tuberculose extrêmement résistante aux médicaments (TB-MR) dans la région du KwaZulu-Natal en Afrique du Sud. Dans une interview, il a déclaré que la nouvelle variante était ""très préoccupante et alarmante en raison du taux de mortalité très élevé."" Certains patients pourraient avoir contracté le virus à l'hôpital, pense le Dr Moll, et au moins deux étaient des travailleurs de la santé de l'hôpital. En un an, une personne infectée peut infecter 10 à 15 contacts proches. Cependant, le pourcentage de TB-MR dans l'ensemble du groupe de personnes atteintes de tuberculose semble encore faible ; 6 000 des 330 000 personnes infectées à un moment donné en Afrique du Sud.

### Instruction2:
La question demande, ""D’après le Dr. Moll, qu’est-ce qui est le plus préoccupant à propos de la TB-MR ?"". Selon le texte traduit, le Dr Moll souligne que la chose la plus préoccupante est le ""taux de mortalité très élevé"" de cette variant de tuberculose. Par conséquent, la réponse à la question est :

<task2>4<task2/>",2.6634361743927
032_868,"### Instruction1:
Chez soi, en raison de cette exposition constante aux germes locaux, il y a de fortes chances que vous y soyez déjà immunisé. Mais dans d'autres parties du monde, où la faune bactérienne vous est nouvelle, vous êtes beaucoup plus susceptible de rencontrer des problèmes. De plus, dans les climats plus chauds, les bactéries se développent à la fois plus rapidement et survivent plus longtemps en dehors du corps. Ainsi, les fléaux de Delhi Belly, de la Malédiction du Pharaon, de la Revenge de Montezuma et leurs nombreux amis. Comme pour les problèmes respiratoires dans les climats froids, les problèmes intestinaux dans les climats chauds sont assez courants et, dans la plupart des cas, sont assez ennuyeux mais pas vraiment dangereux.

### Instruction2:
La question demande, ""D’après l’extrait, une exposition constante pourrait entraîner une immunité à quoi ?"". Selon le texte traduit fourni, une exposition constante pourrait entraîner une immunité aux germes locaux. Par conséquent, la réponse à la question est :

<task2>2<task2/>",2.444565773010254
032_534,"### Instruction1:
Avant Les Simpsons, Simon avait travaillé sur plusieurs émissions à divers postes. Dans les années 1980, il a travaillé sur des émissions telles que Taxi, Cheers et The Tracy Ullman Show. En 1989, il a aidé à créer Les Simpsons avec Brooks et Groening, et était responsable de l'embauche de la première équipe de scénaristes de l'émission. Bien qu'il ait quitté l'émission en 1993, il a conservé le titre de producteur exécutif et a continué à recevoir des dizaines de millions de dollars chaque saison en droits d'auteur.

### Instruction2:
La question demande, ""Qui a embauché l’équipe de scénaristes des Simpsons ?"". Selon le texte traduit fourni, c'est Simon qui était responsable de l'embauche de la première équipe de scénaristes de l'émission. Par conséquent, la réponse à la question est :

<task2>2<task2/>",1.5171658992767334
032_474,"### Instruction1:
L'ancien gouverneur du Massachusetts, Mitt Romney, a remporté les élections primaires présidentielles du Parti républicain en Floride mardi avec plus de 46 % des voix. L'ancien président de la Chambre des États-Unis, Newt Gingrich, est arrivé en deuxième position avec 32 %. En tant qu'État où le vainqueur remporte tout, la Floride a attribué tous ses cinquante délégués à Romney, le propulsant en tête des candidats à la nomination du Parti républicain.

### Instruction2:
La question demande, ""Puisque la Floride est un État où le vainqueur remporte tout, qu’a obtenu Mitt Romney ?"". Selon le texte traduit, Mitt Romney a obtenu tous les délégués de l'État, car la Floride est un État où le vainqueur remporte tout. Par conséquent, la réponse à la question est :

<task2>3<task2/>",1.5754718780517578
032_755,"### Instruction1:
Un réseau d'échange d'hospitalité est l'organisation qui connecte les voyageurs avec des habitants dans les villes qu'ils vont visiter. Rejoindre un tel réseau nécessite généralement simplement de remplir un formulaire en ligne ; bien que certains réseaux offrent ou exigent une vérification supplémentaire. Une liste des hôtes disponibles est ensuite fournie soit en version imprimée et/ou en ligne, parfois avec des références et des avis d'autres voyageurs. Couchsurfing a été fondé en janvier 2004 après que le programmeur informatique Casey Fenton ait trouvé un vol pas cher pour l'Islande mais n'avait pas de lieu où séjourner. Il a envoyé un e-mail aux étudiants de l'université locale et a reçu un nombre écrasant d'offres pour un hébergement gratuit.

### Instruction2:
D'après le texte traduit, l'affirmation qui n'est pas vraie à propos des réseaux d'échange d'hospitalité est la suivante : ""On fournit toujours aux voyageurs des références sur les hôtes locaux."" Le texte indique que des références et des avis sont parfois disponibles, mais cela n'implique pas qu'elles soient toujours fournies. Par conséquent, la réponse à la question est :

<task2>1<task2/>",2.749481439590454
032_659,"### Instruction1:
Un point de contrôle d'immigration est généralement le premier arrêt lors du débarquement d'un avion, d'un navire ou d'un autre véhicule. Dans certains trains transfrontaliers, des inspections sont effectuées dans le train en marche et vous devez avoir une pièce d'identité valide avec vous lors de l'embarquement dans l'un de ces trains. Dans les trains-couchettes de nuit, les passeports peuvent être collectés par le conducteur afin que votre sommeil ne soit pas interrompu.

### Instruction2:
La question demande, ""D’après l’extrait, à bord de quel moyen de transport les passeports peuvent-ils être collectés pour ne pas déranger le passager ?"". Selon le texte traduit, les passeports peuvent être collectés dans les trains-couchettes afin de ne pas interrompre le sommeil des passagers. Par conséquent, la réponse à la question est :

<task2>2<task2/>",1.467742919921875
032_897,"### Instruction1:
Une exposition universelle (communément appelée exposition mondiale, ou simplement Expo) est un grand festival international des arts et des sciences. Les pays participants présentent des expositions artistiques et éducatives dans des pavillons nationaux pour mettre en valeur les problèmes mondiaux ou la culture et l'histoire de leur pays. Les expositions horticoles internationales sont des événements spécialisés qui présentent des expositions florales, des jardins botaniques et tout ce qui concerne les plantes. Bien qu'en théorie elles puissent avoir lieu chaque année (tant qu'elles se déroulent dans des pays différents), en pratique, ce n'est pas le cas. Ces événements durent normalement entre trois et six mois et se tiennent sur des sites d'au moins 50 hectares.

### Instruction2:
La question demande, ""Laquelle des règles suivantes s’applique à une exposition universelle ou internationale ?"". Selon le texte traduit fourni, il est mentionné que bien qu'en théorie les expositions puissent avoir lieu chaque année, en pratique, elles ne le sont pas. Cela signifie qu'un même pays ne peut pas accueillir les événements tous les ans. Par conséquent, la réponse à la question est :

<task2>2<task2/>",2.1835079193115234
032_60,"### Instruction1:
À travers les États-Unis d'Amérique, il y a environ 400 000 cas connus de sclérose en plaques (SEP), ce qui en fait la principale maladie neurologique chez les jeunes et les adultes d'âge moyen. La SEP est une maladie qui affecte le système nerveux central, qui est composé du cerveau, de la moelle épinière et du nerf optique. Les recherches ont révélé que les femmes sont deux fois plus susceptibles d'avoir la SEP que les hommes.

### Instruction2:
La question demande, ""D’après l’extrait, qui est le plus susceptible de se voir diagnostiquer une sclérose en plaques ?"". Selon le texte traduit, les femmes sont deux fois plus susceptibles d'avoir la sclérose en plaques que les hommes. Par conséquent, la réponse la plus probable à la question est :

<task2>1<task2/>",1.4016849994659424
032_268,"### Instruction1:
Les sous-marins sont des navires conçus pour voyager sous l'eau et y rester pendant une période prolongée. Les sous-marins ont été utilisés pendant la Première et la Seconde Guerre mondiale. À l'époque, ils étaient très lents et avaient une portée de tir très limitée. Au début de la guerre, ils naviguaient principalement à la surface de la mer, mais à mesure que le radar se développait et devenait plus précis, les sous-marins ont été contraints de plonger sous l'eau pour éviter d'être repérés. Les sous-marins allemands étaient appelés U-Boot. Les Allemands étaient très doués pour naviguer et faire fonctionner leurs sous-marins. En raison de leur succès avec les sous-marins, après la guerre, les Allemands ne sont pas dignes de confiance pour en avoir beaucoup.

### Instruction2:
La question demande, ""Quelle est la technologie dont le développement a poussé les sous-marins à commencer à se déplacer sous l’eau ?"". Selon le texte traduit fourni, c'est le radar qui a poussé les sous-marins à plonger sous l'eau pour éviter d'être vus. Par conséquent, la réponse à la question est :

<task2>4<task2/>",1.7331116199493408
032_752,"### Instruction1:
Les étriers sont des supports pour les pieds du cavalier qui pendent de chaque côté de la selle. Ils offrent une plus grande stabilité au cavalier, mais peuvent poser des problèmes de sécurité en raison du risque que les pieds d'un cavalier se coincent dedans. Si un cavalier est projeté d'un cheval mais a un pied coincé dans l'étrier, il pourrait être traîné si le cheval s'enfuit. Pour minimiser ce risque, un certain nombre de précautions de sécurité peuvent être prises. Tout d'abord, la plupart des cavaliers portent des bottes d'équitation avec un talon et une semelle lisse, assez étroite. Ensuite, certaines selles, en particulier les selles anglaises, possèdent des barres de sécurité qui permettent à une courroie d'étrier de tomber de la selle si elle est tirée vers l'arrière par un cavalier tombant.

### Instruction2:
La question demande, ""Que possèdent certaines selles pour éviter que le pied d’un cavalier ne se coince dans un étrier ?"". Selon le texte traduit fourni, certaines selles, en particulier les selles anglaises, possèdent des barres de sécurité qui permettent à une courroie d'étrier de tomber de la selle si elle est tirée vers l'arrière par un cavalier tombant. Par conséquent, la réponse à la question est :

<task2>2<task2/>",2.5462262630462646
032_86,"### Instruction1:
Les wagonways ont été construits en Angleterre dès le XVIe siècle. Bien que les wagonways consistaient simplement en des planches parallèles en bois, ils permettaient aux chevaux qui les tiraient d'atteindre des vitesses plus élevées et de tirer des charges plus lourdes que sur les routes légèrement plus rugueuses de l'époque. Des traverses ont été introduites assez tôt pour maintenir les voies en place. Cependant, il a été progressivement réalisé que les voies seraient plus efficaces si elles avaient une bande de fer sur le dessus. Cela est devenu une pratique courante, mais le fer a causé plus d'usure sur les roues en bois des wagons. Finalement, les roues en bois ont été remplacées par des roues en fer. En 1767, les premières voies entièrement en fer ont été introduites.

### Instruction2:
La question demande, ""D’après l’extrait, pourquoi les roues en bois ont-elles été remplacées par des roues en fer ?"". Selon le texte traduit, les roues en bois ont été remplacées parce que le fer causait plus d'usure sur les roues en bois des wagons. Cela indique que les roues en fer étaient nécessaires pour améliorer l'efficacité des wagonways. Par conséquent, la réponse à la question est :

<task2>4<task2/>",1.9182469844818115
032_358,"### Instruction1:
Le travail effectué était principalement théorique, mais le programme a été écrit pour simuler des observations faites de la galaxie de Sagittarius. L'effet que l'équipe cherchait serait causé par les forces de marée entre la matière noire de la galaxie et la matière noire de la Voie lactée. Tout comme la lune exerce une attraction sur la terre, provoquant des marées, la Voie lactée exerce également une force sur la galaxie de Sagittarius. Les scientifiques ont pu conclure que la matière noire affecte d'autres matières noires de la même manière que la matière normale. Cette théorie dit que la plupart de la matière noire autour d'une galaxie est située autour d'une galaxie dans une sorte de halo, et est constituée de nombreuses petites particules.

### Instruction2:
La question demande : ""Les scientifiques travaillant sur le programme espéraient observer les effets provoqués par laquelle des réponses ci-dessous ?"". Selon le texte traduit, l'équipe cherchait à observer les effets causés par les forces de marée entre la matière noire de la galaxie de Sagittarius et celle de la Voie lactée. Par conséquent, la réponse à la question est :

<task2>2<task2/>",2.3842339515686035
032_347,"### Instruction1:
""Nous nous efforcerons de réduire les émissions de dioxyde de carbone par unité de PIB d'une marge notable d'ici 2020 par rapport au niveau de 2005,"" a déclaré Hu. Il n'a pas fixé de chiffre pour les réductions, disant qu'elles seront effectuées en fonction de la production économique de la Chine. Hu a encouragé les pays en développement ""à éviter l'ancien chemin de la pollution d'abord et du nettoyage ensuite."" Il a ajouté qu'""ils ne devraient cependant pas être invités à assumer des obligations qui dépassent leur stade de développement, leur responsabilité et leurs capacités.""

### Instruction2:
La question demande, ""Qu’a suggéré M. Hu aux pays en voie de développement ?"". Selon le texte traduit fourni, M. Hu a suggéré aux pays en développement ""d’éviter l’ancienne méthode de pollution"". Par conséquent, la réponse à la question est :

<task2>4<task2/>",1.4541988372802734
032_4,"### Instruction1:
Le plan américain reposait sur le lancement d'attaques coordonnées depuis trois directions différentes. Le général John Cadwalder lancerait une attaque de diversion contre la garnison britannique à Bordentown, afin de bloquer toute renfort. Le général James Ewing ferait traverser 700 miliciens de l'autre côté de la rivière au ferry de Trenton, saisirait le pont sur l'Assunpink Creek et empêcherait toute troupe ennemie de s'échapper. La force d'assaut principale de 2 400 hommes traverserait la rivière neuf miles au nord de Trenton, puis se diviserait en deux groupes, l'un sous Greene et l'autre sous Sullivan, afin de lancer une attaque avant l'aube.

### Instruction2:
La question demande : ""À quel endroit une garnison britannique était-elle située ?"". Selon le texte traduit, la garnison britannique était située à Bordentown. Par conséquent, la réponse à la question est :

<task2>3<task2/>",2.0343191623687744
032_878,"### Instruction1:
L'enregistrement est une exigence supplémentaire pour le processus de visa. Dans certains pays, vous devez enregistrer votre présence et l'adresse où vous séjournez auprès des autorités locales. Cela peut nécessiter de remplir un formulaire auprès de la police locale ou de visiter les bureaux de l'immigration. Dans de nombreux pays ayant une telle loi, les hôtels locaux s'occupent de l'enregistrement (assurez-vous de demander). Dans d'autres cas, seuls ceux qui séjournent en dehors des hébergements touristiques doivent s'enregistrer. Cependant, cela rend la loi beaucoup plus obscure, alors renseignez-vous à l'avance.

### Instruction2:
La question demande, ""Lequel des lieux suivants n’est pas un endroit où un touriste irait effectuer son enregistrement ?"". Selon le texte traduit, un touriste pourrait s'enregistrer dans un commissariat de police local, à l'hôtel où ils séjournent, ou aux bureaux de l'immigration. Le texte ne mentionne pas un bureau de poste local comme un endroit pour l'enregistrement. Par conséquent, la réponse à la question est :

<task2>3<task2/>",2.1443850994110107
032_411,"### Instruction1:
""Le gouvernement irlandais souligne l'urgence d'une législation parlementaire pour rectifier la situation. ""Il est maintenant important, tant du point de vue de la santé publique que de la justice pénale, que la législation soit adoptée le plus rapidement possible"", a déclaré un porte-parole du gouvernement. Le ministre de la Santé a exprimé des préoccupations tant pour le bien-être des individus profitant de la légalité temporaire des substances impliquées que pour les condamnations liées aux drogues prononcées depuis que les changements désormais inconstitutionnels sont entrés en vigueur.""

### Instruction2:
La question demande, ""Qu’est-ce que le gouvernement irlandais envisage de faire ?"". Selon le texte traduit, le gouvernement irlandais souhaite adopter une législation pour rectifier la situation concernant les substances impliquées. Cela implique potentiellement d'introduire des lois plus contraignantes concernant l'autorisation des drogues. Par conséquent, la réponse à la question est :

<task2>2<task2/>",2.0429906845092773
032_3,"### Instruction1:
L'un des problèmes les plus courants lors de la conversion d'un film au format DVD est le surbalayage. La plupart des télévisions sont fabriquées de manière à plaire au grand public. Pour cette raison, tout ce que vous voyez à la télévision a les bords coupés, en haut, en bas et sur les côtés. Cela est fait pour s'assurer que l'image couvre tout l'écran. C'est ce qu'on appelle le surbalayage. Malheureusement, lorsque vous créez un DVD, ses bords seront très probablement coupés aussi, et si la vidéo avait des sous-titres trop proches du bas, ils ne seront pas entièrement affichés.

### Instruction2:
La question demande, ""D’après l’extrait, lequel des problèmes ci-dessous êtes-vous susceptible de rencontrer lors de la conversion d’un film en format DVD ?"". Selon le texte traduit fourni, l'un des problèmes mentionnés est que les sous-titres ne seront pas entièrement affichés si ils sont trop proches du bas de l'image, à cause du surbalayage. Par conséquent, la réponse à la question est :

<task2>2<task2/>",1.8017971515655518
032_297,"### Instruction1:
Les responsables de la ville d'Amsterdam et du musée Anne Frank déclarent que l'arbre est infecté par un champignon et représente un danger pour la santé publique, car ils soutiennent qu'il était en danger imminent de tomber. Il devait être abattu mardi, mais a été sauvé après une décision d'urgence du tribunal.

### Instruction2:
La question demande, ""Parmi les affirmations ci-dessous, laquelle n’a pas été avancée par les responsables d’Amsterdam et du musée au sujet de l’arbre ?"". Selon le texte traduit, les responsables ont affirmé que l'arbre est infecté par un champignon, qu'il constitue un danger pour la santé publique et qu'il était en danger imminent de tomber. Cependant, ils n'ont pas affirmé qu'il devrait être préservé. Par conséquent, la réponse à la question est :

<task2>2<task2/>",1.8656280040740967
032_224,"### Instruction1:
Lorsque vous appelez quelqu'un qui est à des milliers de kilomètres, vous utilisez un satellite. Le satellite dans l'espace reçoit l'appel et le renvoie presque instantanément. Le satellite a été envoyé dans l'espace par une fusée. Les scientifiques utilisent des télescopes dans l'espace car l'atmosphère terrestre déforme une partie de notre lumière et de notre vue. Il faut une fusée géante de plus de 100 pieds de haut pour mettre un satellite ou un télescope dans l'espace.

### Instruction2:
La question demande, ""Lequel des éléments ci-dessous est utilisé pour mettre un satellite dans l’espace ?"". Selon le texte traduit, il est mentionné que le satellite a été envoyé dans l'espace par une fusée. Par conséquent, la réponse à la question est :

<task2>2<task2/>",1.6622445583343506
032_33,"### Instruction1:
La course à mi-distance est un sport relativement peu coûteux ; cependant, il existe de nombreuses idées reçues concernant les quelques équipements nécessaires pour participer. Les produits peuvent être achetés au besoin, mais la plupart auront peu ou pas d'impact réel sur la performance. Les athlètes peuvent sentir qu'ils préfèrent un produit même lorsqu'il n'apporte aucun avantage réel.

### Instruction2:
La question demande, ""D’après l’extrait, pourquoi un athlète pratiquant le demi-fond pourrait-il acheter un équipement plus cher ?"". Selon le texte traduit, les athlètes peuvent avoir une préférence personnelle pour un produit, même si cela ne fournit pas de bénéfices réels. Par conséquent, la réponse à la question est :

<task2>1<task2/>",2.9513332843780518
032_450,"### Instruction1:
Au cours des 3 derniers mois, plus de 80 personnes arrêtées ont été libérées de l'établissement central de réservation sans être formellement inculpées. En avril de cette année, une ordonnance de protection temporaire a été émise par le juge Glynn contre l'établissement pour faire respecter la libération de ceux détenus plus de 24 heures après leur admission qui n'ont pas reçu d'audience devant un commissaire de la cour. Le commissaire fixe la caution, si elle est accordée, et formalise les accusations portées par l'agent ayant procédé à l'arrestation. Les accusations sont ensuite entrées dans le système informatique de l'État où l'affaire est suivie. L'audience marque également la date du droit du suspect à un procès rapide.

### Instruction2:
La question demande, ""D’après l’ordonnance de blocage temporaire mentionnée dans l’extrait, qu’est-ce que les personnes ayant été arrêtées doivent être autorisées à avoir pour pouvoir être détenues plus de 24 heures ?"". Selon le texte traduit, les personnes arrêtées doivent être entendues par un commissaire de la cour pour pouvoir être détenues plus de 24 heures. Par conséquent, la réponse à la question est :

<task2>4<task2/>",2.4501984119415283
032_453,"### Instruction1:
Depuis l'indépendance du Pakistan vis-à-vis de la domination britannique en 1947, le président pakistanais a nommé des ""agents politiques"" pour gouverner la FATA, qui exercent un contrôle autonome quasi-complet sur les zones. Ces agents sont responsables de la fourniture de services gouvernementaux et judiciaires en vertu de l'article 247 de la Constitution pakistanaise.

### Instruction2:
La question demande, ""Qui fournit des services judiciaires aux zones tribales du Pakistan ?"". Selon le texte traduit fourni, ce sont les agents politiques qui sont responsables de la fourniture de services gouvernementaux et judiciaires dans ces zones. Par conséquent, la réponse à la question est :

<task2>2<task2/>",2.199503183364868
032_362,"### Instruction1:
Lorsque la capsule arrivera sur Terre et entrera dans l'atmosphère, vers 5 heures du matin (heure de l'Est), elle devrait offrir un véritable spectacle lumineux aux habitants du nord de la Californie, de l'Oregon, du Nevada et de l'Utah. La capsule ressemblera beaucoup à une étoile filante traversant le ciel. La capsule voyagera à environ 12,8 km ou 8 miles par seconde, suffisamment rapide pour aller de San Francisco à Los Angeles en une minute. Stardust établira un nouveau record de tous les temps en tant que vaisseau spatial le plus rapide à revenir sur Terre, battant le précédent record établi en mai 1969 lors du retour du module de commande Apollo X. ""Elle se déplacera au-dessus de la côte ouest de la Californie du Nord et illuminera le ciel allant de la Californie à l'Oregon central, puis à travers le Nevada et l'Idaho et jusqu'à l'Utah"", a déclaré Tom Duxbury, le chef de projet de Stardust.

### Instruction2:
D’après l’extrait, la lumière du vaisseau spatial Stardust pourra d'abord être vue au nord de la Californie, car la capsule se déplacera au-dessus de la côte ouest de la Californie du Nord avant d'illuminer le ciel dans d'autres régions. Par conséquent, la réponse à la question est :

<task2>2<task2/>",2.32637095451355
032_91,"### Instruction1:
Contrairement à d'autres primates, les hominidés n'utilisent plus leurs mains pour se déplacer, porter du poids ou se balancer dans les arbres. La main et le pied du chimpanzé sont similaires en taille et en longueur, reflétant l'utilisation de la main pour porter du poids lors de la marche sur les articulations. La main humaine est plus courte que le pied, avec des phalanges plus droites. Des os de main fossiles vieux de deux à trois millions d'années révèlent ce changement de spécialisation de la main, passant de la locomotion à la manipulation.

### Instruction2:
La question demande, ""Les fossiles montrent que les mains ont fini par s’adapter de façon à être principalement utilisées pour laquelle des réponses ci-dessous ?"". Selon le texte traduit fourni, les fossiles montrent que la main a évolué pour être principalement utilisée pour la manipulation. Par conséquent, la réponse à la question est :

<task2>1<task2/>",2.3716983795166016
032_692,"### Instruction1:
Le choc de réinsertion survient plus tôt que le choc culturel (il y a moins de phase de lune de miel), dure plus longtemps et peut être plus sévère. Les voyageurs qui ont eu un ajustement facile à la nouvelle culture ont parfois particulièrement du mal à se réajuster à leur culture d'origine. En rentrant chez eux après avoir vécu à l'étranger, vous vous êtes adapté à la nouvelle culture et avez perdu certaines de vos habitudes de votre culture d'origine. Lorsque vous êtes parti à l'étranger au début, les gens étaient probablement patients et compréhensifs, sachant que les voyageurs dans un nouveau pays doivent s'adapter. Les gens peuvent ne pas anticiper que la patience et la compréhension sont également nécessaires pour les voyageurs qui rentrent chez eux.

### Instruction2:
La question demande : ""D’après l’extrait, pour quel type de voyageur le choc de réinsertion peut-il être particulièrement difficile ?"". Selon le texte traduit, il est mentionné que les voyageurs qui se sont rapidement adaptés à la vie à l’étranger peuvent avoir particulièrement du mal à se réajuster à leur culture d'origine. Par conséquent, la réponse à la question est :

<task2>2<task2/>",2.0667026042938232
032_49,"### Instruction1:
Le style gothique a atteint son apogée entre le 10e et le 11e siècle et le 14e siècle. Au début, la mode était fortement influencée par la culture byzantine à l'est. Cependant, en raison des canaux de communication lents, les styles à l'ouest pouvaient avoir un retard de 25 à 30 ans. Vers la fin du Moyen Âge, l'Europe occidentale a commencé à développer son propre style. L'un des plus grands développements de l'époque, à la suite des croisades, était que les gens ont commencé à utiliser des boutons pour attacher les vêtements.

### Instruction2:
La question demande, ""À partir de quand l’Europe occidentale a-t-elle cessé de dépendre fortement d’influences extérieures et a-t-elle commencé à développer son propre style ?"". Selon le texte traduit fourni, l'Europe occidentale a commencé à développer son propre style vers la fin du Moyen Âge. Par conséquent, la réponse à la question est :

<task2>1<task2/>",4.015463829040527
032_223,"### Instruction1:
Lorsque vous appelez quelqu'un qui se trouve à des milliers de kilomètres, vous utilisez un satellite. Le satellite dans l'espace reçoit l'appel puis le renvoie presque instantanément. Le satellite a été envoyé dans l'espace par une fusée. Les scientifiques utilisent des télescopes dans l'espace car l'atmosphère terrestre déforme une partie de notre lumière et de notre vue. Il faut une énorme fusée de plus de 100 pieds de haut pour mettre un satellite ou un télescope dans l'espace.

### Instruction2:
La question demande, ""Parmi les éléments ci-dessous, lequel renvoie les appels longue distance vers la Terre ?"". Selon le texte traduit fourni, c'est le satellite qui reçoit et renvoie les appels. Par conséquent, la réponse à la question est :

<task2>2<task2/>",2.2676374912261963
032_328,"### Instruction1:
Une auberge s'est effondrée à La Mecque, la ville sainte de l'Islam, vers 10 heures ce matin, heure locale. Le bâtiment abritait un certain nombre de pèlerins venus visiter la ville sainte à la veille du pèlerinage du Hajj. Les clients de l'auberge étaient principalement des citoyens des Émirats Arabes Unis. Le nombre de morts s'élève à au moins 15, un chiffre qui devrait augmenter.

### Instruction2:
La question demande, ""D’après l’extrait, laquelle des affirmations ci-dessous est vraie ?"". Selon le texte traduit, il est mentionné que les clients de l'auberge étaient là pour la veille du pèlerinage du Hajj. Par conséquent, la réponse à la question est :

<task2>3<task2/>",2.0203919410705566
032_50,"### Instruction1:
Le style gothique a atteint son apogée entre le 10e et le 11e siècle et le 14e siècle. Au début, la mode était fortement influencée par la culture byzantine à l'est. Cependant, en raison des canaux de communication lents, les styles à l'ouest pouvaient prendre 25 à 30 ans de retard. Vers la fin du Moyen Âge, l'Europe occidentale a commencé à développer son propre style. L'un des plus grands développements de l'époque, en conséquence des croisades, était que les gens ont commencé à utiliser des boutons pour fermer les vêtements.

### Instruction2:
La question demande : ""De quoi l’utilisation de boutons pour la fermeture des vêtements est-elle une conséquence ?"". Selon le texte traduit, l'utilisation de boutons pour fermer les vêtements est une conséquence des croisades. Par conséquent, la réponse à la question est :

<task2>3<task2/>",1.6054086685180664
032_825,"### Instruction1:
Les avalanches ne sont pas une anomalie ; les pentes abruptes ne peuvent retenir qu'une certaine quantité de neige lentement, et les volumes excédentaires vont descendre sous forme d'avalanches. Le problème est que la neige est collante, donc elle nécessite un déclenchement pour descendre, et une partie de la neige qui descend peut être l'événement déclencheur pour le reste. Parfois, l'événement déclencheur original est le soleil qui chauffe la neige, parfois il s'agit d'une nouvelle chute de neige, parfois d'autres événements naturels, souvent d'un humain.

### Instruction2:
La question demande, ""Lequel des éléments suivants ne déclenche-t-il pas d’avalanches ?"". Selon le texte traduit, la neige qui colle nécessite un déclenchement pour descendre, tout comme les humains, la lumière du soleil et davantage de neige, qui peuvent tous être des déclencheurs d'avalanches. Par conséquent, tous les éléments mentionnés peuvent potentiellement déclencher des avalanches. Cependant, la question demande spécifiquement quel élément ne déclenche pas d’avalanches. La neige qui colle elle-même ne déclenche pas d'avalanches sans un événement déclencheur. 

La réponse à la question est donc :

<task2>1<task2/>",2.534318685531616
032_538,"### Instruction1:
« Cela va se comporter comme de l'eau. C'est transparent tout comme l'eau. Donc, si vous vous teniez sur le rivage, vous pourriez voir jusqu'aux petits cailloux ou à la saleté qui se trouvait au fond. Pour autant que nous le sachions, il n'y a qu'un seul corps planétaire qui affiche plus de dynamisme que Titan, et son nom est Terre », a ajouté Stofan.

### Instruction2:
La question demande, ""Sur quel corps planétaire des rivières et des lacs de liquide transparent ont-ils été identifiés ?"". Selon le texte traduit fourni, il est fait mention de Titan comme un corps planétaire qui se comporte comme de l'eau. Par conséquent, la réponse à la question est :

<task2>2<task2/>",1.579064130783081
032_772,"### Instruction1:
Jérusalem est la capitale et la plus grande ville d'Israël, bien que la plupart des autres pays et les Nations Unies ne la reconnaissent pas comme la capitale d'Israël. L'ancienne ville dans les collines de Judée a une histoire fascinante qui s'étend sur des milliers d'années. La ville est sainte pour les trois religions monothéistes - le judaïsme, le christianisme et l'islam, et elle sert de centre spirituel, religieux et culturel. En raison de l'importance religieuse de la ville, et en particulier des nombreux sites de la vieille ville, Jérusalem est l'une des principales destinations touristiques en Israël. Jérusalem possède de nombreux sites historiques, archéologiques et culturels, ainsi que des centres commerciaux animés et bondés, des cafés et des restaurants.

### Instruction2:
La question demande, ""Lequel des éléments suivants n’est pas mentionné dans l’extrait comme quelque chose pour lequel Jérusalem est connue ?"". Selon le texte traduit, Jérusalem est mentionnée pour son histoire fascinante, son importance religieuse, et ses sites culturels. Cependant, il n'est pas fait mention d'une ""influence politique"". Par conséquent, la réponse à la question est :

<task2>2<task2/>",1.853804588317871
032_245,"### Instruction1:
Environ trois mille ans plus tard, en 1610, l'astronome italien Galilée Galilei a utilisé un télescope pour observer que Vénus a des phases, tout comme la Lune. Les phases se produisent parce que seule la face de Vénus (ou de la Lune) faisant face au Soleil est éclairée. Les phases de Vénus soutenaient la théorie de Copernic selon laquelle les planètes tournent autour du Soleil. Puis, quelques années plus tard, en 1639, un astronome anglais nommé Jeremiah Horrocks a observé un transit de Vénus.

### Instruction2:
La question demande, ""Parmi les éléments ci-dessous, lequel a pu être observé par Galilée en 1610 ?"". Selon le texte traduit, Galilée a observé les phases de Vénus en 1610. Par conséquent, la réponse à la question est :

<task2>2<task2/>",1.6834111213684082
032_243,"### Instruction1:
""Le Soleil n'a pas de croûte comme la Terre sur laquelle vous pouvez vous tenir. Le Soleil entier est composé de gaz, de feu et de plasma. Le gaz devient plus mince à mesure que vous vous éloignez du centre du Soleil. La partie extérieure que nous voyons lorsque nous regardons le Soleil s'appelle la photosphère, ce qui signifie """"boule de lumière"""".""

### Instruction2:
La question demande, ""D’après l’extrait, quelle est la partie du Soleil visible depuis la Terre ?"". Selon le texte traduit, la partie extérieure que nous voyons lorsque nous regardons le Soleil est appelée la photosphère. Par conséquent, la réponse à la question est :

<task2>3<task2/>",1.3042073249816895
032_170,"### Instruction1:
Bien que la plupart de leurs aliments nous seraient familiers, les Romains avaient leur part d'articles de fête étranges ou inhabituels, y compris du sanglier, des paons, des escargots et un type de rongeur appelé un loir. Une autre différence était que, tandis que les pauvres et les femmes mangeaient leur nourriture assis sur des chaises, les riches hommes aimaient avoir des banquets ensemble où ils s'allongeaient sur le côté pendant qu'ils mangeaient leurs repas. Les repas de la Rome antique ne pouvaient pas inclure des aliments venus d'Amérique ou d'Asie dans les siècles suivants. Par exemple, ils n'avaient ni maïs, ni tomates, ni pommes de terre, ni cacao, et aucun Romain antique n'a jamais goûté à une dinde.

### Instruction2:
La question demande : ""Parmi les éléments ci-dessous, lequel ne trouverait-on pas à un banquet de la Rome antique ?"". Selon le texte traduit, il est précisé qu'aucun Romain antique n'a jamais goûté à une dinde. Ainsi, la réponse à la question est :

<task2>4<task2/>",1.98274564743042
032_216,"### Instruction1:
La lame d'un patin à glace moderne a un double tranchant avec un creux concave entre eux. Les deux bords permettent une meilleure prise sur la glace, même lorsqu'elle est inclinée. Parce que le bas de la lame est légèrement courbé, lorsque la lame s'incline d'un côté ou de l'autre, le bord qui est en contact avec la glace se courbe également. Cela fait tourner le patineur. Si les patins s'inclinent à droite, le patineur tourne à droite, si les patins s'inclinent à gauche, le patineur tourne à gauche.

### Instruction2:
La question demande, ""Parmi les éléments ci-dessous, lequel fait tourner un patineur ?"". Selon le texte traduit, c'est la légère courbe du bas de la lame du patin qui permet au patineur de tourner. Par conséquent, la réponse à la question est :

<task2>1<task2/>",2.4396331310272217
032_383,"### Instruction1:
Les historiens ont critiqué les politiques passées du FBI pour avoir concentré les ressources sur des affaires faciles à résoudre, en particulier les affaires de voitures volées, dans le but d'augmenter le taux de réussite de l'agence. Le Congrès a commencé à financer l'initiative contre l'obscénité au cours de l'exercice 2005 et a spécifié que le FBI devait affecter 10 agents à la pornographie adulte.

### Instruction2:
La question demande, ""Qu’est-ce que l’initiative contre la pornographie oblige le FBI à faire ?"". Selon le texte traduit fourni, l'initiative oblige le FBI à affecter des agents à des affaires de pornographie adulte. Par conséquent, la réponse à la question est :

<task2>4<task2/>",1.6113288402557373
032_541,"### Instruction1:
Bien qu'un vaccin expérimental semble capable de réduire la mortalité due à l'Ebola, jusqu'à présent, aucun médicament n'a clairement démontré son adéquation pour traiter une infection existante. Un cocktail d'anticorps, ZMapp, a d'abord montré des promesses sur le terrain, mais des études formelles ont indiqué qu'il avait moins de bénéfice que prévu pour prévenir la mort. Dans l'essai PALM, ZMapp a servi de témoin, ce qui signifie que les scientifiques l'ont utilisé comme base de référence et ont comparé les trois autres traitements à celui-ci.

### Instruction2:
La question demande, ""Laquelle des affirmations suivantes à propos de ZMapp n’est pas vraie ?"". Selon le texte traduit, voici l'analyse des options :

1. **Il est constitué d’anticorps** - Vrai, puisque ZMapp est décrit comme un cocktail d'anticorps.
2. **Il peut traiter les infections existantes mais pas de limiter le décès** - Faux, car le texte indique qu'aucun médicament n'a été clairement démontré comme adapté pour traiter une infection existante.
3. **Il a servi de témoin dans l’essai PALM** - Vrai, le texte mentionne que ZMapp a servi de témoin dans l'essai PALM.
4. **Des études démontrent qu’il répond moins aux attentes que prévu** - Vrai, le texte indique que des études ont montré qu'il avait moins de bénéfice que prévu.

Ainsi, l'affirmation qui n'est pas vraie est la numéro 2.

### Answer:
<task2>2<task2/>",2.3668525218963623
032_480,"### Instruction1:
Les attaquants de Mumbai sont arrivés par bateau le 26 novembre 2008, apportant avec eux des grenades, des armes automatiques et ont frappé plusieurs cibles, y compris la gare très fréquentée de Chhatrapati Shivaji Terminus et le célèbre hôtel Taj Mahal. Le repérage et la collecte d'informations de David Headley avaient contribué à la réalisation de l'opération par les 10 tireurs du groupe militant pakistanais Laskhar-e-Taiba. L'attaque a mis une énorme pression sur les relations entre l'Inde et le Pakistan.

### Instruction2:
La question demande, ""Qu’a collecté David Headley et qui a fini par contribuer à l’attaque du groupe militant ?"". Selon le texte traduit, David Headley a collecté des informations qui ont contribué à l'attaque. Par conséquent, la réponse à la question est :

<task2>1<task2/>",1.5158627033233643
032_717,"### Instruction1:
Les variétés de français qui sont parlées en Belgique et en Suisse diffèrent légèrement du français parlé en France, bien qu'elles soient suffisamment similaires pour être mutuellement intelligibles. En particulier, le système de numérotation en Belgique et en Suisse francophones présente quelques particularités légères qui diffèrent du français parlé en France, et la prononciation de certains mots est légèrement différente. Néanmoins, tous les Belges et Suisses francophones auraient appris le français standard à l'école, donc ils seraient capables de vous comprendre même si vous utilisiez le système de numérotation français standard.

### Instruction2:
La question demande, ""Lequel des éléments linguistiques suivants pourrait ne pas être compris par les Belges et les Suisses francophones ?"". Selon le texte traduit, les Belges et Suisses francophones ont appris le français standard et peuvent comprendre le système de numérotation standard. Cependant, les particularités linguistiques locales, telles que des mots français particuliers et la prononciation de certains mots, pourraient être moins comprises. Ainsi, la réponse la plus appropriée à la question est :

<task2>2<task2/>",1.7040660381317139
032_647,"### Instruction1:
Les langues auxiliaires sont des langues artificielles ou construites créées dans le but de faciliter la communication entre des peuples qui auraient autrement des difficultés à communiquer. Elles se distinguent des lingua francas, qui sont des langues naturelles ou organiques qui deviennent dominantes pour une raison ou une autre en tant que moyen de communication entre des locuteurs d'autres langues.

### Instruction2:
La question demande, ""Quelle affirmation ne décrit pas correctement les langues auxiliaires ?"". Selon le texte traduit, les langues auxiliaires sont des langues construites et non des langues organiques. Par conséquent, l'affirmation qui ne correspond pas à la description des langues auxiliaires est :

1. Ce sont des langues organiques utilisées pour faciliter la communication entre des gens qui autrement ne se comprendraient pas.

Ainsi, la réponse à la question est :

<task2>1<task2/>",1.4410004615783691
032_632,"### Instruction1:
Vous devriez choisir votre compagnie aérienne de fidélité dans une alliance avec soin. Bien que vous puissiez penser qu'il est intuitif de choisir la compagnie aérienne avec laquelle vous volez le plus, vous devez être conscient que les privilèges offerts sont souvent différents et que les points de fidélité peuvent être plus généreux sous une autre compagnie aérienne dans la même alliance.

### Instruction2:
La question demande, ""D’après l’extrait, qui pourrait offrir plus de points de fidélité ?"". Selon le texte traduit fourni, il est mentionné que les points de fidélité peuvent être plus généreux sous une autre compagnie aérienne dans la même alliance. Par conséquent, la réponse à la question est :

<task2>4<task2/>",1.3132734298706055
032_767,"### Instruction1:
Izmir est la troisième plus grande ville de Turquie avec une population d'environ 3,7 millions d'habitants, le deuxième plus grand port après Istanbul, et un très bon hub de transport. Ancienne ville de Smyrne, c'est maintenant un centre commercial moderne, développé et animé, situé autour d'une immense baie et entouré de montagnes. Les larges boulevards, les bâtiments à façade vitrée et les centres commerciaux modernes sont parsemés de toits en tuiles rouges traditionnels, du marché du XVIIIe siècle et de vieilles mosquées et églises, bien que la ville ait une atmosphère plus proche de l'Europe méditerranéenne que de la Turquie traditionnelle.

### Instruction2:
La question demande, ""Laquelle des caractéristiques suivantes d’Izmir a une origine plus ancienne ?"". Selon le texte traduit, les toits en tuiles rouges sont mentionnés comme une caractéristique traditionnelle qui coexiste avec d'autres éléments modernes de la ville, ce qui suggère qu'ils ont une origine plus ancienne. Par conséquent, la réponse à la question est :

<task2>4<task2/>",1.8130452632904053
032_317,"### Instruction1:
Le procès a eu lieu au Birmingham Crown Court et s'est terminé le 3 août. Le présentateur, qui a été arrêté sur les lieux, a nié l'attaque et a affirmé qu'il avait utilisé le poteau pour se protéger des bouteilles qui lui étaient lancées par jusqu'à trente personnes. Blake a également été reconnu coupable d'avoir tenté de faire entrave à la justice. Le juge a dit à Blake qu'il était ""presque inévitable"" qu'il soit envoyé en prison.

### Instruction2:
La question demande, ""D’après l’extrait, laquelle des affirmations ci-dessous ne décrit pas quelque chose qui est arrivé à Blake ?"". En analysant le texte traduit, nous constatons que Blake a été reconnu coupable d'entrave à la justice (affirmation 1), a été arrêté (affirmation 2), et il a été annoncé qu'il serait probablement incarcéré (affirmation 4). Cependant, il nie avoir été attaqué avec un poteau (affirmation 3) car il affirmait qu'il avait utilisé le poteau pour se défendre. Donc l'affirmation qui ne décrit pas quelque chose qui est arrivé à Blake est :

<task2>3<task2/>",2.22029185295105
032_435,"###Instruction1:
L'amendement proposé a déjà été adopté par les deux chambres en 2011. Un changement a été effectué lors de cette session législative lorsque la deuxième phrase a été d'abord supprimée par la Chambre des représentants, puis a été adoptée sous une forme similaire par le Sénat lundi. L'échec de la deuxième phrase, qui propose d'interdire les unions civiles entre personnes de même sexe, pourrait éventuellement ouvrir la porte aux unions civiles à l'avenir. Suivant le processus, HJR-3 sera de nouveau examiné par la prochaine législature élue en 2015 ou 2016 pour rester en cours.

###Instruction2:
La question demande, ""D’après l’extrait, quand la deuxième proposition a-t-elle été supprimée ?"". Selon le texte traduit, la deuxième phrase a été supprimée au cours de cette session législative. Par conséquent, la réponse à la question est :

<task2>1<task2/>",1.4954731464385986
032_128,"### Instruction1:
La civilisation de la vallée de l'Indus était une civilisation de l'âge du bronze dans le nord-ouest du sous-continent indien englobant la majeure partie du Pakistan moderne et certaines régions du nord-ouest de l'Inde et du nord-est de l'Afghanistan. La civilisation a prospéré dans les bassins du fleuve Indus d'où elle tire son nom. Bien que certains érudits spéculent que, puisque la civilisation existait également dans les bassins de l'actuel fleuve Sarasvati asséché, elle devrait être correctement appelée la civilisation Indus-Sarasvati, tandis que certains l'appellent la civilisation Harappan d'après Harappa, le premier de ses sites à avoir été excavé dans les années 1920.

### Instruction2:
La question demande, ""Parmi les appellations ci-dessous, laquelle n’est pas utilisée pour désigner la civilisation de l’Âge de bronze mentionnée dans l’extrait ?"". Selon le texte traduit, les appellations utilisées pour désigner la civilisation comprennent ""la civilisation Harappan"", ""la civilisation Indus-Sarasvati"" et ""la civilisation de la vallée de l'Indus"". Cependant, l'appellation ""la civilisation du fleuve Indus"" n'est pas mentionnée. Par conséquent, la réponse à la question est :

<task2>3<task2/>",2.3491523265838623
032_560,"### Instruction1:
La station a maintenu son attitude, malgré la perte d'un gyroscope plus tôt dans la mission de la station spatiale, jusqu'à la fin de la sortie dans l'espace. Chiao et Sharipov ont signalé être à une distance sécuritaire des propulseurs d'ajustement d'attitude. Le contrôle au sol russe a activé les jets et l'attitude normale de la station a été retrouvée.

### Instruction2:
La question demande, ""À quel problème la station spatiale a-t-elle été confrontée pendant la mission ?"". Selon le texte traduit fourni, la station spatiale a été confrontée à la perte d'un gyroscope pendant la mission. Par conséquent, la réponse à la question est :

<task2>2<task2/>",1.496232271194458
032_212,"### Instruction1:
La population de la Cité du Vatican est d’environ 800. C'est le plus petit pays indépendant du monde et le pays avec la plus basse population. La Cité du Vatican utilise l'italien dans sa législation et ses communications officielles. L'italien est également la langue quotidienne utilisée par la plupart de ceux qui travaillent dans l'État, tandis que le latin est souvent utilisé dans les cérémonies religieuses. Tous les citoyens de la Cité du Vatican sont catholiques romains.

### Instruction2:
La question demande, ""Au Vatican, à quoi l’italien n’est-il pas employé ?"". Selon le texte traduit fourni, l'italien est utilisé dans la législation, les communications officielles et la communication de tous les jours, mais il est mentionné que le latin est souvent utilisé dans les cérémonies religieuses. Par conséquent, la réponse à la question est :

<task2>3<task2/>",1.8669848442077637
032_192,"### Instruction1:
Les animaux sont constitués de nombreuses cellules. Ils mangent des choses et les digèrent à l'intérieur. La plupart des animaux peuvent se déplacer. Seuls les animaux ont des cerveaux (bien que même tous les animaux n'en aient pas ; les méduses, par exemple, n'ont pas de cerveaux). Les animaux se trouvent partout sur terre. Ils creusent dans le sol, nagent dans les océans et volent dans le ciel.

### Instruction2:
La question demande, ""D’après l’extrait, qu’est-ce que certains animaux n’ont pas ?"". Selon le texte traduit, il est mentionné que certains animaux, comme les méduses, n'ont pas de cerveaux. Par conséquent, la réponse à la question est :

<task2>3<task2/>",1.7177808284759521
032_0,"### Instruction1:
Assurez-vous que votre main est aussi détendue que possible tout en frappant correctement toutes les notes - essayez également de ne pas faire trop de mouvements inutiles avec vos doigts. De cette façon, vous vous fatiguerez le moins possible. Rappelez-vous qu'il n'est pas nécessaire de frapper les touches avec beaucoup de force pour un volume supplémentaire comme sur le piano. Sur l'accordéon, pour obtenir un volume supplémentaire, vous utilisez le soufflet avec plus de pression ou de vitesse.

### Instruction2:
La question demande, ""D’après l’extrait, qu’est-ce qui ne pourrait pas être considéré comme un conseil pertinent pour bien jouer de l’accordéon ?"". Selon le texte traduit, l'option qui ne correspond pas à un bon conseil pour jouer de l'accordéon est ""Pour produire plus de volume, augmentez la pression exercée sur les touches"", car le texte mentionne que pour augmenter le volume, il faut utiliser le soufflet avec plus de pression ou de vitesse, et non pas augmenter la pression sur les touches.

Donc, la réponse est :

<task2>1<task2/>",4.517250299453735
032_222,"### Instruction1:
La bombe à fission fonctionne sur le principe qu'il faut de l'énergie pour assembler un noyau avec de nombreux protons et neutrons. C'est un peu comme pousser un chariot lourd en haut d'une colline. Diviser à nouveau le noyau libère alors une partie de cette énergie. Certains atomes ont des noyaux instables, ce qui signifie qu'ils ont tendance à se décomposer avec peu ou pas de poussée.

### Instruction2:
La question demande, ""D’après l’extrait, que se passe-t-il lorsqu’un noyau est divisé ?"". Selon le texte traduit, lorsque le noyau est divisé, de l'énergie est libérée. Par conséquent, la réponse à la question est :

<task2>2<task2/>",1.3510546684265137
032_424,"### Instruction1:
La norme 802.11n fonctionne sur les fréquences 2,4 GHz et 5,0 GHz. Cela lui permettra d'être rétrocompatible avec 802.11a, 802.11b et 802.11g, à condition que la station de base dispose de radios doubles. Les vitesses de 802.11n sont considérablement plus rapides que celles de ses prédécesseurs, avec un débit théorique maximum de 600 Mbit/s.

### Instruction2:
La question demande, ""Lequel des éléments ci-dessous propose des vitesses plus rapides que ses prédécesseurs ?"". Selon le texte traduit fourni, la norme 802.11n offre des vitesses beaucoup plus rapides que celles de ses prédécesseurs. Par conséquent, la réponse à la question est :

<task2>1<task2/>",4.2789764404296875
032_94,"### Instruction1:
La recherche du XXe siècle a montré qu'il existe deux pools de variation génétique : cachée et exprimée. La mutation ajoute de nouvelles variations génétiques, et la sélection les retire du pool de variations exprimées. La ségrégation et la recombinaison mélangent la variation d'un pool à l'autre à chaque génération.

### Instruction2:
La question demande, ""Quel est le processus responsable de l’ajout de variations génétiques ?"". Selon le texte traduit fourni, c'est le processus de mutation qui est responsable de l'ajout de variations génétiques. Par conséquent, la réponse à la question est :

<task2>3<task2/>",1.3710565567016602
032_566,"### Instruction1:
Jarque s'entraînait pendant l'entraînement de pré-saison à Coverciano en Italie plus tôt dans la journée. Il séjournait à l'hôtel de l'équipe avant un match prévu pour dimanche contre Bologne. Il séjournait à l'hôtel de l'équipe avant un match prévu pour dimanche contre Bologne.

### Instruction2:
La question demande, ""Quelle était l’équipe adverse pour le match ?"". Selon le texte traduit fourni, l'équipe adverse pour le match prévu était Bologne. Par conséquent, la réponse à la question est :

<task2>2<task2/>",1.2798550128936768
032_283,"### Instruction1:
Selon le dernier bulletin, les relevés du niveau de la mer ont indiqué qu'un tsunami avait été généré. Une certaine activité de tsunami a été enregistrée près de Pago Pago et Niue. Aucun dommage majeur ni blessure n'ont été signalés à Tonga, mais l'électricité a été temporairement coupée, ce qui a apparemment empêché les autorités tongiennes de recevoir l'alerte de tsunami émise par le PTWC. Quatorze écoles à Hawaii situées sur ou près des côtes ont été fermées tout au long de mercredi malgré la levée des alertes.

### Instruction2:
La question demande, ""D’après l’extrait, en quoi la coupure d’électricité a-t-elle affecté Tonga ?"". Selon le texte traduit, la coupure d'électricité a empêché les autorités tongiennes de recevoir l'alerte de tsunami. Par conséquent, la réponse à la question est :

<task2>4<task2/>",1.8004260063171387
032_748,"### Instruction1:
Soyez assuré qu'une fois que vous atteindrez les marinas, tout sera assez évident. Vous rencontrerez d'autres auto-stoppeurs de bateau qui partageront leurs informations avec vous. En gros, vous afficherez des avis offrant votre aide, vous ferez des allers-retours sur les quais, vous approcherez des personnes qui nettoient leurs yachts, tentant de contacter des marins dans le bar, etc. Essayez de parler à un maximum de personnes possible. Après un certain temps, tout le monde vous connaîtra et vous donnera des indices sur le bateau qui cherche quelqu'un.

### Instruction2:
La question demande, ""Que devez-vous éviter de faire si vous souhaitez trouver un bateau qui cherche de l’aide ?"". Selon le texte traduit fourni, il est suggéré que vous devriez parler à un maximum de personnes et interagir avec les autres auto-stoppeurs, donc ignorer les autres auto-stoppeurs serait une mauvaise idée. Par conséquent, la réponse à la question est :

<task2>4<task2/>",1.7637085914611816
032_154,"### Instruction1:
Le premier mode de transport connu était la marche, les humains ont commencé à marcher debout il y a deux millions d'années avec l'émergence de Homo Erectus (signifiant homme debout). Leurs ancêtres, les Australopithèques, ne marchaient pas debout de manière habituelle. Des spécialisations bipèdes se trouvent dans des fossiles d'Australopithèque datant de 4,2 à 3,9 millions d'années, bien que le Sahelanthropus ait pu marcher sur deux jambes dès sept millions d'années.

### Instruction2:
La question demande, ""Parmi les espèces ci-dessous, laquelle marchait régulièrement sur deux jambes ?"". Selon le texte traduit fourni, les humains (Homo Erectus) ont commencé à marcher debout, tandis que les Australopithèques ne marchaient pas habituellement de cette manière. Bien que le Sahelanthropus ait pu marcher sur deux jambes, le texte ne précise pas qu'il le faisait régulièrement. Ainsi, la réponse la plus appropriée est :

<task2>2<task2/>",1.8722150325775146
032_724,"### Instruction1:
Les casinos font généralement de nombreux efforts pour maximiser le temps et l'argent dépensés par les clients. Les fenêtres et les horloges sont généralement absentes, et les sorties peuvent être difficiles à trouver. Ils ont souvent des offres spéciales de nourriture, de boissons et de divertissement, pour garder les clients de bonne humeur et les maintenir sur place. Certains établissements offrent des boissons alcoolisées gratuites. Cependant, l'ivresse altère le jugement, et tous les bons joueurs savent l'importance de rester sobre.

### Instruction2:
La question demande, ""D’après l’extrait, laquelle des tactiques suivantes n’est pas utilisée pour empêcher les passagers de jouer à des jeux d’argent ?"". Selon le texte traduit, il est mentionné que les casinos n'ont généralement pas de fenêtres et d'horloges, ce qui empêche les clients de savoir quelle heure il est, et l'absence de lumière naturelle contribue également à cet effet. Cependant, la tactique qui n'est pas utilisée pour empêcher les passagers de jouer est ""Beaucoup de lumière naturelle"", car cela ne fait pas partie des stratégies décrites pour garder les clients sur place.

Par conséquent, la réponse à la question est :

<task2>1<task2/>",1.787097692489624
032_98,"### Instruction1:
Les enfants développent une conscience de la race et des stéréotypes raciaux dès leur jeune âge et ces stéréotypes raciaux affectent le comportement. Par exemple, les enfants qui s'identifient à une minorité raciale qui est stéréotypée comme ne réussissant pas bien à l'école tendent à ne pas bien réussir à l'école une fois qu'ils prennent connaissance du stéréotype associé à leur race.

### Instruction2:
La question demande, ""D’après la théorie présentée dans le passage, que pourrait-il arriver à un enfant qui s’identifierait à une minorité raciale perçue habituellement comme susceptible d’exhiber des comportements menaçants ?"". Selon le texte traduit, il est probable que l'enfant soit plus susceptible d'exhiber des comportements menaçants en raison de l'impact des stéréotypes raciaux sur le comportement. Par conséquent, la réponse à la question est :

<task2>2<task2/>",1.4714558124542236
032_893,"### Instruction1:
Quiconque envisage de conduire à des latitudes élevées ou à travers des cols de montagne devrait envisager la possibilité de neige, de glace ou de températures glaciales. Sur des routes glacées et enneigées, le frottement est faible et vous ne pouvez pas conduire comme si vous étiez sur de l'asphalte nu. Pendant les tempêtes de neige, suffisamment de neige pour vous bloquer peut tomber en très peu de temps. La visibilité peut également être réduite par la neige qui tombe ou souffle ou par la condensation ou la glace sur les fenêtres des véhicules. D'un autre côté, les conditions glacées et enneigées sont normales dans de nombreux pays, et la circulation se poursuit généralement sans interruption tout au long de l'année.

### Instruction2:
La question demande : ""Lequel des éléments suivants est susceptible de causer le moins de problèmes à un conducteur franchissant un col de montagne ?"". Selon le texte traduit fourni, il est mentionné que le frottement est faible sur des routes glacées et enneigées, ce qui pourrait causer des problèmes. La visibilité limitée due à la neige ou à la glace est également problématique. Un trafic dense peut être un problème, mais la condensation excessive n'est pas mentionnée comme un facteur problématique dans le contexte de la conduite dans des conditions hivernales. Par conséquent, parmi les options données, le fait qu'il y ait ""peu de frottements"" est le plus susceptible de causer des problèmes.

La réponse à la question est donc :

<task2>2<task2/>",2.086268901824951
032_75,"### Instruction1:
Les chèvres semblent avoir été domestiquées pour la première fois il y a environ 10 000 ans dans les montagnes Zagros en Iran. Les cultures et tribus anciennes ont commencé à les garder pour un accès facile au lait, aux poils, à la viande et aux peaux. Les chèvres domestiques étaient généralement gardées en troupeaux qui erraient sur des collines ou d'autres zones de pâturage, souvent gardées par des chèvres qui étaient fréquemment des enfants ou des adolescents, similaire au berger plus largement connu. Ces méthodes de pâturage sont encore utilisées aujourd'hui.

### Instruction2:
La question demande, ""Parmi les raisons ci-dessous, laquelle n’était pas une raison pour une ancienne culture de garder des chèvres ?"". Selon le texte traduit, les chèvres étaient gardées principalement pour l'accès au lait, à la viande, aux poils et aux peaux. Cependant, il n'est pas mentionné qu'elles offraient de la compagnie comme raison de leur domestication. Par conséquent, la réponse à la question est :

<task2>3<task2/>",1.764991283416748
032_643,"### Instruction1:
Il y a de nombreuses plages, en raison de l'emplacement d'Auckland entre deux ports. Les plus populaires se trouvent dans trois zones. Les plages de North Shore (dans le district de North Harbour) sont sur l'océan Pacifique et s'étendent de Long Bay au nord à Devonport au sud. Ce sont presque toutes des plages de sable avec une baignade sécurisée, et la plupart ont de l'ombre fournie par des arbres pohutukawa. Les plages de Tamaki Drive sont sur le port de Waitemata, dans les banlieues huppées de Mission Bay et St Heliers au centre d'Auckland. Ce sont parfois des plages familiales bondées avec une bonne gamme de boutiques le long de la côte. La baignade est sécurisée.

### Instruction2:
La question demande, ""D’après l’extrait, quel lieu serait parfait pour une journée tranquille à la plage ?"". Selon le texte traduit, les plages de North Shore sont presque toutes des plages de sable avec une baignade sécurisée, ce qui les rend idéales pour une journée tranquille. En revanche, les plages de Mission Bay et St Heliers sont décrites comme parfois bondées. Ainsi, la réponse à la question serait :

<task2>3<task2/>",1.9751214981079102
032_494,"### Instruction1:
La décision de M. Rudd de signer le protocole de Kyoto sur le climat isole les États-Unis, qui seront désormais le seul pays développé à ne pas ratifier l'accord. L'ancien gouvernement conservateur australien a refusé de ratifier Kyoto, disant que cela nuirait à l'économie en raison de sa forte dépendance aux exportations de charbon, tandis que des pays comme l'Inde et la Chine n'étaient pas soumis à des objectifs d'émissions.

### Instruction2:
La question demande, ""D’après l’extrait, quel pays est concerné par la signature du protocole de Kyoto sur le climat ?"". Selon le texte traduit, il est indiqué que M. Rudd a signé le protocole de Kyoto, ce qui concerne l'Australie. Par conséquent, la réponse à la question est :

<task2>3<task2/>",1.7450871467590332
032_368,"### Instruction1:
Lorsque les combats ont cessé après que les blessés ont été transportés à l'hôpital, environ 40 des autres détenus restants sont restés dans la cour et ont refusé de retourner dans leurs cellules. Des négociateurs ont essayé de rectifier la situation, mais les demandes des prisonniers ne sont pas claires. Entre 22h00 et 23h00 MDT, un incendie a été déclenché par les détenus dans la cour. Bientôt, des agents équipés de matériel anti-émeute sont entrés dans la cour et ont coincé les détenus avec des gaz lacrymogènes. Les équipes de secours ont finalement éteint l'incendie à 23h35.

### Instruction2:
La question demande, ""D’après l’extrait, qui n’a pas interagi avec les détenus restés dans la cour après la bagarre ?"". Selon le texte traduit, les négociateurs ont tenté de rectifier la situation, les officiers sont intervenus avec du matériel anti-émeute, et les équipes de secours ont éteint l'incendie. Cependant, il n'est pas mentionné que le personnel de l'infirmerie ait interagi avec les détenus. Par conséquent, la réponse à la question est :

<task2>4<task2/>",1.848724365234375
032_611,"### Instruction1:
La coalition et les troupes afghanes se sont déplacées dans la région pour sécuriser le site et d'autres avions de la coalition ont été envoyés pour aider. L'accident s'est produit en altitude dans un terrain montagneux et on pense qu'il a été causé par des tirs hostiles. Les efforts pour rechercher le site de l'accident sont confrontés à des conditions météorologiques défavorables et à un terrain difficile.

### Instruction2:
La question demande, ""Quelle est la cause présumée de l’accident ?"". Selon le texte traduit, il est mentionné que l'accident est ""croyait d'être le résultat de tirs hostiles"". Par conséquent, la réponse à la question est :

<task2>2<task2/>",1.7309761047363281
032_881,"### Instruction1:
Voyager à Walt Disney World représente un important pèlerinage pour de nombreuses familles américaines. La visite ""typique"" implique de prendre un vol vers l'aéroport international d'Orlando, de prendre un bus jusqu'à un hôtel Disney sur place, de passer environ une semaine sans quitter la propriété de Disney, puis de rentrer chez soi. Il existe d'infinies variations possibles, mais cela reste ce que la plupart des gens entendent par ""aller à Disney World"". De nombreux billets vendus en ligne via des sites d'enchères tels qu'eBay ou Craigslist sont des billets multi-jours partiellement utilisés. Bien que cela soit une activité très courante, c'est interdit par Disney : les billets ne sont pas transférables.

### Instruction2:
La question demande, ""D’après l’extrait, qu’est-ce qui peut être considéré comme atypique par rapport au voyage moyen à Walt Disney World ?"". Selon le texte traduit, le voyage typique implique de passer une semaine sans quitter la propriété de Disney. Ainsi, dormir dans un hôtel hors site serait considéré comme atypique. Par conséquent, la réponse à la question est :

<task2>2<task2/>",2.0086047649383545
032_675,"### Instruction1:
En 1994, la région ethniquement arménienne du Haut-Karabakh en Azerbaïdjan a déclaré la guerre contre les Azéris. Avec le soutien arménien, une nouvelle république a été créée. Cependant, aucune nation établie - même pas l'Arménie - ne la reconnaît officiellement. Les différends diplomatiques concernant la région continuent d'entacher les relations entre l'Arménie et l'Azerbaïdjan.

### Instruction2:
La question demande, ""Qu’est-ce qui n’est pas reconnu par l’Arménie ?"". Selon le texte traduit, il est indiqué qu'aucune nation, y compris l'Arménie, ne reconnaît officiellement la nouvelle république créée dans la région du Haut-Karabakh. Par conséquent, la réponse à la question est :

<task2>4<task2/>",1.770559310913086
032_722,"### Instruction1:
Utiliser des applications de navigation GPS sur votre smartphone peut être le moyen le plus simple et le plus pratique de naviguer lorsque vous êtes hors de votre pays d'origine. Cela peut vous faire économiser de l'argent par rapport à l'achat de nouvelles cartes pour un GPS, ou un appareil GPS autonome, ou à la location d'un auprès d'une société de location de voitures. Si vous n'avez pas de connexion de données pour votre téléphone, ou lorsqu'il est hors de portée, leurs performances peuvent être limitées ou indisponibles.

### Instruction2:
La question demande, ""Qu’est-ce qui ne serait pas une bonne raison d’utiliser une application de navigation par GPS plutôt qu’un appareil autonome ?"". Selon le texte traduit fourni, l'utilisation d'une application de navigation par GPS sur un smartphone peut être limitée si vous n'avez pas de connexion de données, ce qui signifie que ""pour ne pas avoir à se soucier de la connexion de données"" ne serait pas une bonne raison. Par conséquent, la réponse à la question est :

<task2>1<task2/>",2.149359703063965
032_819,"### Instruction1:
Bien que l'économie de San Francisco soit liée à son statut de destination touristique de classe mondiale, son économie est diversifiée. Les plus grands secteurs d'emploi sont les services professionnels, le gouvernement, la finance, le commerce et le tourisme. Sa représentation fréquente dans la musique, les films, la littérature et la culture populaire a contribué à faire connaître la ville et ses monuments à travers le monde. San Francisco a développé une grande infrastructure touristique avec de nombreux hôtels, restaurants et des installations de congrès de premier ordre. San Francisco est également l'un des meilleurs endroits du pays pour d'autres cuisines asiatiques : coréenne, thaïlandaise, indienne et japonaise.

### Instruction2:
La question demande : ""D’après l’extrait, qu’est-ce qui a contribué à la renommée internationale de San Francisco ?"". Selon le texte traduit, la représentation fréquente de San Francisco dans la musique, les films, la littérature et la culture populaire a joué un rôle important dans sa renommée internationale. Par conséquent, la réponse à la question est :

<task2>1<task2/>",2.3298094272613525
032_287,"### Instruction1:
La prison d'Abu Ghraib en Irak a été incendiée lors d'une émeute. La prison est devenue notoire après que des abus sur des prisonniers y ont été découverts après la prise de contrôle par les forces américaines.

### Instruction2:
La question demande, ""Que s’est-il passé au cours de l’émeute à Abu Ghraib ?"". Selon le texte traduit fourni, la prison d'Abu Ghraib a été incendiée pendant l'émeute. Par conséquent, la réponse à la question est :

<task2>4<task2/>",1.5817129611968994
032_45,"### Instruction1:
Alors que la capacité d'obtenir des connaissances et d'apprendre a changé de la manière mentionnée ci-dessus, le taux de base auquel les connaissances étaient obtenues a également changé. L'approche pour obtenir des informations était différente. La pression ne résidait plus dans le rappel individuel, mais la capacité à se souvenir d'un texte est devenue plus importante. En essence, la Renaissance a apporté un changement significatif dans l'approche de l'apprentissage et la diffusion des connaissances.

### Instruction2:
La question demande, ""Parmi les éléments ci-dessous, lequel est devenu plus important suite à la Renaissance ?"". Selon le texte traduit fourni, il est précisé que la capacité à se souvenir d'un texte est devenue plus importante après la Renaissance. Par conséquent, la réponse à la question est :

<task2>3<task2/>",1.491549015045166
032_221,"### Instruction1:
Après des centaines d'heures de fonctionnement, le filament de l'ampoule finit par brûler et l'ampoule ne fonctionne plus. L'ampoule doit alors être remplacée. Il est nécessaire de faire attention lors du remplacement de l'ampoule. Tout d'abord, l'interrupteur de l'appareil d'éclairage doit être éteint ou le câble débranché. Cela est dû au fait que l'électricité qui circule dans la prise où se trouve la partie métallique de l'ampoule peut vous donner un choc électrique sévère si vous touchez l'intérieur de la prise ou la base en métal de l'ampoule alors qu'elle est encore partiellement dans la prise.

### Instruction2:
La question demande, ""Lequel des éléments ci-dessous présente un danger si on le touche en remplaçant une ampoule électrique ?"". Selon le texte traduit fourni, toucher la base en métal de l'ampoule ou l'intérieur de la prise peut entraîner un choc électrique sévère. Par conséquent, la réponse à la question est :

<task2>3<task2/>",1.6554288864135742
032_720,"### Instruction1:
Seules quelques compagnies aériennes offrent encore des tarifs de deuil, qui réduisent légèrement le coût des voyages funéraires de dernière minute. Les compagnies aériennes qui proposent ces tarifs incluent Air Canada, Delta Air Lines, Lufthansa pour les vols en provenance des États-Unis ou du Canada, et WestJet. Dans tous les cas, vous devez réserver par téléphone directement avec la compagnie aérienne.

### Instruction2:
La question demande, ""Quelle affirmation à propos du tarif de deuil est vraie ?"". Selon le texte traduit, il est mentionné que le tarif de deuil doit être réservé par téléphone directement auprès de la compagnie aérienne. Cela signifie que l'option correcte est :

<task2>4<task2/>",1.6104984283447266
032_777,"### Instruction1:
La cuisine majorquine, comme celle des zones similaires en Méditerranée, est basée sur le pain, les légumes et la viande (surtout le porc), et utilise de l'huile d'olive tout au long. Un dîner populaire simple, surtout pendant l'été, est le Pa amb Oli : Pain avec de l'huile d'olive, de la tomate et tout condiment disponible comme du fromage, du thon, etc.

### Instruction2:
La question demande, ""D’après l’extrait, lequel de ces ingrédients n’est pas un aliment de base de la cuisine majorquine ?"". Selon le texte traduit fourni, les aliments de base de la cuisine majorquine incluent le pain, les légumes et la viande (en particulier le porc). Cependant, les céréales ne sont pas mentionnées comme un aliment de base dans la cuisine majorquine. Par conséquent, la réponse à la question est :

<task2>3<task2/>",1.9570319652557373
032_441,"### Instruction1:
Le groupe d'étude sur l'Irak a présenté son rapport à 12h00 GMT aujourd'hui. Il avertit que personne ne peut garantir qu'aucune action en Irak à ce stade arrêtera la guerre sectaire, la violence croissante ou une glissade vers le chaos. Le rapport s'ouvre par un appel à un débat ouvert et à la formation d'un consensus aux États-Unis concernant la politique envers le Moyen-Orient. Le rapport est très critique à l'égard de presque tous les aspects de la politique actuelle de l'exécutif envers l'Irak et appelle à un changement de direction immédiat. En première parmi ses 78 recommandations, il est dit qu'une nouvelle initiative diplomatique devrait être prise avant la fin de cette année pour sécuriser les frontières de l'Irak contre les interventions hostiles et rétablir des relations diplomatiques avec ses voisins.

### Instruction2:
La question demande, ""Parmi les éléments ci-dessous, lequel n’est pas recommandé par le groupe d’étude sur l’Irak dans son rapport ?"". Selon le texte traduit, le groupe d'étude ne recommande pas de ""déclaration d’une garantie pour enrayer la violence croissante"". Par conséquent, la réponse à la question est :

<task2>1<task2/>",2.0235583782196045
032_527,"### Instruction1:
Piquet Jr. a eu un accident lors du Grand Prix de Singapour en 2008 juste après un premier arrêt au stand pour Fernando Alonso, provoquant la sortie de la voiture de sécurité. Alors que les voitures devant Alonso allaient faire le plein sous la voiture de sécurité, il a progressé dans le peloton pour remporter la victoire. Piquet Jr. a été renvoyé après le Grand Prix de Hongrie en 2009.

### Instruction2:
La question demande : ""Quand le crash est-il survenu ?"". Selon le texte traduit, le crash de Piquet Jr. est survenu juste après l'arrêt au stand d'Alonso. Par conséquent, la réponse à la question est :

<task2>1<task2/>",1.567336082458496
032_471,"### Instruction1:
Jusqu'à présent, AOL a pu déplacer et développer le marché de la messagerie instantanée à son propre rythme, en raison de son utilisation généralisée aux États-Unis. Avec cet arrangement en place, cette liberté pourrait prendre fin. Le nombre d'utilisateurs des services de Yahoo! et de Microsoft combinés rivalisera avec le nombre de clients d'AOL.

### Instruction2:
La question demande, ""Lequel des éléments suivants pourrait se terminer suite au nouvel arrangement ?"". Selon le texte traduit fourni, cet arrangement pourrait mettre fin à la liberté d'AOL de développer le marché de la messagerie instantanée à son propre rythme. Par conséquent, la réponse à la question est :

<task2>3<task2/>",1.3067049980163574
032_482,"### Instruction1:
Le bilan de Nadal contre le Canadien est de 7–2. Il a récemment perdu contre Raonic lors de l'Open de Brisbane. Nadal a remporté 88 % des points au filet lors du match, gagnant 76 points sur son premier service. Après le match, le Roi de la Terre Battue a déclaré : ""Je suis simplement excité d'être de retour dans les tours finales des événements les plus importants. Je suis ici pour essayer de gagner cela.""

### Instruction2:
La question demande, ""Quelle affirmation décrit correctement le résultat du match de l’Open de Brisbane entre Nadal et Raonic mentionné dans l’extrait ?"". Selon le texte traduit, Nadal a perdu contre Raonic lors de l'Open de Brisbane. Par conséquent, la réponse à la question est :

<task2>1<task2/>",1.6872544288635254
032_144,"### Instruction1:
MySpace est le troisième site web le plus populaire aux États-Unis et compte actuellement 54 millions de profils. Ces sites web ont attiré beaucoup d'attention, en particulier dans le cadre éducatif. Il y a des aspects positifs à ces sites web, qui incluent la possibilité de facilement créer une page de classe qui peut inclure des blogs, des vidéos, des photos et d'autres fonctionnalités. Cette page peut être facilement accessible en fournissant simplement une adresse web, ce qui la rend facile à retenir et facile à taper pour les étudiants qui peuvent avoir des difficultés à utiliser le clavier ou à épeler. Elle peut être personnalisée pour être facile à lire et avec autant ou aussi peu de couleurs que souhaité.

### Instruction2:
La question demande, ""D’après l’extrait, quelle fonctionnalité de MySpace pourrait s’avérer bénéfique pour les étudiants ayant des difficultés à lire ?"". Selon le texte traduit, l'élément qui pourrait être bénéfique pour les étudiants ayant des difficultés à lire est l'adresse web unique, car elle facilite la mémorisation et la saisie. Par conséquent, la réponse à la question est :

<task2>3<task2/>",1.7729382514953613
032_155,"### Instruction1:
Utiliser des navires pour transporter des marchandises est de loin le moyen le plus efficace de déplacer de grandes quantités de personnes et de marchandises à travers les océans. La tâche des marines a traditionnellement été d'assurer que votre pays conserve la capacité de déplacer vos personnes et vos marchandises, tout en interférant en même temps avec la capacité de votre ennemi à déplacer ses personnes et ses marchandises. L'un des exemples récents les plus remarquables de cela a été la campagne de l'Atlantique Nord de la Seconde Guerre mondiale. Les Américains essayaient de déplacer des hommes et des matériaux à travers l'océan Atlantique pour aider la Grande-Bretagne. En même temps, la marine allemande, utilisant principalement des sous-marins, essayait d'arrêter ce trafic. Si les Alliés avaient échoué, l'Allemagne aurait probablement été en mesure de conquérir la Grande-Bretagne comme elle l'avait fait avec le reste de l'Europe.

### Instruction2:
La question demande, ""Qu’essayait d’accomplir la marine allemande durant la Seconde Guerre mondiale ?"". Selon le texte traduit fourni, la marine allemande essayait d'arrêter le trafic de personnes et de marchandises, en particulier pour empêcher la Grande-Bretagne de recevoir des soldats et du matériel. Par conséquent, la réponse à la question est :

<task2>2<task2/>",2.349431037902832
032_443,"### Instruction1:
Selon Ansa, « la police était préoccupée par quelques assassinats de haut niveau qu'elle craignait de voir déclencher une véritable guerre de succession. La police a déclaré que Lo Piccolo avait l'avantage parce qu'il avait été l'homme de confiance de Provenzano à Palerme et que son expérience plus grande lui avait valu le respect de la génération plus âgée de chefs alors qu'ils poursuivaient la politique de Provenzano de rester aussi discrets que possible tout en renforçant leur réseau de pouvoir. Ces chefs avaient été maîtrisés par Provenzano lorsqu'il a mis fin à la guerre menée par Riina contre l'État qui a coûté la vie aux croisés de la mafia Giovanni Falcone et Paolo Borsellino en 1992. »

### Instruction2:
La question demande, ""D’après les informations contenues dans l’extrait, quelle a été la cause de la mort de Falcone ?"". Selon le texte traduit, il est mentionné que Giovanni Falcone a perdu la vie lors de la guerre menée par Riina contre l'État. Par conséquent, la réponse à la question est :

<task2>1<task2/>",1.8293442726135254
032_583,"### Instruction1:
""Accompagné de ces fonctionnaires, il a assuré aux citoyens du Texas que des mesures étaient prises pour protéger la sécurité du public. Perry a spécifiquement déclaré : """"Il y a peu d'endroits dans le monde mieux équipés pour relever le défi que pose ce cas."""" Le gouverneur a également déclaré : """"Aujourd'hui, nous avons appris que certains enfants d'âge scolaire ont été identifiés comme ayant eu contact avec le patient."""" Il a poursuivi en disant : """"Ce cas est grave. Soyez assurés que notre système fonctionne aussi bien qu'il le devrait.""""

### Instruction2:
La question demande, ""Comme stipulé dans l’extrait, qui, spécifiquement, a été en contact avec un patient ?"". Selon le texte traduit, il est mentionné que ""certains enfants d'âge scolaire ont été identifiés comme ayant eu contact avec le patient."" Par conséquent, la réponse à la question est :

<task2>2<task2/>",1.531843900680542
032_374,"### Instruction1:
Si cela est confirmé, la découverte complète la recherche de huit ans d'Allen pour le Musashi. Après la cartographie des fonds marins, l'épave a été trouvée à l'aide d'un ROV. L'un des hommes les plus riches du monde, Allen aurait investi une grande partie de sa richesse dans l'exploration marine et a commencé sa quête pour trouver le Musashi en raison d'un intérêt de longue date pour la guerre.

### Instruction2:
La question demande, ""Qu’est-ce qui a poussé Allen à entamer huit ans de recherche du Musashi ?"". Selon le texte traduit fourni, Allen a commencé sa quête pour trouver le Musashi en raison d'un intérêt de longue date pour la guerre. Par conséquent, la réponse à la question est :

<task2>4<task2/>",1.4350016117095947
032_401,"### Instruction1:
Les victimes étaient Nicholas Alden, 25 ans, et Zachary Cuddeback, 21 ans. Cuddeback avait été le conducteur. Edgar Veguilla a reçu des blessures au bras et à la mâchoire, tandis que Kristoffer Schneider a dû subir une chirurgie reconstructive pour son visage. L'arme d'Uka a échoué alors qu'elle était pointée sur la tête d'un cinquième homme. Schneider souffre de douleurs continues, de cécité d'un œil, d'une partie du crâne manquante et d'un visage reconstruit en titane. Schneider a témoigné par vidéoconférence depuis une base de l'USAF dans son pays d'origine.

### Instruction2:
La question demande, ""D’après l’extrait, combien de personnes sont mortes dans l’attaque ?"". Selon le texte traduit, il est mentionné que les victimes étaient Nicholas Alden et Zachary Cuddeback, ce qui indique qu'il y a eu 2 morts. Par conséquent, la réponse à la question est :

<task2>2<task2/>",1.7584161758422852
032_315,"### Instruction1:
Avec seulement dix-huit médailles disponibles par jour, plusieurs pays n'ont pas réussi à monter sur le podium des médailles. Ils incluent les Pays-Bas, avec Anna Jochemsen terminant neuvième dans la classe debout féminine en Super-G hier, et la Finlande avec Katja Saarinen terminant dixième dans le même événement. Mitchell Gourley d'Australie a terminé onzième dans le Super-G debout masculin. Le concurrent tchèque Oldrich Jelinek a terminé seizième dans le Super-G assis masculin. Arly Velasquez du Mexique a terminé quinzième dans le Super-G assis masculin. Adam Hall de Nouvelle-Zélande a terminé neuvième dans le Super-G debout masculin. Le skieur polonais malvoyant Maciej Krezel et son guide Anna Ogarzynska ont terminé treizième dans le Super-G. Jong Seork Park de Corée du Sud a terminé vingt-quatrième dans le Super-G assis masculin.

### Instruction2:
La question demande, ""Quel pays a terminé dixième au Super-G féminin debout ?"". Selon le texte traduit, la Finlande a terminé dixième dans le Super-G féminin debout. Par conséquent, la réponse à la question est :

<task2>1<task2/>",2.5047733783721924
032_93,"### Instruction1:
La recherche du XXe siècle a montré qu'il existe deux réserves de variation génétique : cachée et exprimée. La mutation ajoute de la nouvelle variation génétique, et la sélection l'enlève de la réserve de variation exprimée. La ségrégation et la recombinaison mélangent la variation entre les deux réserves à chaque génération.

### Instruction2:
La question demande, ""La sélection enlève les nouvelles variations génétiques de quelle réserve ?"". Selon le texte traduit fourni, la sélection enlève les nouvelles variations génétiques de la réserve exprimée. Par conséquent, la réponse à la question est :

<task2>4<task2/>",1.51615571975708
032_551,"### Instruction1:
Roberts a catégoriquement refusé de dire quand il croyait que la vie commence, une question importante lorsqu'on considère l'éthique de l'avortement, en disant qu'il serait contraire à la déontologie de commenter les détails des cas probables. Il a cependant réitéré sa déclaration antérieure selon laquelle Roe v. Wade était la ""loi établie du pays"", en soulignant l'importance des décisions cohérentes de la Cour suprême. Il a également confirmé qu'il croyait au droit implicite à la vie privée sur lequel reposait la décision Roe.

### Instruction2:
La question demande, ""Quel sujet de discussion Roberts a-t-il jugé contraire à la déontologie ?"". Selon le texte traduit, Roberts a jugé contraire à la déontologie de commenter les détails des cas. Par conséquent, la réponse à la question est :

<task2>4<task2/>",1.5095407962799072
032_80,"### Instruction1:
Les tornades frappent une petite zone par rapport à d'autres tempêtes violentes, mais elles peuvent détruire tout sur leur passage. Les tornades déracinent des arbres, arrachent des planches des bâtiments et projettent des voitures dans le ciel. Les deux pour cent de tornades les plus violentes durent plus de trois heures. Ces tempêtes monstres ont des vents allant jusqu'à 480 km/h (133 m/s; 300 mph).

### Instruction2:
La question demande, ""D’après l’extrait, quelle affirmation sur les tornades n’est pas vraie ?"". Selon le texte traduit, il est mentionné que ""les deux pour cent de tornades les plus violentes durent plus de trois heures"", ce qui indique que la majorité des tornades ne dure pas plus de trois heures. Par conséquent, l'affirmation ""La majorité des tornades dure plus de trois heures"" est fausse.

<task2>3<task2/>",1.957268476486206
032_460,"### Instruction1:
Le document, selon la fuite, fera référence au différend sur les frontières, que la Palestine souhaite basé sur les frontières avant la guerre du Moyen-Orient de 1967. D'autres sujets abordés comprendraient apparemment l'avenir de Jérusalem, qui est sacré pour les deux nations, ainsi que la question de la vallée du Jourdain. Israël exige une présence militaire continue dans la vallée pendant dix ans une fois un accord signé, tandis que l'Autorité palestinienne accepte de laisser une telle présence seulement pendant cinq ans.

### Instruction2:
La question demande, ""Laquelle des revendications suivantes n’est pas une de celles de la Palestine ?"". Selon le texte traduit, la Palestine souhaite des frontières basées sur celles d'avant la guerre, des solutions concernant l'avenir de Jérusalem, et elle accepte une présence militaire pendant cinq ans dans la vallée du Jourdain. En revanche, Israël exige une présence militaire permanente dans la vallée du Jourdain pendant dix ans, ce qui n'est pas une revendication de la Palestine. Par conséquent, la réponse à la question est :

<task2>2<task2/>",2.1904795169830322
032_417,"### Instruction1:
Un ancien policier philippin a retenu en otage des touristes de Hong Kong en détournant leur bus à Manille, la capitale des Philippines. Rolando Mendoza a tiré avec son fusil M16 sur les touristes. Plusieurs otages ont été secourus et au moins six ont été confirmés morts jusqu'à présent. Six otages, y compris des enfants et des personnes âgées, ont été libérés tôt, tout comme les photographes philippins. Les photographes ont ensuite remplacé une dame âgée car elle avait besoin des toilettes. Mendoza a été abattu.

### Instruction2:
La question demande, ""D’après l’extrait, quels otages n’ont pas été confirmés comme ayant été libérés prématurément?"". Selon le texte traduit, il est mentionné que six otages, y compris des enfants et des personnes âgées, ont été libérés tôt, ainsi que les photographes. Cependant, les touristes ne sont pas mentionnés comme ayant été libérés prématurément. Par conséquent, la réponse à la question est :

<task2>1<task2/>",1.7881591320037842
032_785,"### Instruction1:
La capitale de la Moldavie est Chişinău. La langue locale est le roumain, mais le russe est largement utilisé. La Moldavie est une république multiethnique qui a souffert de conflits ethniques. En 1994, ce conflit a conduit à la création de la république autoproclamée de Transnistrie dans l'est de la Moldavie, qui a son propre gouvernement et sa propre monnaie mais n'est reconnue par aucun pays membre de l'ONU. Des liens économiques ont été rétablis entre ces deux parties de la Moldavie malgré l'échec des négociations politiques. La principale religion en Moldavie est le christianisme orthodoxe.

### Instruction2:
La question demande, ""Lequel des éléments suivants a engendré un conflit qui a mené à la création de la république de Transnistrie?"". Selon le texte traduit, il est mentionné que la Moldavie a souffert de conflits ethniques qui ont conduit à la création de la république de Transnistrie. Par conséquent, la réponse à la question est :

<task2>2<task2/>",1.735006332397461
032_547,"### Instruction1:
""Adekoya a depuis été poursuivie devant le tribunal des shérifs d'Édimbourg pour avoir tué son fils. Elle est en détention en attendant son acte d'accusation et son procès, mais toute preuve de témoin oculaire pourrait être compromise car son image a été largement publiée. C'est une pratique courante ailleurs au Royaume-Uni, mais la justice écossaise fonctionne différemment et les tribunaux ont considéré la publication de photos comme potentiellement préjudiciable. Le professeur Pamela Ferguson de l'Université de Dundee note que « les journalistes semblent effectivement marcher sur une ligne dangereuse en publiant des photos, etc. de suspects ». Le Bureau du Procureur, qui est en charge des poursuites, a indiqué aux journalistes qu'aucun commentaire supplémentaire ne sera fait au moins jusqu'à l'acte d'accusation.""

### Instruction2:
La question demande : ""D’après l’extrait, qu’est-ce qui ne sera plus fait jusqu’à la mise en accusation ?"". Selon le texte traduit, le Bureau du Procureur a indiqué qu'aucun commentaire supplémentaire ne sera fait jusqu'à l'acte d'accusation. Par conséquent, la réponse à la question est :

<task2>1<task2/>",2.3003251552581787
032_101,"### Instruction1:
L'une des méthodes les plus courantes utilisées pour illustrer l'importance de la socialisation est de s'appuyer sur les quelques cas malheureux d'enfants qui, par négligence, malchance ou abus volontaire, n'ont pas été socialisés par des adultes pendant leur croissance. Ces enfants sont appelés « sauvages » ou « feral ». Certains enfants sauvages ont été confinés par des personnes (généralement leurs propres parents) ; dans certains cas, cet abandon d'enfant était dû au rejet par les parents d'un handicap intellectuel ou physique sévère de l'enfant. Les enfants sauvages peuvent avoir subi des abus ou des traumatismes graves avant d'être abandonnés ou de s'enfuir. D'autres seraient prétendument élevés par des animaux ; certains auraient vécu dans la nature par eux-mêmes. Lorsqu'un enfant sauvage est entièrement élevé par des animaux non humains, il exhibe des comportements (dans des limites physiques) presque entièrement similaires à ceux de l'animal qui s'occupe de lui, comme sa peur ou son indifférence envers les humains.

### Instruction2:
La question demande, ""D’après l’extrait, laquelle des affirmations ci-dessous décrit correctement un comportement sauvage chez l’enfant ?"". Selon le texte traduit, il est mentionné que les enfants sauvages ne sont pas socialisés à cause de la négligence ou d'abus, ce qui indique que les comportements sauvages peuvent résulter d’un manque de socialisation. Par conséquent, la réponse à la question est :

<task2>2<task2/>",2.045422315597534
032_403,"### Instruction1:
Le golf et le rugby doivent tous deux revenir aux Jeux olympiques. Le Comité international olympique a voté pour inclure ces sports lors de sa réunion du conseil exécutif à Berlin aujourd'hui. Le rugby, spécifiquement le rugby à XV, et le golf ont été sélectionnés parmi cinq autres sports pour être considérés pour participer aux Jeux olympiques. Le squash, le karaté et les sports de roller ont également tenté d'entrer dans le programme olympique, tout comme le baseball et le softball, qui ont été retirés des Jeux olympiques en 2005. Le vote doit encore être ratifié par l'ensemble du CIO lors de sa réunion d'octobre à Copenhague.

### Instruction2:
La question demande, ""Parmi les sports suivants, lequel a été retiré du programme olympique ?"" Selon le texte traduit, le baseball et le softball ont été votés hors des Jeux olympiques en 2005. Par conséquent, la réponse à la question est :

<task2>3<task2/>",1.7322137355804443
032_719,"### Instruction1:
Seules quelques compagnies aériennes proposent encore des tarifs de deuil, qui réduisent légèrement le coût des voyages de dernière minute pour des funérailles. Les compagnies aériennes qui offrent ces tarifs comprennent Air Canada, Delta Air Lines, Lufthansa pour les vols en provenance des États-Unis ou du Canada, et WestJet. Dans tous les cas, vous devez réserver par téléphone directement avec la compagnie aérienne.

### Instruction2:
La question demande, ""Dans quelles circonstances n’allez-vous probablement pas profiter d’un tarif de deuil ?"". Selon le texte traduit, Lufthansa n'offre des tarifs de deuil que pour les vols partant des États-Unis ou du Canada. Donc, si vous voyagez avec Lufthansa de Paris jusqu'aux États-Unis, vous ne pourrez probablement pas bénéficier d'un tarif de deuil. Par conséquent, la réponse à la question est :

<task2>3<task2/>",1.490694522857666
032_836,"### Instruction1:
Remplissez votre maison avec un riche café le matin et un thé à la camomille relaxant le soir. Lorsque vous êtes en séjour à la maison, vous avez le temps de vous faire plaisir et de prendre quelques minutes supplémentaires pour préparer quelque chose de spécial. Si vous vous sentez plus aventureux, profitez-en pour faire des jus ou des smoothies : peut-être découvrirez-vous une boisson simple que vous pourrez préparer pour le petit-déjeuner lorsque vous retrouverez votre routine quotidienne. Si vous vivez dans une ville avec une culture de la boisson variée, rendez-vous dans des bars ou des pubs dans des quartiers que vous ne fréquentez pas.

### Instruction2:
La question demande, ""Lequel des endroits suivants devriez-vous visiter pendant un séjour à la maison si votre ville est connue pour sa culture de la boisson ?"". Selon le texte traduit, il est suggéré de visiter des bars ou des pubs dans des quartiers que vous ne fréquentez pas habituellement. Par conséquent, la réponse à la question est :

<task2>3<task2/>",4.172914981842041
032_364,"### Instruction1:
Un médecin travaillant à l'hôpital pour enfants de Pittsburgh, en Pennsylvanie, sera accusé de meurtre aggravé après que sa mère a été retrouvée morte dans le coffre de sa voiture mercredi, selon les autorités de l'Ohio. Le Dr Malar Balasubramanian, 29 ans, a été retrouvé à Blue Ash, dans l'Ohio, une banlieue située à environ 15 miles au nord de Cincinnati, allongé sur le sol à côté de la route en T-shirt et sous-vêtements dans un état apparemment fortement médicamenteux. Elle a dirigé les agents vers sa vieille Oldsmobile Intrigue noire, qui se trouvait à 500 pieds de là. Là, ils ont trouvé le corps de Saroja Balasubramanian, 53 ans, couvert de couvertures tachées de sang. La police a déclaré que le corps semblait avoir été là pendant environ une journée.

### Instruction2:
La question demande, ""Qu’était le Dr. Malar Balasubramanian pour Saroja Balasubramanian ?"". Selon le texte traduit, Saroja Balasubramanian est la mère de Dr. Malar Balasubramanian. Par conséquent, la réponse à la question est :

<task2>2<task2/>",2.3908579349517822
032_540,"###Instruction1:
Cela confirme non seulement qu'au moins certains dinosaures avaient des plumes, une théorie déjà répandue, mais fournit également des détails que les fossiles ne peuvent généralement pas offrir, comme la couleur et l'agencement tridimensionnel. Les scientifiques affirment que le plumage de cet animal était brun châtaigne sur le dessus avec un dessous de couleur pâle ou caroténoïde. Cette découverte offre également un aperçu de l'évolution des plumes chez les oiseaux. Comme les plumes des dinosaures ne possèdent pas de tige bien développée, appelée rachis, mais ont d'autres caractéristiques des plumes — barbes et barbules — les chercheurs ont déduit que le rachis était probablement un développement évolutif ultérieur par rapport à ces autres caractéristiques. La structure des plumes suggère qu'elles n'étaient pas utilisées pour le vol mais plutôt pour la régulation de la température ou l'affichage. Les chercheurs ont suggéré que, même si c'est la queue d'un jeune dinosaure, l'échantillon montre un plumage adulte et non le duvet d'un poussin.

###Instruction2:
La question demande, ""Que manquait-il aux plumes des dinosaures ?"". Selon le texte traduit, il est mentionné que les plumes des dinosaures ne possédaient pas de tige bien développée, appelée rachis. Par conséquent, la réponse à la question est :

<task2>2<task2/>",2.2935280799865723
032_784,"### Instruction1:
Dans des endroits éloignés, sans couverture de téléphone portable, un téléphone par satellite peut être votre seule option. Un téléphone par satellite n'est généralement pas un remplacement pour un téléphone mobile, car vous devez être à l'extérieur avec une ligne de vue dégagée vers le satellite pour passer un appel. Le service est fréquemment utilisé par le transport maritime, y compris les embarcations de plaisance, ainsi que par les expéditions ayant des besoins en données et en voix à distance. Votre fournisseur de services téléphoniques local devrait être en mesure de fournir plus d'informations sur la connexion à ce service.

### Instruction2:
La question demande, ""Quand un téléphone par satellite pourrait-il être préférable à un téléphone portable ?"". Selon le texte traduit, un téléphone par satellite est préférable dans des endroits éloignés sans couverture de téléphone portable, ce qui implique que c'est particulièrement utile pendant une excursion en bateau, où la couverture peut être limitée. Par conséquent, la réponse à la question est :

<task2>2<task2/>",1.6042120456695557
032_244,"### Instruction1:
Environ trois mille ans plus tard, en 1610, l'astronome italien Galileo Galilei a utilisé un télescope pour observer que Vénus a des phases, tout comme la lune. Les phases se produisent parce que seule la face de Vénus (ou de la Lune) orientée vers le Soleil est éclairée. Les phases de Vénus ont soutenu la théorie de Copernic selon laquelle les planètes tournent autour du Soleil. Puis, quelques années plus tard, en 1639, un astronome anglais nommé Jeremiah Horrocks a observé un transit de Vénus.

### Instruction2:
La question demande, ""Parmi les observations ci-dessous, laquelle a permis d’aider à valider la théorie de Copernic ?"". Selon le texte traduit, les phases de Vénus ont soutenu la théorie de Copernic que les planètes tournent autour du Soleil. Par conséquent, la réponse à la question est :

<task2>1<task2/>",1.6641120910644531
032_610,"### Instruction1:
Dimanche soir, le président des États-Unis, Donald Trump, dans une déclaration faite par l'intermédiaire du secrétaire de presse, a annoncé que les troupes américaines quitteraient la Syrie. L'annonce a été faite après que Trump ait eu une conversation téléphonique avec le président turc Recep Tayyip Erdoğan. La Turquie prendrait également la responsabilité de garder les combattants de l'État islamique capturés, que, selon la déclaration, les nations européennes ont refusé de rapatrier.

### Instruction2:
La question demande : ""D’après la déclaration, quel pays a assumé la responsabilité de la garde des combattants capturés ?"". Selon le texte traduit, la Turquie a assumé la responsabilité de garder les combattants capturés. Par conséquent, la réponse à la question est :

<task2>4<task2/>",1.7118327617645264
032_703,"### Instruction1:
Il existe une tradition de passer la nuit de Pâques éveillé à un endroit exposé pour voir le lever du soleil. Il y a bien sûr des explications théologiques chrétiennes pour cette tradition, mais cela pourrait également être un rituel de fertilité et de printemps pré-chrétien. Les églises plus traditionnelles tiennent souvent une veillée pascale le samedi soir pendant le week-end de Pâques, les congrégations célébrant souvent à minuit pour fêter la résurrection du Christ.

### Instruction2:
La question demande, ""D’après l’extrait, comment Pâques est-elle célébrée par certaines églises particulièrement traditionnelles ?"". Selon le texte traduit, les églises traditionnelles tiennent souvent une veillée pascale le samedi soir. Par conséquent, la réponse à la question est :

<task2>2<task2/>",1.5014219284057617
032_142,"### Instruction1:
Bien que l'apprentissage basé sur des projets devrait rendre l'apprentissage plus facile et plus intéressant, l'encadrement va un pas plus loin. L'encadrement n'est pas une méthode d'apprentissage mais plutôt une aide qui fournit un soutien aux individus qui sont en train de vivre une nouvelle expérience d'apprentissage, comme l'utilisation d'un nouveau programme informatique ou le début d'un nouveau projet. Les échafaudages peuvent être à la fois virtuels et réels, en d'autres termes, un enseignant est une forme d'échafaudage mais il en est de même pour le petit bonhomme trombone dans Microsoft Office. Les échafaudages virtuels sont internalisés dans le logiciel et sont destinés à questionner, inciter et expliquer des procédures qui pourraient avoir été trop difficiles à gérer pour l'étudiant seul.

### Instruction2:
La question demande, ""D’après les informations contenues dans l’extrait, lequel des éléments ci-dessous n’est pas un exemple de soutien ?"". Selon le texte traduit, un programme de recherche indépendant n'est pas mentionné comme un type de soutien ou d'échafaudage, contrairement aux autres options qui sont des formes de soutien. Par conséquent, la réponse à la question est :

<task2>3<task2/>",1.8724496364593506
032_335,"### Instruction1:
""Duvall, qui est marié et a deux enfants adultes, n'a pas laissé une grande impression sur Miller, à qui l'histoire a été racontée. Lorsqu'on lui a demandé un commentaire, Miller a déclaré : """"Mike parle beaucoup pendant l'audience... Je me préparais donc je n'écoutais pas vraiment ce qu'il disait.""""

### Instruction2:
La question demande, ""D’après l’extrait, laquelle des affirmations suivantes s’applique au ressenti de Miller pendant l’audience ?"". Selon le texte traduit, Miller a mentionné qu'il se préparait et qu'il n'écoutait pas vraiment ce que Duvall disait. Par conséquent, la réponse à la question est :

<task2>2<task2/>",1.40498948097229
032_340,"### Instruction1:
Xinhua a rapporté que les enquêteurs gouvernementaux ont récupéré deux enregistreurs de vol ""boîte noire"" mercredi. D'autres lutteurs ont également rendu hommage à Luna. Tommy Dreamer a déclaré : ""Luna était la première reine de l'extrême. Mon premier manager. Luna est décédée lors de la nuit de deux lunes. Assez unique, tout comme elle. Femme forte."" Dustin ""Goldust"" Runnels a commenté que ""Luna était aussi étrange que moi... peut-être même plus... je l'aime et elle me manquera... j'espère qu'elle est dans un meilleur endroit.""

### Instruction2:
La question demande, ""Qui a désigné Luna comme la « reine de l’extrême » ?"". Selon le texte traduit, c'est Tommy Dreamer qui a fait cette déclaration. Donc, la réponse à la question est :

<task2>4<task2/>",1.8314471244812012
032_78,"### Instruction1:
L'objectif principal de la science est de comprendre comment fonctionne le monde grâce à la méthode scientifique. Cette méthode guide en fait la plupart des recherches scientifiques. Cependant, elle n'est pas seule, l'expérimentation, et une expérience est un test qui est utilisé pour éliminer une ou plusieurs des hypothèses possibles, poser des questions et faire des observations guident également la recherche scientifique.

### Instruction2:
La question demande, ""Quel est généralement l’objectif d’une expérience ?"". Selon le texte traduit, une expérience est utilisée pour éliminer une ou plusieurs des hypothèses possibles. Par conséquent, la réponse à la question est :

<task2>1<task2/>",1.484179973602295
032_54,"### Instruction1:
L'équilibre des pouvoirs était un système dans lequel les nations européennes cherchaient à maintenir la souveraineté nationale de tous les États européens. Le concept était que toutes les nations européennes devaient chercher à empêcher une nation de devenir puissante, et donc les gouvernements nationaux changeaient souvent leurs alliances afin de maintenir l'équilibre. La guerre de Succession d'Espagne a marqué la première guerre dont la question centrale était l'équilibre des pouvoirs. Cela a marqué un changement important, car les puissances européennes n'auraient plus le prétexte de mener des guerres religieuses. Ainsi, la guerre de Trente Ans serait la dernière guerre à être qualifiée de guerre religieuse.

### Instruction2:
La question demande, ""Quelle guerre est parfois qualifiée de dernière « guerre de religion » ?"". Selon le texte traduit fourni, il est mentionné que la guerre de Trente Ans serait la dernière guerre à être qualifiée de guerre religieuse. Par conséquent, la réponse à la question est :

<task2>1<task2/>",1.6564569473266602
032_473,"### Instruction1:
Une voiture piégée a explosé au quartier général de la police à Gaziantep, en Turquie, hier matin, tuant deux agents de police et blessant plus de vingt autres personnes. Le bureau du gouverneur a déclaré que dix-neuf des blessés étaient des agents de police. La police a déclaré qu'elle soupçonnait un prétendu militant de Daesh (EI) d'être responsable de l'attaque.

### Instruction2:
La question demande : ""Qui a communiqué l’identité du suspect présumé de l’attaque ?"". Selon le texte traduit, c'est la police qui a déclaré qu'elle soupçonnait un militant de Daesh d'être responsable de l'attaque. Par conséquent, la réponse à la question est :

<task2>1<task2/>",1.7197058200836182
032_372,"### Instruction1:
En France, le vote a traditionnellement été une expérience peu technologique : les électeurs s'isolent dans une cabine, mettent une feuille de papier pré-imprimée indiquant leur candidat de choix dans une enveloppe. Après que les responsables aient vérifié l'identité de l'électeur, l'électeur dépose l'enveloppe dans l'urne et signe le registre de vote. La loi électorale française codifie plutôt strictement les procédures. Depuis 1988, les urnes doivent être transparentes afin que les électeurs et les observateurs puissent constater qu'aucune enveloppe n'est présente au début du vote et qu'aucune enveloppe n'est ajoutée sauf celles des électeurs dûment comptés et autorisés. Les candidats peuvent envoyer des représentants pour témoigner de chaque partie du processus. Le soir, les votes sont comptés par des bénévoles sous une forte supervision, suivant des procédures spécifiques.

### Instruction2:
La question demande, ""Parmi les éléments ci-dessous, lequel ne fait pas partie du processus de vote ?"". Selon le texte traduit, le processus de vote inclut des urnes de vote transparentes, des représentants envoyés par les candidats, et la signature de la carte d’électeur. Cependant, il n'est pas mentionné que les votes sont comptés par les représentants des candidats. Par conséquent, la réponse à la question est :

<task2>4<task2/>",2.394314765930176
032_883,"### Instruction1:
Quiconque planifiant une visite dans un pays pouvant être considéré comme une zone de guerre devrait suivre une formation professionnelle. Une recherche sur Internet pour 'cours sur l'environnement hostile' fournira probablement l'adresse d'une entreprise locale. Un cours couvrira normalement toutes les questions discutées ici de manière beaucoup plus détaillée, généralement avec de l'expérience pratique. Un cours durera normalement de 2 à 5 jours et impliquera des jeux de rôle, beaucoup de premiers secours et parfois une formation aux armes. Les livres et magazines traitant de la survie en milieu sauvage sont courants, mais les publications traitant des zones de guerre sont rares.

### Instruction2:
La question demande : ""D’après l’extrait, laquelle des questions suivantes a le plus de chances de ne pas être abordée dans les cours de formation professionnelle ou dans les publications ?"". Selon le texte traduit, la survie en milieu sauvage est couramment abordée, alors que les publications traitant des zones de guerre sont rares. Par conséquent, la question qui a le plus de chances de ne pas être abordée dans les cours de formation professionnelle ou dans les publications est :

<task2>1<task2/>",2.3664205074310303
032_179,"### Instruction1:
Cela s'appelle le pH d'un produit chimique. Vous pouvez créer un indicateur en utilisant du jus de chou rouge. Le jus de chou change de couleur en fonction de l'acidité ou de la basicité (alcalinité) du produit chimique. Le niveau de pH est indiqué par la quantité d'ions hydrogène (le H dans pH) dans le produit chimique testé. Les ions hydrogène sont des protons dont les électrons ont été retirés (puisque les atomes d'hydrogène se composent d'un proton et d'un électron).

### Instruction2:
La question demande, ""Comment le niveau de pH d’un produit chimique est-il mesuré ?"". Selon le texte traduit, le niveau de pH est indiqué par la quantité d'ions hydrogène dans le produit chimique. Par conséquent, la réponse à la question est :

<task2>3<task2/>",2.829096794128418
032_663,"### Instruction1:
Les pâtisseries allemandes sont plutôt bonnes, et en Bavière, elles sont assez riches et variées, similaires à celles de leur voisin du sud, l'Autriche. Les pâtisseries aux fruits sont courantes, avec des pommes cuites dans des pâtisseries toute l'année, et des cerises et des prunes apparaissant pendant l'été. De nombreux produits de boulangerie allemands contiennent également des amandes, des noisettes et d'autres noix. Les gâteaux populaires se marient souvent particulièrement bien avec une tasse de café fort. Si vous souhaitez de petites pâtisseries riches, essayez ce qu'on appelle selon la région Berliner, Pfannkuchen ou Krapfen.

### Instruction2:
La question demande : ""Quel ingrédient est considéré comme saisonnier dans la pâtisserie allemande ?"". Selon le texte traduit, les prunes sont mentionnées comme apparaissant pendant l'été, ce qui les rend saisonnières. Par conséquent, la réponse à la question est :

<task2>3<task2/>",2.0720646381378174
032_656,"### Instruction1:
La grippe aviaire, ou plus formellement l'influenza aviaire, peut infecter à la fois les oiseaux et les mammifères. Moins d'un millier de cas ont jamais été signalés chez les humains, mais certains d'entre eux ont été fatals. La plupart ont concerné des personnes travaillant avec des volailles, mais il existe également un certain risque pour les observateurs d'oiseaux.

### Instruction2:
La question demande, ""Qui est le plus susceptible d’attraper la grippe aviaire ?"". Selon le texte traduit fourni, la plupart des cas de grippe aviaire chez les humains ont concerné des personnes travaillant avec des volailles. Par conséquent, la réponse à la question est :

<task2>3<task2/>",1.4978611469268799
032_867,"### Instruction1:
À la maison, en raison de cette exposition constante aux germes locaux, il y a de fortes chances que vous en soyez déjà immunisé. Mais dans d'autres parties du monde, où la faune bactérienne vous est nouvelle, vous êtes beaucoup plus susceptible de rencontrer des problèmes. De plus, dans les climats plus chauds, les bactéries se développent à la fois plus rapidement et survivent plus longtemps en dehors du corps. Ainsi, les fléaux du Delhi Belly, de la Malédiction du Pharaon, de la Vengeance de Montezuma et de leurs nombreux amis. Comme pour les problèmes respiratoires dans les climats plus froids, les problèmes intestinaux dans les climats chauds sont assez courants et, dans la plupart des cas, sont distinctement ennuyeux mais pas vraiment dangereux.

### Instruction2:
La question demande, ""Dans quel type de climat les problèmes intestinaux sont-ils les plus courants ?"". Selon le texte traduit, les problèmes intestinaux sont les plus courants dans les climats chauds. Par conséquent, la réponse à la question est :

<task2>3<task2/>",1.8432121276855469
032_69,"### Instruction1:
Tout le monde participe à la société et utilise les systèmes de transport. Presque tout le monde se plaint des systèmes de transport. Dans les pays développés, on entend rarement des niveaux de plaintes similaires concernant la qualité de l'eau ou les ponts qui s'effondrent. Pourquoi les systèmes de transport suscitent-ils de telles plaintes, pourquoi échouent-ils au quotidien ? Les ingénieurs en transport sont-ils simplement incompétents ? Ou quelque chose de plus fondamental se passe-t-il ?

### Instruction2:
D’après le texte traduit, il est clairement indiqué que presque tout le monde se plaint des systèmes de transport. Cela signifie qu'ils sont à l'origine de beaucoup de plaintes chez les usagers. Par conséquent, la réponse à la question est :

<task2>3<task2/>",1.5616891384124756
032_299,"### Instruction1:
""Liberation animale et la Société royale pour la prévention de la cruauté envers les animaux (RSPCA) appellent à nouveau à l'installation obligatoire de caméras de vidéosurveillance dans tous les abattoirs australiens. Le chef inspecteur de la RSPCA de Nouvelle-Galles du Sud, David O'Shannessy, a déclaré à l'ABC que la surveillance et les inspections des abattoirs devraient être courantes en Australie. « La vidéosurveillance enverrait certainement un signal fort à ceux qui travaillent avec les animaux que leur bien-être est une priorité absolue. »""

### Instruction2:
D’après le texte traduit, l'installation de caméras de vidéosurveillance est mentionnée comme un moyen de renforcer l'importance du bien-être animal auprès des personnes travaillant dans les abattoirs en Australie. Donc, la réponse à la question est :

<task2>1<task2/>",4.795886278152466
032_830,"### Instruction1:
La traverse du pôle Sud (ou autoroute) est un sentier de 1600 km allant de la station McMurdo sur la mer de Ross jusqu'au pôle. C'est de la neige compactée avec des crevasses remplies et marquées par des fanions. Elle ne peut être parcourue que par des tracteurs spécialisés, tirant des traîneaux avec du carburant et des fournitures. Ceux-ci ne sont pas très agiles, donc le sentier doit faire un long détour autour des montagnes transantarctiques pour arriver sur le plateau.

### Instruction2:
La question demande, ""Qu’est-ce qui est marqué par des fanions le long de l’autoroute du pôle Sud ?"". Selon le texte traduit, les crevasses remplies de neige sont marquées par des fanions le long de l'autoroute. Par conséquent, la réponse à la question est :

<task2>3<task2/>",1.6517763137817383
032_88,"### Instruction1:
Le déterminisme technologique est un terme qui englobe une large gamme d'idées en pratique, allant du ""poussée technologique"" ou de l'impératif technologique à un sens strict selon lequel le destin humain est guidé par une logique sous-jacente associée aux lois scientifiques et à leur manifestation dans la technologie. La plupart des interprétations du déterminisme technologique partagent deux idées générales : que le développement de la technologie elle-même suit un chemin largement au-delà de l'influence culturelle ou politique, et que la technologie, à son tour, a des ""effets"" sur les sociétés qui sont inhérents, plutôt que socialement conditionnés. Par exemple, on pourrait dire que la voiture à moteur mène nécessairement au développement de routes. Cependant, un réseau routier national n'est pas économiquement viable pour seulement quelques voitures, donc de nouvelles méthodes de production sont développées pour réduire le coût de possession d'une voiture. La possession de voitures en masse conduit également à une incidence plus élevée d'accidents sur les routes, ce qui conduit à l'invention de nouvelles techniques dans les soins de santé pour réparer les corps endommagés.

### Instruction2:
La question demande, ""Parmi les affirmations ci-dessous, laquelle ne reflète pas une idée générale du déterminisme technologique ?"". Selon le texte traduit, une idée générale du déterminisme technologique est que le développement de la technologie n'est pas influencé par la culture et que la technologie a des effets inhérents sur la société. Donc, l'affirmation qui ne reflète pas cette idée est :

1. Les effets de la technologie sur la société sont conditionnés socialement

Par conséquent, la réponse à la question est :

<task2>1<task2/>",2.3428359031677246
032_325,"### Instruction1:
Jesus, âgé de 21 ans, a rejoint Manchester City l'année dernière en janvier 2017 en provenance du club brésilien Palmeiras pour un montant rapporté de 27 millions de livres. Depuis lors, le Brésilien a participé à 53 matches pour le club dans toutes les compétitions et a marqué 24 buts.

### Instruction2:
La question demande, ""Depuis qu’il a rejoint Manchester City en 2017, à combien de matches Jesus a-t-il participé ?"". Selon le texte traduit fourni, Jesus a participé à 53 matches depuis son arrivée. Par conséquent, la réponse à la question est :

<task2>4<task2/>",1.8704793453216553
032_693,"### Instruction1:
Les élans (également connus sous le nom de ""moose"") ne sont pas intrinsèquement agressifs, mais se défendront s'ils perçoivent une menace. Lorsque les gens ne voient pas les élans comme potentiellement dangereux, ils peuvent s'approcher trop près et se mettre en danger.

### Instruction2:
La question demande, ""Lequel des comportements suivants les gens doivent-ils éviter en présence d’un élan ?"". Selon le texte traduit fourni, les gens doivent éviter de s'approcher trop près des élans, car cela peut les mettre en danger. Par conséquent, la réponse à la question est :

<task2>3<task2/>",2.032397508621216
032_739,"### Instruction1:
Grâce aux liaisons de câbles sous-marins en fibre optique avec l'Europe et à un satellite à large bande, le Groenland est bien connecté, 93 % de la population ayant accès à Internet. Votre hôtel ou vos hôtes (si vous séjournez dans une maison d'hôtes ou chez des particuliers) disposeront probablement de wifi ou d'un PC connecté à Internet, et tous les établissements ont un cybercafé ou un endroit avec un wifi public. Comme mentionné ci-dessus, bien que le mot ""Esquimau"" reste acceptable aux États-Unis, il est considéré comme péjoratif par de nombreux peuples arctiques non américains, en particulier au Canada. Bien que vous puissiez entendre le mot utilisé par les Natives du Groenland, son utilisation devrait être évitée par les étrangers. Les habitants natifs du Groenland se désignent eux-mêmes comme Inuits au Canada et Kalaalleq (pluriel Kalaallit), un Groenlandais, au Groenland. La criminalité et l'animosité envers les étrangers en général sont pratiquement inconnues au Groenland. Même dans les villes, il n'y a pas de ""zones sensibles"". Le temps froid est peut-être le seul véritable danger auquel les non préparés seront confrontés. Si vous visitez le Groenland pendant les saisons froides (en considérant que plus vous allez vers le nord, plus il fera froid), il est essentiel d'apporter des vêtements suffisamment chauds. Les très longues journées en été peuvent entraîner des problèmes pour obtenir suffisamment de sommeil et des problèmes de santé associés. Pendant l'été, faites également attention aux moustiques nordiques. Bien qu'ils ne transmettent aucune maladie, ils peuvent être irritants.

### Instruction2:
La question demande, ""D’après l’extrait, lequel des éléments suivants peut être problématique pour les voyageurs qui ne sont pas préparés à visiter le Groenland ?"". Selon le texte traduit, le temps froid est mentionné comme le seul véritable danger auquel les non préparés seront confrontés. Par conséquent, la réponse à la question est :

<task2>3<task2/>",3.6319944858551025
032_715,"### Instruction1:
Acheter de la nourriture dans les supermarchés est généralement le moyen le moins cher de se nourrir. Sans opportunités de cuisiner, les choix se limitent cependant aux plats préparés. De plus en plus, les supermarchés proposent une section de plats préparés plus variée. Certains fournissent même un four à micro-ondes ou d'autres moyens de chauffer les aliments. Dans certains pays ou types de magasins, il y a au moins un restaurant sur place, souvent plutôt informel avec des prix abordables.

### Instruction2:
La question demande, ""D’après l’extrait, qu’est-ce que les supermarchés commencent à proposer de façon plus diverse ?"". Selon le texte traduit, les supermarchés commencent à proposer une section de plats préparés plus variée. Par conséquent, la réponse à la question est :

<task2>1<task2/>",1.752253532409668
032_713,"### Instruction1:
La manière évidente de voler en première ou en classe affaires est de débourser une grosse somme d'argent pour le privilège (ou, mieux encore, de faire en sorte que votre entreprise le fasse pour vous). Cependant, cela ne vient pas bon marché : en règle générale, vous pouvez vous attendre à payer jusqu'à quatre fois le tarif normal de l'économie pour la classe affaires, et onze fois pour la première classe ! En termes généraux, il n'est même pas utile de chercher des réductions pour les sièges en classe affaires ou en première classe sur les vols directs de A à B. Les compagnies aériennes savent bien qu'il existe un certain groupe de passagers prêts à payer le prix fort pour le privilège d'aller quelque part rapidement et confortablement, et facturent en conséquence.

### Instruction2:
La question demande, ""D’après l’extrait, qu’est-ce qui serait une perte de temps à chercher lors de la réservation de certaines classes tarifaires ?"". Selon le texte traduit, il est mentionné qu'il n'est même pas utile de chercher des réductions pour les sièges en classe affaires ou en première classe sur les vols directs. Donc, la réponse à la question est :

<task2>3<task2/>",1.7958457469940186
032_272,"### Instruction1:
Les choses ne se sont pas bien passées pour les Italiens en Afrique du Nord presque dès le début. Une semaine après la déclaration de guerre de l'Italie le 10 juin 1940, les 11e Hussards britanniques avaient saisi le Fort Capuzzo en Libye. Dans une embuscade à l'est de Bardia, les Britanniques ont capturé l'ingénieur en chef de la dixième armée italienne, le général Lastucci. Le 28 juin, le maréchal Italo Balbo, le gouverneur général de la Libye et héritier apparent de Mussolini, a été tué par un tir ami en atterrissant à Tobrouk.

### Instruction2:
La question demande, ""Qu’est-il arrivé à l’ingénieur en chef de la dixième armée italienne ?"". Selon le texte traduit fourni, l'ingénieur en chef de la dixième armée italienne, le général Lastucci, a été capturé par les Britanniques. Par conséquent, la réponse à la question est :

<task2>3<task2/>",1.6518516540527344
032_698,"### Instruction1:
La République dominicaine (espagnol : République dominicaine) est un pays des Caraïbes qui occupe la moitié est de l'île d'Hispaniola, qu'il partage avec Haïti. En plus de plages de sable blanc et de paysages montagneux, le pays abrite la plus ancienne ville européenne des Amériques, qui fait maintenant partie de Saint-Domingue. L'île a d'abord été habitée par les Taïnos et les Caribes. Les Caribes étaient un peuple parlant Arawakan qui était arrivé vers 10 000 avant notre ère. Dans les quelques années qui ont suivi l'arrivée des explorateurs européens, la population des Taïnos a été considérablement réduite par les conquérants espagnols. Selon Fray Bartolomé de las Casas (Tratado de las Indias), entre 1492 et 1498, les conquérants espagnols ont tué environ 100 000 Taïnos.

### Instruction2:
La question demande, ""D’après l’extrait, quelle langue parlait-on chez les Caribes ?"". Selon le texte traduit fourni, les Caribes parlaient une langue Arawakan. Par conséquent, la réponse à la question est :

<task2>4<task2/>",2.336308479309082
032_613,"### Instruction1:
Après la construction du barrage en 1963, les inondations saisonnières qui dispersaient des sédiments dans toute la rivière ont été interrompues. Ce sédiment était nécessaire pour créer des bancs de sable et des plages, qui servaient d'habitats pour la faune. En conséquence, deux espèces de poissons ont disparu, et deux autres sont devenues menacées, y compris le chevesne à bosse. Bien que le niveau de l'eau ne devrait augmenter que de quelques pieds après l'inondation, les responsables espèrent que cela suffira à restaurer les bancs de sable érodés en aval.

### Instruction2:
La question demande, ""Qu’est-ce que les autorités espèrent obtenir suite à l’inondation ?"". Selon le texte traduit, les responsables espèrent que l'augmentation du niveau de l'eau permettra de restaurer les bancs de sable érodés en aval. Par conséquent, la réponse à la question est :

<task2>1<task2/>",1.5835599899291992
032_537,"### Instruction1:
""""""Cela va se comporter comme de l'eau. C'est transparent tout comme l'eau. Donc, si vous étiez debout sur le rivage, vous pourriez voir jusqu'aux cailloux ou à la saleté qui se trouvait au fond. En ce qui concerne ce que nous savons, il n'y a qu'un seul corps planétaire qui affiche plus de dynamisme que Titan, et son nom est la Terre,"" a ajouté Stofan.""

### Instruction2:
La question demande, ""D’après l’extrait, quel corps planétaire est le plus dynamique ?"". Selon le texte traduit, le corps planétaire qui affiche plus de dynamisme que Titan est la Terre. Par conséquent, la réponse à la question est :

<task2>1<task2/>",1.607567310333252
032_139,"### Instruction1:
Le sikhisme est une religion du sous-continent indien. Elle a vu le jour dans la région du Pendjab au cours du 15ème siècle à partir d'une scission sectaire au sein de la tradition hindoue. Les sikhs considèrent leur foi comme une religion distincte de l'hindouisme bien qu'ils reconnaissent ses racines et traditions hindoues. Les sikhs appellent leur religion Gurmat, ce qui signifie ""chemin du gourou"" en pendjabi. Le gourou est un aspect fondamental de toutes les religions indiennes, mais dans le sikhisme, il a acquis une importance qui forme le cœur des croyances sikhes. La religion a été fondée au 15ème siècle par Guru Nanak (1469–1539). S'ensuit une succession de neuf autres gourous.

### Instruction2:
La question demande, ""D’après l’extrait, lequel des éléments ci-dessous est considéré comme un aspect fondamental du système de croyances sikh ?"". Selon le texte traduit, le gourou est décrit comme un aspect fondamental des croyances sikhes. Par conséquent, la réponse à la question est :

<task2>1<task2/>",2.133129596710205
032_644,"### Instruction1:
Il y a de nombreuses plages, en raison de l'emplacement d'Auckland entre deux ports. Les plus populaires se trouvent dans trois zones. Les plages de North Shore (dans le district de North Harbour) sont sur l'océan Pacifique et s'étendent de Long Bay au nord à Devonport au sud. Elles sont presque toutes des plages de sable avec une baignade sécurisée, et la plupart ont de l'ombre fournie par des arbres de pohutukawa. Les plages de Tamaki Drive sont sur le port de Waitemata, dans les banlieues huppées de Mission Bay et St Heliers, au centre d'Auckland. Ce sont parfois des plages familiales bondées avec une bonne gamme de magasins le long de la côte. La baignade est sécurisée.

### Instruction2:
La question demande, ""D’après l’extrait, où la baignade présente-t-elle a priori le moins de danger ?"". Selon le texte traduit, il est mentionné que les plages de North Shore (dans le district de North Harbour) sont presque toutes des plages de sable avec une baignade sécurisée. Cela suggère que la baignade y présente le moins de danger. Par conséquent, la réponse à la question est :

<task2>2<task2/>",2.5439414978027344
032_837,"### Instruction1:
Le village de Haldarsvík offre des vues sur l'île voisine d'Eysturoy et possède une église octogonale inhabituelle. Dans le cimetière, il y a des sculptures en marbre intéressantes de colombes sur certaines tombes. Il vaut la peine de se promener pendant une demi-heure dans ce village intrigant.

### Instruction2:
La question demande, ""Où se trouvent les sculptures représentant des colombes ?"". Selon le texte traduit fourni, les sculptures de colombes se trouvent dans le cimetière. Par conséquent, la réponse à la question est :

<task2>2<task2/>",1.7325730323791504
032_211,"### Instruction1:
La population de la ville du Vatican est d'environ 800. C'est le plus petit pays indépendant du monde et le pays avec la plus basse population. La ville du Vatican utilise l'italien dans sa législation et ses communications officielles. L'italien est également la langue quotidienne utilisée par la plupart de ceux qui travaillent dans l'État, tandis que le latin est souvent utilisé lors des cérémonies religieuses. Tous les citoyens de la ville du Vatican sont catholiques romains.

### Instruction2:
La question demande, ""Dans quel contexte le latin est-il utilisé au Vatican ?"". Selon le texte traduit, le latin est souvent utilisé lors des cérémonies religieuses. Par conséquent, la réponse à la question est :

<task2>1<task2/>",1.3630397319793701
032_405,"###Instruction1:
Le 24 septembre 1759, Arthur Guinness a signé un bail de 9 000 ans pour la brasserie St James' Gate à Dublin, en Irlande. 250 ans plus tard, Guinness est devenu une entreprise mondiale qui génère 10 milliards d'euros (14,7 milliards de dollars américains) chaque année.

###Instruction2:
La question demande, ""Pour combien d’années Arthur Guinness a-t-il originellement signé le bail de la brasserie St James’ Gate ?"". Selon le texte traduit, Arthur Guinness a signé un bail de 9 000 ans. Par conséquent, la réponse à la question est :

<task2>4<task2/>",1.286036491394043
032_598,"### Instruction1:
Le président américain George W. Bush est arrivé à Singapour le matin du 16 novembre, débutant une tournée d'une semaine en Asie. Il a été accueilli par le vice-Premier ministre de Singapour, Wong Kan Seng, et a discuté des questions commerciales et de terrorisme avec le Premier ministre de Singapour, Lee Hsien Loong. Après une semaine de pertes lors des élections de mi-mandat, Bush a parlé à un public de l'expansion du commerce en Asie.

### Instruction2:
La question demande, ""Qui a accueilli George W. Bush à son arrivée en Asie ?"". Selon le texte traduit, George W. Bush a été accueilli par le vice-Premier ministre Wong Kan Seng. Par conséquent, la réponse à la question est :

<task2>4<task2/>",1.4619884490966797
032_585,"### Instruction1:
Long avant que The Daily Show et The Colbert Report n'existent, Heck et Johnson ont imaginé une publication qui parodierait les actualités—et le reportage d'actualités—lorsqu'ils étaient étudiants à l'UW en 1988. Depuis sa création, The Onion est devenu un véritable empire de la parodie d'actualités, avec une édition imprimée, un site web qui a attiré 5 000 000 de visiteurs uniques en octobre, des petites annonces, un réseau d'actualités 24 heures sur 24, des podcasts et un atlas mondial récemment lancé appelé Our Dumb World. Al Gore et le général Tommy Franks énumèrent avec désinvolture leurs gros titres préférés (celui de Gore était lorsque The Onion a rapporté qu'il et Tipper avaient le meilleur sexe de leur vie après sa défaite au Collège électoral en 2000). Beaucoup de leurs écrivains ont exercé une grande influence sur les émissions de parodie d'actualités de Jon Stewart et Stephen Colbert.

### Instruction2:
La question demande : ""Quelle source parodique des actualités a été créée par d’anciens étudiants de l’université de Washington ?"". Selon le texte traduit, la publication créée par d'anciens étudiants de l'université de Washington est The Onion. Par conséquent, la réponse à la question est :

<task2>4<task2/>",2.9326205253601074
032_319,"### Instruction1:
D'autres sujets à l'ordre du jour à Bali comprennent la sauvegarde des dernières forêts restantes dans le monde et le partage des technologies pour aider les pays en développement à croître de manière moins polluante. L'ONU espère également finaliser un fonds pour aider les pays affectés par le réchauffement climatique à faire face aux impacts. L'argent pourrait être utilisé pour des maisons à l'épreuve des inondations, une meilleure gestion de l'eau et une diversification des cultures.

### Instruction2:
La question demande, ""D’après l’extrait, qu’est-ce que l’ONU espère sauvegarder ?"". Selon le texte traduit fourni, l'ONU espère sauvegarder les dernières forêts restantes dans le monde. Par conséquent, la réponse à la question est :

<task2>3<task2/>",1.7212505340576172
032_258,"### Instruction1:
Au début de l'indépendance de la nation, l'expertise des Jardins botaniques de Singapour a aidé à transformer l'île en une ville-jardin tropicale. En 1981, la Vanda Miss Joaquim, un hybride d'orchidée, a été choisie comme fleur nationale du pays.

### Instruction2:
La question demande, ""Qu’est-ce que la Vanda Miss Joaquim ?"". Selon le texte traduit, la Vanda Miss Joaquim est un hybride d'orchidée qui a été choisi comme fleur nationale. Par conséquent, la réponse à la question est :

<task2>2<task2/>",1.1904897689819336
032_276,"### Instruction1:
Le programme a commencé à 20h30, heure locale (15h00 UTC). Des chanteurs célèbres à travers le pays ont présenté des bhajans, ou chants dévotionnels, aux pieds de Shri Shyam. Le chanteur Sanju Sharma a ouvert la soirée, suivi de Jai Shankar Choudhary, qui a également présenté le bhajan chhappan bhog. Le chanteur Raju Khandelwal l'accompagnait. Ensuite, Lakkha Singh a pris le relais pour chanter les bhajans. 108 assiettes de Chhappan Bhog (dans l'hindouisme, 56 différents aliments comestibles, tels que des sucreries, des fruits, des noix, des plats, etc. qui sont offerts à la divinité) ont été servies à Baba Shyam. Lakkha Singh a également présenté le bhajan chhappan bhog. Le chanteur Raju Khandelwal l'accompagnait.

### Instruction2:
La question demande : ""Qui a présenté le deuxième chant de dévotion au cours du programme ?"". Selon le texte traduit, le deuxième chant de dévotion a été présenté par Jai Shankar Choudhary après Sanju Sharma. Par conséquent, la réponse à la question est :

<task2>4<task2/>",2.5066583156585693
032_156,"### Instruction1:
Utiliser des navires pour transporter des marchandises est de loin le moyen le plus efficace de déplacer de grandes quantités de personnes et de biens à travers les océans. Le rôle des marines a traditionnellement été de garantir que votre pays maintienne la capacité de déplacer vos personnes et vos biens, tout en interférant en même temps avec la capacité de votre ennemi à déplacer ses personnes et ses biens. L'un des exemples récents les plus remarquables de cela a été la campagne de l'Atlantique Nord pendant la Seconde Guerre mondiale. Les Américains essayaient de déplacer des hommes et des matériaux à travers l'océan Atlantique pour aider la Grande-Bretagne. En même temps, la marine allemande, utilisant principalement des sous-marins, essayait d'arrêter ce trafic. Si les Alliés avaient échoué, l'Allemagne aurait probablement été en mesure de conquérir la Grande-Bretagne comme elle l'avait fait avec le reste de l'Europe.

### Instruction2:
La question demande, ""D’après les informations contenues dans l’extrait, qui a rencontré le plus de succès dans ses campagnes militaires maritimes au cours de la campagne North Atlantic ?"". Selon le texte traduit, les Américains ont tenté de déplacer des hommes et des matériaux pour aider les Britanniques, tandis que la marine allemande tentait d'arrêter ce trafic. Cela implique que les Britanniques et les Américains ont réussi à maintenir leur capacité de mouvement contre les efforts allemands. Par conséquent, la réponse à la question est :

<task2>1<task2/>",2.981343984603882
032_288,"### Instruction1:
La prison d'Abu Ghraib en Irak a été incendiée lors d'une émeute. La prison est devenue notoire après que des abus sur des prisonniers ont été découverts là-bas après que les forces américaines ont pris le contrôle.

### Instruction2:
La question demande, ""Pourquoi la prison irakienne est-elle devenue célèbre ?"". Selon le texte traduit fourni, la prison est devenue célèbre après que des abus sur des prisonniers ont été constatés. Par conséquent, la réponse à la question est :

<task2>4<task2/>",1.1781005859375
032_544,"### Instruction1:
Lundi, des scientifiques de l'École de Médecine de l'Université de Stanford ont annoncé l'invention d'un nouvel outil de diagnostic capable de trier les cellules par type : une petite puce imprimable qui peut être fabriquée à l'aide d'imprimantes à jet d'encre standard pour possiblement environ un cent de dollar américain chacune. Les chercheurs principaux affirment que cela pourrait permettre une détection précoce du cancer, de la tuberculose, du VIH et du paludisme chez les patients des pays à faible revenu, où les taux de survie pour des maladies telles que le cancer du sein peuvent être la moitié de ceux des pays plus riches.

### Instruction2:
La question demande, ""Quelle méthode a été utilisée pour créer l’outil de diagnostic ?"". Selon le texte traduit, l'outil de diagnostic a été créé en utilisant des imprimantes à jet d'encre standard. Par conséquent, la réponse à la question est :

<task2>2<task2/>",1.7635931968688965
032_112,"### Instruction1:
Certaines personnes croient que vivre de nombreux rêves lucides induits artificiellement trop souvent peut être très épuisant. La principale raison de ce phénomène est que les rêves lucides augmentent la durée de temps entre les états de sommeil paradoxal. Avec moins de REM par nuit, cet état dans lequel vous vivez un véritable sommeil et votre corps se remet devient suffisamment rare pour poser un problème. C'est aussi épuisant que si vous deviez vous réveiller toutes les vingt ou trente minutes et regarder la télévision. L'effet dépend de la fréquence à laquelle votre cerveau tente de faire des rêves lucides par nuit.

### Instruction2:
La question demande, ""Qu’est-ce qui augmente lorsque le cerveau essaye de faire des rêves lucides plus fréquemment ?"". Selon le texte traduit fourni, il est mentionné que les rêves lucides augmentent la durée de temps entre les états de sommeil paradoxal, ce qui indique que la durée entre chaque état de sommeil paradoxal augmente. Par conséquent, la réponse à la question est :

<task2>4<task2/>",2.554755449295044
032_564,"### Instruction1:
Vidal, âgé de 28 ans, avait rejoint le Barça il y a trois saisons, en provenance de Séville. Depuis son arrivée dans la capitale catalane, Vidal avait joué 49 matchs pour le club.

### Instruction2:
La question demande, ""D’après l’extrait, pour quel club Vidal a-t-il commencé à jouer il y a trois saisons ?"". Selon le texte traduit fourni, Vidal a commencé à jouer pour le Barça il y a trois saisons. Par conséquent, la réponse à la question est :

<task2>3<task2/>",1.9649288654327393
032_136,"### Instruction1:
La vision, ou la capacité de voir, dépend des organes sensoriels du système visuel ou des yeux. Il existe de nombreuses constructions différentes des yeux, variant en complexité en fonction des besoins de l'organisme. Les différentes constructions ont des capacités différentes, sont sensibles à différentes longueurs d'onde et ont des degrés d'acuité différents, et elles nécessitent également un traitement différent pour donner un sens à l'entrée et différents nombres pour fonctionner de manière optimale.

### Instruction2:
La question demande, ""De quoi dépend la capacité de voir ?"". Selon le texte traduit, la capacité de voir dépend des organes sensoriels du système visuel. Par conséquent, la réponse à la question est :

<task2>1<task2/>",1.8436579704284668
032_462,"### Instruction1:
""Né à Hong Kong, Ma a étudié à l'université de New York et à la Harvard Law School et a un jour détenu une carte de résident permanent américaine """"green card"""". Hsieh a sous-entendu pendant l'élection que Ma pourrait fuir le pays en période de crise. Hsieh a également soutenu que le photogénique Ma avait plus de style que de substance. Malgré ces accusations, Ma a remporté facilement l'élection sur une plateforme plaidant pour des liens plus étroits avec le continent chinois.""

### Instruction2:
La question demande, ""D’après l’extrait, quel pays a contribué à la victoire électorale de M. Ma ?"". Selon le texte traduit, Ma a remporté l'élection sur une plateforme plaidant pour des liens plus étroits avec le continent chinois. Par conséquent, la réponse à la question est :

<task2>4<task2/>",1.8287274837493896
032_382,"### Instruction1:
Les historiens ont critiqué les politiques passées du FBI pour avoir concentré les ressources sur des affaires faciles à résoudre, en particulier les affaires de voitures volées, dans le but d'augmenter le taux de réussite de l'agence. Le Congrès a commencé à financer l'initiative sur l'obscénité au cours de l'exercice 2005 et a spécifié que le FBI devait consacrer 10 agents à la pornographie pour adultes.

### Instruction2:
La question demande, ""D’après l’extrait, à quel sujet les historiens n’ont-ils pas critiqué le FBI pour ses concentrations de ressources ?"". Selon le texte traduit, les historiens n'ont pas critiqué le FBI pour sa concentration sur les cas de pornographie, car cela n'est pas mentionné comme un sujet de critique. Par conséquent, la réponse à la question est :

<task2>3<task2/>",1.5900750160217285
032_381,"### Instruction1:
NextGen est un système que la FAA affirme permettrait aux avions de voler des routes plus courtes et d'économiser des millions de gallons de carburant chaque année tout en réduisant les émissions de carbone. Il utilise une technologie basée sur satellite, contrairement à l'ancienne technologie basée sur le radar au sol, pour permettre aux contrôleurs aériens de localiser les avions avec plus de précision et de fournir aux pilotes des informations plus précises.

### Instruction2:
La question demande, ""En quoi NextGen bénéficie-t-il directement aux contrôleurs aériens ?"". Selon le texte traduit, NextGen permet aux contrôleurs aériens de localiser les avions avec plus de précision. Par conséquent, la réponse à la question est :

<task2>2<task2/>",3.302751302719116
032_806,"### Instruction1:
""Les entreprises de médias mentent régulièrement sur le but de cela, affirmant que c'est pour """"prévenir le piratage"""". En fait, les codes régionaux n'ont absolument aucun effet sur la copie illégale ; une copie bit par bit d'un disque fonctionnera très bien sur n'importe quel appareil où l'original fonctionne. Le véritable objectif est de donner à ces entreprises plus de contrôle sur leurs marchés ; tout cela concerne la génération d'argent.""

### Instruction2:
La question demande, ""D’après l’extrait, à quoi servent en réalité les codes régionaux ?"". Selon le texte traduit fourni, les codes régionaux servent en réalité à contrôler le marché. Par conséquent, la réponse à la question est :

<task2>2<task2/>",2.780855417251587
032_542,"### Instruction1:
Bien qu'un vaccin expérimental semble capable de réduire la mortalité liée à Ebola, jusqu'à présent, aucun médicament n'a clairement démontré son efficacité pour traiter une infection existante. Un cocktail d'anticorps, ZMapp, a initialement montré des promesses sur le terrain, mais des études formelles ont indiqué qu'il avait moins d'avantages que prévu pour prévenir la mort. Dans l'essai PALM, ZMapp a servi de témoin, ce qui signifie que les scientifiques l'ont utilisé comme référence et ont comparé les trois autres traitements à celui-ci.

### Instruction2:
La question demande : ""Laquelle des affirmations suivantes décrit fidèlement l’essai PALM ?"". Selon le texte traduit, ZMapp a été utilisé comme témoin dans l'essai PALM, ce qui signifie qu'il a été utilisé comme base de référence pour comparer les autres traitements. Par conséquent, la réponse à la question est :

<task2>3<task2/>",3.182716131210327
032_891,"### Instruction1:
La faune est l'un des motifs les plus difficiles pour un photographe et nécessite une combinaison de bonne chance, de patience, d'expérience et de bon équipement. La photographie animalière est souvent considérée comme acquise, mais comme la photographie en général, une image vaut mille mots. La photographie animalière nécessite souvent un long téléobjectif, bien que des choses comme un groupe d'oiseaux ou une petite créature nécessitent d'autres objectifs. De nombreux animaux exotiques sont difficiles à trouver, et les parcs ont parfois des règles concernant la prise de photographies à des fins commerciales. Les animaux sauvages peuvent être timides ou agressifs. L'environnement peut être froid, chaud ou autrement hostile.

### Instruction2:
La question demande : ""D’après l’extrait, quelle situation nécessite l’utilisation d’un objectif spécial par un photographe de la vie sauvage ?"". Selon le texte traduit, un long téléobjectif est souvent nécessaire pour la photographie animalière, ce qui indique que cela concerne principalement les situations où des animaux sauvages sont photographiés de loin. Cela correspond à l'option 1 : ""S’ils photographient essentiellement des petits animaux"". Par conséquent, la réponse à la question est :

<task2>1<task2/>",2.4845545291900635
032_354,"### Instruction1:
Leonov, également connu sous le nom de ""cosmonaut n° 11"", faisait partie de l'équipe originale de cosmonautes de l'Union soviétique. Le 18 mars 1965, il a effectué la première activité extravéhiculaire habitée (EVA), ou ""sortie dans l'espace"", restant seul à l'extérieur du vaisseau spatial pendant un peu plus de douze minutes. Il a reçu le titre de ""Héros de l'Union soviétique"", la plus haute distinction de l'Union soviétique, pour son travail. Dix ans plus tard, il a dirigé la partie soviétique de la mission Apollo–Soyouz symbolisant que la Course à l'espace était terminée.

### Instruction2:
La question demande, ""Quel est l’autre nom de la « sortie dans l’espace » effectuée par Leonov ?"". Selon le texte traduit, l'autre nom de la « sortie dans l'espace » est ""activité extravéhiculaire"". Par conséquent, la réponse à la question est :

<task2>3<task2/>",1.7197444438934326
032_14,"### Instruction1:
Une population est l'ensemble des organismes d'une espèce particulière dans une zone géographique donnée. Lorsque tous les individus d'une population sont identiques en ce qui concerne un trait phénotypique particulier, ils sont connus sous le nom de monomorphes. Lorsque les individus montrent plusieurs variantes d'un trait particulier, ils sont polymorphes.

### Instruction2:
La question demande, ""Parmi les termes ci-dessous, quel est le terme exact pour désigner des organismes occupant une zone géographique donnée ?"". Selon le texte traduit, le terme exact pour désigner des organismes occupant une zone géographique donnée est ""population"". Par conséquent, la réponse à la question est :

<task2>2<task2/>",1.3308143615722656
032_182,"### Instruction1:
Les lions sont les chats les plus sociaux, vivant en grands groupes appelés fiertés. Les fiertés sont composées d'un à trois mâles adultes liés, ainsi que de jusqu'à trente femelles et leurs petits. Les femelles sont généralement étroitement liées entre elles, formant une grande famille de sœurs et de filles. Les fiertés de lions agissent beaucoup comme des meutes de loups ou de chiens, des animaux étonnamment similaires aux lions (mais pas aux autres grands félins) dans leur comportement, et également très mortels pour leurs proies.

### Instruction2:
La question demande, ""Parmi les affirmations ci-dessous, laquelle ne décrit pas pertinemment le comportement des lions ?"". Selon le texte traduit, la réponse correcte est que leur comportement est similaire à celui d'autres grands félins (option 4), car le texte précise que les lions se comportent de manière similaire aux loups et aux chiens, mais pas aux autres grands félins. Donc, la réponse est :

<task2>4<task2/>",1.6898596286773682
032_533,"### Instruction1:
L'avion se dirigeait vers Irkoutsk et était opéré par des troupes intérieures. Une enquête a été ouverte pour enquêter. L'Il-76 est un élément majeur des forces militaires russes et soviétiques depuis les années 1970 et avait déjà connu un accident grave en Russie le mois dernier. Le 7 octobre, un moteur s'est détaché au décollage, sans blessures. La Russie a brièvement cloué au sol les Il-76 après cet accident.

### Instruction2:
La question demande, ""Qu’est-ce qu’un II-76 ?"". Selon le texte traduit fourni, l'Il-76 est mentionné comme un avion. Par conséquent, la réponse à la question est :

<task2>3<task2/>",1.2969486713409424
032_250,"### Instruction1:
Les étoiles émettent de la lumière et de la chaleur en raison de l'énergie produite lorsque les atomes d'hydrogène sont fusionnés (ou fusionnés) pour former des éléments plus lourds. Les scientifiques travaillent à créer un réacteur capable de produire de l'énergie de la même manière. Cependant, c'est un problème très difficile à résoudre et cela prendra de nombreuses années avant que nous voyions des réacteurs de fusion utiles construits.

### Instruction2:
La question demande, ""D’après l’extrait, qu’est-ce que la fusion permet aux corps stellaires de faire ?"". Selon le texte traduit, la fusion permet aux étoiles de dégager de la lumière et de la chaleur, ainsi que de former des éléments plus lourds. Toutefois, la réponse la plus directement liée à la question posée est que la fusion permet aux corps stellaires de dégager de la lumière et de la chaleur. Par conséquent, la réponse à la question est :

<task2>3<task2/>",1.9308006763458252
032_320,"### Instruction1:
""Nigéria a précédemment annoncé qu'il prévoyait de rejoindre l'AfCFTA dans la semaine précédant le sommet. Le commissaire au commerce et à l'industrie de l'UA, Albert Muchanga, a annoncé que le Bénin devait rejoindre. Le commissaire a déclaré : « Nous ne sommes pas encore d'accord sur les règles d'origine et les concessions tarifaires, mais le cadre que nous avons est suffisant pour commencer à commercer le 1er juillet 2020 ».""

### Instruction2:
La question demande, ""Parmi les éléments ci-dessous, lequel n’a pas été évoqué par Albert Muchanga comme étant quelque chose sur lequel il fallait encore s’accorder ?"". Selon le texte traduit, Albert Muchanga a mentionné qu'il n'y avait pas encore d'accord sur les ""règles d'origine"" et ""les concessions tarifaires"", mais il n'a pas évoqué la date à laquelle le commerce pourrait débuter, qui est fixée au 1er juillet 2020. Ainsi, la réponse à la question est :

<task2>2<task2/>",1.7091429233551025
032_22,"### Instruction1:
Les blogs peuvent également aider à améliorer l'écriture des étudiants. Bien que les étudiants commencent souvent leur expérience de blog avec une grammaire et une orthographe approximatives, la présence d'un public change généralement cela. Comme les étudiants sont souvent le public le plus critique, l'écrivain de blog commence à s'efforcer d'améliorer son écriture pour éviter les critiques. De plus, le blogging ""force les étudiants à devenir plus avisés sur le monde qui les entoure"". Le besoin de nourrir l'intérêt du public inspire les étudiants à être astucieux et intéressants (Toto, 2004). Le blogging est un outil qui inspire la collaboration et encourage les étudiants à étendre leur apprentissage bien au-delà de la journée scolaire traditionnelle. Une utilisation appropriée des blogs ""peut permettre aux étudiants de devenir plus analytiques et critiques ; en répondant activement aux matériaux sur Internet, les étudiants peuvent définir leurs positions dans le contexte des écrits des autres ainsi que définir leurs propres perspectives sur des questions particulières (Oravec, 2002).""

### Instruction2:
La question demande, ""Parmi les aspects liés à la tenue d’un blog ci-dessous, lequel est cité comme étant une motivation pour qu’un étudiant améliore ses compétences en rédaction ?"". Selon le texte traduit, il est mentionné que la présence d'un public critique pousse les étudiants à améliorer leur écriture pour éviter les critiques. Par conséquent, la réponse à la question est :

<task2>2<task2/>",2.076204776763916
032_159,"### Instruction1:
Les Babyloniens construisaient à chaque dieu un temple principal qui était considéré comme la maison du dieu. Les gens apportaient des sacrifices aux dieux et les prêtres essayaient de répondre aux besoins des dieux à travers des cérémonies et des festivals. Chaque temple avait une cour de temple ouverte et ensuite un sanctuaire intérieur auquel seuls les prêtres pouvaient entrer. Parfois, des tours en forme de pyramide, appelées ziggourats, étaient construites pour faire partie des temples. Le sommet de la tour était un sanctuaire spécial pour le dieu.

### Instruction2:
La question demande, ""D’après l’extrait, où serait-il impossible de rencontrer un citoyen babylonien moyen ?"". Selon le texte traduit, il est dit que le sanctuaire intérieur ne peut être fréquenté que par les prêtres. Par conséquent, il serait impossible de rencontrer un citoyen babylonien moyen dans un sanctuaire intérieur. Par conséquent, la réponse à la question est :

<task2>4<task2/>",1.6385657787322998
032_811,"### Instruction1:
Si vous souhaitez voler autour du monde complètement dans l'hémisphère sud, le choix des vols et des destinations est limité en raison du manque de routes transocéaniques. Aucune alliance aérienne ne couvre les trois traversées océaniques dans l'hémisphère sud (et SkyTeam ne couvre aucun des passages). Cependant, Star Alliance couvre tout sauf l'est du Pacifique Sud de Santiago du Chili à Tahiti, qui est un vol LATAM Oneworld. Ce vol n'est pas la seule option si vous souhaitez éviter le Pacifique Sud et la côte ouest de l'Amérique du Sud. (voir ci-dessous)

### Instruction2:
La question demande, ""D’après les informations fournies dans l’extrait, qui couvre le plus de jonctions dans l’hémisphère sud ?"". Selon le texte traduit, Star Alliance couvre tout sauf l'est du Pacifique Sud. Par conséquent, il est la réponse qui couvre le plus de jonctions dans l'hémisphère sud.

<task2>2<task2/>",1.9770102500915527
032_106,"### Instruction1:
Les individus qui avaient été impliqués pendant plusieurs décennies nous ont aidés à apprécier nos forces et nos passions tout en évaluant candidement les difficultés et même les échecs. En écoutant des individus partager leurs histoires individuelles, familiales et organisationnelles, nous avons acquis des aperçus précieux sur le passé et certaines des personnalités qui ont influencé pour le meilleur ou pour le pire la culture de l'organisation. Bien que comprendre son histoire ne suppose pas de comprendre la culture, cela aide au moins les gens à se faire une idée de leur place dans l'histoire de l'organisation. En évaluant les succès et en prenant conscience des échecs, les individus et l'ensemble des personnes participantes découvrent plus profondément les valeurs, la mission et les forces motrices de l'organisation. Dans ce cas, rappeler des instances précédentes de comportements entrepreneuriaux et des succès qui en ont résulté a aidé les gens à être ouverts à de nouveaux changements et à une nouvelle direction pour l'église locale. De telles histoires de succès ont réduit les craintes de changement, tout en créant des inclinations positives envers le changement à l'avenir.

### Instruction2:
La question demande : ""Qu’est-ce que l’extrait mentionne comme ayant aidé à réduire les craintes de changement au sein de l’église locale ?"". Selon le texte traduit fourni, il est indiqué que rappeler des exemples précédents de comportement entrepreneurial réussi a aidé à réduire les craintes de changement. Par conséquent, la réponse à la question est :

<task2>1<task2/>",2.711178779602051
032_612,"### Instruction1:
La coalition et les troupes afghanes ont pénétré dans la zone pour sécuriser le site et d'autres avions de la coalition ont été envoyés pour aider. L'accident s'est produit dans un terrain montagneux élevé et est considéré comme le résultat de tirs hostiles. Les efforts pour rechercher le site du crash sont entravés par des conditions météorologiques défavorables et un terrain difficile.

### Instruction2:
La question demande, ""Sur quel type de terrain l’avion s’est-il écrasé ?"". Selon le texte traduit fourni, l'avion s'est écrasé dans un terrain montagneux. Par conséquent, la réponse à la question est :

<task2>4<task2/>",1.4962522983551025
032_188,"### Instruction1:
Un athlète complet, le tigre peut grimper (bien que ce ne soit pas très bien), nager, sauter de grandes distances et tirer avec cinq fois la force d’un humain fort. Le tigre appartient au même groupe (genre Panthera) que les lions, les léopards et les jaguars. Ces quatre grands félins sont les seuls qui peuvent rugir. Le rugissement du tigre n'est pas comme le rugissement tonitruant d'un lion, mais plutôt comme une phrase de mots hurlés et grognés.

### Instruction2:
La question demande, ""D’après l’extrait, quel élément ci-dessous différencie les tigres des lions ?"". Selon le texte traduit, la différence mentionnée entre les tigres et les lions est le son de leur rugissement. Le rugissement du tigre est décrit comme n'étant pas semblable au rugissement plein d'un lion. Par conséquent, la réponse à la question est :

<task2>2<task2/>",1.6908800601959229
032_884,"### Instruction1:
Quiconque planifiant une visite dans un pays qui pourrait être considéré comme une zone de guerre devrait suivre une formation professionnelle. Une recherche sur Internet pour 'cours sur les environnements hostiles' fournira probablement l'adresse d'une entreprise locale. Un cours couvrira normalement tous les sujets discutés ici de manière beaucoup plus détaillée, généralement avec une expérience pratique. Un cours dure normalement de 2 à 5 jours et impliquera des jeux de rôle, beaucoup de premiers secours et parfois un entraînement aux armes. Les livres et magazines traitant de la survie en milieu sauvage sont courants, mais les publications traitant des zones de guerre sont rares.

### Instruction2:
D’après le texte traduit, il est mentionné que dans un cours de formation professionnelle, il y aura beaucoup de premiers secours, ainsi que des jeux de rôle et d'autres sujets liés aux environnements hostiles. Par conséquent, le thème le plus susceptible d'être abordé dans un cours de formation professionnelle est :

<task2>1<task2/>",1.5616066455841064
032_47,"### Instruction1:
L'Internet combine des éléments de communication de masse et interpersonnelle. Les caractéristiques distinctes de l'Internet conduisent à des dimensions supplémentaires en termes d'approche des usages et des gratifications. Par exemple, « l'apprentissage » et « la socialisation » sont suggérés comme des motivations importantes pour l'utilisation de l'Internet (James et al., 1995). « L'implication personnelle » et « les relations continues » ont également été identifiées comme de nouveaux aspects de motivation par Eighmey et McCord (1998) lorsqu'ils ont étudié les réactions du public aux sites Web.

### Instruction2:
La question demande, ""Parmi les éléments ci-dessous, lequel ne reflète pas une motivation pour utiliser Internet pour des relations continues ?"". Selon le texte traduit, les motivations pour l'utilisation de l'Internet pour des relations continues comprennent des aspects tels que la construction d'un réseau professionnel et le maintien du contact avec la famille. En revanche, ""Se renseigner sur des voyages"" ne correspond pas à une motivation liée aux relations continues. Ainsi, la réponse à la question est :

<task2>3<task2/>",1.9980113506317139
032_249,"### Instruction1:
Dix-huit pour cent des Vénézuéliens sont au chômage, et la plupart de ceux qui sont employés travaillent dans l'économie informelle. Deux tiers des Vénézuéliens qui travaillent le font dans le secteur des services, près d'un quart travaillent dans l'industrie et un cinquième travaillent dans l'agriculture. Une industrie importante pour les Vénézuéliens est le pétrole, où le pays est un exportateur net, même si seulement un pour cent travaille dans l'industrie pétrolière.

### Instruction2:
La question demande : ""D’après l’extrait, lequel des secteurs ci-dessous emploie le plus grand nombre de Vénézuéliens ?"". Selon le texte traduit, deux tiers des Vénézuéliens qui travaillent sont dans le secteur des services, ce qui est le plus élevé par rapport aux autres secteurs mentionnés. Par conséquent, la réponse à la question est :

<task2>1<task2/>",1.7736947536468506
032_259,"### Instruction1:
Bien que la construction de pyramides en pierre ait continué jusqu'à la fin de l'Ancien Empire, les pyramides de Gizeh n'ont jamais été surpassées en taille et en excellence technique de leur construction. Les anciens Égyptiens du Nouvel Empire s'émerveillaient devant les monuments de leurs prédécesseurs, qui avaient alors plus de mille ans.

### Instruction2:
La question demande, ""D’après l’extrait, quelle caractéristique des pyramides de Gizeh les Égyptiens du Nouvel Empire n’auraient-ils pas trouvée surprenante ?"". Selon le texte traduit, les Égyptiens du Nouvel Empire s'émerveillaient de l'âge des pyramides, qui avaient plus de mille ans. Par conséquent, la caractéristique qu'ils n'auraient pas trouvée surprenante est leur taille, car il est mentionné que les pyramides de Gizeh n'ont jamais été surpassées en taille. Donc, la réponse à la question est :

<task2>3<task2/>",1.8177692890167236
032_275,"### Instruction1:
Le bouddhisme tibétain est basé sur les enseignements du Bouddha, mais a été étendu par le chemin mahayana de l'amour et par de nombreuses techniques du yoga indien. En principe, le bouddhisme tibétain est très simple. Il se compose du yoga Kundalini, de la méditation et du chemin de l'amour universel. Avec le yoga Kundalini, l'énergie Kundalini (énergie d'illumination) est éveillée par des postures de yoga, des exercices de respiration, des mantras et des visualisations. Le centre de la méditation tibétaine est le yoga des déités. Grâce à la visualisation de diverses déités, les canaux énergétiques sont nettoyés, les chakras sont activés et la conscience d'illumination est créée.

### Instruction2:
La question demande : ""D’après l’extrait, comment les chakras sont-ils activés dans le « centre » de la méditation tibétaine ?"". Selon le texte traduit, les chakras sont activés grâce à la visualisation de diverses déités. Par conséquent, la réponse à la question est :

<task2>2<task2/>",2.3364737033843994
032_696,"### Instruction1:
Dans la chaleur du jour, les voyageurs peuvent éprouver des mirages qui donnent l'illusion d'eau (ou d'autres choses). Ceux-ci peuvent être dangereux si le voyageur poursuit le mirage, gaspillant de l'énergie précieuse et de l'eau restante. Même les déserts les plus chauds peuvent devenir extrêmement froids la nuit. L'hypothermie est un risque réel sans vêtements chauds.

### Instruction2:
La question demande, ""Lequel des éléments suivants n'est pas mentionné comme un risque potentiel pour quelqu’un voyageant dans le désert ?"". Selon le texte traduit fourni, les risques mentionnés incluent les mirages et l'hypothermie, mais il n'y a pas de mention de coups de soleil. Par conséquent, la réponse à la question est :

<task2>4<task2/>",1.6954119205474854
032_37,"### Instruction1:
Les humains sont de loin l'espèce la plus talentueuse pour lire les pensées des autres. Cela signifie que nous sommes capables de prédire avec succès ce que d'autres humains perçoivent, ont l'intention de faire, croient, savent ou désirent. Parmi ces capacités, comprendre l'intention des autres est crucial. Cela nous permet de résoudre les ambiguïtés possibles des actions physiques. Par exemple, si vous voyiez quelqu'un casser une vitre de voiture, vous supposeriez probablement qu'il essaie de voler la voiture d'un étranger. Il faudrait le juger différemment s'il avait perdu ses clés de voiture et que c'était sa propre voiture qu'il essayait de forcer.

### Instruction2:
La question demande, ""D’après l’extrait, de quoi les êtres humains doivent-ils avoir une forte compréhension afin de pouvoir interpréter les actions physiques des autres ?"". Selon le texte traduit, il est mentionné que comprendre l'intention des autres est crucial pour interpréter les actions physiques. Par conséquent, la réponse à la question est :

<task2>2<task2/>",1.760629415512085
032_171,"### Instruction1:
Une civilisation est une culture singulière partagée par un groupe de personnes suffisamment large qui vivent et travaillent de manière coopérative, une société. Le mot civilisation vient du latin civilis, qui signifie civil, lié au latin civis, qui signifie citoyen, et civitas, qui signifie ville ou cité-État, et qui définit également d'une certaine manière la taille de la société. Les cités-États sont les précurseurs des nations. Une culture civilisationnelle implique le passage de connaissances à travers plusieurs générations, une empreinte culturelle persistante et une diffusion équitable. Les cultures mineures disparaissent souvent sans laisser de preuves historiques pertinentes et échouent à être reconnues comme de vraies civilisations.

### Instruction2:
La question demande, ""D’après l’extrait, lequel des éléments ci-dessous est peu susceptible d’avoir un impact durable ?"". Selon le texte traduit, les cultures mineures disparaissent souvent sans laisser de preuves historiques pertinentes et ne sont pas reconnues comme de vraies civilisations. Par conséquent, la réponse à la question est :

<task2>2<task2/>",1.7553391456604004
032_451,"### Instruction1:
Lodin a également déclaré que les responsables avaient décidé d'annuler le second tour afin d'épargner aux Afghans les frais et le risque de sécurité d'une nouvelle élection. Les diplomates ont déclaré qu'ils avaient trouvé suffisamment d'ambiguïté dans la constitution afghane pour déterminer que le second tour était inutile. Cela contredit des rapports antérieurs, qui disaient que l'annulation du second tour aurait été contraire à la constitution.

### Instruction2:
La question demande, ""D’après l’extrait, quelle raison expliquant l’annulation du second tour n’a pas été mentionnée ?"". Selon le texte traduit, les raisons mentionnées pour l'annulation du second tour incluent les frais, les risques de sécurité et l'ambiguïté constitutionnelle. Cependant, la contradiction dans la constitution n’a pas été mentionnée comme une raison pour l’annulation. Par conséquent, la réponse à la question est :

<task2>2<task2/>",1.6022796630859375
032_126,"### Instruction1:
L'origami Pureland est un origami avec la restriction selon laquelle un seul pli peut être effectué à la fois, des plis plus complexes comme les plis inversés ne sont pas autorisés, et tous les plis ont des emplacements simples. Il a été développé par John Smith dans les années 1970 pour aider les plieurs inexpérimentés ou ceux ayant des compétences motrices limitées.

### Instruction2:
La question demande : ""Parmi les affirmations ci-dessous, laquelle ne décrit pas correctement l’origami Pureland ?"". En se basant sur le texte traduit, il est indiqué que l'origami Pureland est conçu pour aider les plieurs inexpérimentés et ceux avec des capacités motrices limitées, et que les plis inversés ne sont pas inclus. L'affirmation qui ne correspond pas est que l'origami Pureland est conçu pour les personnes expérimentées. Par conséquent, la réponse à la question est :

<task2>1<task2/>",1.5934898853302002
032_302,"### Instruction1:
Les organisateurs de la manifestation ont déclaré qu'environ 100 000 personnes s'étaient réunies dans des villes allemandes telles que Berlin, Cologne, Hambourg et Hanovre. À Berlin, la police a estimé le nombre de manifestants à 6 500. Des manifestations ont également eu lieu à Paris, Sofia en Bulgarie, Vilnius en Lituanie, La Valette à Malte, Tallinn en Estonie, ainsi qu'à Édimbourg et Glasgow en Écosse. À Londres, environ 200 personnes ont protesté devant les bureaux de certains grands détenteurs de droits d'auteur. Le mois dernier, il y a eu d'importantes manifestations en Pologne lorsque ce pays a signé l'ACTA, ce qui a conduit le gouvernement polonais à décider de ne pas ratifier l'accord, pour l'instant. La Lettonie et la Slovaquie ont toutes deux retardé le processus d'adhésion à l'ACTA.

### Instruction2:
La question demande, ""Quel pays a décidé de ne pas donner suite à l’accord ACTA après l’avoir signé en réponse aux manifestations ?"". Selon le texte traduit, c'est la Pologne qui a décidé de ne pas ratifier l'accord ACTA après l'avoir signé. Par conséquent, la réponse à la question est :

<task2>2<task2/>",1.9558770656585693
032_376,"### Instruction1:
Les rapports télévisés montrent de la fumée blanche provenant de l'usine. Les autorités locales avertissent les résidents à proximité de l'usine de rester à l'intérieur, d'éteindre les climatiseurs et de ne pas boire d'eau du robinet. Selon l'agence nucléaire du Japon, du césium et de l'iode radioactifs ont été identifiés sur le site. Les autorités supposent que cela indique que des conteneurs contenant du combustible d'uranium sur le site pourraient avoir été rupturés et fuient.

### Instruction2:
La question demande, ""D’après l’extrait, lequel des éléments ci-dessous a vraisemblablement créé des conditions dangereuses dans et autour de l’usine ?"". Selon le texte traduit, il est mentionné que le césium radioactif et l'iode ont été identifiés, mais le texte souligne également que les conteneurs contenant du combustible d'uranium pourraient avoir été rupturés, ce qui est spécifiquement lié à une condition dangereuse. Par conséquent, la réponse à la question est :

<task2>1<task2/>",2.223607301712036
032_233,"### Instruction1:
Il existe des estimations variées sur le nombre de personnes parlant l'hindi. On estime qu'il se situe entre la deuxième et la quatrième langue la plus parlée au monde. Le nombre de locuteurs natifs varie en fonction de la prise en compte ou non des dialectes très proches. Les estimations vont de 340 millions à 500 millions de locuteurs, et jusqu'à 800 millions de personnes peuvent comprendre la langue. L'hindi et l'ourdou sont similaires en vocabulaire mais différents dans l'écriture ; dans les conversations quotidiennes, les locuteurs des deux langues peuvent généralement se comprendre.

### Instruction2:
La question demande, ""Parmi les affirmations ci-dessous sur l’hindi et l’ourdou, laquelle est vraie ?"". Selon le texte traduit, il est mentionné que l'hindi et l'ourdou sont similaires en vocabulaire mais différents dans l'écriture. Par conséquent, la réponse à la question est :

<task2>2<task2/>",2.163672924041748
032_399,"### Instruction1:
Selon des rapports, un appartement sur la rue Macbeth a explosé à cause d'une fuite de gaz. Un responsable de la compagnie de gaz se rendait sur les lieux après qu'un voisin ait appelé au sujet d'une fuite de gaz. Lorsque le responsable est arrivé, l'appartement a explosé. Aucune blessure grave n'a été signalée, mais au moins cinq personnes présentes sur les lieux au moment de l'explosion ont été traitées pour des symptômes de choc. Personne n'était à l'intérieur de l'appartement. À ce moment-là, près de 100 résidents ont été évacués de la zone.

### Instruction2:
La question demande, ""Qui a été traité pour blessures graves suite à l’explosion ?"". Selon le texte traduit, il est mentionné qu’""aucune blessure grave n'a été signalée"", mais que ""au moins cinq personnes présentes sur les lieux au moment de l'explosion ont été traitées pour des symptômes de choc"". Cela signifie que, bien que personne n'ait subi de blessures graves, au moins cinq personnes ont reçu un traitement. Par conséquent, la réponse à la question est :

<task2>1<task2/>",2.250056743621826
032_118,"### Instruction1:
Par exemple, le format de photographie d'image fixe le plus courant au monde est le 35 mm, qui était la taille de film dominante à la fin de l'ère du film analogique. Il est encore fabriqué aujourd'hui, mais plus important encore, son rapport d'aspect a été hérité par les formats de capteurs d'image des caméras numériques. Le format 35 mm est en réalité, de manière quelque peu déroutante, de 36 mm de large sur 24 mm de haut. Le rapport d'aspect de ce format (divisant par douze pour obtenir le rapport entier le plus simple) est donc dit être de 3:2. De nombreux formats courants (la famille de formats APS, par exemple) sont égaux ou approchent de près ce rapport d'aspect.

### Instruction2:
La question demande, ""Parmi les affirmations ci-dessous, laquelle ne décrit pas le format de photographie de 35 mm ?"". Selon le texte traduit fourni, toutes les affirmations sont vraies concernant le format de photographie de 35 mm, sauf celle qui dit qu'il présente un rapport d'aspect différent de celui de beaucoup d'autres formats répandus. En effet, le texte explique que de nombreux formats courants approchent ce rapport d'aspect. Donc, la réponse à la question est :

<task2>3<task2/>",2.2922799587249756
032_442,"### Instruction1:
Selon Ansa, « la police s'inquiétait de quelques meurtres de haut niveau qu'elle craignait de voir déclencher une guerre de succession à grande échelle. La police a déclaré que Lo Piccolo avait l'avantage parce qu'il avait été le bras droit de Provenzano à Palerme et que son expérience plus grande lui avait valu le respect de la génération plus âgée de patrons alors qu'ils poursuivaient la politique de Provenzano de rester aussi discret que possible tout en renforçant leur réseau de pouvoir. Ces patrons avaient été maîtrisés par Provenzano lorsqu'il mit fin à la guerre provoquée par Riina contre l'État qui avait coûté la vie aux croisés de la Mafia Giovanni Falcone et Paolo Borsellino en 1992. »

### Instruction2:
La question demande, ""D’après la police, qui était considéré comme le bras droit de Provenzano ?"". Selon le texte traduit fourni, Lo Piccolo est mentionné comme le bras droit de Provenzano. Par conséquent, la réponse à la question est :

<task2>2<task2/>",1.7923221588134766
032_158,"### Instruction1:
L'invention des roues à rayons a rendu les chars assyriens plus légers, plus rapides et mieux préparés à dépasser les soldats et d'autres chars. Les flèches de leurs redoutables arbalètes pouvaient pénétrer l'armure des soldats rivaux. Vers 1000 avant J.-C., les Assyriens ont introduit la première cavalerie. Une cavalerie est une armée qui se bat à cheval. La selle n'avait pas encore été inventée, donc la cavalerie assyrienne se battait sur le dos nu de leurs chevaux.

### Instruction2:
La question demande, ""Comment se déroulent les combats faisant intervenir une cavalerie ?"". Selon le texte traduit fourni, la cavalerie se bat à cheval. Par conséquent, la réponse à la question est :

<task2>3<task2/>",2.506232500076294
032_332,"### Instruction1:
Batten était classé 190e sur la liste des 400 Américains les plus riches de 2008 avec une fortune estimée à 2,3 milliards de dollars. Il a obtenu son diplôme du Collège des arts et des sciences de l’Université de Virginie en 1950 et a été un donateur significatif à cette institution.

### Instruction2:
La question demande, ""À qui Batten a-t-il fait des dons ?"". Selon le texte traduit, Batten a été un donateur significatif à l'Université de Virginie. Par conséquent, la réponse à la question est :

<task2>2<task2/>",1.3845815658569336
032_485,"###Instruction1:
La semaine dernière, Naked News a annoncé qu'elle augmenterait de manière spectaculaire son mandat linguistique international pour le reportage d'actualités, avec trois nouvelles émissions. Déjà en train de rapporter en anglais et en japonais, l'organisation mondiale lance des programmes en espagnol, italien et coréen, pour la télévision, le web et les appareils mobiles.

###Instruction2:
La question demande, ""D’après l’extrait, où les nouveaux programmes de Naked News ne seront-ils pas disponibles ?"". Selon le texte traduit, les nouveaux programmes seront disponibles à la télévision, sur Internet et sur les téléphones portables. Il n'est pas mentionné qu'ils seront disponibles dans les cinémas. Par conséquent, la réponse à la question est :

<task2>3<task2/>",1.6829252243041992
032_446,"### Instruction1:
Au cours de son voyage, Iwasaki a rencontré des problèmes à de nombreuses reprises. Il a été volé par des pirates, attaqué au Tibet par un chien enragé, a échappé à un mariage au Népal et a été arrêté en Inde.

### Instruction2:
La question demande, ""Qui a attaqué Iwasaki ?"". Selon le texte traduit, Iwasaki a été attaqué au Tibet par un chien enragé. Par conséquent, la réponse à la question est :

<task2>3<task2/>",1.4384949207305908
032_366,"### Instruction1:
C'est la plus grande acquisition de l'histoire d'eBay. La société espère diversifier ses sources de profit et gagner en popularité dans des domaines où Skype détient une position forte, comme la Chine, l'Europe de l'Est et le Brésil.

### Instruction2:
La question demande : ""Qu’a racheté eBay ?"". Selon le texte traduit, eBay a acquis Skype. Par conséquent, la réponse à la question est :

<task2>3<task2/>",1.224010944366455
032_828,"### Instruction1:
Un curry est un plat basé sur des herbes et des épices, accompagné soit de viande soit de légumes. Un curry peut être « sec » ou « humide » selon la quantité de liquide. Dans les régions intérieures du nord de l'Inde et du Pakistan, le yaourt est couramment utilisé dans les currys ; dans le sud de l'Inde et certaines autres régions côtières du sous-continent, le lait de coco est couramment utilisé.

### Instruction2:
La question demande, ""À la place de quel ingrédient le lait de coco est-il parfois utilisé dans certaines régions ?"". Selon le texte traduit fourni, dans le sud de l'Inde et certaines autres régions côtières, le lait de coco est utilisé à la place du yaourt. Par conséquent, la réponse à la question est :

<task2>3<task2/>",1.7077226638793945
032_707,"### Instruction1:
Les lunettes peuvent être moins chères dans un pays étranger, en particulier dans les pays à faible revenu où les coûts de main-d'œuvre sont plus bas. Envisagez de passer un examen oculaire chez vous, surtout si l'assurance le couvre, et d'apporter l'ordonnance pour l'utiliser ailleurs. Les montures de marque haut de gamme disponibles dans de telles régions peuvent avoir deux problèmes ; certaines peuvent être des contrefaçons, et les vraies importées peuvent être plus chères qu'à la maison.

### Instruction2:
La question demande, ""Quel risque y a-t-il à acheter des cadres haut de gamme à l’étranger ?"". Selon le texte traduit fourni, il est mentionné que certaines montures de marque haut de gamme peuvent être des contrefaçons. Par conséquent, la réponse à la question est :

<task2>3<task2/>",1.697875738143921
032_26,"### Instruction1:
Le château médiéval traditionnel a longtemps inspiré l'imagination, évoquant des images de tournois, de banquets et de chevalerie arthurienne. Même en se tenant au milieu de ruines millénaires, il est facile de rappeler les sons et les odeurs de batailles depuis longtemps disparues, d'entendre presque le cliquetis des sabots sur les pavés et de sentir la peur montant des fosses du donjon. Mais notre imagination est-elle fondée sur la réalité ? Pourquoi les châteaux ont-ils été construits en premier lieu ? Comment ont-ils été conçus et construits ?

### Instruction2:
La question demande : ""Parmi les odeurs ou les sons ci-dessous, lequel ou laquelle n’est pas mentionné dans l’extrait comme pouvant être évoqué par des ruines de châteaux ?"" Selon le texte traduit, les sons et les odeurs évoqués incluent les batailles, la peur et le cliquetis des sabots. Cependant, les banquets ne sont pas mentionnés comme étant évoqués par les ruines de châteaux. Par conséquent, la réponse à la question est :

<task2>3<task2/>",4.720200061798096
032_197,"### Instruction1:
L'organe principal du système circulatoire est le cœur, qui pompe le sang. Le sang s'éloigne du cœur dans des tubes appelés artères et revient vers le cœur dans des tubes appelés veines. Les plus petits tubes sont appelés capillaires.

### Instruction2:
La question demande, ""Quelle partie du système cardio-vasculaire ramène le sang vers le cœur ?"". Selon le texte traduit fourni, le sang revient vers le cœur dans des tubes appelés veines. Par conséquent, la réponse à la question est :

<task2>4<task2/>",1.2191917896270752
032_16,"### Instruction1:
Chaque matin, des gens quittent de petites villes rurales en voiture pour se rendre à leur lieu de travail et sont dépassés par d'autres dont la destination professionnelle est l'endroit qu'ils viennent de quitter. Dans cette navette de transport dynamique, tout le monde est en quelque sorte connecté et soutient un système de transport basé sur des voitures privées. La science indique désormais que cette immense économie carbone a délogé la biosphère d'un de ses états stables qui a soutenu l'évolution humaine pendant les deux derniers millions d'années.

### Instruction2:
La question demande, ""D’après l’extrait, lequel des éléments ci-dessous constitue la base du système de transport ?"". Selon le texte traduit, le système de transport est basé sur des voitures privées. Par conséquent, la réponse à la question est :

<task2>2<task2/>",2.090517520904541
032_208,"### Instruction1:
Le Luxembourg a une longue histoire, mais son indépendance date de 1839. Les parties actuelles de la Belgique faisaient autrefois partie du Luxembourg, mais sont devenues belges après la Révolution belge des années 1830. Le Luxembourg a toujours essayé de rester un pays neutre, mais il a été occupé à la fois pendant la Première Guerre mondiale et la Seconde Guerre mondiale par l'Allemagne. En 1957, le Luxembourg est devenu un membre fondateur de l'organisation qui est aujourd'hui connue sous le nom d'Union européenne.

### Instruction2:
La question demande, ""Lequel des éléments ci-dessous a eu une influence sur la neutralité du Luxembourg ?"". Selon le texte traduit fourni, le Luxembourg a essayé de rester un pays neutre mais a été occupé par l'Allemagne durant les deux guerres mondiales. Cette occupation allemande a donc eu un impact direct sur sa neutralité. Par conséquent, la réponse à la question est :

<task2>1<task2/>",1.669072151184082
032_596,"### Instruction1:
Le Dr Lee a également exprimé son inquiétude concernant les rapports selon lesquels des enfants en Turquie ont maintenant été infectés par le virus de la grippe aviaire A(H5N1) sans tomber malades. Certaines études suggèrent que la maladie doit devenir moins mortelle avant de pouvoir provoquer une épidémie mondiale, a-t-il noté. Il y a des inquiétudes que les patients puissent continuer à infecter plus de personnes en poursuivant leurs routines quotidiennes si les symptômes de la grippe restent légers.

### Instruction2:
La question demande, ""D’après l’extrait, que devrait-il se produire pour que la maladie cause une épidémie mondiale ?"". Selon le texte traduit, il est indiqué que pour que la maladie puisse provoquer une épidémie mondiale, elle doit devenir moins mortelle. Donc, la réponse à la question est :

<task2>1<task2/>",2.098731756210327
032_228,"### Instruction1:
Traditionnellement, l'héritier du trône allait directement dans l'armée après avoir terminé ses études. Cependant, Charles est allé à l'université au Trinity College, à Cambridge, où il a étudié l'anthropologie et l'archéologie, puis l'histoire, obtenant un 2:2 (un diplôme de deuxième classe inférieure). Charles a été le premier membre de la famille royale britannique à obtenir un diplôme.

### Instruction2:
La question demande, ""D’après les informations contenues dans l’extrait, qu’est-ce que Charles a été le premier à faire ?"". Selon le texte traduit, Charles a été le premier membre de la famille royale britannique à obtenir un diplôme. Donc, la réponse à la question est :

<task2>3<task2/>",1.3577995300292969
