uid,generation,generation_time
041_61388,"Si vous vivez dans une grande ville comme Paris, il est conseillé d'avoir un agent, tandis que dans une petite ville, vous pouvez envisager de travailler comme mannequin freelance. Les agences des grandes villes prennent souvent en charge les dépenses de création de book, contrairement à celles des petites villes qui ont tendance à prendre des commissions plus élevées. Travailler en freelance implique de gérer votre propre promotion, vos rendez-vous, et vos factures. Le networking est important pour rencontrer des professionnels du secteur et lancer votre carrière. Participez à des événements de mannequinat pour élargir votre réseau et essayez de rencontrer des personnes influentes. Créez un site internet professionnel pour vous faire connaître, car cela est plus sérieux qu'une simple page sur un réseau social. Faites preuve de prudence en ligne pour éviter les prédateurs. Identifiez les entreprises locales qui pourraient avoir besoin de mannequins et contactez-les directement. Soyez ouverte à différentes opportunités pour développer votre expérience. Travailler dur et rechercher des opportunités quotidiennement est essentiel pour réussir dans le milieu du mannequinat.",1.8819952011108398
041_35002,"Il est interdit d'utiliser Instagram en dessous de 13 ans. Pour convaincre vos parents, abordez le sujet lorsqu'ils sont de bonne humeur et montrez-leur les avantages d'un compte Instagram, comme l'apprentissage de la photographie et le partage de moments spéciaux. Instagram est plus simple que d'autres réseaux sociaux, mettant l'accent sur le partage de photos. Expliquez-leur que vous n'avez pas besoin de donner d'informations personnelles, à part votre adresse email. Montrez-leur des comptes professionnels d'intérêt et aidez-les à créer un compte pour les rassurer. Engagez la discussion calmement et soyez responsable. Si vos parents refusent, restez compréhensif et proposez de revoir la question plus tard.",1.3268232345581055
041_7081,"Si vous prélevez un échantillon d'eau, laissez couler l'eau pendant une minute avant de remplir un verre aux ¾. L'eau propre doit être transparente et sans particules flottantes. Si l'eau est trouble ou colorée, cela peut indiquer des problèmes de contamination. Un verre d'eau laiteuse peut devenir clair, ce qui est généralement sans danger. Les couleurs peuvent indiquer des contaminants comme des tuyaux rouillés ou oxydés. Une odeur suspecte suggère également que l'eau n'est pas potable. Vous pouvez filtrer et faire bouillir l'eau pour la purifier. Si l'eau semble propre, un test de goût peut être effectué, mais des problèmes de qualité peuvent ne pas être visibles.",1.361372470855713
041_49479,"Si vous souffrez souvent de digestions difficiles ou de brûlures d'estomac, il est préférable de s'attaquer à la source du problème plutôt que de simplement traiter les symptômes. Cela nécessite une prise de conscience de vos habitudes alimentaires, comme manger trop rapidement ou en trop grande quantité. En corrigeant ces comportements, comme en mâchant mieux et en mangeant moins, vous pouvez améliorer votre digestion. Boire de l'eau après les repas peut également aider à réduire les brûlures. Évitez les aliments irritants et privilégiez ceux qui sont faciles à digérer, comme les flocons d'avoine ou le riz. Des vêtements trop serrés peuvent aggraver les problèmes de digestion. Les suppléments et les probiotiques peuvent être bénéfiques, et des plantes comme l'artichaut améliorent la digestion. Si les brûlures d'estomac persistent, consultez un médecin pour explorer d'autres options de traitement.",1.6278655529022217
041_25970,"Dans la plupart des cas, les créditeurs et les prêteurs préfèrent un ratio de dette au revenu inférieur ou égal à 36 %. Idéalement, ce ratio devrait être de 19 % ou moins pour garantir l’obtention de nouveaux prêts. Un ratio entre 20 et 36 % est considéré comme sain, mais au-delà de 36 %, il devient problématique. Entre 37 et 42 %, cela indique une crise financière potentielle, et au-delà de 43 %, des difficultés financières quotidiennes sont à prévoir. Un ratio de 50 % ou plus nécessite une aide professionnelle pour réduire la dette. Les prêteurs examinent souvent les dettes immobilières, mais il est important de considérer toutes les dettes. Pour réduire le ratio, il est conseillé d'augmenter les paiements sur les dettes, d'éviter de nouvelles dettes et d'économiser avant de faire des achats importants. Surveiller ce ratio est crucial pour maintenir une bonne santé financière et éviter des problèmes de crédit.",1.734208106994629
041_47397,"Un grand seau de 20 litres est pratique pour laver des vêtements à la main. Remplissez-le de 3 à 6 litres d'eau ou utilisez un lavabo correctement bouché avec de l'eau tiède. Utilisez une lessive douce spécifiquement indiquée pour les vêtements délicats. Imprégnez bien les vêtements dans l'eau et laissez-les tremper si nécessaire. Rincez-les à l'eau claire et tiède jusqu'à ce qu'ils ne soient plus mousseux. Évitez de les pendre pour sécher, préférez les étendre à plat pour éviter qu'ils se détendent et limitent les plis.",1.2023191452026367
041_44703,"La communication est le processus de transfert de signaux ou de messages entre un émetteur et un récepteur, utilisant divers moyens. C'est aussi un mécanisme pour établir et modifier les relations. Ayez confiance en vous pour exprimer des propos dignes d’intérêt. Prenez le temps de reconnaître vos opinions et sentiments pour les transmettre adéquatement. Les individus hésitant à parler n'ont pas besoin d'avoir peur, car ce qui est intéressant pour une personne peut l'être pour une autre. Développer des aptitudes de communication commence par des interactions simples et peut être pratiqué quotidiennement dans divers environnements. Les nouvelles aptitudes nécessitent du temps pour être peaufinées, mais chaque utilisation ouvre à de nouvelles opportunités.",1.2637414932250977
041_25642,"La viande, les produits laitiers et les légumes peuvent être infectés par le parasite de la toxoplasmose. Il est conseillé d'éviter de manger de la viande crue, y compris les viandes « bleues » ou « saignantes », et de bien cuire la viande à des températures spécifiques. Il est également important de laver et peler les fruits et légumes, de ne pas consommer de lait non pasteurisé et de nettoyer les ustensiles de cuisine. Pour réduire le risque d'infection, il est recommandé de porter des gants en jardinant, de garder les chats à l'intérieur, de ne pas leur donner de viande crue et de ne pas toucher les chats errants. Les femmes enceintes doivent éviter de changer la litière de leur chat sans protection adéquate.",1.4275600910186768
041_16795,"Vous pouvez améliorer votre relation avec votre enfant en utilisant des techniques adaptées à son âge, comme travailler sur des projets, jouer à des jeux vidéo ou construire avec des blocs. Il est important de passer du temps en famille en partageant des repas et en participant à des activités ensemble. Dédiez aussi des moments individuels à chaque enfant pour renforcer les liens et découvrir leurs talents. Impliquez-vous dans leur vie scolaire et sociale, et créez une atmosphère détendue pour favoriser les échanges. Le respect mutuel et le divertissement sont essentiels pour établir une bonne relation parent-enfant.",1.106654167175293
041_3423,"Cette méthode vous aidera à développer votre créativité en voyant les échecs comme des opportunités d'amélioration. Notez vos idées, même les plus étranges, et établissez des connexions entre elles. Acceptez qu'il existe plusieurs solutions à un problème et que l'apprentissage est essentiel. Engagez-vous dans des activités créatives comme le dessin ou l'écriture pour stimuler votre esprit. Ne craignez pas de sortir de votre zone de confort et envisagez des solutions innovantes à vos défis, en réévaluant vos problèmes et en cherchant de nouvelles perspectives. Finalement, différenciez créativité et productivité : être créatif implique d'innover, tandis qu'être productif signifie produire quelque chose.",1.2808113098144531
041_29312,"Utilisez des ciseaux ou une hachette pour couper les ongles des pattes de poulet et séparez la partie palmée de la partie osseuse si souhaité. Faites mariner les pattes dans de l'eau salée pour éliminer saletés et écailles, en les frottant sous l'eau. Rincez-les ensuite, séchez-les bien avec des serviettes en papier pour éviter les éclaboussures lors de la friture, puis mettez-les de côté sur un plateau propre pendant que vous préparez l'huile.",2.6814498901367188
041_41553,"Avant de passer aux étapes suivantes, il est important de devenir de bons amis. Informez-vous sur ses centres d'intérêt, comme sa célébrité préférée, son émission de télévision préférée et son genre de musique favori. Si elle s'intéresse à vous, la conversation deviendra une discussion mutuelle. Sinon, cela ressemblera davantage à une interview, ce qui peut sembler étrange. Dans ce cas, il est préférable de mettre fin à la discussion.",0.8906331062316895
041_35165,"Pour fabriquer des granulés de bois, il faut de la sciure, des copeaux et des bûches. Pour une petite quantité, huit à dix bûches suffisent, mais pour plus de 5 à 10 kg, il faut commander au moins une tonne de bois dans une scierie, ce qui peut être coûteux. Si vous ne pouvez pas rassembler les matériaux, commandez-les à l'avance. Les producteurs de granulés en petites quantités achètent souvent des déchets végétaux aux agriculteurs locaux. Pour les transformer, utilisez un broyeur de végétaux pour réduire les bûches et branches en copeaux, puis un broyeur à marteaux pour des particules plus fines. Si vous commencez avec de la sciure, omettez ce dernier processus. Laissez les morceaux de bois sécher au soleil ou utilisez un séchoir industriel pour les grandes quantités. Vérifiez l'humidité avec un humidimètre ; la sciure n'a généralement pas besoin d'être séchée, mais si elle est humide, laissez-la sécher dans une pièce sèche.",1.7646846771240234
041_34760,"Pour éclaircir naturellement les cheveux, mélangez du jus de citron, une infusion de camomille et de l'eau chaude. Faites infuser 5 à 10 sachets de camomille dans 500 ml d'eau bouillante, puis ajoutez 125 ml de jus de citron jusqu'à ce que le mélange devienne trouble. Vaporisez cette solution uniformément sur vos cheveux humides et exposez-les au soleil jusqu'à ce qu'ils soient secs. Utilisez de la crème solaire pour protéger votre peau et laissez le mélange agir pendant une à deux heures pour de meilleurs résultats. Cette méthode est progressive et peut nécessiter plusieurs applications sur plusieurs semaines, surtout pour les cheveux très foncés. Pensez à hydrater vos cheveux avec un après-shampoing sans rinçage ou de l'huile de noix de coco.",1.4059181213378906
041_25253,"Pour commencer l'examen de la dilatation du col de l'utérus, utilisez uniquement votre index et votre majeur après vous être lavé les mains. Insérez doucement vos doigts dans le vagin, en orientant votre main vers l'arrière. Le col devrait ressembler à deux lèvres tendues en avant. La dilatation peut varier d'une femme à l'autre, et il est important d'être délicat pour éviter tout saignement. Si le col est dilaté, vous pourrez sentir la poche des eaux. Une dilatation de 10 cm signifie que l'accouchement est imminent. Utilisez vos doigts pour évaluer la largeur de la dilatation, sachant qu’un doigt indique environ 1 cm. À partir de 5 cm, le col se ramollira. Les contractions régulières et fortes peuvent également indiquer qu'il est temps de se rendre à la clinique.",1.5433580875396729
041_27222,"Pour couper des feuilles de Plexiglas de 0,5 cm d'épaisseur, il est recommandé de les entailler puis de les briser en deux. Posez la feuille à plat sur une surface propre et stable, dessinez une ligne droite avec un marqueur effaçable à sec pour guider la coupe. Utilisez un couteau à lame rétractable pour entailler la feuille le long de cette ligne, en appliquant une pression ferme et en répétant l'opération plusieurs fois pour obtenir une entaille profonde. Une fois l'entaille faite, retournez la feuille et créez une entaille plus profonde de l'autre côté. Maintenez la feuille sur le bord du plan de travail avec un serre-joint et appliquez une pression rapide pour la briser en deux le long de l'entaille. Si la feuille ne se brise pas complètement, utilisez à nouveau le couteau pour aider à la séparer.",2.205331563949585
041_14036,"Achetez du lait concentré sucré au supermarché et décollez l'étiquette. Faites-le chauffer dans l'eau frémissante pendant 2 à 3 heures selon la couleur désirée. Laissez refroidir complètement avant d'ouvrir la boîte pour éviter les brûlures. La confiture de lait doit être épaisse et sirupeuse. Non ouverte, elle se conserve 3 mois à température ambiante, et une fois ouverte, 3 semaines au réfrigérateur dans un contenant hermétique.",0.9618687629699707
041_16434,"Commencez par défaire les coutures du T-shirt et le séparer en quatre morceaux. Découpez l'ourlet et créez des bandes sur le devant. Formez la ligne inférieure du haut de bikini en coupant sous les aisselles. Adaptez l'encolure et les bretelles au style désiré. Découpez le bas dans le panneau du dos en utilisant un ancien modèle. Coupez les manches pour former des panneaux et assemblez les bandes latérales. Fixez les longues bandes sur les côtés et l'encolure, puis nouez votre T-kini.",1.1024365425109863
041_32510,"On pose que x est le pourcentage à convertir. La formule pour la conversion est (x/20) - 1 = note sur 4. Par exemple, 89 % de bonnes réponses en géologie correspond à une note de 3,45, tandis que 108 % en algèbre donne une note de 4,4. L'utilisation d'une table de concordance est recommandée pour convertir les notes si elles sont regroupées dans une fourchette étroite. Les systèmes de conversion varient d'une école à l'autre, ce qui peut entraîner des différences dans les notes attribuées pour des résultats similaires.",1.27354097366333
041_25426,"Buvez beaucoup d'eau pour soulager la gorge et liquéfier les sécrétions. Les hommes doivent boire 13 tasses et les femmes 9 tasses par jour. Un mélange de sel et d'eau chaude peut être utilisé pour se gargariser. Les antitussifs comme la codéine et le dextrométhorphane soulagent la toux, mais la codéine peut entraîner une dépendance. Les pastilles contre la toux peuvent apaiser la gorge, mais ne conviennent pas aux enfants de moins de 4 ans. Les fruits comme les pommes et les poires sont bénéfiques pour la toux chronique. En cas d'allergies, évitez les allergènes et utilisez des antihistaminiques. Un humidificateur d'air aide à garder les voies respiratoires humides. Le miel est un remède efficace pour la toux persistante. Le benzonatate est un antitussif non narcotique pour la toux chronique, mais nécessite un avis médical avant utilisation.",2.050344705581665
041_35399,"Vous pouvez utiliser votre compte PayPal pour enregistrer et payer vos trajets Uber, sans avoir besoin de carte bancaire. Assurez-vous d'avoir un compte PayPal valide avec une méthode de paiement attachée. Ouvrez un compte Uber ou connectez-vous si vous en avez déjà un. Liez votre compte PayPal à votre compte Uber en suivant les instructions. Choisissez le type de véhicule, entrez votre destination, et attendez le chauffeur. Le tarif sera débité de votre compte PayPal après la course.",0.9736270904541016
041_26997,"Votre casserole doit être assez grande pour 900 g de crevettes. Faites bouillir de l'eau avec ½ cuillère à café de sel et cuisez les crevettes pendant moins de 3 minutes jusqu'à ce qu'elles deviennent roses. Cuisiner les crevettes permet de tuer les bactéries. Vous pouvez choisir de les servir avec ou sans peau. Si vous les servez sans peau, laissez-les refroidir, puis pelez-les et retirez les veines. Sinon, égouttez-les. Après avoir réfrigéré la préparation d'oignon et de citron pendant une heure, ajoutez de la sauce tomate, du jus d'orange, de la moutarde, les crevettes cuites, la coriandre et l'huile d'olive dans un bol, puis mélangez. Assaisonnez avec du sel et du poivre selon votre goût. Après une heure, servez le ceviche.",1.4473092555999756
041_33771,"Il existe des appareils d'oxygène portatifs prescrits par un médecin, qui réalisera des examens respiratoires pour déterminer la quantité d'oxygène nécessaire. L'oxygénothérapie à domicile nécessite de la prudence, notamment pour les patients atteints de BPCO. Suivez les prescriptions médicales et respectez les consignes de sécurité lors de l'utilisation de bouteilles d'oxygène. L'oxygène peut être utilisé en continu, pendant l'effort ou le sommeil, et doit être surveillé. Discutez avec votre médecin pour choisir un fournisseur d'oxygène fiable. Les concentrateurs d'oxygène sont recommandés pour les besoins chroniques à domicile et peuvent nécessiter l'aide d'une infirmière pour l'installation.",1.3018879890441895
041_52042,"Vérifiez si votre amie a accès à des armes ou à des méthodes pour se suicider, et posez-lui la question sans jugement. Retirez toutes les armes à feu et les médicaments inutiles de son environnement. Proposez de garder ses médicaments si nécessaire et établissez un accord pour qu'elle vous informe en cas de tentation. Informez-vous sur les groupes de soutien disponibles et assurez-vous qu'elle ne soit pas seule si elle est en danger. Passez du temps avec elle et soutenez-la pour l'aider à se sentir importante et à guérir de sa dépression.",1.1872622966766357
041_41595,"Il est crucial de communiquer régulièrement avec votre partenaire, même lorsqu'il est en tournée. Ne vous limitez pas à de simples salutations. Discutez de vos émotions et assurez-vous que vos besoins sont satisfaits. Exprimez verbalement votre amour et votre gratitude, car vous ne pouvez pas le faire par des gestes physiques. Partagez vos sentiments et écoutez également ce qu'il a à dire sur sa vie quotidienne. Posez-lui des questions pour montrer votre intérêt et approfondir la conversation.",0.9730641841888428
041_27688,"Les femmes n'apprécient pas les hommes aigris ou irrespectueux. Il est essentiel de ne pas faire de commentaires négatifs sur les femmes et de traiter chaque femme avec respect. Évitez de critiquer ou de rabaisser les femmes, et demandez aux femmes de votre entourage ce qui les offense. Les bonnes manières et l'hygiène personnelle sont importantes, et il est inacceptable de se comporter de manière inappropriée en public. Flirter avec toutes les femmes ou se vanter de ses conquêtes est mal perçu. Évitez les commentaires sexuels inappropriés et les disputes pendant les rendez-vous. Ayez des sujets de conversation intéressants et ne tombez pas dans le mansplaining. Lors des premiers rendez-vous, évitez de parler d'argent et montrez que vous valorisez la personne en choisissant des activités adaptées à votre budget. Le respect envers les autres est crucial, et cela inclut le personnel des restaurants. Soyez calme et posé dans des situations stressantes. Ne partagez pas trop sur vos relations passées au début et, si nécessaire, consultez un professionnel pour gérer vos émotions.",1.8220489025115967
041_23918,"Utilisez un outil à biseauter pour couper les bords de votre pièce de cuir afin d'éviter qu'ils ne s'enroulent. Biseautez un côté et faites attention aux coins pointus. Ajoutez ensuite la finition idéale, en utilisant des gants pour éviter de tacher vos mains. Tandi propose diverses finitions, applicables avec une serviette, un applicateur ou une éponge naturelle. Vous pouvez également teindre le cuir ou utiliser de la peinture acrylique sur de petites sections. Lissez les bords après séchage et ajoutez des rainures pour la couture avec un outil appelé rainette. Utilisez une roulette à piquer pour marquer les emplacements des points, puis percez avec une alène. Commencez à coudre depuis le dernier point de la ligne précédente pour une couture régulière. Ajoutez des finitions si nécessaire et polissez le cuir pour un look final lisse. Vous pouvez aussi appliquer une finition après la couture, mais ce n'est pas obligatoire. Appréciez votre création et continuez à pratiquer.",1.7976305484771729
041_47845,Acceptez votre décision de poursuivre votre carrière sans culpabilité. Profitez de votre congé maternité pour vous rapprocher de votre bébé et créer des moments spéciaux ensemble. Préparez-vous à la reprise du travail en intégrant des moments de qualité avec votre bébé dans votre routine quotidienne. Assurez-vous que votre enfant est entre de bonnes mains en demandant des recommandations pour la garde et en visitant les crèches. Préparez des solutions de secours au cas où la nourrice ne serait pas disponible et renseignez-vous sur les avantages offerts par votre entreprise pour la garde d'enfants.,0.9911932945251465
041_34259,"Pour analyser le signe d'une personne, il est important d'observer sa personnalité, son assurance et sa manière de réagir en situation de conflit. Les personnes confiantes peuvent être de bonnes candidates pour une telle analyse. En revanche, celles qui sont conformistes ou timides peuvent ne pas l'être. Les réactions aux tensions varient selon les signes : les signes cardinaux réagissent de manière franche, les signes fixes adoptent une attitude plus silencieuse et les signes mutables gèrent les conflits avec diplomatie. Le Bélier, par exemple, est impulsif, tandis que les Poissons sont plus sages. La connaissance de l'astrologie et des comportements associés à chaque signe peut améliorer la capacité à deviner le signe d'une personne. Continuer à étudier et à observer les comportements aidera à affiner ces compétences.",1.5478479862213135
041_21445,"Pour réussir à l'école, il est essentiel d'avoir suffisamment de sommeil, une alimentation équilibrée et de rester hydraté. Les enfants de moins de dix ans devraient dormir entre neuf et douze heures, les adolescents entre huit et dix heures, et les adultes entre sept et neuf heures. Il est également important d'avoir des habitudes de sommeil saines, comme éviter les écrans avant de se coucher. Une bonne nutrition, avec au moins trois repas équilibrés comprenant des fruits, légumes, protéines et graisses saines, est cruciale. Les adolescents et les adultes doivent boire environ deux litres d'eau par jour. Pour gérer le stress, il est recommandé de prendre du temps pour se détendre et faire des activités agréables, ainsi que de célébrer les petites réussites. Une attitude positive face aux études peut aider à surmonter le stress, et il est utile d'en parler à des amis ou à la famille en cas de besoin.",1.7064158916473389
041_2088,"Certains tissus, comme la chenille et le velours, laissent plus de peluches dans la machine à laver. Lavez-les séparément pour éviter que les peluches ne se retrouvent sur d'autres vêtements. Utilisez du vinaigre pour éliminer et prévenir les peluches, et vérifiez les poches pour retirer les mouchoirs en papier. Secouez les vêtements avant de les laver et utilisez des lingettes pour réduire l'électricité statique. Nettoyez le bac à peluches du sèche-linge et envisagez de sécher vos vêtements à l'air pour diminuer les peluches tout en gardant une odeur fraîche.",1.3619141578674316
041_21699,"Les habitudes quotidiennes influencent l'apparence de votre peau. Pour maintenir une peau saine, buvez huit verres d'eau par jour et dormez sept à neuf heures par nuit. Consommez du poisson, des fruits, des légumes et des légumineuses tout en évitant le sucre et les aliments frits. Si vous êtes végétalien, prenez des compléments d'algues pour les omégas-3. Évitez de fumer et de boire de l'alcool, et pratiquez une activité physique quotidienne. Les médicaments à base de vitamine A peuvent aider à traiter divers problèmes cutanés, tandis que le Botox nécessite une consultation dermatologique. Informez-vous également sur les procédures de resurfaçage cutané, bien que celles-ci ne soient pas recommandées pour ceux sans lésions graves.",1.3395609855651855
041_60325,"Il est préférable d'utiliser un traitement de texte pour rédiger une lettre recommandation, car cela donne un aspect plus professionnel. Les logiciels de traitement de texte offrent des modèles et des options de formatage qui facilitent la rédaction. Incluez vos coordonnées et celles du destinataire, ainsi qu'une date et un sujet si nécessaire. La lettre doit être bien présentée, sur du papier de qualité, et ne doit pas dépasser une page, sauf pour les candidatures universitaires. Discutez avec le candidat pour inclure des informations pertinentes et restez efficace dans votre écriture.",1.0889003276824951
041_20958,"Prenez l'habitude de rincer les lames de votre rasoir après chaque utilisation pour éviter l'accumulation de débris. Un nettoyage régulier est important pour prolonger la durée de vie du rasoir. Désinfectez les lames une fois par semaine avec de l'alcool isopropylique et conservez-les dans un endroit propre et sec, idéalement dans une boîte fermée. Lors du rasage, posez le rasoir sur un socle ou dans un petit verre pour permettre à l'eau de s'écouler. Assurez-vous que la lame est bien ventilée jusqu'à ce qu'elle soit complètement sèche avant de la ranger dans un endroit sûr, loin de l'humidité et des résidus de savon.",1.3263072967529297
041_43028,"Vous pouvez utiliser un filet spécial ou un aquarium séparé pour garder une femelle guppy enceinte jusqu'à la naissance de ses petits. Les bébés guppys, appelés fretin, naissent généralement entre 22 et 40 jours après la conception. Il est important de retirer la mère rapidement après la naissance pour éviter qu'elle ne mange ses petits. Les nouveau-nés mesurent entre 7 et 10 mm et sont souvent transparents. Pour protéger les bébés, il est conseillé d'ajouter des plantes dans l'aquarium pour leur offrir des cachettes. Si les bébés naissent dans l'aquarium principal, leur capture peut être difficile en raison de leur petite taille.",1.3196182250976562
041_58021,"Dans un mariage marqué par l'infidélité, un parent peut tenter de manipuler l'enfant contre l'autre, surtout si les enfants sont jeunes et vivent à la maison. Il est conseillé que les parents consultent un psychologue. L'enfant doit être à l'écoute, mais ne doit pas devenir le soutien principal des parents ni essayer de résoudre leurs conflits. Les décisions des parents leur appartiennent, et l'enfant ne doit pas rapporter les activités d'un parent à l'autre ni garder de secrets. Bien que cela puisse sembler anodin, cela peut être stressant pour l'enfant, qui pourrait se sentir tiraillé entre les deux parents. Il est important de rester neutre, car la situation ne concerne pas l'enfant.",1.3143236637115479
041_35251,"Ces règles s'appliquent à tous les posts sur Reddit. Il est interdit de poster du contenu sexuel impliquant des enfants ou des mineurs, ainsi que du contenu suggestif. Le spam, qui consiste à poster la même chose plusieurs fois ou à inonder les posts d'informations similaires, est également prohibé. Ne demandez pas aux autres de voter pour votre post et ne publiez pas d'informations personnelles. Les subreddits ont des règles spécifiques en plus des règles générales de Reddit, et ne pas les respecter peut entraîner la suppression de votre post. La reddiquette, qui combine les notions de Reddit et d'étiquette, impose d'être poli et de traiter les autres utilisateurs avec respect. Il est conseillé de voter pour les commentaires et posts des autres tout en utilisant le vote négatif uniquement pour le contenu inapproprié. Les posts doivent être réfléchis et apporter une contribution intéressante à la discussion, sans spam ni autopublicité. Il est préférable d'expliquer les modifications apportées à un commentaire, et de maintenir un comportement courtois pour favoriser une communauté active. Évitez les posts qui provoquent ou attaquent d'autres utilisateurs.",1.736637830734253
041_40542,"Vous pourrez trouver des feuilles de 50 ou 500 pages, nécessaires pour différents meubles. Les feuilles moins chères donneront un effet miroir similaire à celles en argent. Pour les endroits difficiles d'accès, une bombe de peinture argentée peut être utilisée comme adhésif. Des pinceaux en poils naturels sont nécessaires pour l'application. Si la feuille s'abime, la peinture apparaîtra. Pour un look vintage, optez pour une peinture brune ou un apprêt gris.",1.1015501022338867
041_28848,"Rentrez les coléus d'extérieur avant le gel, car une légère gelée peut les tuer. À l'intérieur, protégez-les des courants d'air et cessez l'engrais. Diminuez progressivement la lumière en hiver. Lorsqu'elles sont sorties, les plantes peuvent perdre des feuilles en s'adaptant. Surveillez l'humidité et la température. Les cochenilles, visibles sous forme de touffes blanches, peuvent être enlevées avec un coton-tige et de l'alcool. Pour les aleurodes, utilisez des coccinelles ou des pièges. Les pucerons peuvent être éliminés avec de l'eau. Les araignées rouges nécessitent une humidité accrue. Les moucherons peuvent être contrôlés par des gravillons ou une meilleure circulation de l'air. Les maladies fongiques provoquent des imperfections et doivent être traitées en coupant les feuilles malades et en désinfectant les outils. Un fongicide peut être nécessaire si l'infection persiste.",1.6651837825775146
041_53801,"L'arroz con pollo est traditionnellement servi avec des tortillas, notamment au Mexique où les tortillas de maïs sont grillées et servies chaudes. Pour une expérience authentique, il est conseillé de manger avec les doigts et d'essayer de faire ses propres tortillas. Pour ajouter du piquant au sofrito, on peut hacher des piments, en évitant les graines qui sont plus épicées. La paëlla, un plat espagnol similaire, peut inspirer la recette en ajoutant du safran, une épice chère. Nutritionnellement, le riz brun est meilleur que le riz blanc, mais nécessite un temps de cuisson plus long. Il est conseillé d'ajouter un peu plus d'eau pour obtenir la texture désirée.",1.202333927154541
041_6659,"Si vous souhaitez montrer votre intérêt à un garçon, concentrez-vous uniquement sur lui et évitez de diviser votre attention entre plusieurs prétendants. Restez amicale avec les autres tout en surveillant votre langage corporel pour ne pas envoyer de mauvais signaux. Choisissez des vêtements flatteurs pour votre silhouette et pensez à votre tenue à l'avance. Mettez en valeur une partie de votre corps sans être provocante, car des vêtements trop ajustés peuvent donner une image désespérée. Il est conseillé de sortir seule dans des lieux où il fréquente pour paraître plus accessible. Si vous le croisez dans un environnement social, retirez-vous dans un endroit plus intime pour discuter. Si vous avez développé une bonne entente, n'hésitez pas à prendre l'initiative de lui proposer un rendez-vous ou de l'embrasser, tout en faisant preuve de patience pour qu'il puisse se sentir à l'aise.",1.4850285053253174
041_23378,"Vous devez utiliser le langage corporel pour communiquer au lieu de simplement parler. Vous pouvez exprimer vos émotions par des gestes, comme vous retourner et quitter une pièce si vous êtes fatigué. Approchez-vous des gens que vous aimez et fermez les yeux en souriant pour montrer votre bonheur. Bien que vous n'ayez pas d'oreilles comme un chat, vous pouvez imiter ses sons pour exprimer vos sentiments. Vous pouvez aussi utiliser des odeurs pour attirer ou repousser les gens. Clignez des yeux doucement pour montrer de l'affection et avertissez quelqu'un avec un léger coup si vous êtes agacé. En cas de conflit, préférez un coup d'avertissement au lieu d'une véritable attaque.",1.1754097938537598
041_22304,"Il est important de bien se préparer avant un vol long-courrier. Assurez-vous d'avoir bien dormi pour éviter la fatigue et les maladies, et obtenez un certificat médical si vous êtes malade. Vérifiez que vos passeports et visas sont à jour, et procurez-vous de la monnaie étrangère. Faites une liste de ce que vous devez emporter pour ne rien oublier. Envisagez vos options de transport vers l'aéroport et arrivez tôt si vous avez besoin d'aide. Une fois à l'aéroport, profitez des activités disponibles pour passer le temps.",1.1285104751586914
041_18140,"Des enfants âgés de deux à quatre ans peuvent avoir des difficultés à exprimer leurs émotions, ce qui peut mener à des comportements violents. Ce comportement est susceptible de diminuer avec l'âge, les filles gérant mieux leur colère tandis que les garçons s'expriment souvent physiquement. L'agressivité verbale est plus fréquente chez les filles. Les tempéraments des enfants se divisent généralement en « faciles » et « difficiles », et leur manière de gérer les émotions dépend souvent de l'exemple de leur famille. Les comportements agressifs peuvent également être influencés par la façon dont les parents disciplinent leurs enfants. De plus, des problèmes de santé, comme le manque de sommeil, peuvent exacerber l'agressivité chez les enfants. Il est important d'appliquer une discipline juste et cohérente sans violence.",1.4210255146026611
041_35413,"Après avoir téléchargé vos documents, vous devez payer 100 S$ (environ 65 euros) de frais non remboursables par carte de crédit ou virement bancaire à Singapour. Vous avez 4 jours pour finaliser cette étape et le traitement prendra 4 à 6 mois. Vous pouvez vérifier le statut de votre demande en ligne. Si approuvé, un rendez-vous en ligne est nécessaire pour récupérer votre permis à entrées multiples et votre carte d'identité, avec des frais supplémentaires pour ces documents. Les hommes de plus de 16 ans reçoivent des instructions pour le service national, une obligation militaire de 2 ans, et le non-respect peut entraîner la révocation du statut de résident.",1.3131542205810547
041_17994,"Quel que soit votre objectif, l'entraînement est essentiel pour exceller dans plusieurs domaines. Vous n'avez pas besoin de pratiquer autant que vous le pensez et vous pouvez le faire quotidiennement. Concentrez-vous sur les compétences spécifiques que vous souhaitez apprendre en pratiquant deux d'entre elles pendant 40 à 45 minutes chaque jour pendant un mois. Même si vous manquez une journée, cela ne pose pas de problème. Fixez des objectifs précis et répétez des tâches jusqu'à ce que vous les maîtrisiez. Pratiquer régulièrement vous aidera à corriger vos erreurs et à améliorer votre performance. La discipline est nécessaire pour développer des talents, et regrouper vos séances d'entraînement peut accroître votre motivation. Créez un environnement propice à la concentration pour maximiser votre pratique.",1.486637830734253
041_13244,"Le paquet doit contenir exactement 60 cartes, dont un quart à un tiers doivent être des cartes « Énergie ». En cas de partie décontractée, vérifiez que le nombre de cartes est identique entre les joueurs. Le joueur qui commence ne peut pas attaquer au premier tour et doit choisir un Pokémon de base parmi ses 7 cartes. Si aucun Pokémon de base n’est trouvé, il fait un mulligan. Chaque joueur peut avoir jusqu'à 5 Pokémon sur le « Banc » et les cartes « Récompense » doivent être empilées face cachée. Lorsqu'un Pokémon est mis K.O., le joueur prend une carte « Récompense ». Les Pokémon EX ou GX permettent de prendre 2 cartes « Récompense » lorsqu'ils sont K.O. Le jeu se termine quand un joueur récupère toutes ses cartes « Récompense » ou met K.O. tous les Pokémon adverses, ou lorsque l'adversaire n'a plus de cartes dans son paquet.",1.5759375095367432
041_7394,"La plupart des opérateurs de téléphonie mobile facturent des frais supplémentaires pour le partage de connexion, et certaines offres ne l'autorisent pas. Android permet le partage de connexion par Wi-Fi et USB depuis la version 2.2, tandis que Bluetooth nécessite au moins Android 3.0. Pour activer le partage de connexion par Wi-Fi, il faut aller dans Paramètres, activer le point d'accès Wi-Fi mobile, et configurer le réseau. Le câblage USB offre la connexion la plus rapide, mais est souvent limité à Windows. Le Bluetooth est la méthode la plus lente, permettant de connecter un seul appareil, mais consomme peu de batterie. Les instructions pour jumeler les appareils via Bluetooth sont également fournies.",1.4015157222747803
041_62011,"Évitez de fréquenter des parents pénibles si possible, ou passez le moins de temps avec eux. Parlez peu et essayez d'ignorer leurs comportements ennuyeux. Vous pouvez vous isoler en pratiquant des activités solitaires, comme aller dans une autre pièce, porter des écouteurs, ou lire. Si quelqu'un vous interrompt, expliquez que vous devez lire quelque chose d'important. Envisagez de demander à un proche de vous aider à gérer ces interactions, mais assurez-vous de prévenir cette personne à l'avance. Vous devriez également être prêt à soutenir un proche en retour.",1.1610474586486816
041_44291,"Pour réaliser une queue de cheval haute, ramenez vos cheveux sur le haut de votre tête et brossez-les en arrière pour qu'ils soient plats et lisses. Assurez-vous de bien démêler vos cheveux avant de les coiffer. Si vos cheveux sont bouclés ou frisotent, faites d'abord un brushing pour obtenir une queue de cheval lisse.",1.3876235485076904
041_33567,"Pour ce projet, choisissez un ballon de plage de taille standard, en le gonflant entre à moitié et aux trois quarts selon la taille de ventre désirée. Pour un ventre très gros, gonflez-le complètement. Utilisez des bandages, des bandeaux ou des débardeurs pour maintenir le ballon en place, car il est léger. Assurez-vous que l'embout à air soit dirigé vers le bas pour éviter qu'il ne soit visible ou qu'il cause une irritation. Vous pouvez porter un t-shirt plus serré pour un meilleur effet et tester différents t-shirts pour trouver celui qui convient le mieux à votre faux ventre.",1.2109668254852295
041_25561,"Il est crucial de ne jamais toucher ou s'approcher des serpents, même s'ils ne sont pas tous venimeux, car ils peuvent mordre et transmettre des maladies. Utilisez un bâton pour localiser les serpents sans utiliser vos mains, puis prenez des notes sur leurs caractéristiques pour les identifier. Prenez des photos au lieu d'essayer de les capturer, ce qui vous permettra de partager votre expérience en toute sécurité. Lorsque vous explorez leur habitat, remettez tout en place pour préserver l'environnement. Éloignez-vous prudemment des serpents et ne laissez aucun déchet derrière vous. En cas de morsure, restez calme, éloignez-vous du serpent, appelez les secours, retirez bijoux et vêtements serrés, et gardez la zone de la morsure plus basse que votre cœur.",1.2433242797851562
041_24906,"Pour préparer un brandy aux pommes, commencez par peler et découper deux tasses de pommes fraîches. Mélangez-les avec 3 bâtons de cannelle et 2 cuillères à soupe d'eau dans une casserole, puis chauffez le mélange pendant 10 minutes. Ajoutez 600 ml de sucre et remuez jusqu'à dissolution. Laissez refroidir légèrement, puis versez dans un grand récipient en verre avec le mélange de pommes. Ajoutez 700 ml de vin blanc sec, fermez hermétiquement et laissez infuser dans un endroit sombre et frais pendant au moins trois semaines, en secouant tous les trois jours. Après trois semaines, filtrez le mélange à travers deux couches d'étamine, puis versez le brandy filtré dans une bouteille en verre. Conservez la bouteille dans un endroit frais et sombre, sans la secouer. Deux semaines plus tard, ouvrez la bouteille et dégustez votre brandy fait maison.",1.793170690536499
041_1992,"La bavette se coupe en lamelles en raison de sa texture coriace. Posez-la sur une planche à découper et utilisez un couteau aiguisé pour la trancher en petites lamelles, en veillant à couper dans le sens inverse des fibres. Vous pouvez l’assaisonner avec du beurre, du bleu d'Auvergne, des poivrons, des oignons, de la sauce épicée, etc. Les manières de servir la bavette incluent : une bavette du Limousin au fromage, une bavette à la mode bourguignonne, une bavette épicée à la mexicaine et une bavette en salade.",1.2215831279754639
041_32473,"Rassemblez vos cheveux en un chignon lâche, puis choisissez un foulard carré d'environ 80 cm. Pliez-le en triangle et placez le long bord autour de votre tête. Maintenez les extrémités et nouez-les sur votre nuque pour le maintenir en place. Rentrez les longueurs qui dépassent et le coin pointant vers le bas sous le foulard. Vous pouvez également utiliser un bandeau élastique pour éviter que le foulard ne glisse pendant votre sommeil.",1.0624656677246094
041_39260,"Un chanteur doit échauffer sa voix pour éviter les blessures, tout comme un athlète. Il doit commencer par des exercices tels que le fredonnement, les trilles, et des gammes simples. Une bonne hydratation est essentielle, avec 4-6 verres d'eau par jour et une bouteille d'eau pendant les exercices. La veille d'un concert, il est conseillé de boire beaucoup d'eau, mais d'arrêter 30 minutes avant de monter sur scène. Un repos adéquat est nécessaire, et il est recommandé de dormir 6-8 heures par nuit. Éviter l'alcool, la caféine et les produits laitiers est important, tout comme parler à voix basse et éviter de fumer, car cela peut endommager les cordes vocales.",1.4388830661773682
041_52297,"Pour séduire une fille, il est essentiel de montrer que vous êtes heureux et plein de vie. Riez avec vos amis, partagez des anecdotes joyeuses et affichez une bonne humeur. Soyez respectueux envers les femmes, tenez-leur la porte et évitez d'être vulgaire. Montrez votre confiance en vous sans faire étalage de vos qualités. Ayez vos propres passions et ne dépendez pas uniquement d'elle pour votre bonheur. Gardez un certain mystère dans vos échanges et ne révélez pas tout sur vous trop rapidement. Avoir des talents peut être attractif, mais il est préférable de les montrer subtilement. Enfin, soignez votre apparence et traitez tout le monde avec respect, car cela renvoie une image positive de vous-même. L'humour et l'autodérision sont également des atouts précieux pour séduire.",1.532569169998169
041_61618,"Il s'agit de l'application bleu foncé avec un « W » blanc dessus, située en haut de la fenêtre Word. Sur Mac, cliquez sur Fichier, puis sur Nouveau à partir d'un modèle. Word recherchera les modèles correspondants, nécessitant une connexion Internet. Cliquez sur le calendrier souhaité pour ouvrir la page correspondante et téléchargez le modèle. Si demandé, activez les Macros pour faciliter la création d'autres calendriers. Une fois téléchargé, le modèle s'ouvrira automatiquement dans Microsoft Word.",1.1779937744140625
041_25935,"Dans Word 2010 et 2013, vous pouvez ajouter des éléments à des groupes personnalisés dans la liste de personnalisation du ruban. Dans Word 2003, cela se fait via le menu Catégories. Il faut choisir des commandes dans les listes déroulantes et utiliser le bouton « Ajouter>> » pour les intégrer. Ensuite, vous pouvez les déplacer à la position désirée et valider les modifications en cliquant sur OK ou Fermer selon la version.",0.9957702159881592
041_58873,"Il n'est pas nécessaire de s'habiller en noir, mais il est préférable d'éviter des vêtements très vifs. Optez pour des couleurs discrètes comme le noir, le gris ou le bleu nuit. Portez des tenues appropriées pour un mariage, avec des vêtements propres et simples. Évitez les couleurs néon et les motifs tape-à-l'œil. Les veillées funèbres durent souvent des heures, mais il est impoli de vouloir partir rapidement. Soyez respectueux, entrez calmement et éteignez votre portable. Remerciez ceux qui vous accueillent et signez le livre d'or si disponible. Lorsque vous partez, présentez vos condoléances discrètement et proposez votre aide si nécessaire.",1.3169009685516357
041_8820,"Votre corps brûle les graisses en réduisant les apports caloriques, mais il est essentiel de préserver le muscle. La musculation aidera à maintenir votre masse musculaire sans craindre de devenir trop volumineuse, surtout chez les femmes. Les femmes qui se musclent intensément prennent souvent des hormones et s'entraînent longtemps. Soulever des poids raffermira et affinera votre corps. Commencez lentement pour éviter les blessures et attendez-vous à des courbatures. Incluez des exercices d'endurance modérés dans votre routine, mais évitez de tomber dans le piège de l'excès qui peut bloquer la perte de graisses. Limitez l'endurance à 2-3 heures par semaine, sauf si vous avez un objectif spécifique. Des exercices d'endurance comme le jogging léger ou le step peuvent être bénéfiques.",2.077658176422119
041_18664,"Pour choisir un soutien-gorge qui vous convient, mesurez votre tour de dos juste en dessous des seins et votre tour de buste à la partie la plus large de votre poitrine. Soustrayez le tour de dos au tour de poitrine pour trouver votre taille de bonnet. Préférez un modèle emboitant avec des coutures pour un usage quotidien, car les soutiens-gorges moulés peuvent faire paraître les seins plus petits. Les soutiens-gorges à armatures peuvent améliorer la forme de la poitrine, mais peuvent être inconfortables pour certaines morphologies. Si vous préférez, optez pour un modèle push-up ou emboitant avec de la mousse en forme de croissant. Vérifiez régulièrement l'état de votre soutien-gorge, et si vos tétons ne sont pas relevés, envisagez de le remplacer.",1.3954200744628906
041_61783,"Mettez le lait, la crème fraîche et le lait de coco dans une casserole pour chauffer doucement. Utilisez du lait de coco entier pour un meilleur goût. Mélangez jusqu'à ce que le sucre soit dissous, puis incorporez lentement le mélange chaud dans les œufs en battant. Cuisez à feu moyen en remuant constamment jusqu'à épaississement. Refroidissez le mélange dans un saladier dans de l'eau glacée avant de le turbiner dans une sorbetière. Si vous n'avez pas de sorbetière, congelez-le en remuant toutes les 45 minutes jusqu'à consistance souhaitée. Plus vous remuez, plus la glace sera légère et aérée.",1.279404640197754
041_45169,"De nombreuses peurs sont basées sur des croyances erronées et du catastrophisme. Identifiez et remettez en question vos schémas de pensée, faites des recherches sur les risques réels, et admettez que le pire scénario a peu de chances de se produire. Lorsque la peur émerge, réfléchissez au risque réel et répondez à vos pensées négatives. Commencez à vous exposer à ce qui vous fait peur de manière progressive. Étiquetez vos émotions pour mieux les comprendre et surmonter vos peurs. Évitez de fuir vos peurs et apprenez à utiliser des méthodes de relaxation pour calmer votre corps face à la peur, comme la respiration profonde et la détente musculaire.",1.2791173458099365
041_51327,"Lorsque vous élevez des poules, vous avez deux options : un poulailler ou un élevage en plein air. Le poulailler nécessite plus d'infrastructure, tandis que l'élevage en plein air demande moins d'espace et d'équipement. Les poules ont besoin d'un abri, d'un enclos, et d'un perchoir, avec suffisamment d'espace pour se déplacer. Le poulailler doit être bien ventilé et offrir un espace adéquat pour chaque poule. Une cour extérieure est essentielle pour leur bien-être. Pour la reproduction, des incubateurs sont nécessaires, et un équipement approprié est requis pour l'abattage si vous élevez des poules pour leur viande. Si vous souhaitez vendre des œufs, un équipement spécial pour le lavage, le pesage et le marquage est également indispensable.",1.7693748474121094
041_18452,"Même si l'injection peut être une routine, il est normal d'être nerveux. Pour vous détendre, écoutez de la musique, méditez, respirez profondément, ou utilisez des affirmations positives. Tenez le stylo avec votre main dominante, pincez la peau à l'endroit de l'injection, et insérez l'aiguille à 90 degrés. Relâchez la peau, appuyez sur le bouton de dosage, et maintenez l'aiguille en place pendant 10 secondes. Retirez l'aiguille rapidement et évitez de masser la zone. Jetez l'aiguille dans un conteneur approprié. Conservez les stylos à température ambiante ou au réfrigérateur selon leur état. Évitez l'exposition à des températures extrêmes et à la lumière directe. Vérifiez la date d'expiration et jetez les stylos non utilisés après 28 jours s'ils ont été hors réfrigérateur.",1.5764224529266357
041_45391,"Choisissez la zone de texte dans votre présentation PowerPoint pour incorporer les données d'un fichier Excel. Cliquez sur l'onglet « Insérer » et ouvrez la boîte de dialogue « Insérer un objet ». Parcourez pour trouver votre fichier Excel et cliquez sur « OK ». Assurez-vous de cocher la case « Lier » pour que les modifications apportées au fichier Excel se reflètent dans PowerPoint. Cliquez sur « OK » pour finaliser l'insertion. Vous pouvez déplacer et redimensionner les données sur la diapositive. Après avoir modifié le fichier Excel, les données dans PowerPoint se mettront à jour automatiquement.",1.3683722019195557
041_32933,"Faites chauffer le four en augmentant la température progressivement jusqu'à 590 °C pour chauffer les bouteilles. Utilisez un taux de chauffe plus lent pour les moules en céramique afin d'éviter les fissures. Maintenez la température pour permettre au verre de perdre sa forme selon le résultat désiré. Portez des lunettes de protection et, si nécessaire, un masque pour le nettoyage. Le refroidissement doit être graduel pour éviter la dévitrification, avec des températures spécifiques pour le recuit, stabilisant ainsi le verre.",1.1577434539794922
041_36128,"Pour dessouler, il faut d'abord arrêter de boire, car chaque verre prend une heure à être traité par le corps. Boire de l'eau aide à rester hydraté et peut atténuer les effets de la gueule de bois. Manger avant de boire peut ralentir l'absorption de l'alcool, mais ne l'empêche pas. Des études sur des chauves-souris montrent que celles qui consomment du fructose après avoir mangé des fruits fermentés dessoulent plus rapidement. Il est conseillé de prendre des aliments riches en fructose, comme le miel et les fruits. La consommation d'alcool nuit aux vitamines essentielles; il est donc utile de les remplacer, éventuellement par des injections intraveineuses ou des compléments alimentaires. Certains produits sur le marché promettent d'aider à dessouler, mais leur efficacité est discutée. L'intoxication à l'alcool peut être dangereuse et nécessite une attention médicale immédiate si des symptômes graves apparaissent.",1.6590783596038818
041_53123,"La concentration d'estrogènes diminue durant et après la ménopause, entraînant un assèchement vaginal. Le traitement le plus efficace est le remplacement de l'estrogène, mais il doit être discuté avec un médecin en raison des risques. D'autres causes de faibles taux d'estrogènes incluent l'ablation des ovaires et la chimiothérapie. Les estrogènes vaginaux peuvent être administrés par crème ou comprimés, considérés comme sûrs à long terme. L'anneau vaginal est une autre option. La déhydroépiandrostérone (DHEA) est un suppositoire sans estrogène pour traiter la sécheresse. Les bouffées de chaleur et les risques de caillots sanguins ou de cancer de l'utérus sont des effets secondaires à considérer. Le traitement hormonal substitutif est disponible sous différentes formes, et il est important de discuter des avantages et des risques avec un médecin.",1.8426589965820312
041_27853,"Avant de blâmer votre partenaire, notez vos émotions et ce qui vous dérange. Exprimez-vous de manière ouverte et honnête, en évitant d'attaquer pour ne pas le mettre sur la défensive. Commencez par reconnaître ses qualités, puis aborde les aspects à changer. Utilisez la première personne pour partager vos sentiments sans accuser. Communiquez vos attentes et vos besoins, même si cela peut déclencher une dispute. Si vous avez besoin de parler sans interruption, demandez à votre partenaire de vous écouter d'abord. Si nécessaire, reportez la conversation à un moment plus approprié.",1.1860952377319336
041_19069,"Allumez le four à 180 °C et attendez quinze minutes. Couvrez une grande plaque de four avec du papier aluminium ou du papier sulfurisé et placez une grille en métal au-dessus. Mélangez le sucre, le sirop d'érable et le vinaigre de riz dans un bol. Disposez les tranches de bacon sur la grille en les espaçant sans les chevaucher. Enfournez la plaque, sans ajouter le glaçage pour l'instant, car il faut d'abord cuire le bacon.",1.101463794708252
041_37355,"Le texte explique comment calculer le module d'un nombre complexe en utilisant la formule de la distance dans un plan. Il précise que le module est la distance d'un point (x,y) à l'origine (0,0) et fournit un exemple concret avec le nombre complexe 3−4i. Pour calculer le module, il faut identifier les parties réelle et imaginaire, les élever au carré, puis appliquer la formule de distance. Le texte démontre cela étape par étape et conclut avec des exemples supplémentaires pour pratiquer le calcul du module d'autres nombres complexes.",1.0472640991210938
041_23282,"Une excellente façon de mettre fin à une conversation est de conclure par un commentaire positif et de remercier l'orateur pour son temps, en laissant entendre que vous devez partir. Attendez que l'autre personne termine de parler, puis exprimez-vous positivement. Si cela ne fonctionne pas, vous pouvez utiliser une excuse vague pour vous retirer. Une autre méthode consiste à revenir au but initial de la conversation, ce qui permet de clore naturellement la discussion. Parfois, il est utile d'attendre une pause naturelle pour faire votre sortie. Proposer un plan pour une prochaine rencontre peut également montrer que vous avez apprécié l'échange. Assurez-vous d'être sincère si vous faites une telle proposition.",1.228652000427246
041_58737,"Les massages du cuir chevelu améliorent la circulation sanguine, favorisant ainsi la croissance des cheveux. Pour masser votre cuir chevelu, utilisez vos doigts en effectuant des mouvements circulaires, en couvrant toute la surface. Vous pouvez également appliquer des huiles essentielles comme la menthe poivrée ou l'huile de coco pour renforcer l'effet. Un masque capillaire fait d'œuf, de yaourt et de miel peut nourrir vos cheveux. Utilisez une brosse en poils de sanglier pour distribuer le sébum et protéger les cheveux. Évitez les produits contenant des sulfates, silicones et alcool qui peuvent abîmer les cheveux.",1.4062786102294922
041_42640,"Réglez le four à 200 °C, huilez une plaque ou utilisez du papier sulfurisé, déposez des cuillerées de pâte, enfournez pendant 12 à 15 minutes, puis laissez refroidir sur une grille en métal.",0.6603028774261475
041_8252,"Il s’agit d’une fraction impropre où le numérateur est supérieur au dénominateur. Il est important de simplifier cette fraction avant d'écrire la réponse finale. Pour cela, on divise le numérateur par le dénominateur et on exprime le reste sous forme de fraction. Par exemple, 10/3 peut être simplifié en un nombre mixte : 3 et 1/3, ce qui donne 3 1/3. Après avoir effectué cette opération, il est nécessaire de réduire la fraction en divisant les deux chiffres par un plus petit nombre, comme dans le cas de 4/8 qui se simplifie en 1/2.",1.2621009349822998
041_54656,"Lire un livre de maths nécessite une approche différente que la lecture pour le plaisir. Il est important de réfléchir aux objectifs de chaque section, de prendre des notes, et de réviser pour assimiler l'information efficacement. Il est conseillé de consulter les objectifs des chapitres, de surligner les formules importantes, et de lire à l'avance le chapitre à venir. Les professeurs peuvent autoriser l'utilisation de formules pendant les exercices, mais parfois, il faudra les mémoriser. Des techniques amusantes comme chanter des formules peuvent aider à la mémorisation. La révision doit être faite lentement et méthodiquement, avec une attention particulière aux nouveaux types d'exercices. Pour les cours supérieurs, il est recommandé de consacrer deux heures de travail pour chaque heure de cours. Réviser en groupe peut être efficace pour poser des questions et s'entraider, à condition de travailler avec des élèves sérieux.",1.591484785079956
041_16948,"Pour sculpter une pierre, il vous faut des outils appropriés, notamment différents types de burins. Commencez par dessiner la forme que vous souhaitez sculpter sur la pierre, puis utilisez un burin lourd pour créer la forme de base. Progressivement, passez à des burins plus fins pour affiner les détails, en veillant à porter des lunettes de protection et à travailler lentement. Utilisez un burin dentelé pour niveler la surface, puis un burin plat pour éliminer les imperfections. Enfin, limez la pierre pour adoucir les bords et retirer les morceaux lâches.",1.182793140411377
041_10152,"Pour les personnes sédentaires, la gravité peut provoquer une rétention d'eau dans les jambes et les pieds. Pour l'éviter, il est conseillé de marcher fréquemment. Cela est aussi vrai lors de longs vols en avion. Il est recommandé de se lever et de s'étirer régulièrement. En cas de gonflement, surélever les jambes peut aider à drainer le liquide. Si le problème persiste, des bas de contention peuvent être utilisés pour prévenir l'accumulation de liquide. Ces bas sont disponibles dans les pharmacies locales.",1.068502426147461
041_8414,"Il est important de déterminer si l'utilisation de couches est permanente ou en réponse à des situations embarrassantes. Il faut s'assurer qu'il n'y a pas d'autres problèmes de santé sous-jacents et encourager la consultation d'un médecin. Montrez du soutien à votre ami en l'aidant à gérer les situations où sa couche pourrait être visible, et utilisez un code discret pour signaler une couche exposée. Aidez-le à porter son sac à couches pour alléger son fardeau, et soyez attentif aux signes qu'il a besoin d'un changement de couche. Proposez-lui de faire des activités où il peut se sentir à l'aise, tout en respectant son besoin de confidentialité concernant son utilisation de couches. Évitez de parler de l'incontinence ou d'autres références qui pourraient le gêner, et changez de sujet si nécessaire pour préserver son confort.",1.6031699180603027
041_30140,"Avant de vous garer, signalez votre intention avec votre clignotant et assurez-vous qu'aucune voiture ne s'approche rapidement. Si une voiture arrive, attendez qu'elle passe ou avancez légèrement pour la laisser passer. Maintenez une distance sécuritaire de 30 cm avec le véhicule devant vous. Lorsque vous reculez vers la place de stationnement, allez lentement, en vérifiant autour de vous. Si vous échouez dans votre manœuvre, repositionnez-vous et réessayez. Selon les préférences, vous pouvez laisser une vitesse ou mettre au point mort. Assurez-vous de centrer votre véhicule entre les voitures de chaque côté et ajustez la direction des roues selon le terrain pour éviter que la voiture ne bouge si les freins lâchent.",2.1646151542663574
041_9497,"Tâchez de sourire et de regarder une fille qui attire votre attention sans la fixer trop longtemps. Détournez le regard pour lui donner la chance de vous regarder aussi. Si elle vous rend votre sourire, vous pouvez vous approcher et entamer une discussion. Si elle ne vous regarde pas, cela ne signifie pas qu'elle n'est pas intéressée. Continuez à observer. Si elle détourne le regard après vous avoir vu, elle ne veut peut-être pas entrer en contact. Vous pouvez la suivre calmement pour l'approcher, mais évitez de lui faire peur ou de la harceler. Faites attention aux signaux qu'elle envoie et si elle semble vouloir se débarrasser de vous, laissez-la tranquille. Ne la suivez pas dans des lieux privés et soyez conscient de son confort.",1.3647651672363281
041_53661,"Sélectionnez une lame de scie avec de très petites dents, idéalement 32 TPI, pour une coupe nette du cuivre. Fixez le tuyau dans un étau, à environ 5 cm des mâchoires, et serrez-le solidement. Marquez l'emplacement de la coupe avec un marqueur indélébile. Placez la lame sur la marque, faites une entame en appuyant dessus et en la poussant vers l'avant, puis relevez-la légèrement en revenant. Continuez jusqu'à ce que la pièce se détache. Ne sciez pas d'avant en arrière pour éviter d'abîmer la lame. Nettoyez les bords et l'intérieur du tuyau avec une brosse 4-en-1 ou du papier de verre.",1.2785189151763916
041_35562,"Vous aurez besoin d'un classeur et de 43 fichiers pour créer un système d'échéancier. Étiquetez 12 dossiers avec les mois et 31 dossiers avec les jours. Organisez-les en fonction du mois actuel, en plaçant les fichiers appropriés dans chaque dossier. Remplissez les dossiers avec des rappels et des informations nécessaires. Assurez-vous que votre échéancier est accessible et retirez les feuillets du jour pour les traiter. Une fois terminé, rangez-les dans un stockage permanent ou débarrassez-vous-en.",1.4787731170654297
041_40741,"Ouvrez l'ordinateur que vous souhaitez redémarrer, cliquez sur l'icône en forme de dossier dans le démarrage de Windows. Trouvez l'icône de l'ordinateur, puis cliquez sur l'option en haut à gauche. Une barre d'outils apparaîtra, où vous devez cliquer sur l'icône avec une feuille blanche et une coche rouge pour ouvrir la page des propriétés. Notez le nom de l'ordinateur sous la rubrique Paramètres de nom d'ordinateur, de domaine et de groupe de travail, et tapez-le exactement comme indiqué.",1.1651160717010498
041_15517,"La schizophrénie est un trouble grave du cerveau qui affecte la manière dont une personne pense, ressent et perçoit le monde. Elle se manifeste souvent par des hallucinations et des illusions, telles que voir ou entendre des choses que les autres ne voient pas. La psychose est un signe typique, mais d'autres symptômes incluent une perte d'intérêt, des problèmes de communication, de dépression et des fluctuations d'humeur. Les symptômes peuvent s'aggraver si le traitement est interrompu ou en cas de stress. Bien que la schizophrénie ne soit pas curable, les symptômes peuvent s'améliorer avec un traitement approprié, incluant des médicaments et des thérapies psychologiques. Environ 50 % des patients montrent des signes d'amélioration, mais 20 à 25 % s'en remettent complètement, tandis que d'autres continuent d'avoir des symptômes. Il est crucial de garder des attentes réalistes concernant le traitement, car l'amour et le soutien sont importants, mais ne suffisent pas à eux seuls pour guérir.",1.725341558456421
041_56762,"Les femmes sont encouragées à prendre un jour de congé pour célébrer la Journée internationale des femmes, afin de mettre en évidence leur impact sur l'économie. Si possible, évitez de travailler ce jour-là et abstenez-vous de faire des achats pour avoir un impact économique. Vous pouvez aider en donnant de l'argent, de la nourriture, des vêtements ou en faisant du bénévolat dans un refuge pour femmes. Encouragez vos amis à participer à cette célébration. Participez à des manifestations locales pour soutenir les droits des femmes, et envisagez de participer à des événements sportifs tels que des marathons pour sensibiliser aux luttes féminines. Engagez-vous également dans des actions pour promouvoir l'égalité des sexes et le bien-être des femmes, en contactant des organisations locales qui recherchent des bénévoles.",1.6640853881835938
041_47901,"Vous pouvez suivre des cours en ligne ou vous inscrire à des programmes gratuits dans les Universités du temps libre en France. Téléchargez des cours magistraux gratuitement et explorez des sujets qui pourraient vous intéresser pour une carrière. Apprenez le codage et créez vos propres applications, ou même un jeu à succès. Écoutez des podcasts sur vos sujets préférés ou démarrez un blog sur le cinéma, la mode, ou le sport pour partager vos passions. Visitez des musées lors des Journées du patrimoine ou avec un passeport culturel pour bénéficier d'entrées gratuites et d'événements spéciaux. Lisez des livres, que ce soit des classiques ou des nouveautés, et profitez des ressources de votre bibliothèque locale pour des lectures publiques et des événements.",1.1835548877716064
041_6650,"Pour appliquer cette méthode, vous devez avoir un site WordPress et un compte AdSense. Ouvrez un nouvel onglet pour accéder à AdSense et WordPress simultanément. Dans AdSense, cliquez sur Mes publicités, puis sur Nouvelle publicité pour créer votre publicité. Copiez le code de la publicité et allez dans votre tableau de bord WordPress. Dans la page souhaitée, collez le code au bon endroit dans le code HTML en mode édition de texte. Enregistrez le brouillon et prévisualisez pour vérifier l'affichage. Si tout est satisfaisant, cliquez sur Publier ou Mettre à jour.",1.225341558456421
041_53416,"La viande doit être suffisamment épaisse pour insérer un thermomètre pendant la cuisson, ce qui exclut certaines coupes. Les coupes d’au moins 3 cm d'épaisseur conviennent, tandis que les fines tranches comme les côtes et le bacon ne le permettent pas. Les thermomètres à sonde filaire peuvent rester dans la viande pendant la cuisson, mais il est préférable de préparer la viande avant de les insérer. La viande de porc doit atteindre une température de 65 à 70 °C pour être consommée sans danger, et il est possible de la retirer juste avant d’atteindre 65 °C pour éviter une cuisson excessive. La température continuera à augmenter après le retrait de la chaleur. La viande hachée doit atteindre 70 °C. Il est conseillé de laisser reposer les coupes épaisses avant de servir, et de veiller à ce que la température dépasse les 65 °C avant de servir.",1.518883228302002
041_20022,"Les serpents aiment se cacher dans des endroits sombres pour chasser, et des objets comme des feuilles, du compost, et des tas de bois leur fournissent des cachettes. Pour éviter leur présence, il faut nettoyer le jardin et utiliser du gravier fin à la place de la sciure. Tondez régulièrement le gazon et élaguez les plantes denses qui attirent les serpents. Si des serpents sont déjà présents, des pièges peuvent être installés, mais il est important de vérifier leur légalité auprès des autorités locales et de ne pas utiliser de pièges à colle à l'extérieur.",1.4685604572296143
041_47225,"Si vous ne souhaitez pas garder contact avec un collègue, évitez de faire de fausses promesses. Soyez honnête et ne vous sentez pas obligé de faire des projets. Gardez votre départ calme et professionnel, sans conflits. Si vous avez des griefs, exprimez-les de manière professionnelle, éventuellement lors d'un entretien de sortie. Évitez de faire des cadeaux ostentatoires, une petite attention comme des pâtisseries est suffisante. Ne créez pas d'ambiance négative en critiquant ou en fanfaronnant sur votre nouveau travail. Restez positif et partez de manière respectueuse pour ne pas gêner ceux qui restent.",1.0714137554168701
041_41993,"Avant de cultiver du ginseng, il est crucial de garantir un moyen de le vendre, que ce soit en contactant des vendeurs locaux ou en se renseignant sur les réglementations commerciales. La culture du ginseng nécessite un environnement spécifique, souvent sous des forêts de feuillus dans des climats tempérés. Les méthodes d'élevage varient, certaines étant plus coûteuses et risquées que d'autres. Il est conseillé de rechercher les conditions de sol idéales et de prendre des précautions contre le braconnage. Il est également important de tester le sol pour s'assurer de sa qualité et de son pH, et d'ajuster si nécessaire. Enfin, la vente doit être conforme aux réglementations locales, incluant possiblement l'obtention de certificats.",1.4698784351348877
041_26994,"Des études montrent un lien entre les cycles de sommeil irréguliers et la paralysie du sommeil, avec des facteurs génétiques possibles. Les personnes ayant des horaires de travail irréguliers ou peu de sommeil sont plus susceptibles de connaître ce phénomène. Un adulte devrait dormir entre 6 et 9 heures par nuit pour éviter des problèmes de santé liés au manque de sommeil. Bien qu'il n'existe pas de méthode infaillible pour induire la paralysie du sommeil, certaines pratiques, comme des périodes de sommeil plus courtes ou des siestes, peuvent perturber le sommeil. Il est suggéré de se coucher sur le dos, de répéter un mantra et de rester mentalement actif pour augmenter les chances de vivre cette expérience. Réveiller en pleine nuit et rester alerte avant de se rendormir peut également être une méthode efficace.",1.4317200183868408
041_4176,"Il existe des sacs pour ramasser les crottes de chien, mais vous pouvez utiliser des sacs en plastique d'épicerie pour économiser de l'argent. Après vos courses, conservez les sacs sous l'évier. Pour ramasser les excréments, utilisez le sac comme un gant, retournez-le, attachez-le et jetez-le. Des gants jetables et des essuie-touts sont également utiles. Lavez-vous toujours les mains après avoir ramassé les crottes. Un dispositif de ramassage, comme une perche avec une bêche, peut faciliter la tâche. Certains modèles sont compatibles avec des sacs attachés. Assurez-vous qu'ils peuvent être utilisés sur différentes surfaces. Rangez l'outil loin des animaux et des enfants et désinfectez-le régulièrement. Des produits en aérosol aident à ramasser les excréments liquides ou ramollis. Appliquez le produit et attendez quelques secondes avant de ramasser. Suivez les instructions du fabricant pour son utilisation.",1.638742446899414
041_51353,"Soulagez la douleur avec un médicament sans ordonnance comme l'ibuprofène ou le paracétamol, en consultant votre médecin ou pharmacien pour le choix approprié. Appliquez une crème d'hydrocortisone sur la zone rouge et enflée pour soulager la douleur et l'inflammation, en respectant les instructions du produit. Utilisez une lotion à la calamine pour les piqûres d'abeilles et les irritations, en appliquant avec un disque de coton et en suivant les recommandations. Prenez un antihistaminique oral, en étant conscient de ses effets sur la somnolence.",1.1517469882965088
041_58481,c’est prêt.,0.42646026611328125
041_43671,"Le diamant est généralement choisi pour une bague de fiançailles en raison de sa robustesse et de sa capacité à s'associer à divers anneaux. Il est important de se baser sur les 4 C lors du choix d'un diamant : la coupe, le nombre de carats, la couleur et la clarté. La coupe influence l’éclat du diamant, avec des styles variés comme le « rond brillant », « radiant » et « princesse » qui cachent les défauts. Le carat mesure la masse du diamant, et les pierres sont classées selon leur couleur, les plus prisées étant celles sans couleur. La clarté, mesurée sur une échelle de F1 à I3, indique le nombre d'inclusions ou d'imperfections. Les diamants sans défauts sont rares et plus précieux. Pour une personne active, il est conseillé de choisir une bague robuste avec une pierre moins saillante.",1.458441972732544
041_43529,"Dès que vous réaliserez que vos sentiments ne sont pas réciproques, concentrez-vous sur des attentes que vous pouvez contrôler, comme passer du temps avec des amis ou profiter de l'extérieur, plutôt que d'attendre qu'il vous contacte. Abandonnez les idéalisations et reconnaissez les défauts de l'autre, car aucune relation parfaite n'existe. Soyez gentille avec vous-même et autorisez-vous à ressentir de la tristesse, tout en cherchant du réconfort auprès de vos proches. Évitez les situations où vous seriez en contact avec lui et occupez-vous avec de nouvelles activités pour surmonter la douleur du rejet. Créez une routine qui inclut du soutien social et des projets personnels.",1.3500347137451172
041_30689,"Les écrevisses prospèrent mieux dans leur propre aquarium, mais peuvent cohabiter avec de petits poissons comme les poissons rouges. Elles semblent parfois agressives, mais sont généralement trop lentes pour attraper des poissons rapides. Elles attaquent principalement les poissons malades. Il est préférable de ne garder qu'une écrevisse par aquarium, en veillant à ce qu'elles aient suffisamment d'espace et soient de la même espèce. Après plusieurs mois, elles muent et doivent se nourrir de leur exosquelette. L'ajout d'iode de potassium est recommandé pour éviter les carences. Les écrevisses peuvent être des exploratrices et s'échapper, donc un couvercle est conseillé. Si elles sortent de l'eau, il est important de les réadapter progressivement à l'eau.",1.3732545375823975
041_16387,"Pour créer un compte Netflix, rendez-vous sur Netflix.com et profitez d'un mois d'essai gratuit. Vous devrez fournir des informations de paiement, mais si vous annulez avant la fin de l'essai, vous ne serez pas facturé. Vous pourrez choisir parmi trois formules d'abonnement : basique (un écran, pas de HD), standard (deux écrans en HD) et premium (quatre écrans en Ultra HD). Vous devrez entrer votre adresse e-mail et un mot de passe, et Netflix accepte les cartes de crédit, PayPal, et les cartes cadeaux. Suivez les instructions pour finaliser votre inscription et regardez du contenu sur vos appareils compatibles.",1.2329175472259521
041_35148,"Il est recommandé de se brosser les dents après chaque repas pour maintenir une bonne santé buccale et préserver l'émail dentaire. En cas d'absence de brosse à dents, mâcher un chewing-gum peut aider, mais il faut faire attention à l'érosion de l'émail. Consommer des aliments sains et équilibrés, tout en évitant les aliments acides et sucrés, est crucial. L'eau du robinet enrichie en fluor peut être bénéfique, mais il faut se méfier de sa qualité. Grincer des dents et d'autres mauvaises habitudes doivent être évités pour protéger les dents. Des visites régulières chez le dentiste sont essentielles pour une bonne hygiène dentaire. Des produits comme le xylitol peuvent aider à réduire l'activité bactérienne nuisible.",1.4024510383605957
041_51795,"Mettez un oignon dans un bol peu profond ou une casserole, en utilisant un récipient avec des parois hautes et une ouverture assez grande pour une râpe à quatre faces et votre main. Placez-le au-dessus d'un bol moyen ou grand, et si l'ustensile est trop petit pour tenir seul, tenez-le dans votre main.",2.023439645767212
041_13076,"Vous pouvez acheter un ventilateur fixe ou installer des ventilateurs de plafond pour garder une pièce fraîche. Les ventilateurs de plafond sont souvent plus efficaces, mais les ventilateurs fixes coûtent généralement moins cher. Choisissez la taille du ventilateur en fonction de votre espace. Pour les petits espaces, un ventilateur de bureau est recommandé, tandis qu’un ventilateur oscillant est idéal pour rafraîchir plusieurs personnes. Les ventilateurs fixes se déclinent en différentes formes et peuvent être achetés en ligne ou dans des magasins. Pour augmenter l'efficacité, placez de la glace devant le ventilateur et orientez-le en fonction du vent. Envisagez également un climatiseur pour une solution plus efficace, bien que moins économique en énergie. Le climatiseur central est le plus efficace, tandis que les climatiseurs mobiles consomment plus d'énergie.",1.5812666416168213
041_42026,"Doublecliquez sur le document souhaité, mais s'il n'a pas été ouvert récemment, ouvrez-le puis fermez-le. Utilisez l'option à gauche de la barre de menu sur Mac pour ouvrir un menu déroulant. Si Outils n'apparaît pas, cliquez sur la fenêtre Microsoft Word. Dans le menu déroulant, choisissez Outils pour ouvrir une fenêtre. Attachez le modèle souhaité dans la fenêtre Modèles et compléments, qui appliquera sa mise en page à votre document. Pour enregistrer, cliquez sur Fichier > Enregistrer sous, entrez un nom, puis cliquez sur Enregistrer.",1.1260294914245605
041_46098,"Le peroxyde de benzoyle est un ingrédient actif présent dans de nombreux produits en vente libre et sur ordonnance utilisés pour traiter l'acné. Le choix du médicament dépend de la gravité de l'acné, et il est conseillé de consulter un dermatologue pour le traitement le plus efficace. Le peroxyde de benzoyle se trouve sous différentes formes, notamment en savon, lotion, crème et mousse. Il peut provoquer des irritations cutanées, donc il est recommandé de tester le produit sur une petite zone de peau avant une application complète. Il est également crucial de ne pas appliquer le produit sur des zones blessées ou irritées sans l'avis d'un professionnel. Pour une application correcte, il faut suivre les instructions du produit, s'assurer que la peau est propre, et utiliser la quantité appropriée.",1.3850088119506836
041_48315,"Le rythme circadien fonctionne mieux avec des horaires réguliers de sommeil. Se coucher et se lever aux mêmes heures chaque jour aide à mieux dormir et à se réveiller énergique. L'exercice régulier favorise également un meilleur sommeil, mais il est conseillé de ne pas faire de sport dans les 4 à 5 heures avant de se coucher. L'alimentation joue un rôle important, des repas légers sont préférables le soir. Si le stress ou l'anxiété affecte le sommeil, il est recommandé de consulter un thérapeute pour mieux gérer ces problèmes.",1.3806896209716797
041_55531,"Normalement, l'usinage a été fait selon les normes, mais il est important de vérifier la présence de limaille ou de débris dans le circuit et dans les entrées d'huile. Nettoyez l'extérieur du moteur avec de l'eau chaude savonneuse et utilisez de l'air comprimé pour nettoyer les orifices. Mettez en place les bouchons de la galerie de graissage avec un produit d'étanchéité, en évitant le silicone. Lubrifiez les paliers principaux et installez correctement le vilebrequin, en veillant à ce qu'il tourne librement. Alignez les repères de calage pour l'arbre à cames et la distribution, et vérifiez le jeu des segments de pistons. Assurez-vous que le segment racleur d'huile et les coussinets de tête de bielle sont bien installés. Serrez les boulons en trois étapes et vérifiez le bon montage des pistons. N'oubliez pas de replacer la culasse et d'utiliser le produit d'étanchéité recommandé par le constructeur. Lubrifiez les filetages des boulons et serrez-les correctement.",1.7931902408599854
041_2927,"Tracez une ligne au centre du panneau pour obtenir deux côtés de 1 m 20 chacun. Faites une marque à 76 cm à l'extérieur du panneau avec un crayon. Assurez-vous que la distance entre le clou et le crayon est de 2 m en tendant le fil. Coupez d'abord l'arc de cercle, puis le milieu pour obtenir deux pièces identiques.",1.2072241306304932
041_26306,"Les plantes doivent être cultivées dans des pots adaptés à leur taille pour assurer une bonne distribution de l'eau. Un pot trop petit entraîne un encombrement des racines, tandis qu'un pot trop grand peut dessécher la terre. Il est conseillé de changer de pot lorsque les racines dominent la terre ou lorsque le feuillage est disproportionné par rapport à la taille de la plante. Il est également important d'utiliser des pots avec des trous de drainage pour éviter l'accumulation d'eau qui pourrait nuire aux racines. Si des pots sans trous sont utilisés, une couche de cailloux peut être ajoutée pour retenir l'excès d'eau. Il faut veiller à ne pas trop arroser et à vider les coupelles après l'arrosage pour éviter que la plante ne reste immergée. Si la terre se détache des parois, cela peut indiquer que le pot est trop grand. Pour évaluer si les racines sont à l'étroit, il est recommandé de vérifier la quantité de terre par rapport aux racines en retirant délicatement la plante de son pot.",1.6832258701324463
041_7675,"De tels exercices aident à maintenir la santé et à réduire le stress, qui peut causer de la rigidité lombaire. Il est recommandé de marcher ou de nager au moins 30 minutes, 5 jours par semaine. Si vous ne faites pas d'exercice cardiovasculaire, commencez par 10 minutes de marche 3 jours par semaine, puis augmentez progressivement. La force des muscles abdominaux et du dos est essentielle pour la santé de la colonne vertébrale. Faites des exercices d'inclinaison du bassin et des abdominaux pour renforcer ces muscles. D'autres exercices comme le Pilates sont également bénéfiques. Inscrivez-vous à un cours ou suivez des vidéos pour pratiquer régulièrement. Le yoga peut aussi aider, avec des postures ciblant la zone lombaire. Si vous pratiquez déjà le yoga, augmentez la fréquence ou établissez une routine quotidienne. Si vous débutez, inscrivez-vous à un cours pour acquérir les bases.",1.5670130252838135
041_11916,"Pour s'assurer que votre chien est en bonne santé et vigoureux, il faut qu'il ait une alimentation adéquate, qu'il fasse suffisamment d'exercice, qu'il soit peu stressé, et qu'il reçoive de l'affection. Les puces préfèrent les chiens affaiblis, donc maintenir la santé de votre animal favorisera la guérison et préviendra les infestations. Un mélange d'huiles essentielles peut être utilisé, mais certaines sont toxiques pour les chats. Utilisez un shampoing doux et donnez-lui des bains hebdomadaires sans produits agressifs. Vérifiez régulièrement votre chien pour détecter les puces, les œufs et les excréments, et limitez les zones où il peut aller pour éviter la propagation des puces.",1.3745195865631104
041_4005,"Il est possible de propager des dragonniers de Madagascar par semis, mais cela nécessite plusieurs essais en raison de la difficulté des graines. Pour réussir, achetez des graines en ligne et maintenez une température entre 18 et 21 °C. Placez les graines dans de l'eau chaude, puis préparez un petit pot avec un mélange de terreau spécial semis. Humidifiez le sol avec de l'eau distillée et enterrez légèrement une ou deux graines. Mettez le pot dans un sachet en plastique étiqueté. Vérifiez l'humidité quotidiennement. Après un mois, des germes devraient apparaître, et une fois assez grands, déplacez-les dans des pots individuels. Gardez-les en intérieur jusqu'à ce que les feuilles soient développées et durcies.",1.885301113128662
041_56414,"Pour nettoyer les alvéoles de vos stores, utilisez de l'air comprimé pour éliminer la poussière et les insectes. Vaporisez de l'air à travers chaque alvéole et placez un journal ou une bâche pour recueillir les débris. Vous pouvez également dépoussiérer le tissu extérieur avec de l'air comprimé ou un séchoir à basse température. Utilisez un plumeau ou un rouleau antipeluche en effectuant des mouvements doux, en suivant le sens du plissage. Évitez d'utiliser un aspirateur puissant et nettoyez régulièrement les rails avec un chiffon humide et une lessive douce. Utilisez un outil étroit pour accéder aux rails si nécessaire et changez les cotons-tiges sales au besoin.",5.3167760372161865
041_53948,"Grattez l'extérieur des huîtres, jetez celles qui sont ouvertes ou cassées, puis laissez-les égoutter. Utilisez un grill chaud pour les cuire, en les plaçant côté plat sur la grille. Assaisonnez-les à l'avance après les avoir ouvertes ou juste avant de les manger. Pour ouvrir les huîtres, protégez-vous les mains, insérez un couteau dans la charnière et tournez-le pour couper le muscle. Les huîtres sont prêtes lorsque la coquille s'ouvre légèrement et que l'eau bout. Jetez celles qui ne s'ouvrent pas. Servez-les avec du beurre, du citron ou nature.",1.4476604461669922
041_38081,"Coupez le haut des pommes et retirez le trognon en laissant un trou d'environ 2 cm. Choisissez des pommes adaptées, comme la golden delicious ou la rome beauty. Dessinez une ligne autour des pommes pour éviter que la peau se déchire. Mélangez du sucre roux et de la cannelle dans un saladier et ajoutez des noix de pécan et des raisins secs si désiré. Recouvrez chaque pomme du mélange, en y ajoutant un cube de beurre sur chaque. Versez de l'eau bouillante pour éviter que le bas des pommes ne brûle. Elles seront prêtes lorsque tendres et faciles à percer avec une fourchette. Servez-les avec le jus du plat.",1.4257123470306396
041_55,"Pour réaliser cette recette, vous aurez besoin d'ingrédients, d'ustensiles comme un batteur, des moules et d'un saladier. Préchauffez le four à 180 °C et préparez les moules. Mélangez les ingrédients à vitesse lente puis augmentez la vitesse pour incorporer de l'air, ce qui rendra le gâteau léger. Battez les œufs séparément avant de les ajouter au mélange. Ne battez pas trop pour éviter un gâteau dur. Vérifiez la cuisson en effectuant des tests de texture. Laissez refroidir avant de servir ou de conserver le gâteau, qui peut être gardé au frais ou congelé selon le délai de consommation.",1.486358880996704
041_12714,"Pour nettoyer les semelles blanches en caoutchouc de vos chaussures en toile, vous pouvez utiliser divers produits ménagers tels que de l'eau de Javel, de l'acétone, de l'alcool isopropylique, du nettoyant pour vitres, un effaceur magique, de l'eau oxygénée, du bicarbonate de soude et du jus de citron. Appliquez le nettoyant avec une vieille brosse à dents ou une brosse à chaussures, en veillant à protéger les surfaces environnantes si vous utilisez des produits susceptibles de tacher. Évitez d'utiliser ces produits sur des chaussures en toile de couleur, ou couvrez les parties colorées avec du scotch. Certaines personnes préfèrent des chaussures en toiles tachetées, cela dépend de votre goût.",1.2850093841552734
041_10400,"Il est essentiel de nettoyer régulièrement la cage du hamster pour assurer sa santé. Lavez tous les objets de la cage avec une solution désinfectante, en prêtant attention aux coins difficiles d'accès et en frottant vigoureusement les zones sales. Laissez bien sécher la cage avant de remettre les éléments et le hamster à l'intérieur. Un nettoyage complet doit être effectué au moins une fois par semaine, mais des tâches quotidiennes comme le retrait des crottes et le nettoyage de la bouteille d'eau sont également nécessaires. Un entretien régulier aide à prévenir des maladies chez le hamster liées à un environnement sale.",1.2139952182769775
041_58109,"Pour se lier d’amitié avec une personne extrêmement timide, il est essentiel de faire le premier pas et d'utiliser des initiateurs de conversation pour éviter que la discussion ne s'essouffle. Les personnes timides préfèrent souvent des sujets plus profonds plutôt que des conversations banales. Il est conseillé d'observer les intérêts de votre ami timide pour engager des discussions pertinentes. Utilisez un langage corporel apaisant, comme le contact visuel et une posture ouverte, pour rendre l'échange moins menaçant. L'autorévélation peut également aider à créer une intimité, mais il est préférable de commencer par des informations peu importantes pour ne pas effrayer l'autre.",1.2941946983337402
041_7932,"Pour éliminer le mucus, vous pouvez utiliser un expectorant en vente libre comme Robitussin ou Mucinex, contenant de la guaïfénésine. Prenez jusqu'à 1 200 mg par jour avec beaucoup d'eau. Les expectorants ne sont pas recommandés pour les enfants de moins de 6 ans. Si la respiration est difficile, demandez un inhalateur ou un nébuliseur à votre médecin. En cas de congestion persistante, consultez un médecin pour un traitement approprié. Évitez les antitussifs qui peuvent épaissir le mucus. Une toux productive est normale et aide à évacuer le mucus, mais si la couleur du mucus change, consultez un médecin.",1.438462495803833
041_42990,"Donnez-vous un objectif à atteindre, qu'il soit ambitieux ou petit. Visualisez-vous en train de l'atteindre et lisez des livres pour stimuler votre cerveau. Voyager, même à proximité, peut vous donner de nouvelles perspectives et briser la routine. Aidez les moins chanceux pour vous motiver dans votre vie quotidienne.",0.8896327018737793
041_18014,"Il est dans le menu Pomme de la barre des menus. Elle est sur la troisième ligne des préférences. C’est la cinquième proposition de la liste. Validez après avoir coché les services d’Apple Remote Desktop dont vous avez besoin. Si vous ne vous connectez pas avec JollysFastVNC ou ScreenSharing, opérez de la façon suivante : cliquez sur Réglages de l’ordinateur pour accéder aux options avancées ; cochez la case Les visualiseurs VNC peuvent contrôler l’écran avec un mot de passe, puis tapez un mot de passe.",1.0772030353546143
041_59493,"Faites une copie de vos données importantes avant de détruire votre disque dur, car la destruction est irréversible. Même si des méthodes de destruction semblent sûres, il est toujours possible que des experts puissent récupérer des données. Vous pouvez effacer le contenu de votre disque dur sans logiciel supplémentaire, mais pour une destruction complète, il faut démonter le boîtier et retirer le disque dur. Cela implique de retirer des vis et d'autres composants. Soyez prudent avec les aimants puissants et ne laissez pas des objets dangereux à proximité. Les données sont stockées sur les disques, donc il faut les détruire pour garantir qu'elles ne soient pas récupérables.",1.2083721160888672
041_58695,"Lorsque vous contractez vos muscles glutéaux, vous tirez plus de bénéfices de vos exercices. Contractez-les toutes les 10 secondes pendant la marche, mais évitez de les serrer constamment pour ne pas modifier votre démarche ni vous blesser. Après 5 minutes de marche, effectuez 25 répétitions de fentes par jambe pour améliorer votre équilibre et renforcer vos muscles. Adoptez une bonne posture pour éviter les blessures. Lorsque vous faites des flexions des cuisses, commencez avec les pieds joints, faites un pas sur le côté avec votre pied dominant, abaissez vos hanches sans dépasser vos orteils et effectuez 12 répétitions. Ces exercices aident à avoir des fesses fermes et doivent être pratiqués avec une bonne technique.",1.1975429058074951
041_5595,"Pour changer votre attitude, commencez par une autoévaluation honnête pour identifier les traits à améliorer. Votre motivation interne est essentielle, car elle génère enthousiasme et créativité. Examinez les raisons de votre désir de changement et utilisez un journal pour approfondir votre introspection. Les techniques de visualisation peuvent renforcer votre engagement envers vos objectifs. Remettez en question vos jugements actuels et recherchez des informations supplémentaires pour influencer positivement votre perception. Croyez en votre capacité à changer en vous rappelant des expériences passées où vous avez réussi à améliorer votre vie.",1.1500442028045654
041_46069,"Les interviews téléphoniques permettent aux candidats de prendre des notes pour mieux répondre aux questions. Il est conseillé de donner un aperçu des réponses en notant des mots-clés. Pour rester concentré, attendez quelques secondes avant de répondre et demandez des clarifications si nécessaire. Articulez bien et évitez de vous distraire. Un entretien devrait être un dialogue, alors posez des questions lorsque cela est approprié. Après l'entretien, envoyez un mot de remerciement concis au recruteur, en mentionnant des éléments spécifiques discutés.",1.104217290878296
041_2188,"Les jeux console virtuelle sont d'anciens jeux des premières consoles, disponibles sur des systèmes comme Sega Genesis et Super Nintendo, et vendus au détail. Les jeux WiiWare sont plus récents et spécifiquement conçus pour la Wii. Pour acheter un jeu, il faut accéder à « Démarrer » puis « Commencer le shopping », choisir entre jeux console virtuelle ou WiiWare, et naviguer dans les bibliothèques respectives. Après avoir sélectionné un jeu, il est crucial de vérifier sa compatibilité avec votre console. Une fois le téléchargement confirmé, vous verrez son impact sur votre réserve de points Wii et l'espace requis. Le message « Téléchargement réussi » apparaîtra une fois terminé, et le jeu sera accessible dans le menu principal de la Wii.",1.3838191032409668
041_42360,"Les hamsters ont besoin de beaucoup d'exercice et d'une roue adaptée à leur taille : 20 cm pour les hamsters nains et de Chine, et 30 cm pour les hamsters dorés. Évitez les roues à barreaux et observez si la roue est trop petite en vérifiant la position du dos du hamster. Pour l'eau, optez pour une bouteille qui ne fuit pas, fixée à l'extérieur de la cage, ou un petit bol avec un pont pour éviter que le hamster ne mette de la litière dedans. Les distributeurs sont recommandés pour les hamsters nains en couple pour éviter les conflits, tandis que les hamsters de Chine et dorés doivent avoir leur nourriture dans un bol pour surveiller leurs habitudes alimentaires. Les maisons vendues en animalerie conviennent généralement aux hamsters nains et de Chine, mais pas aux dorés. Fournissez-leur des jouets à ronger, des jouets d'escalade, et des tuyaux suffisamment larges et ventilés pour leur permettre de jouer et de creuser.",1.7535908222198486
041_54969,"La pratique régulière d’exercices d’aérobie favorise la croissance de nouveaux neurones et stimule l’hippocampe, essentiel pour l’apprentissage et la mémorisation. Les adultes devraient faire au moins 150 minutes d'exercice d'aérobie modéré par semaine. Un sommeil suffisant (7 à 9 heures pour les adultes, 8 à 10 heures pour les adolescents, 9 à 11 heures pour les enfants) est crucial pour le fonctionnement cognitif. La méditation améliore le volume cérébral et la matière grise, réduisant le stress et le cortisol. Les acides gras oméga-3, présents dans des aliments comme le saumon, et la vitamine E, trouvée dans les noix, sont importants pour la santé cérébrale. Les bluets et les aliments riches en antioxydants aident à protéger le cerveau du stress oxydatif et à prévenir les maladies neurodégénératives.",1.7448146343231201
041_25407,"Cliquez sur l'icône du raccourci sur le bureau pour l'ouvrir. Vous pouvez vous connecter via Wi-Fi ou Bluetooth. Pour utiliser TCP/IP Wi-Fi, configurez un numéro de port à 4 chiffres, sans utiliser une connexion à 4 chiffres simple.",0.7660491466522217
041_45805,"Vous devez inspecter toutes les nouvelles plantes pour détecter la présence de cochenilles, de petits insectes ronds et cireux. Si vous en trouvez, retirez-les immédiatement et jetez-les, et si l'infestation est importante, envisagez de retourner la plante au vendeur. Ne jamais introduire de plantes infestées dans votre jardin pour éviter la contamination. Il est plus facile de prévenir les infestations en éliminant régulièrement les petites apparitions. Vérifiez également vos outils pour éviter de propager les cochenilles et évitez les engrais azotés si cela n'est pas nécessaire, car un excès d'azote favorise leur reproduction.",1.2613017559051514
041_5531,"Vos partisans devraient signer une pétition pour soutenir la création de votre centre communautaire, incluant leurs noms et adresses électroniques. Cette pétition peut être présentée aux donateurs et politiques pour montrer l'intérêt pour le projet. Vous pouvez demander à des bénévoles de solliciter des signatures à l'extérieur des centres commerciaux et récupérer des noms via des campagnes de publipostage. Il est possible de faire circuler la pétition lors de réunions de quartier. Obtenez le soutien de votre municipalité en contactant les conseillers et le maire pour une aide financière ou promotionnelle. Une fois sympathisants trouvés, organisez une assemblée publique pour présenter le projet, inviter donateurs et médias, et recueillir des idées du public. Les lieux pour ces assemblées incluent écoles, lieux de culte et bâtiments gouvernementaux. Réservez à l'avance et clarifiez vos objectifs en début de réunion, en demandant à plusieurs conférenciers de couvrir divers aspects du projet et en sollicitant des dons.",1.6611289978027344
041_12746,"Commencez par mesurer la partie basse de votre bras jusqu'à la paume de votre main, puis autour de la partie la plus épaisse de votre bras et juste en-dessous de votre pouce. Ajoutez 5 cm pour les superpositions. Enroulez de la flanelle et de la ouate de coton autour de votre bras, en veillant à laisser un trou pour le pouce. Utilisez des collants pour maintenir le tout en place, en chevauchant les morceaux de flanelle. Cousez les bords avec un point simple ou en zigzag. Découpez un trou pour le pouce et cousez des bandes velcro sur les côtés longs du plâtre.",1.2631049156188965
041_4753,"Les cadeaux coquins peuvent être amusants, mais il est important de considérer la réaction de la personne qui les reçoit. Préférez la délicatesse et évitez l'alcool dans des contextes inappropriés, comme au bureau. Si vous ne connaissez pas bien la personne, choisissez un cadeau pratique et utile. Faites des recherches sur ses intérêts pour sélectionner le cadeau idéal, et un cadeau fait maison peut ajouter une touche personnelle. Il est essentiel de prendre en compte les goûts de la personne plutôt que de se précipiter pour offrir un cadeau.",1.0859756469726562
041_41756,"Coupez les pommes de terre en frites et laissez-les tremper dans de l'eau froide au frigo pendant deux heures. Faites fondre du beurre dans une casserole, ajoutez de la farine et remuez jusqu'à obtenir un mélange lisse. Faites cuire jusqu'à ce que le mélange épaississe. Égouttez et séchez les frites, puis faites-les frire dans de l'huile chaude jusqu'à ce qu'elles soient dorées. Laissez refroidir, puis ajoutez la sauce et des cubes de fromage avant de servir chaud.",1.4701635837554932
041_3636,Copiez les fichiers binaires compressés d'Oracle depuis votre répertoire de téléchargements vers le dossier /usr/local/java en utilisant les commandes appropriées dans le terminal.,0.5786232948303223
041_23056,"Les purificateurs d'air utilisent souvent des filtres HEPA non lavables. Avant d'accéder au filtre, il est important d'éteindre et de débrancher l'appareil, puis de consulter le manuel pour des instructions spécifiques. Un filtre HEPA non lavable est généralement accompagné d'un filtre en mousse ou à charbon actif, qui doit être rincé et séché. Le filtre HEPA doit être aspiré pour enlever les débris sans le percer. Cette procédure doit être effectuée dès que les filtres lavables sont secs. Il est possible d'envelopper le filtre HEPA dans du plastique en cas d'inactivité prolongée. Certains purificateurs ont un système de rappel électronique pour le nettoyage du filtre, qui doit être réinitialisé après le nettoyage.",1.3657822608947754
041_33047,"Si vous jouez avec la classe Assaut, choisissez l'équipement en fonction de vos compétences. Les bons tireurs devraient utiliser le M320 pour percer les lignes ennemies, tandis que ceux qui préfèrent soutenir leur équipe peuvent opter pour le duo Soin/M320 Fumigène. La classe Ingénieur se concentre sur la réparation des véhicules alliés et la destruction des véhicules ennemis, en utilisant des tactiques comme attaquer par derrière. La classe de Soutien doit rester en arrière-plan pour fournir du soutien et des explosifs comme le C4 contre les véhicules ennemis. Les claymores sont utiles pour défendre des objectifs, et les mortiers rarement efficaces. Le rôle de l’Éclaireur est de repérer les ennemis et de fournir un tir de couverture. Le MAV ne doit pas être utilisé pour marquer des points, et le SOFLAM est essentiel pour augmenter les dégâts des missiles sur les véhicules.",1.5370221138000488
041_7531,"L'écriture d'un ebook commence par le choix et le développement d'une idée. Il est conseillé de noter une phrase résumant le contenu souhaité, puis d'élaborer cette idée en un produit fini. Les écrivains de fiction doivent passer plus de temps à développer leurs intrigues. Les ebooks sont accessibles aux autoéditeurs et permettent de publier des écrits plus courts. Il est utile de créer un « web of concepts » pour organiser les idées. Une fois l'idée développée, il faut structurer le livre en un plan logique, en tenant compte des besoins du lecteur. Écrire nécessite de la persévérance et une routine quotidienne. La révision est essentielle et doit être faite avec soin. Une fois satisfait, il est important de penser au titre, à la couverture et aux remerciements. Enfin, obtenir des retours de proches est crucial pour améliorer l'ouvrage avant la publication.",1.6637592315673828
041_521,"Porter de l'eau de Cologne au travail n'est pas nécessaire, mais généralement acceptable lors d'événements comme des mariages ou des fêtes. Il est important de considérer comment les odeurs corporelles interagissent avec le parfum, car une application excessive peut donner une mauvaise odeur. Certaines personnes peuvent être allergiques à l'eau de Cologne, donc il faut faire attention dans des environnements partagés. Les raisons personnelles de porter du parfum ne sont pas pertinentes. Beaucoup d'hommes préfèrent des parfums différents pour le travail et les sorties, avec des senteurs légères recommandées pour le jour et des parfums plus forts pour le soir.",1.1290779113769531
041_28090,"Utilisez une annonce claire avec un questionnaire d'introduction pour préciser les conditions, la date et l'heure. Indiquez si vous recherchez un type de participants spécifique. Diffusez votre annonce par des méthodes adaptées à votre groupe cible, comme des travailleurs sociaux ou des affiches dans des lieux fréquentés par votre population cible. Pour sélectionner les participants, choisissez des noms au hasard dans une liste ou demandez à un supérieur de choisir des personnes compétentes. Évaluez si la présence d'autorités pourrait influencer la dynamique de groupe. Offrez des incitations telles que des cadeaux ou de l'argent pour attirer les participants, avec un minimum de 50 €. Assurez-vous d'inviter entre huit et dix personnes pour un bon équilibre. Confirmez leur présence par écrit deux jours avant la réunion en rappelant les détails clés.",1.3703117370605469
041_41905,"Les bourgeons et les fleurs de la plante contiennent la plus forte concentration de cannabinoïdes. Pour obtenir de la poudre, il faut sécher complètement les bourgeons et les réduire en fine poudre à l'aide d'un robot de cuisine ou d'un moulin à café. Il est important de tamiser la poudre pour éliminer les parties non moulues. Si nécessaire, utiliser un mortier pour un broyage plus fin. La conservation de la poudre doit se faire dans un récipient hermétique pour éviter l'oxydation. La farine de marijuana peut remplacer 10 à 20 % de la farine dans les recettes, mais ne possède pas les mêmes propriétés que la farine ordinaire. On peut aussi mélanger la farine de cannabis avec de la farine normale, tout en veillant à bien conserver le mélange. Pour une utilisation optimale, il est recommandé de congeler des portions dosées.",1.6527831554412842
041_23120,"Il est crucial d'être à l'aise avec les méthodes d'éducation de votre partenaire, car cela peut indiquer la viabilité de votre relation. Lorsque vous êtes en couple avec un parent célibataire, il faut s'adapter à la dynamique familiale. Observez le comportement de votre partenaire avec son enfant et assurez-vous que cela vous convient. Montrez-vous respectueux et digne de confiance devant l'enfant, en utilisant de bonnes manières et en vous impliquant dans les tâches ménagères. Soyez vous-même et évitez de feindre une personnalité pour plaire à l'enfant. Apprenez à connaître l'enfant à travers des conversations et soyez patient face à son éventuelle hostilité. Soyez flexible, car la vie avec des enfants est imprévisible. Incluez l'enfant dans des activités ludiques et respectez le rythme de votre partenaire concernant la fréquence de vos rencontres. N'oubliez pas que votre rôle est celui d'un partenaire, pas d'un parent, et il est important de soutenir votre partenaire sans juger ses décisions parentales.",1.9012160301208496
041_40785,"Pour programmer une télécommande RCA pour un magnétoscope ou un lecteur DVD, commencez par maintenir le bouton VCR/DVD enfoncé, puis appuyez sur 2 ou 3 selon l'appareil. Relâchez les deux boutons et attendez que la DEL cesse de clignoter. Appuyez sur le bouton Marche tout en maintenant le bouton de l'appareil choisi. Lorsque la DEL s'allume puis s'éteint, relâchez les boutons. La télécommande enverra dix codes à l'appareil. Si l'appareil s'éteint, passez à l'étape suivante. Vérifiez l'appareil après chaque pression sur le bouton Marche. Si l'appareil est éteint, continuez avec le bouton de vérification. Attendez deux secondes avant de vérifier si l'appareil est allumé. Maintenez le bouton Arrêt enfoncé jusqu'à ce que la DEL s'éteigne, confirmant que la télécommande est correctement programmée.",1.4222509860992432
041_2656,"La plupart des professionnels recommandent d'utiliser de l'huile pour masser le cuir chevelu, car cela stimule les follicules pileux et nourrit le cuir chevelu et les racines. Il existe plusieurs huiles à utiliser, comme l'huile de noix de coco, l'huile de jojoba, l'huile d'olive, l'huile d'amande, l'huile d'œuf, l'huile d'avocat et l'huile de ricin. Il est conseillé de masser le cuir chevelu avec une petite quantité d'huile chauffée, en effectuant de petits cercles pour stimuler la circulation sanguine. Vous pouvez masser des sections de cheveux ou votre tête entière, en utilisant différents mouvements. Pour un meilleur effet, il est recommandé de couvrir vos cheveux avec un vieux t-shirt ou une serviette légère après le massage. Si vous ne voulez pas utiliser d'huiles, des appareils de massage du cuir chevelu peuvent être utilisés. Il est préférable de ne pas masser le cuir chevelu tous les jours, mais plutôt 2 ou 3 fois par semaine.",1.9973409175872803
041_554,"Pour obtenir un bon selfie, pensez à votre bonheur et souriez, même si vous n'êtes pas de bonne humeur. Détendez-vous et laissez vos yeux se plisser légèrement. Regardez directement l'objectif pour donner une impression chaleureuse. Pour une expression timide, regardez vers le bas et sur le côté, ouvrez les yeux et haussez les sourcils. Faire la moue peut accentuer vos pommettes, alors murmurez « petite pomme » pour un effet optimal. Expérimentez avec différentes expressions, comme froncer les sourcils ou faire un clin d'œil, pour varier les styles. Pour un effet mignon, accentuez votre lèvre inférieure tout en inclinant le menton. Une expression neutre peut donner un cliché flatteur mais moins intéressant.",1.333681344985962
041_39609,"Aïd al-Fitr, ou ""fête de la rupture"", a lieu le premier jour du mois de Shawwal, après le Ramadan. Les musulmans observent la lune pour déterminer le début de la fête, qui peut nécessiter plusieurs jours d'observation. Les traditions incluent l'achat de nouveaux vêtements, le port de henné pour les femmes, et des ablutions le matin de l'Aïd. Le jeûne est interdit ce jour-là, et il est conseillé de manger avant la prière. Les fidèles participent à une prière spéciale menée par l'imam, suivie de vœux d'Aïd Mubarak. L'Aïd est également marqué par la consommation de gâteaux et la distribution de cadeaux, en particulier aux enfants. Le ""Zakat al-Fitr"" est une obligation pour les musulmans en mesure de donner aux pauvres. Les festivités peuvent durer plusieurs jours et incluent des visites aux voisins et à la famille.",1.617805004119873
041_54815,"Pour créer une publication texte, appuyez sur ☰ et sélectionnez votre nom. Ouvrez le champ de statut sous votre photo de profil pour taper votre texte. Vous pouvez ajouter des photos ou vidéos, identifier des amis en utilisant @ suivi de leur nom, et ajouter un emplacement en appuyant sur Je suis là. Les publications sont par défaut visibles par vos amis, mais vous pouvez modifier la confidentialité. Appuyez sur Terminé pour publier. Vos amis peuvent commenter vos publications.",0.9867186546325684
041_47618,"Tu as probablement un gros béguin pour quelqu'un si tu penses constamment à cette personne et que cela affecte tes interactions avec les autres. Cela se manifeste par des pensées fréquentes, des changements de comportement pour attirer son attention et des émotions intenses lorsque son nom est évoqué. Discuter de ton béguin avec des amis de confiance peut t'aider à mieux comprendre tes sentiments. Si tu fantasmes sur des moments avec cette personne et que des choses quotidiennes te rappellent elle, cela indique également que tu as un béguin. Si tu as pensé à une personne en lisant ce texte, c'est probablement elle.",1.0796961784362793
041_9144,"Pour trouver une intrigue ou un personnage intéressant, notez vos idées et choisissez-en une pour en faire une histoire. Inspirez-vous de vos expériences, d'histoires entendues, de scénarios alternatifs, de l'actualité, de rêves, de personnes vues, de photos ou d'œuvres d'art. Créez des profils détaillés pour vos personnages, en commençant par le protagoniste, et déterminez leurs motivations. Le cadre de l'histoire doit influencer les personnages et l'intrigue. Un résumé d'intrigue aidera à éviter les incohérences. Préparez votre ébauche avec un diagramme ou un plan, et choisissez soigneusement le point de vue, qu'il soit à la première ou à la troisième personne, selon l'effet désiré.",1.250767707824707
041_13278,"Votre corps a besoin de 7 à 9 heures de sommeil pour être reposé. Un manque de sommeil entraîne des cernes et un vieillissement prématuré. Il est important de boire beaucoup d'eau pour garder une peau hydratée et douce, avec au moins huit verres de 240 ml par jour. Les aliments transformés et sucreries nuisent à la peau en provoquant des inflammations et des rides. Prenez soin de vos yeux pour éviter la fatigue, en nettoyant bien vos lentilles de contact. Le tabac a également des effets néfastes sur la peau, provoquant taches et rides. Utilisez un hydratant avec écran solaire quotidiennement pour prévenir les dommages cutanés et le vieillissement prématuré.",1.3108878135681152
041_21372,"Il est conseillé de donner des indices la veille si vous souhaitez éviter une obligation en feignant un mal de gorge. Évitez de sembler trop suspect et présentez-vous comme si vous vouliez vraiment participer. Si vous ne pouvez pas aller à une activité, simulez une douleur pour que vos parents soient convaincus de votre malaise. Toutefois, il est important de ne pas se faire démasquer et de maintenir l'illusion, car cela pourrait amener vos parents à douter de votre sincérité à l'avenir. Si vos parents vous permettent de rester chez vous, assurez-vous qu'ils ne le font pas eux-mêmes, sinon vous devrez continuer à feindre.",1.1183433532714844
041_47585,"Le costume de Batman est près du corps et comporte un gilet pare-balle. Bien qu'il ne soit pas nécessaire de montrer chaque muscle, les éléments essentiels doivent être représentés. Le slip, bien que moins visible, est toujours présent. Les bottes montent jusqu'aux mollets et les gants jusqu'aux avant-bras avec des lames. La cape est plus longue et plus large que celle de Superman, descendant jusqu'aux chevilles et ayant une forme découpée. Elle doit être assez large pour que Batman puisse s'enrouler dedans. Lorsqu'il est en action, la cape doit sembler gonflée. Des instructions sont données pour dessiner la ceinture multifonction de Batman, avec des options pour les pochettes.",1.298924207687378
041_37845,"Pour miner des diamants, il est essentiel d'avoir une pioche en fer ou en diamant, car aucun autre outil ne peut être utilisé. Si vous devez créer une pioche, commencez par fabriquer une table de fabrication 3x3 avec du bois et des bâtons. Ensuite, minez des blocs de pierre avec une pioche en bois pour créer une pioche en pierre. Pour continuer, vous aurez besoin d'un four, que vous pouvez trouver dans des villages ou fabriquer avec des blocs de pierre. Ensuite, cherchez du minerai de fer pour le fondre en lingots, nécessaires pour fabriquer une pioche en fer.",1.135976791381836
041_58011,"Pour cuisiner un canard rôti pour deux personnes, choisissez un canard de 2 à 3 kg, comme le canard de Rouen, de Challans ou Pékin. Retirez les abats, lavez le canard, et séchez-le bien. Faites des entailles en losange sur la graisse des magrets et piquez la peau pour rendre le canard croustillant. Enlevez l'excès de peau, assaisonnez avec du gros sel et du poivre, et attachez les pattes. Vous pouvez ajouter une orange ou un oignon dans la cavité pour l'humidité. Préparez également les ailes en les coupant et en les rentrant sous le canard.",1.257326602935791
041_31131,"Mettez-vous debout avec les pieds écartés à la largeur des hanches, fléchissez légèrement les genoux et gardez les orteils droits. Joignez vos mains dans le dos, tournez-les vers le bas et relevez les bras jusqu'à sentir les biceps travailler. Restez immobile pendant 30 secondes en respirant profondément. Cet exercice étire les deltoïdes antérieurs et les grands pectoraux au niveau des clavicules et du sternum.",0.9225637912750244
041_2349,"Chaque État a ses propres exigences pour devenir Shérif, incluant un examen écrit, une entrevue, un test de passé, un test d'endurance physique et un test sur le maniement d'armes. Il faut soumettre une demande au palais de justice et respecter toutes les conditions. Si le Shérif est élu, il est essentiel de mener une campagne pour se faire connaître et convaincre les électeurs. Monter un comité de campagne peut aider à lever des fonds et à accroître la visibilité. Les candidats doivent se distinguer de leurs concurrents et, s'ils réussissent, prêter serment pour un mandat de 4 ans renouvelable. Certains États exigent également une formation spécifique après l'élection, et rejoindre une association de Shérifs peut être bénéfique pour apprendre davantage sur le métier.",1.3914246559143066
041_41768,"Avant d'utiliser des produits biologiques pour contrôler la végétation dans les lacs, il est important de vérifier si une autorisation est nécessaire en raison de la nature potentiellement envahissante de certaines espèces. Les cygnes tuberculés et les carpes chinoises sont des options pour lutter contre les mauvaises herbes aquatiques, mais chacune nécessite des soins particuliers et peut avoir des effets indésirables sur l'écosystème. Il est recommandé de libérer entre 15 et 30 carpes par demi-hectare, et de veiller à choisir des espèces qui ne nuisent pas aux autres plantes. Pour des problèmes spécifiques d'herbes, l'utilisation d'insectes ciblés peut être envisagée, mais il est crucial de ne pas relâcher des espèces non indigènes sans évaluation préalable de leur impact potentiel.",1.419567584991455
041_5868,"De nombreuses personnes considèrent la règle d'or comme un mantra à suivre pour se comporter de manière mature envers les autres. Cela implique de traiter les autres comme vous aimeriez être traité, de comprendre leurs émotions et de faire preuve de compassion. Les enfants doivent apprendre à reconnaître les sentiments des autres et agir en conséquence, par exemple en évitant de se moquer d'un camarade ou en étant attentif aux besoins de leurs parents. Il est important d'élargir son cercle de préoccupation pour inclure ceux qui sont dans le besoin et de montrer de la gratitude envers ses parents pour tout ce qu'ils font. Même de petites actions peuvent avoir un grand impact et renforcer les liens avec les autres. Exprimer sa reconnaissance et faire preuve de gentillesse sont des éléments clés pour devenir une personne responsable et heureuse.",1.5610404014587402
041_40780,"La meilleure façon de négocier des actions est de faire appel à un courtier. Il existe de nombreux spécialistes pour vous aider dans vos transactions. Si vous souhaitez faire vos opérations vous-même, des sites comme E*Trade, Fidelity et Ameritrade vous permettent de négocier en ligne, offrant plus de contrôle et des économies. Vous pouvez passer des ordres de bourse pour acheter ou vendre des actions, mais soyez conscient que les prix peuvent changer rapidement. Utilisez des ordres à seuil de déclenchement pour limiter vos pertes et contrôler vos coûts. Plusieurs sociétés de courtage offrent également des comptes de dépôt qui peuvent générer des intérêts, ce qui peut être avantageux.",1.0759942531585693
041_43515,"Un aspirateur de piscine est un appareil utilisé pour nettoyer le fond du bassin, et il existe plusieurs types adaptés aux différentes piscines. Les nettoyeurs automatiques se déclinent en trois versions, tandis que les nettoyeurs à aspiration sont à éviter en raison des dommages potentiels au système de filtration. Les nettoyeurs à pression fonctionnent en éliminant les débris de l'eau filtrée, mais nécessitent un vidage régulier du sac. Le robot de piscine est le plus efficace, bien qu'il soit coûteux, tandis que les aspirateurs manuels sont plus abordables et disponibles dans le commerce. L'installation implique de suivre les instructions, de fixer le tuyau à la pompe, et de s'assurer qu'il n'y a pas d'air dans le tuyau pour éviter d'endommager la pompe. Un nettoyage hebdomadaire est recommandé pour maintenir la propreté et la sécurité de la piscine.",1.7770578861236572
041_33211,"Pour préparer des smoothies, mélangez 300 g d'épinards avec un demi-litre d'eau, une banane et 150 g d'ananas et de mangue surgelés. Ajoutez de la poudre de protéine si souhaité, puis versez dans des bocaux pour les emporter. Les smoothies se conservent jusqu'à deux jours au réfrigérateur. Les quiches peuvent être préparées à l'avance et conservées pour un petit-déjeuner rapide. Vous pouvez aussi cuire un ou deux œufs au micro-ondes avec des légumes et du fromage. Une tortilla de blé entier peut être garnie de beurre de noix et de fruits, puis enroulée pour le transport. Le yogourt grec avec des fruits et du granola est une autre option, tout comme les flocons d'avoine dans du lait, prêts à être consommés le matin. Les combinaisons de petits-déjeuners sont variées et faciles à transporter dans des bocaux en verre.",1.763458490371704
041_56488,"Avant de fertiliser un arbre fruitier, il est essentiel de s'assurer de son besoin en engrais, en testant le sol pour déterminer son pH et sa composition nutritive. Pour cela, prélevez un échantillon du sol et faites-le analyser dans un laboratoire. L'âge de l'arbre est également un facteur clé : un jeune arbre d'un ou deux ans ne nécessite généralement pas de fertilisation. Observez la croissance annuelle des branches ; si elles poussent lentement, une fertilisation peut être nécessaire. Si vous décidez de fertiliser, utilisez un engrais équilibré, avec des proportions égales d'azote, de phosphore et de potassium, indiquées par la formule N-P-K sur l'emballage. La quantité d'engrais à appliquer dépend de l'âge de l'arbre ou du diamètre de son tronc.",1.4968981742858887
041_26120,"Pour déménager, procurez-vous des cartons, du papier d'emballage, des couvertures de déménagement et du ruban adhésif. Achetez des cartons en quincaillerie ou demandez des cartons auprès de magasins. Utilisez du papier journal ou des serviettes pour protéger vos objets fragiles. Emballez les objets lourds dans de petits cartons et les légers dans de grands cartons, en gardant les objets d'une même pièce ensemble. Étiquetez tous les cartons sur trois côtés pour faciliter le déballage. Gardez vos affaires essentielles avec vous pendant le déménagement, comme des vêtements pour une semaine et des objets de valeur.",1.171370029449463
041_2516,"Les personnes souffrant de dépendance qui bénéficient de soutien ont de meilleures chances de devenir sobres. Les groupes comme les Alcooliques ou Narcotiques Anonymes organisent des réunions qui peuvent être bénéfiques. Il est important d'identifier les situations qui déclenchent l'envie de consommer et de remplacer ces habitudes par des activités saines. Les dépendances doivent parfois être traitées séparément, et il est conseillé de progresser étape par étape. Les anciens dépendants peuvent utiliser des méthodes, comme un bocal de sobriété, pour se récompenser. Avoir une personne de confiance pour parler de ses luttes peut aider. Il est crucial de ne pas se focaliser sur l'idée de ne jamais consommer à nouveau et de se concentrer sur le présent en notant les progrès réalisés.",1.4376649856567383
041_60782,"Il est difficile de rester performant si l'on est obsédé par la quantité de tâches à accomplir. Pour se concentrer, il est conseillé de faire une liste de tâches, ce qui permet de visualiser le travail abattu et de se motiver. Diviser les tâches en petites actions facilite leur réalisation. Même si vous êtes déprimé, commencez par une petite tâche et concentrez-vous sur celle-ci. Évitez les distractions, chronométrez-vous et récompensez-vous après avoir terminé une tâche. Assurez-vous que vos objectifs sont réalisables et soyez actif pour surmonter la dépression. N'hésitez pas à discuter avec votre patron si vous vous sentez débordé.",1.430189847946167
041_15144,"Il est essentiel de ne jamais commencer à un rythme élevé, même après un échauffement. Les muscles doivent s'échauffer progressivement pour éviter les blessures. Commencez à 40-50 % de votre vitesse de course et effectuez des mouvements dynamiques comme lever les genoux, talons aux fesses et déplacements latéraux pendant au moins une minute chacun. Les exercices doivent préparer les muscles spécifiques, y compris les hanches avec des ouvertures et fermetures. Les fentes sont également recommandées pour échauffer les cuisses et les fessiers. Après l'échauffement, des étirements légers de 10 à 15 secondes peuvent être faits, mais ils ne doivent pas causer de douleur.",1.637052297592163
041_42710,"Observez les signes des mains et les expressions des chefs de chœur pour comprendre les signaux que les chanteurs reçoivent. Regardez des vidéos et assistez à des concerts pour noter les techniques efficaces. Il est important de voir le chef de chœur de près et de noter les signaux à utiliser, qui doivent souvent être exagérés pour être clairs. Pratiquez devant un miroir ou en filmant vos performances pour améliorer la clarté de vos signaux. Entraînez-vous régulièrement avec votre langage corporel et n'hésitez pas à demander des retours d'autres chefs de chœur et des chanteurs.",1.1361844539642334
041_46937,"Le sucre blanc en poudre n'est pas adapté pour cette recette, il est préférable d'utiliser du sucre roux, du sucre de palme ou de la mélasse. Le sucre de palme est l'option la plus authentique mais difficile à trouver. Le sucre roux et la mélasse sont de bons substituts et peuvent être combinés. Pour un goût similaire au kecap manis, vous pouvez mélanger de la sauce de soja, du sucre et de l'eau, tout en ajoutant du gingembre, de l'ail et de l'anis étoilé pour améliorer le goût. Le gingembre doit être pelé et râpé, l'ail écrasé. Une étape supplémentaire consiste à préparer un saladier d'eau glacée si vous utilisez la méthode de cuisson sur la gazinière, mais ce n'est pas nécessaire pour le micro-ondes.",1.5234663486480713
041_17556,"Le premier rectangle représente le cadre de votre maison, sans se soucier des proportions exactes mais en évitant qu'il soit trop long ou étroit. Utilisez une règle pour des côtés propres et droits. La base du triangle doit s'aligner avec le haut du rectangle, qui doit être large pour que les coins dépassent. Le triangle doit avoir une hauteur similaire au rectangle pour un aspect réaliste. Pour la cheminée, dessinez un rectangle étroit sur un côté du toit, avec un petit rectangle horizontal au-dessus. Pour les panneaux du toit, créez des lignes horizontales uniformément espacées d'un côté à l'autre, en gardant un espacement constant entre les panneaux.",1.3113486766815186
041_39453,"Allez sur le site Internet pour télécharger l'installation correspondant à votre système d'exploitation. Les fichiers peuvent être chargés avec le bouton +, ouvrant une fenêtre de sélection, le seul menu déroulant d'Audio Converter. Vous pouvez choisir entre un son mono ou stéréo, avec une perte de qualité pour le son mono. Sélectionnez une fréquence d'échantillonnage, généralement 44,1 kHz pour un enregistrement audio, et attendez-vous à une baisse de qualité en dessous. Choisissez également le taux de compression, avec un minimum de 128 kbit/s pour du MP3. Cliquez sur le bouton Convertir pour lancer la conversion et le bouton Rechercher près des fichiers convertis pour ouvrir le répertoire des nouveaux fichiers MP3. Audio Converter prend également en charge les formats WMA, AAC, WAV, OFF, AIFF et ALAC.",1.6140735149383545
041_43140,"La plupart des chaussures avec des semelles en caoutchouc ou en plastique isolent du sol, tandis que celles en cuir véritable ou dissipatrices des charges électrostatiques (ESD) aident à éviter l'accumulation de charge dans le corps. Pour réduire l'électricité statique, on peut frotter des lingettes assouplissantes sur le siège ou vaporiser un mélange d'adoucissant et d'eau. Les matières synthétiques, comme le polyester, et même certaines fibres naturelles peuvent augmenter le risque de choc statique. Les pneus à faible résistance au roulement en silice accumulent également de l'électricité statique. Une bande antistatique peut aider à décharger cette électricité, mais les pneus en caoutchouc des voitures anciennes peuvent poser le même problème. Les pneus ordinaires, traités avec du noir de carbone, sont des conducteurs, mais une décharge électrique peut toujours se produire entre le conducteur et la voiture.",1.4896461963653564
041_3514,"Avant de lancer votre entreprise de couture, évaluez honnêtement vos compétences et comparez votre travail à celui des autres couturiers. Si vous êtes compétitif et que vos créations suscitent de l'intérêt, cela pourrait être un signe positif. Considérez l'impact de cette activité sur votre vie personnelle, notamment le temps et l'énergie nécessaires. Évaluez si vous pouvez gérer les contraintes physiques du travail de couture et si vous êtes à l'aise avec la gestion de la clientèle. Réfléchissez à l'espace que vous devrez consacrer à votre entreprise, à la localisation de votre maison pour accueillir des clients, et assurez-vous que le revenu potentiel répond à vos besoins financiers. Comparez les tarifs des services de couture pour rester compétitif, et ajustez vos prix en fonction de votre vitesse de travail. N'oubliez pas les coûts d'équipement, y compris l'achat d'une machine à coudre de qualité et d'une machine de secours. Un bon équipement est essentiel pour le succès de votre entreprise.",1.615110158920288
041_26454,"Un manque d'amour pour soi-même peut entraîner de mauvaises décisions et un manque d'estime de soi, menant à un sabotage conscient ou inconscient. Cela empêche l'expression des besoins fondamentaux et peut créer une dépendance à la validation externe. Des expériences d'enfance négatives affectent la perception de soi à l'âge adulte. Pour améliorer l'estime de soi des enfants, il est conseillé d'écouter activement, d'enseigner des méthodes non agressives de gestion de la confiance, d'offrir chaleur et affection sans jugement, et d'apprendre à gérer la négativité externe.",1.0920722484588623
041_28118,"Généralement, l’entreprise prend en charge les frais du repas, et il est important de remercier le recruteur pour ce geste. À la fin de l’entretien, n'oubliez pas de le remercier pour le temps accordé. Il est conseillé de renouveler vos remerciements par email environ deux jours après l’entretien, ce qui montre votre intérêt pour le poste. Dans votre message, vous pouvez demander des informations sur les prochaines étapes du recrutement, montrant ainsi votre motivation. Un exemple de message pourrait être : « Monsieur (ou) Madame, suite à notre entretien, je me permets de vous remercier pour le temps que vous m’avez consacré. Par ailleurs, je souhaiterais connaître les étapes suivantes de la procédure de recrutement et le délai approximatif de réponse. Dans l’attente de votre retour ».",1.866950273513794
041_23949,"Les clients croient souvent que les petites entreprises offrent un meilleur service. Il est important d'être présent et impliqué dans la gestion quotidienne. Les clients aiment connaître le propriétaire et la spécialisation du personnel. Créez une ambiance accueillante et confortable, semblable à celle d'une maison. Rappelez-vous les noms et les préférences de vos clients pour renforcer la relation. Faites des suivis après service et sollicitez des avis pour améliorer votre offre. Soyez fiable et respectez vos promesses pour fidéliser votre clientèle. Pensez à offrir de petits cadeaux en signe de reconnaissance et à adapter vos politiques si nécessaire pour garder vos clients fidèles.",1.2039158344268799
041_11626,"Si vous voyez un objet bloquant les voies respiratoires de votre chien et que le vétérinaire vous conseille de l'enlever, faites-le délicatement si le chien est calme. Évitez de pousser l'objet plus loin si vous ne le voyez pas. En cas d'agitation du chien, cela peut être dangereux. Allez directement aux urgences vétérinaires. Pour aider, inclinez le chien tête en bas pour que la gravité aide à faire tomber l'objet. Pour les petits chiens, tenez les pattes arrière et inclinez-le, tandis que pour les grands chiens, maintenez les pattes avant au sol et soulevez les pattes arrière. Si l'objet ne tombe pas, donnez des claques vigoureuses dans le dos, mais soyez prudent avec les petits chiens pour éviter les blessures. Cette méthode doit être envisagée seulement si d'autres solutions échouent et si vous êtes sûr que l'objet bloque la respiration. Tenez le chien fermement, mais pas trop, et idéalement avec l'aide d'une autre personne. Utilisez votre poing ou deux doigts pour réaliser des compressions abdominales, en veillant à ne pas blesser le chien.",2.5372514724731445
041_61699,"Pour de meilleurs résultats, choisissez un après-shampoing démêlant et utilisez un peigne à dents larges pour éliminer les nœuds, en commençant par les pointes. Cette méthode est efficace sur les cheveux crépus ou frisés, mais pas sur les cheveux tressés ou défrisés. Pour accentuer les boucles, utilisez une brosse Denman et démêlez avant de rincer l'après-shampoing. Appliquez un gel pour cheveux bouclés sur des mèches de 1 à 2 cm, en vous concentrant sur les pointes. Démêlez aussi une mèche à l'arrière de la tête, en tirant pour lisser les boucles. Vaporisez de l'eau pour garder les cheveux humides et accélérer le séchage. Le temps sous le casque dépend de l'épaisseur des cheveux. Faites la raie avant de sécher et envisagez d'utiliser un sèche-cheveux avec diffuseur. Ne lavez pas vos cheveux plus d'une fois par semaine, sinon les boucles perdront leur définition, et vous devrez répéter le processus pour les redéfinir.",2.1855809688568115
041_50884,"C'est l'option en haut à gauche de la barre d'outils de votre navigateur. C’est tout en bas du menu déroulant. C'est tout à droite en haut de la nouvelle page. Cela ressemble un peu à un engrenage. C'est le bouton sur la partie inférieure droite de l'écran. Cela permettra de vérifier si Firefox est votre navigateur par défaut. Si Firefox n'est pas votre navigateur par défaut, il vous sera demandé si vous voulez changer le navigateur par défaut de Firefox. Après cette étape, vous aurez terminé.",1.0977423191070557
041_33151,"Une communication ouverte est essentielle dans une relation. Écoutez votre partenaire et soyez attentif à ses inquiétudes. Travaillez sur les problèmes ensemble et posez des questions sur l'amélioration de la relation. Si votre partenaire est agressif, expliquez-lui que cela vous blesse. Prenez du recul si les conflits deviennent trop fréquents et concentrez-vous sur vous-même. Soyez conscient des changements chez votre conjoint et partagez des moments positifs. Faites des compromis et privilégiez le dialogue. Détachez-vous des détails sans importance et choisissez vos batailles. Prenez soin de votre apparence et restez en bonne forme. Évitez de communiquer lorsque vous êtes en colère et choisissez des moments propices pour discuter. Passez du temps séparément et réservez des activités à faire ensemble. Évitez les situations qui pourraient mener à l'infidélité et rappelez-vous que votre conjoint est votre famille.",1.5401508808135986
041_9501,"La cryothérapie consiste à détruire une verrue en la gelant avec de l'azote liquide, provoquant une ampoule qui tombera après quelques jours. Plusieurs sessions peuvent être nécessaires, et une anesthésie locale est souvent faite pour atténuer la douleur, surtout chez les jeunes enfants. Il est important de ne pas appliquer de l'azote liquide à la maison et de suivre les conseils d'un médecin. D'autres traitements incluent des médicaments à base d'aspirine et la cantharidine, qui peut provoquer des cloques. Les thérapies au laser, bien que coûteuses et parfois douloureuses, sont également une option pour détruire les verrues. Si ces méthodes échouent, une ablation chirurgicale peut être envisagée, bien qu'elle laisse des cicatrices et puisse entraîner la récidive des verrues.",1.8633451461791992
041_47915,"Mettez le minuteur quand l'eau bout. Faites bouillir le café pendant deux minutes sans couvrir, puis retirez la casserole du feu. Le marc de café descendra au fond de la casserole.",0.6567766666412354
041_58886,"Pour peindre un article en bois, commencez par nettoyer la surface avec un détergent ménager pour éliminer les résidus. Remplissez les creux et les trous avec de la pâte à bois, puis attendez qu'elle sèche. Poncez la surface avec du papier de verre à grain fin pour la lisser, en effectuant des mouvements circulaires. Portez un masque pour éviter d'inhaler la poussière. Pour une finition très lisse, utilisez du papier de verre à grain moyen après le grain fin. Enfin, nettoyez la surface poncée avec un chiffon humide pour enlever la poussière avant d'appliquer la peinture.",1.1507699489593506
041_27189,"Enlevez le couvercle de la carafe et lavez-le à la main avec de l'eau chaude et du produit à vaisselle, sans immerger les éléments électroniques. Pour un couvercle chromé, utilisez un mélange de vinaigre et d'eau. Le filtre peut être rincé à l'eau tiède, mais il n'a pas besoin d'être nettoyé. Nettoyez le réservoir à l'eau tiède avec un chiffon doux et du produit à vaisselle, en veillant à bien laver l'intérieur et l'extérieur ainsi que l'emplacement du filtre.",1.0607984066009521
041_57858,"Les hernies discales se développent fréquemment dans le bas du dos et le cou, provoquant des douleurs dans les jambes ou les bras respectivement. Les symptômes incluent des douleurs dans les membres, un engourdissement, une sensation de faiblesse, et des douleurs accrues lors de certains mouvements. Un examen médical est nécessaire pour déterminer la source de la douleur, incluant des vérifications des réflexes, de la force musculaire, de la coordination et des capacités de mouvement. Des examens comme des radiographies, une myélographie, un scanner ou une IRM peuvent être demandés pour exclure d'autres causes et localiser les problèmes au niveau des disques. Des tests de conduction nerveuse et des électromyogrammes peuvent aussi être effectués pour évaluer les dommages nerveux.",1.7524569034576416
041_53092,"Normalement, vous êtes connecté(e) au réseau via AirPort (sans fil) ou par Ethernet (câble). Votre connexion affiche « Connecté » à côté et votre adresse IP se trouve sous le statut de connexion en petits caractères. La connexion active est toujours sélectionnée par défaut.",0.6937496662139893
041_39713,"Un budget est une feuille de route pour l'entreprise, fournissant un aperçu des dépenses et des recettes sur une période donnée. Un budget efficace comprend des estimations claires des revenus et un plan de dépenses qui ne dépasse pas ces revenus, permettant ainsi de réaliser des profits. Un budget équilibré a des recettes égales aux dépenses, tandis qu'un budget excédentaire a des recettes supérieures aux dépenses, et un déficit survient lorsque les dépenses dépassent les recettes. Un budget bien établi est crucial pour le succès de l'entreprise, car il permet de comparer les dépenses et les recettes. Il aide également à décider si des coûts doivent être réduits. Selon la Small Business Administration, un budget d'entreprise se compose de trois éléments principaux : le chiffre d'affaires, les coûts et les profits. Le chiffre d'affaires est le total généré par l'entreprise, les dépenses totales incluent les coûts fixes, variables et semi-variables, et le profit est la différence entre recettes et dépenses. Pour garantir un retour sur investissement raisonnable, les dépenses doivent être inférieures aux recettes.",2.176378011703491
041_56220,"Le sentiment ressenti en voyant un chat dans un rêve est plus important que les interprétations des dictionnaires de rêves. Il est essentiel de comprendre pourquoi le chat a provoqué ce sentiment, en tenant compte d'autres éléments du rêve. Si le chat a été un sauveur, cela pourrait indiquer une aide inattendue dans la vie réelle. La familiarité avec le chat peut symboliser la sécurité, tandis que la peur pourrait refléter des préoccupations ou des menaces. Les détails de l'environnement et le comportement du chat influencent l'interprétation. Les rêves expriment des émotions personnelles et ne sont pas universels. Les chats peuvent représenter différents aspects de soi et avoir des significations variées selon les expériences personnelles. La santé du chat dans le rêve peut aussi donner des indices sur l'intuition. Les chats symbolisent généralement l'indépendance, mais un chaton peut indiquer vulnérabilité. La façon dont vous avez interagi avec le chat dans le rêve est cruciale pour l'interprétation. Les croyances sur les chats ont évolué, et leur présence dans les rêves peut évoquer des thèmes de sensualité et de puissance. L'analyse des rêves doit être ouverte, prenant en compte les émotions ressenties. Les événements récurrents dans les rêves peuvent aussi avoir des significations particulières.",2.4826951026916504
041_20058,"Les distributions de Linux sont disponibles en téléchargement gratuit sous forme d'images disques ISO, à graver sur un CD ou DVD pour installer ou tester le système. Un « CD/DVD live » permet d'amorcer le système directement à partir du média. Il faut modifier les paramètres du BIOS pour démarrer à partir du CD/DVD live. Une fois démarré, l'utilisateur peut explorer l'interface et décider d'installer le système. L'installation nécessite de choisir des options comme la langue, le clavier et le fuseau horaire. Linux doit être installé sur une partition séparée, généralement préparée automatiquement par des distributions comme Ubuntu. Si les partitions ne sont pas créées automatiquement, il faut en créer une au format « ext4 ». Après l'installation, l'utilisateur redémarrera l'ordinateur et pourra choisir entre Linux et d'autres systèmes installés. Certains matériels nécessitent des pilotes propriétaires, accessibles via les menus de configuration. Une fois l'installation terminée, l'utilisateur peut commencer à utiliser Linux avec plusieurs programmes préinstallés et la possibilité d'en télécharger d'autres.",1.7110040187835693
041_27842,"Réfléchissez à des souvenirs ou des mots concernant votre professeur et organisez vos idées pour rédiger une lettre de remerciement. Pensez à l'expérience de votre enfant en classe, votre relation avec le professeur, et les qualités que vous souhaitez mettre en avant. Utilisez du papier décoré ou vierge pour personnaliser la lettre. Commencez par une formule sérieuse et utilisez un langage simple. Remerciez le professeur pour ses efforts et ajoutez des exemples concrets. Terminez par une formule de politesse et envisagez d'inclure un dessin ou un petit cadeau, comme des fleurs ou une carte-cadeau.",1.2426605224609375
041_46749,"Pour commencer, il est essentiel de déterminer la direction de la force appliquée à un objet et l'orientation de son mouvement. Dans les cas où la force et la trajectoire de l'objet sont alignées, comme lorsqu'un wagon miniature est tiré par une locomotive, on peut calculer le travail effectué. La distance parcourue par l'objet doit être mesurée en mètres, et l'intensité de la force en newtons. La formule pour le travail est le produit de la force et de la distance, et un joule est défini comme le travail effectué par une force d'un newton sur une distance d'un mètre. Ce texte explique également comment calculer la force à partir de la masse et de l'accélération d'un objet.",1.278059482574463
041_2163,"Pour réussir une aventure d'une nuit, il est important de se présenter sous son meilleur jour en prenant soin de son apparence et en dégageant de la confiance. Il est essentiel de se rappeler le nom de son partenaire et d'interagir avec elle de manière respectueuse. Évitez de précipiter les choses et soyez attentif aux signes d'intérêt. Prenez le temps de bien connaître l'autre avant de parler d'intimité physique, en exprimant vos désirs de manière directe et honnête. Assurez-vous de la sécurité en utilisant des protections et en étant franc sur les infections sexuellement transmissibles. La communication ouverte sur les désirs et les limites est cruciale pour une expérience agréable et consensuelle. Enfin, respectez toujours le consentement de votre partenaire et n'imposez jamais vos désirs.",1.4515986442565918
041_21091,"Vous aurez besoin de la Méga Canne pour attraper Minidraco, que vous pouvez obtenir sur la Route 12. Minidraco ne peut être capturé qu'au Parc Safari, accessible depuis Parmanie. Vous avez 15 % de chance de le trouver en lançant votre ligne dans l'eau. Pour attraper Minidraco, vous devez appuyer sur le bouton A lorsque le Pokémon mord, sinon il s'enfuira. Vous avez également 1 % de chance de rencontrer Draco. Les options lors d'une rencontre sont de lancer un Appât, un Caillou, une Safari Ball ou de fuir. L'Appât réduit les chances de fuite mais diminue les chances de capture, tandis que le Caillou facilite la capture mais augmente le risque de fuite. Pour optimiser vos chances, utilisez un Caillou ou un Appât suivi de deux Cailloux. Si Minidraco s'enfuit, vous devrez recommencer à pêcher. Une fois attrapé, entraînez-le pour qu'il évolue en Dracolosse. Minidraco est utile dans diverses équipes grâce à sa vitesse et ses attaques de type Dragon. Consultez un guide sur la gestion des EV pour maximiser son potentiel.",2.0986931324005127
041_58422,"Gardez un carnet à portée de main pendant votre lecture pour y noter vos pensées et les éléments importants. Utilisez plusieurs feuilles pour prendre des notes sur vos impressions, les personnages, les événements, et les thèmes principaux. Évitez de marquer le livre pour ne pas l'endommager. Prenez des notes sur les personnages en décrivant leur personnalité et leurs objectifs, et créez une frise chronologique pour les événements majeurs. Organisez vos notes en trois parties : début, milieu et fin, en réfléchissant aux thèmes présents dans chaque section. Pendant votre lecture, identifiez la leçon que l'auteur cherche à transmettre et les thèmes récurrents.",1.1731576919555664
041_29645,"Les furoncles apparaissent généralement sur l'intérieur des cuisses, près de l'aine, sous les bras et sur les fesses, où se trouvent des follicules pileux. Ces zones humides favorisent le développement des bactéries responsables des furoncles. Il est important de garder ces zones sèches en les séchant après la douche et en portant des vêtements en tissus respirants comme le coton ou le lin. Les coupures peuvent également entraîner des furoncles, il est donc essentiel de les traiter avec des antiseptiques. L'application d'hamamélis de Virginie peut aider, tout comme l'utilisation de remèdes maison. Si les furoncles persistent malgré les traitements, il est conseillé de consulter un médecin ou un dermatologue, surtout en cas de troubles immunitaires.",1.3502867221832275
041_1516,"Votre slime a une durée de vie limitée, généralement d'une semaine ou moins. Vérifiez son état régulièrement et jetez-le dès l'apparition de moisissures, qui peuvent être blanches ou bleues. Si le slime change de couleur ou dégage une odeur étrange, il est également temps de le jeter. Évitez de le jeter dans l'évier pour ne pas obstruer les canalisations.",0.9910070896148682
041_58470,"Concentrez-vous sur votre partenaire sans stimulation personnelle ni contact avec vos parties intimes pour synchroniser l'excitation. Prenez votre temps et voyez le rapport comme une danse. Changer de position peut aider à recentrer votre attention. Gardez les positions conduisant à l'orgasme pour la fin. Ralentissez votre respiration proche de l'orgasme pour bloquer le réflexe. Distrayez-vous en pensant à autre chose. La méthode « stop & start » consiste à faire une pause de 30 secondes lorsque l'orgasme se rapproche. Pressez doucement la base du pénis lorsque vous vous retirez, puis attendez avant de reprendre. Ne pas forcer si cela est douloureux.",1.4886376857757568
041_52071,"Remplissez une casserole de 5 cm d'eau et faites-la bouillir à feu moyen. Utilisez un bol résistant à la chaleur qui s'ajuste parfaitement à la casserole, sans espace pour que la chaleur s'échappe. Mesurez votre chocolat, en utilisant des barres coupées en morceaux si nécessaire. Assurez-vous que le récipient de chocolat est sec pour éviter qu'il ne fige. Placez le bol de chocolat au-dessus de la casserole sans toucher l'eau, et attendez qu'il fonde en remuant de temps en temps avec une spatule sèche. Ajoutez le reste du chocolat si vous en utilisez une grande quantité. Une fois fondu, retirez du bain-marie et ajoutez les autres ingrédients selon la recette.",1.3914763927459717
