uid,generation,generation_time
038_14611,"Wenn du morgens spazieren gehen oder joggen möchtest, ist es wichtig, gut ausgestattet zu sein. Die richtigen Schuhe und Kleidung können deinen Komfort und deine Begeisterung steigern. Besuche ein Laufgeschäft, um gut sitzende Sneakers zu finden, wobei genügend Platz für die Zehen und ein sicherer Sitz im Mittelfuß und an der Ferse gewährleistet sein sollten. Wähle leichte, nicht aus Baumwolle bestehende Kleidung, um bequem zu bleiben, da Baumwolle Schweiß absorbiert. Plane genügend Zeit für deine Aktivität ein – 30 Minuten zum Gehen und 20 Minuten zum Laufen oder für eine Kombination aus Gehen und Laufen sind gute Ziele. Denke auch daran, im Voraus für Mahlzeiten, Ankleiden und Duschen zu planen, um ein Stressen danach zu vermeiden. Wenn du eine bestimmte Distanz gehen oder laufen möchtest, kannst du Online-Tools wie Gmaps Pedometer verwenden, um deine Route zu planen. Musik kann für einige die Motivation steigern, während andere die Stille zur Reflexion bevorzugen. Wenn du planst, früh aufzustehen, stelle sicher, dass du früher ins Bett gehst, um genügend Schlaf zu bekommen. Stelle deinen Wecker auf die gewünschte Aufwachzeit und mache dich bereit, deine Morgenaktivität zu genießen!",2.318777084350586
038_27313,"Um eine ansprechende interaktive Präsentation zu erstellen, nutze Geschichtenerzählen, um die Aufmerksamkeit deines Publikums zu fangen und Informationen besser zu vermitteln. Beginne damit, eine Verbindung zu dem herzustellen, was dein Publikum weiß, und fordere deren Annahmen heraus. Baue Spannung auf, indem du kontrastierende Ideen erkundest, und sorge für einen kraftvollen Abschluss, der zu weiterem Nachdenken anregt. Integriere Videos, um die Interaktion zu verbessern, Diskussionen anzuregen und die richtige Stimmung zu setzen. Verwende Requisiten, wie Fotos oder Modelle, um deine Punkte zu visualisieren und das Publikum einzubeziehen. Lade zur Teilnahme ein, indem du Freiwillige einbeziehst, und schaffe Gelegenheiten zur Bewegung und Interaktion, wie Gruppendiskussionen oder Fragen. Anerkenne die Beiträge des Publikums respektvoll und reserviere spezifische Zeiten für Interaktion, um das Engagement zu fördern.",1.6181612014770508
038_40070,"Der Tageslichtsensor ist die einfachste Möglichkeit, ein ""Nachtlicht"" zu erstellen, wobei ein Netherportal für die Zutaten benötigt wird. Du benötigst drei Netherquarz-Erze, die im Nether nach einigen Kämpfen zu finden sind. Um einen Tageslichtsensor herzustellen, verwende drei Glas oben, drei Netherquarz in der Mitte und drei Holzplatten unten. Dieser Sensor, der ein halbhohes Block mit einer beigen Oberfläche ist, wird aktiviert, wenn Sonnenlicht darauf trifft, wobei stärkere Signale bei hellerem Licht gesendet werden. Du kannst sein Verhalten ändern, indem du ihn mit undurchsichtigen Blöcken umgibst, um ihn zu einem Nachtsensor zu machen, der nur nachts funktioniert, oder indem du mit der rechten Maustaste darauf klickst, um einen umgekehrten Sensor zu erstellen, der in dunklen Bedingungen funktioniert. Verbinde den Sensor mit einer Redstone-Lampe über Redstone; die Lampe leuchtet je nach verwendetem Sensortyp. Redstone-Lampen können blinken, wenn der Sensor in einem offenen Bereich ist, und um die Zeit zu steuern, passe den Redstone-Pfad an oder verwende Redstone-Repeater. Repeater helfen, das Signal zu verstärken und müssen korrekt platziert werden, um optimale Leistung zu erzielen.",1.828627586364746
038_51456,"Du hast alle notwendigen Schritte zur Planung deines Buches abgeschlossen, und jetzt ist es Zeit, es zu schreiben. wikiHow bietet verschiedene Anleitungen zum Schreiben von Büchern an, darunter: Wie man ein Buch schreibt, Wie man eine Autobiografie schreibt, Wie man als Teenager ein Buch schreibt, Wie man ein Kinderbuch schreibt, Wie man eine glaubwürdige Fantasy-Geschichte schreibt, Wie man ein Buch selbst veröffentlicht, Wie man ein Ebook veröffentlicht, Wie man eine Kurzgeschichte schreibt, Wie man einen Roman schreibt, Wie man einen kurzen Roman schreibt, Wie man das Ende eines Romans schreibt, Wie man einen Roman plant, Wie man einen Rohentwurf schreibt, Wie man sich auf das Schreiben eines Buches vorbereitet, Wie man sein Lebensbuch schreibt.",1.6414148807525635
038_11908,"Meditation ist ein kraftvolles Werkzeug, um Energie zu fokussieren und Stress oder Angst zu beruhigen. Um zu meditieren, finde einen ruhigen Platz zum Sitzen, atme tief ein und reflektiere über deine Gefühle und Reaktionen. Das Aufschreiben deiner Gefühle kann helfen, sie zu klären und Stress abzubauen. Journaling für 20 Minuten täglich ist vorteilhaft; konzentriere dich darauf, dich frei auszudrücken, ohne dir um Grammatik Sorgen zu machen. Beschreibe Gefühle mit Farben oder Wetter und finde gesunde Auswege für negative Emotionen, wie Yoga oder angenehme Aktivitäten. Belohne positive Gefühle mit Leckereien oder Ausflügen, um positives Denken zu verstärken. Letztendlich ist es eine persönliche Wahl, wie du deine Gefühle ausdrückst, und das Visualisieren von Reaktionen kann helfen, Emotionen in verschiedenen Situationen zu sortieren.",1.700183391571045
038_3043,"Das Bohren eines Brunnens ist anfangs teurer als der Anschluss an eine öffentliche Wasserversorgung und birgt Risiken wie unzureichendes Wasser oder Qualität. Allerdings machen lange Wartezeiten auf Anschlüsse an die öffentliche Versorgung das Brunnenbohren zu einer praktikablen Alternative, wenn Grundwasser verfügbar ist. Um einen Brunnen zu bohren, muss man die spezifischen Grundstücksdetails kennen, um auf geologische Aufzeichnungen zuzugreifen, die die Tiefen früherer Brunnen und die Verfügbarkeit von Wasser angeben. Geologische und topografische Karten können helfen, die Standorte von Aquiferen und die Tiefen des Grundwasserspiegels zu bestimmen. Ältere Brunnen haben möglicherweise keine Dokumentation, aber lokales Wissen kann helfen. Es ist wichtig, sich mit professionellen Hydrologen oder lokalen Bohrunternehmen zu beraten und die erforderlichen Genehmigungen zu verstehen, bevor man mit dem Bohren fortfährt.",1.5987365245819092
038_52455,"Legen Sie die Kleidung auf eine sichere Fläche zum Bügeln, wie ein Bügelbrett oder einen harten Tisch, und verwenden Sie ein Handtuch im Inneren der Kleidung, um die andere Seite vor der Hitze zu schützen. Weichen Sie ein Tuch in kaltem Wasser ein, wringen Sie es aus und legen Sie es über den Druck, den Sie entfernen möchten. Drücken Sie ein heißes Bügeleisen gegen das nasse Tuch und üben Sie sanften Druck aus, während Sie auf das Geräusch des verdampfenden Wassers hören. Sobald das Tuch trocken ist, kratzen Sie den Druck mit einem Messer ab, wobei Sie darauf achten, immer von sich weg zu kratzen. Wiederholen Sie den Vorgang für verbleibende Druckstellen, befeuchten Sie das Tuch bei Bedarf erneut und verwenden Sie das Bügeleisen, um den Druck zu lösen, bevor Sie ihn abziehen.",1.5600931644439697
038_4883,"Schlage die Zutaten in einer Schüssel mit einem Stand- oder Handmixer, bis sie leicht, fluffig und formbar sind. Füge Zucker, Salz, Eier, saure Sahne und Schlagsahne hinzu und schlage weiter, bis alles gut vermischt ist. Wenn du den Käsekuchen im Wasserbad backen möchtest, bringe einen kleinen Topf Wasser zum Kochen oder erhitze Wasser in der Mikrowelle. Stelle die Springform (mit wasserfester Alufolie bedeckt) in eine größere Auflaufform und gieße die Füllung über den Graham-Cracker-Boden. Verteile die Füllung gleichmäßig mit einem Spatel. Gieße heißes Wasser in die Auflaufform, sodass es bis zu einem oder zwei Zoll an der Seite der Springform reicht. Hebe die Auflaufform vorsichtig an und stelle sie in den Ofen. Backe den Kuchen für 1 1/2 Stunden. Wenn du das Wasser nach dem Platzieren der Form im Ofen gießen möchtest, ist das auch in Ordnung. Wenn du kein Wasser zum Backen verwendest, stelle die Springform einfach in den Ofen und überprüfe nach etwa 45 Minuten, ob der Kuchen fest ist.",1.9730758666992188
038_1919,"In Photoshop ist das Invertieren von Farben so einfach wie der Befehl Ctrl+I oder Cmd+I. Bevor Sie die Farbinvertierung genau dort erhalten, wo Sie sie möchten, gibt es jedoch einige Dinge zu überprüfen. Um das gesamte Bild zu invertieren, öffnen Sie das Bild in Photoshop und drücken Sie Ctrl+I oder Cmd+I. Um Farben in einer bestimmten Ebene Ihres Photoshop-Dokuments zu invertieren, wählen Sie diese Ebene aus und stellen Sie sicher, dass sie rasterisiert ist. Andernfalls klicken Sie mit der rechten Maustaste auf das Ebenenlabel und wählen Sie ""Ebene rasterisieren"". Sobald die Ebene rasterisiert ist, können Sie Ctrl+I drücken, um alle sichtbaren Farben in der Ebene zu invertieren. Dies kann nur auf eine Ebene gleichzeitig angewendet werden. Es funktioniert nicht, wenn Sie mehrere Ebenen ausgewählt haben. Führen Sie diesen Schritt aus, nachdem Sie die Ebene oder das Bild auf die gewünschte Größe geändert haben. Eine Vergrößerung eines Bildes nach dem Rasterisieren kann zu Pixelierung und einem Verlust der Auflösung führen. Wenn Sie bestimmte Teile einer Ebene invertieren möchten, wählen Sie die Ebene aus und verwenden Sie verschiedene Auswahlwerkzeuge in Photoshop, um den gewünschten Bereich auszuwählen. Wenn Sie mit dem Auswahlbereich zufrieden sind, drücken Sie Ctrl+I, um zu invertieren. Es ist auch möglich, verschiedene Bereiche nacheinander auszuwählen und zu invertieren. Wenn Sie jedoch versehentlich einen zuvor invertierten Bereich ein zweites Mal auswählen, wird dieser Bereich wieder in die Originalfarbe zurückgesetzt. Daher ist es besser, die komplette Auswahl auf einmal zu invertieren.",2.5281429290771484
038_29798,"Negativität kann verlockend sein, wenn man über Probleme spricht, aber sie führt zu mehr Negativität. Statt zu sagen: ""Schlechte Idee, das wird nie funktionieren"", sollte man seine Bedenken direkt äußern. Vermeide passive Aggression und sprich offen über Unzufriedenheit. Arbeitsplatzklatsch sollte vermieden werden; stattdessen freundlich sein und Positivität verbreiten. Verwende ""Ich""-Aussagen, um Schuldzuweisungen zu vermeiden, und höre zu, wenn Kollegen ihre Sorgen äußern. Empathische Aussagen können helfen, und wenn die Situation nicht besser wird, kann man HR oder den Vorgesetzten einbeziehen. Abusive Verhaltensweisen sind inakzeptabel und können rechtliche Konsequenzen haben. Wenn der Chef verletzend ist, sollte man respektvoll ansprechen, wie die Kommunikation verbessert werden kann. Klarheit, Ehrlichkeit und das Vermeiden passiv-aggressiver Verhaltensweisen sind entscheidend. Wenn man negativ war, sollte man sich bei Teammitgliedern entschuldigen und um Unterstützung bitten, um positiver zu sein.",1.7456588745117188
038_1392,"Die unsachgemäße Verwendung von Essstäbchen mag harmlos erscheinen, wird jedoch in Japan und anderen asiatischen Kulturen als schwerwiegender Verstoß angesehen. Bei japanischen Beerdigungen werden Essstäbchen senkrecht in Reis als Opfergabe platziert, und das Überkreuzen von Essstäbchen in Form eines ""X"" symbolisiert den Tod in der chinesischen Kultur. Solche Handlungen können Unglück bringen und die Stimmung der Mahlzeit ruinieren. Essstäbchen quer über einem Gericht zu platzieren signalisiert, dass man kein weiteres Essen möchte, und in Restaurants werden oft Halterungen für Essstäbchen bereitgestellt. Wenn keine verfügbar sind, sollten die Essstäbchen auf ihrer Hülle oder ordentlich am Rand des Gerichts platziert werden. Überkreuzte Essstäbchen auf einem Teller zu lassen, zeigt Missachtung der Bräuche und kann dazu führen, dass sie herunterrollen. Es ist auch wichtig, mit Essstäbchen nicht zu gestikulieren oder auf dem Tisch zu trommeln, da sie Werkzeuge und keine Spielzeuge sind. Beim Servieren von Essen sollten Servierstäbchen verwendet werden, um Kreuzkontamination zu vermeiden, und es ist unhöflich, nach den besten Stücken zu graben. Essstäbchen in Gemeinschaftsgerichte zu stecken, kann unsauber und respektlos sein, wenn andere nicht über die Regel informiert sind.",2.28701114654541
038_2947,"Viele Kristallgläser haben ein Geschirrspüler-Sicherheitssymbol, aber wenn nicht, erkundigen Sie sich beim Hersteller oder recherchieren Sie online. Riedel, ein Kristallhersteller, gibt an, dass ihre Gläser in Hotels verwendet und in professionellen Geschirrspülern gereinigt werden. Wenn Sie sich unsicher sind, waschen Sie sie von Hand. Achten Sie darauf, dass genug Platz für Ihre Kristallgegenstände im Geschirrspüler vorhanden ist, um Schäden zu vermeiden. Überladen Sie den Geschirrspüler nicht und sichern Sie langstielige Gläser. Lassen Sie das Kristall vor dem Waschen auf Raumtemperatur kommen, um Bruch zu vermeiden. Vermeiden Sie es, zusätzliches Reinigungsmittel hinzuzufügen, um einen trüben Film zu verhindern. Befolgen Sie die Empfehlungen für Ihren Geschirrspüler und das Reinigungsmittel, abhängig von der Wasserhärte. Starten Sie den Geschirrspüler und lassen Sie ihn seinen Zyklus ohne Unterbrechung laufen. Lassen Sie das Geschirr abkühlen, bevor Sie die Tür öffnen, und stellen Sie sicher, dass das Kristall vollständig trocknet. Tragen Sie Handschuhe oder verwenden Sie ein fusselfreies Tuch beim Herausnehmen, um Flecken zu vermeiden, und verwenden Sie das Tuch, um Wasserflecken zu entfernen.",2.7898294925689697
038_40295,"Klicke oder doppelklicke auf das Symbol der Safari-App, das wie ein blauer Kompass aussieht und sich im Dock deines Macs befindet. Dieses Menüelement befindet sich in der oberen linken Ecke des Bildschirms. Ein Klick darauf öffnet ein Dropdown-Menü. Du siehst diese Option gegen Ende des Dropdown-Menüs. Es ist im oberen mittleren Bereich des Fensters ""Einstellungen"". Es befindet sich oben auf der Suchseite. Klicke auf die Suchmaschine, die du mit Safari verwenden möchtest, um sie als Standard auszuwählen.",1.22123384475708
038_35790,"Dieser Button in der Seitenleiste öffnet die Wallpaper-Optionen und führt zu einer „Wählen“-Seite, auf der Apple-Hintergründe oder Fotos aus der Fotos-App ausgewählt werden können. Du kannst auch darauf zugreifen, indem du die Fotos-App startest und das „Teilen“-Menü verwendest. Du kannst mit Pinch-Gesten hinein- und herauszoomen. Die untere Leiste bietet Optionen zum Festlegen des Fotos als Hintergrundbild: „Sperrbildschirm festlegen“ für das gesperrte Gerät, „Startbildschirm festlegen“ für den entsperrten Startbildschirm und „Beide festlegen“ für beide Bildschirme. Die Option „Perspektivisches Zoomen ein/aus“ passt das Foto an den Bildschirm an. „Abbrechen“ bringt dich ohne das Festlegen des Hintergrunds an deinen vorherigen Standort zurück.",1.9174835681915283
038_53403,"Um ein Getränk ähnlich dem ursprünglichen Dr Pepper zuzubereiten, beginne damit, 0,25 c (59 mL) Wasser zum Kochen zu bringen und 0,5 c (113 g) Zucker hinzuzufügen, um einen einfachen Sirup zu erstellen, wobei du etwas für das Getränk beiseitelegst. Karamellisiere 0,25 c (57 g) Zucker, bis er dunkelbernsteinfarben ist, und hebe etwas für das Rezept auf. Mische Himbeeressig, Vanilleextrakt, Mandelextrakt, Lebensmittelqualität Zitronensäure, Lebensmittelqualität Phosphorsäure, karamellisierten Zucker und einfachen Sirup nach dem Abkühlen. Kombiniere vorsichtig mit Wasser, um zu vermeiden, dass die Kohlensäure verloren geht. Verwende kaltes Sprudelwasser oder kühle das Getränk vor dem Servieren. Dieses Rezept spiegelt die ursprüngliche Formel von 1912 wider, die kein Koffein enthielt und sich von modernem Dr Pepper unterscheidet.",1.7863409519195557
038_42215,"Sobald der Krankenwagen eintrifft, wird der Notfallsanitäter den Zustand der Person beurteilen. Eine Person mit leichter bis moderater Hypothermie und ohne andere Verletzungen benötigt möglicherweise keine Krankenhausaufnahme und kann zu Hause mit schrittweiser Erwärmung behandelt werden. Jemand mit schwerer Hypothermie hingegen muss im Krankenhaus beobachtet werden. Wenn die Person bewusstlos oder nicht ansprechbar ist, wird der Notfallsanitäter wahrscheinlich CPR durchführen. Sprechen Sie im Krankenhaus mit dem Arzt über Behandlungsmöglichkeiten, insbesondere bei schweren Fällen. Die kardiopulmonale Bypassoperation, auch bekannt als ECMO, beinhaltet das Erwärmen von Blut, das aus dem Körper entnommen und dann zurückgeführt wird, und ist nur in großen Krankenhäusern mit spezialisierten Notdiensten verfügbar. Patienten mit schwerer Hypothermie haben bessere Überlebenschancen, wenn sie direkt in diese Einrichtungen gebracht werden, selbst wenn kleinere Krankenhäuser umgangen werden. Alternativen zum Bypass sind erwärmte IV-Flüssigkeiten, Brustrohre mit warmer Spülung und/oder erwärmte Hämodialyse.",2.105515956878662
038_25233,"Wähle ein ärmelloses Kompressionsoberteil mit einem niedrigen Ausschnitt, das unter einem Hemd oder Schwimmshirt nicht auffällt. Du kannst Kompressionsbekleidung für Gynäkomastie online und in Sanitätsgeschäften finden. Wenn du Schwierigkeiten hast, ein entsprechendes Kleidungsstück zu finden, wähle ein chirurgisches Kompressionsoberteil, das nach Brustoperationen getragen wird, um die Wundstellen zu heilen. Wenn du schwimmen möchtest, überprüfe das Etikett deines Produkts, um sicherzustellen, dass es nass werden kann. Die meisten Kompressionskleidungsstücke können im Salzwasser getragen werden, aber Chlor kann elastische Stoffe schädigen, also trage kein Kompressionsoberteil in einem chlorhaltigen Pool. Männer-Shapewear und sportliche Funktionskleidung können ebenfalls hilfreich sein, auch wenn sie nicht speziell für Gynäkomastie entworfen sind. Einige Funktionswesten haben Kühlstreifen, die das Tragen von Schichten angenehmer machen können. Du findest Shapewear und Funktionsbekleidung online, in Sportgeschäften oder im Herrenbekleidungsbereich der meisten großen Kaufhäuser. Wie Kompressionskleidung sind Shapewear und Funktionsbekleidung in der Regel aus Materialien gefertigt, die nicht mit chloriertem Wasser in Berührung kommen sollten. Ein Rashguard ist ein eng anliegendes Oberteil, das von Surfern und anderen Wassersportlern getragen wird, während ein Schwimmshirt eine weniger eng sitzende Version ist. Sie sind im Trend, sodass du dich weniger fehl am Platz fühlst, wenn du eines trägst. Viele Modemarken stellen Schwimmshirts her, und Rashguards sind in jedem Geschäft erhältlich, das Sportbekleidung verkauft. Du kannst auch beide Kleidungsstücke online finden. Wenn ein Schwimmshirt allein deine Brust nicht verdeckt, könntest du es über einem Kompressions- oder Funktionsoberteil tragen. Denk daran, dass ein Kleidungsstück mit Kühlstreifen helfen kann, dich nicht zu überhitzen. Du könntest versuchen, ein Kompressionsoberteil unter einem Hemd zu tragen, aber dann kannst du nicht ins Wasser gehen. Für einen Strandlook wähle ein Hemd mit vertikalen Streifen, Karomuster oder tropischen Drucken. Vermeide Weiß und wähle Farben, die nicht stark mit deiner Badehose kontrastieren. Weiß kann deinen Oberkörper breiter erscheinen lassen, und ein starker Kontrast zwischen Hemd und Badehose lenkt die Aufmerksamkeit auf deinen Oberkörper. Vertikale Streifen und Muster sind schlank machend und können den Blick von der Körperform ablenken. Ein Hemd bietet mehr Struktur als ein T-Shirt, sodass es weniger wahrscheinlich an deiner Brust klebt. Wenn dich jemand fragt, könntest du sagen, dass du ein Hemd trägst, um deine Haut vor der Sonne zu schützen.",4.760604619979858
038_56967,"Die Diffusion ist ein spontaner und zufälliger Prozess, bei dem keine zusätzliche Wärme hinzugefügt werden sollte, da dies ihn nicht mehr spontan macht. Das Erhitzen von ätherischen Ölen kann deren Wirksamkeit verringern und chemische Reaktionen hervorrufen, die zu allergischen Reaktionen führen können. Ätherische Öle sind brennbar, was das Erhitzen riskant macht. Die einfachste Möglichkeit, ätherisches Öl zu diffundieren, besteht darin, die Flasche zu öffnen und die Luft in Ihre Richtung zu waften. Alternativ können Sie aus einer Schüssel mit dem Öl schnüffeln oder einen Wattebausch darin eintauchen, um es zu diffundieren. Für eine schnellere Diffusion fügen Sie ein paar Tropfen Öl in warmes Wasser hinzu, wobei Sie darauf achten sollten, dass es nicht wärmer als Körpertemperatur ist. Ätherische Öle können auch direkt auf die Haut aufgetragen oder zum Fächern verwendet werden, um die Diffusion zu erhöhen. Platzieren Sie ätherische Öle in der Nähe eines Ventilators oder eines Heizregisters, aber vermeiden Sie es, sie zu überhitzen.",1.9342303276062012
038_23274,"Die meisten Hunde sind nicht aggressiv, sondern neugierig oder verteidigen ihr Territorium. Es ist wichtig, zwischen verspieltem Verhalten und echter Aggression zu unterscheiden. Jeder mittelgroße oder große Hund kann gefährlich sein, also achte auf Warnsignale. Offensichtliche Anzeichen von Aggression sind Knurren, Schnappen und Zähnezeigen, während eine entspannte Körperhaltung auf Nicht-Aggression hinweist. Vermeide es, Hunde zu provozieren, insbesondere wenn sie fressen oder sich um Welpen kümmern. Hunde, die lange Zeit eingesperrt sind, können aggressiver sein. Der beste Ansatz ist, gefährliche Situationen zu vermeiden und verdächtige Hunde zu melden. Bringe Kindern bei, sich von unbekannten Hunden fernzuhalten, bis sie sicher sind, dass es sicher ist.",1.5583868026733398
038_42685,"Das Tragen eines Unterhemds kann helfen, sichtbare Flecken auf einem Hemd zu verhindern, indem es diese auffängt. Das Verwenden von Schweißschutzpads oder Unterarmpolstern kann Schweiß absorbieren und verhindern, dass er auf die Kleidung gelangt. Einweg-Pads sollten im Unterarmbereich befestigt werden, während wiederverwendbare verschiedene Befestigungsmethoden haben. Das tägliche Waschen der Hemden verhindert, dass Flecken sich festsetzen, und wenn das nicht möglich ist, kann das Ausspülen und Auftragen von Waschmittel helfen. Baumwolle zeigt Schweißflecken stärker als andere Stoffe, während Mikrofasermaterialien sie besser abweisen können.",1.4366061687469482
038_42148,"Um Ihr Guthaben online für eine Visa-Geschenkkarte zu überprüfen, gehen Sie zur Website https://mygift.giftcardmall.com/. Scrollen Sie nach unten, um die Registerkarte ""Guthaben/Transaktionen überprüfen"" zu finden, und klicken Sie darauf. Geben Sie Ihre Kartennummer und das Ablaufdatum ein, die auf der Karte stehen. Sie benötigen auch den 3-stelligen Code auf der Rückseite der Karte. Nachdem Sie alle Informationen eingegeben haben, klicken Sie auf ""Guthaben überprüfen"", um Ihr Guthaben und die letzten Transaktionen anzuzeigen. Wenn ein Fehler auftritt, überprüfen Sie die Zahlen oder rufen Sie die gebührenfreie Nummer auf der Rückseite Ihrer Karte zur Unterstützung an.",1.385310173034668
038_3956,"Wenn Hibernation möglich ist, beobachte deinen Hamster mehrere Minuten lang, um nach Atemzeichen zu suchen, da seine Atmung auf einen Atemzug alle zwei Minuten sinken kann. Achte darauf, länger als zwei Minuten zu beobachten, um keinen Atemzug zu verpassen. Wenn du keine Atmung siehst, überprüfe den Herzschlag, der bis zu vier Schläge pro Minute betragen kann. Um einen Herzschlag zu finden, drücke sanft mit deinen Fingern auf die Seiten des Hamsterbrustkorbs. Wenn der Hamster kalt ist, könnte er trotzdem in der Hibernation sein, da seine Temperatur als Reaktion auf die Kälte sinkt. Wenn der Hamster jedoch steif und hart ist, könnte er Rigor mortis haben, was auf den Tod hinweist.",1.4315810203552246
038_30255,"Neutralgrau ist am einfachsten zu erstellen, wenn man mit Zuckerguss arbeitet, aber man kann auch komplementäres und primäres Grau herstellen. Es ist am besten, bei neutralem Grau zu bleiben, wenn man einen reinen Farbton möchte, aber man kann die anderen beiden Typen in Betracht ziehen, wenn man ein getöntes Grau bevorzugt. Da handelsübliche Flüssiglebensmittelfarben in Rot, Gelb, Grün und Blau erhältlich sind, muss man primäres (Rot, Gelb, Blau) Grau oder komplementäres (Rot und Grün) Grau herstellen, wenn man Standard-Flüssiglebensmittelfarben verwenden möchte. Wenn man jedoch spezielle Gel- oder Pastenlebensmittelfarben kauft, kann man jeden der drei Typen erstellen, da diese Lebensmittelfarben eine größere Farbvielfalt bieten.",1.9227831363677979
038_40949,"Um Holz zu identifizieren, untersuche ein Endstück auf Ringe oder Maserung; wenn beides fehlt, könnte es Sperrholz sein. Wetterholz erscheint oft blau oder grau. Behandeltes Holz kann anderen Typen ähneln und zeigt möglicherweise ungleichmäßige Farben oder Lack. Für eine genaue Identifikation ist die Mikroskopie hilfreich. Häufige Hölzer sind hellbraun mit dunklen Linien (wahrscheinlich Ahorn), rötliches Holz mit dunklerer Maserung (wahrscheinlich Kirsche) und dunklere Hölzer mit größeren Strahlen (oft Walnuss). Blonde Hölzer können in verschiedenen Möbeln verwendet werden, wobei Pappel ein hellfarbiges, leicht behandelbares Hartholz ist, das oft mit Kirsche oder Walnuss verwechselt wird. Kiefer kann ebenfalls blond sein, hat jedoch eine markante Maserung und ist leichter als Ahorn.",1.5479445457458496
038_33189,"Um Tränen beim Schneiden von Zwiebeln zu reduzieren, benutze ein scharfes Messer, um die Enzymfreisetzung zu minimieren, die auftritt, wenn Zellen zerdrückt werden. Halte Zwiebeln etwa 20 Minuten im Kühlschrank, aber vermeide es, sie neben Äpfeln oder Kartoffeln zu lagern. Pfeifen während des Schneidens kann ebenfalls helfen, den Zwiebelnebel von deinen Augen fernzuhalten. Kauen, besonders auf Brot oder Kaugummi, kann helfen, Tränen zu verhindern, indem es das Atmen durch den Mund fördert und Speichel produziert, der die Zwiebel-Dämpfe absorbiert. Kauge langsam und beginne vor dem Schneiden, um die Wirksamkeit zu maximieren.",1.4895501136779785
038_3039,"Auch mit natürlichem Talent ist es vorteilhaft, das College für Kunstkurse zu besuchen oder Kunst zu studieren, insbesondere für angehende Illustratoren. Von Fachleuten zu lernen und Kritiken zu erhalten, hilft, künstlerische Fähigkeiten zu entwickeln. Es ist wichtig, verschiedene Kurse in unterschiedlichen Medien zu belegen, bevor man sich spezialisiert. Konstruktives Feedback ist entscheidend für die Verbesserung, und wenn das College nicht möglich ist, können Alternativen wie Kurse an der Volkshochschule, Praktika oder Online-Ressourcen eine Ausbildung bieten. Vertrautheit mit Grafikdesign-Software wie Adobe Photoshop, InDesign, Illustrator und Corel Painter ist unerlässlich, da viele Illustratoren digitale Werkzeuge nutzen. Während traditionelle Medien weiterhin Wert haben, verbessert eine Vielzahl von Fähigkeiten die Kommunikation künstlerischer Ideen. Je nach persönlichen Interessen wird das bevorzugte Zeichnen von Motiven den Karriereweg in der Illustration bestimmen.",2.0901987552642822
038_2143,"Wenn Ihr Computer nach einem erzwungenen Herunterfahren einfriert, starten Sie ihn neu und halten Sie ⇧ Shift gedrückt, um in den sicheren Modus zu gelangen, der versucht, Festplattenprobleme zu beheben, aber die Anwendungsfunktionalität einschränkt. Um Startprogramme zu verwalten, gehen Sie zum Apple-Menü, wählen Sie ""Benutzer & Gruppen"", wählen Sie Ihr Konto aus und entfernen Sie problematische Anmeldeobjekte. Wenn ein bestimmtes Programm Ihren Mac zum Einfrieren bringt, deinstallieren Sie es über den Finder. Bei Festplattenproblemen, die nicht mit einem bestimmten Programm verbunden sind, starten Sie neu und verwenden Sie das Festplattendienstprogramm, um Ihre Festplatte zu reparieren. Wenn die Probleme weiterhin bestehen, setzen Sie den System Management Controller (SMC) zurück, indem Sie je nach Laptop-Modell spezifische Schritte ausführen, ob er über einen herausnehmbaren Akku verfügt oder nicht, oder bei Desktop-Computern, indem Sie das Netzkabel abziehen.",2.059880256652832
038_40671,"Ein einleveliger Umriss besteht aus Hauptüberschriften, die mit römischen Zahlen gekennzeichnet sind, und enthält keine Unterüberschriften. Obwohl er aufgrund des Mangels an Details normalerweise nicht für Forschungspapiere verwendet wird, kann er eine allgemeine Richtung geben. Ein zweileveliger Umriss umfasst Hauptüberschriften und eine Ebene von Unterüberschriften, die die primären unterstützenden Argumente diskutieren. Ein dreileveliger Umriss ist komplexer und verwendet römische Zahlen, Großbuchstaben und Standardzahlen, wobei jede Unterüberschrift der dritten Ebene das Thema eines Absatzes behandelt, der mit der zweiten Ebene verbunden ist. Die Unterüberschriften der vierten Ebene enthalten unterstützende Aussagen, Zitationen oder Ideen innerhalb jedes Absatzes, die in den Abschnitten der dritten Ebene aufgeführt sind.",2.058457612991333
038_9654,"Trenne den Hauptteil deines Textes und das Zitat mit einer Leerzeile, um ein Zitat aus dem Stück anzuzeigen. Anführungszeichen sind für den Dialog mehrerer Sprecher nicht erforderlich. Verwende stattdessen einen Leerraum als Marker. Schreibe die Namen der Sprecher in Großbuchstaben, gefolgt von einem Punkt. Wenn der Dialog mehr als eine Zeile umfasst, ziehe jede Zeile um ¼ Zoll vom linken Rand ein, während der Versdialog um 1 ¼ Zoll eingezogen werden sollte. Füge die Regieanweisungen innerhalb des Zitats in Klammern ein und repliziere die Interpunktion, wie sie im Stück angegeben ist.",1.2933032512664795
038_57601,"Abszesse unter der Haut sind bei Meerschweinchen sehr häufig. Sie sind der Versuch des Körpers, eine Infektion abzuschotten und ihre Ausbreitung zu verhindern. Abszesse können nach einem Biss eines anderen Meerschweinchens oder durch etwas Raues und Scharfes (z.B. Stroh) entstehen, das die Haut durchdringt. Sie können überall am Körper eines Meerschweinchens auftreten, am häufigsten jedoch im Kopf- und Nackenbereich. Ein Abszess im Nacken könnte eine Schwellung des Lymphknotens in diesem Bereich sein. Lymphknoten sind kleine Drüsen, die dem Körper helfen, Infektionen zu bekämpfen. Ein Abszess kann fest oder weich sein. Abszesse können auch im Mund oder Kiefer eines Meerschweinchens auftreten und dort schnell groß werden. Wenn Sie Ihr Meerschweinchen halten, öffnen Sie sanft seinen Mund, um den Abszess zu sehen. Ist der Abszess im Kiefer, sehen Sie eine große Beule entlang des Kieferknochens. Meerschweinchen können verschiedene Arten von Zysten bekommen, wobei die häufigste eine seborrhoische Zyste ist. Seborrhoische Zysten enthalten Öl von den Hautdrüsen, die Öl produzieren. Sie befinden sich typischerweise am Rücken und in der Nähe des Hinterteils eines Meerschweinchens, können aber auch an anderen Stellen auftreten. Zysten werden problematisch, wenn sie groß werden. Tumore können ebenfalls Beulen bilden. Eine Beule am Schwanz könnte auf einen Hauttumor namens Trichofolliculoma hinweisen. Eine Beule auf der Brust könnte auf eine andere Art von Krebs namens Lymphosarkom hinweisen. Ein weibliches Meerschweinchen kann einen Brusttumor entwickeln, was als Beule am Bauch sichtbar wäre. Lipome sind Tumore, die aus Fettzellen bestehen. Es gibt keine spezifischen Stellen, an denen Sie nach einem Lipom suchen würden. Ihr Meerschweinchen kann mehrere Lipome gleichzeitig haben. Manchmal kann eine Beule dazu führen, dass ein Meerschweinchen so schlecht fühlt, dass es nicht essen möchte. Wenn Ihr Meerschweinchen nicht frisst und keine Leckerlis möchte, überprüfen Sie seinen Mund auf einen Abszess. Selbst wenn Ihr Meerschweinchen fressen möchte, könnte die Größe des Abszesses im Mund oder Kiefer das Kauen erschweren. Manchmal hört ein Meerschweinchen kurz vor dem Platzen eines Abszesses auf zu essen (ein Abszess kann manchmal von selbst platzen). Wenn Sie Ihr Meerschweinchen halten, nehmen Sie einen schnellen Geruch von seinem Atem. Wenn Ihr Meerschweinchen einen Mundabszess hat, wird sein Atem wahrscheinlich unangenehm riechen. Der unangenehme Geruch wäre auf die Infektion zurückzuführen. Neben dem schlechten Atem könnten Sie auch Sabbern bemerken. Ein Abszess kann sehr unangenehm für ein Meerschweinchen sein. Wenn Ihr Meerschweinchen beim Anheben aufschreit, sehr müde erscheint oder nicht mit Ihnen spielen möchte, könnte es einen Abszess haben. Sie könnten auch bemerken, dass Ihr Meerschweinchen den Bereich des Abszesses stark putzt.",5.340075969696045
038_47362,"Sobald der Player gestartet ist, siehst du oben im Fenster Menü-Tabs. Ein Klick auf eine Option öffnet ein Dropdown-Menü. Du kannst auch das Fenster ""Einstellungen"" öffnen, indem du gleichzeitig Strg + P drückst. Diese Option ist normalerweise die erste, die gefunden wird, aber du kannst sie bei Bedarf suchen. Im Fenster ""Einstellungen"", das sich unter dem Abschnitt ""Sprache"" befindet, gibt es zwei Optionsfelder: ""Native Stil verwenden"" setzt das Skin des Players auf die Standardeinstellung, während ""Benutzerdefiniertes Skin verwenden"" es dir ermöglicht, jedes benutzerdefinierte Skin zu verwenden, das du aus dem Internet heruntergeladen hast. Das Aktivieren der Option für das benutzerdefinierte Skin ändert den Abschnitt und ermöglicht es dir, ein benutzerdefiniertes Skin auszuwählen, was das Fenster ""Datei auswählen"" öffnet. Nachdem du die Skin-Datei gefunden und ausgewählt hast, klicke auf ""Öffnen"", um zum Fenster ""Einstellungen"" zurückzukehren.",1.7330350875854492
038_19751,"Bevor du ein Stück schreibst, entscheide über seine Struktur. Einaktstücke, die ohne Pausen durchlaufen, sind ideal für Anfänger und können in der Länge variieren. Sie erfordern einfachere Bühnenbilder und Kostüme. Das Zweiactstück ist in der zeitgenössischen Theateraufführung verbreiteter und ermöglicht eine Pause, die dem Publikum eine Auszeit gibt und dem Team Zeit für Änderungen verschafft. Die Struktur beeinflusst das Geschichtenerzählen; der erste Akt sollte Spannung aufbauen, während der zweite Akt die Einsätze erhöht und zu einem Höhepunkt führt. Das Dreiactstück bietet mehr Komplexität, wobei jeder Akt einem bestimmten Erzählzweck dient, aber möglicherweise mehr Erfahrung erfordert, um effektiv umgesetzt zu werden. Beispiele für Stücke in jeder Struktur werden bereitgestellt.",1.4135394096374512
038_13019,"Erwarte, dass eine kleine Menge Essig, gemischt mit warmem Wasser, zum Reinigen ausreichend ist. Kombiniere 2 bis 3 Esslöffel weißen destillierten Essig mit 1 Gallone Wasser und passe die Menge je nach Größe deines Eimers an, um Überläufe zu vermeiden. Wähle einen versteckten Bereich, um die Lösung zu testen, befeuchte einen Schwamm und wische sanft in kreisenden Bewegungen. Spüle mit einem zweiten Schwamm und tupfe trocken. Verwende weiche Schwämme, um lackierte Wände nicht zu beschädigen, und sei vorsichtig mit farbigen Schwämmen, die Flecken hinterlassen könnten. Wenn der Testbereich weiterhin schmutzig bleibt, erhöhe das Verhältnis von Essig, beginnend mit ½ Tasse pro Gallone, und teste erneut. Bei extrem schmutzigen Wänden ziehe in Betracht, Backpulver hinzuzufügen, sei dir jedoch bewusst, dass es die Farbe beschädigen kann. Wenn nötig, musst du möglicherweise neu streichen, anstatt zu reinigen.",1.826897144317627
038_31246,"Schmutz und Staub können sich in den Ritzen von Sofas und Kissen ansammeln. Verwenden Sie eine Bürstendüse des Staubsaugers, um diese Bereiche zu reinigen, ohne das beschichtete Leder zu beschädigen. Es ist wichtig, ein seifenfreies Reinigungsmittel zu verwenden, um das Finish nicht zu trüben. Testen Sie die Reinigungslösung zuerst an einer unauffälligen Stelle, um auf Verfärbungen zu prüfen. Wenn es keine Markierungen gibt, reinigen Sie das Sofa mit kreisenden Bewegungen und befeuchten Sie das Tuch nach Bedarf erneut. Wischen Sie nach der Reinigung das Sofa mit einem feuchten Tuch ab, um Seifenreste zu entfernen. Verwenden Sie ein Mikrofasertuch, um das Möbelstück zu trocknen, und stellen Sie sicher, dass es nicht durchnässt wird. Vermeiden Sie die Verwendung von Haartrocknern oder Ventilatoren und tragen Sie nach der Reinigung eine Ledercreme auf, um die natürlichen Öle wiederherzustellen. Vermeiden Sie DIY-Lösungen mit Essig und behandeln Sie Flecken mit Vaseline oder Isopropylalkohol, indem Sie sie 15-20 Sekunden einreiben und anschließend trocken wischen. Reinigen Sie abschließend den Bereich mit einem feuchten Tuch und stellen Sie sicher, dass er vollständig trocken ist.",2.3660037517547607
038_11911,"Mische ungefähr 2 Teelöffel (10 ml) Isabgol mit 3 Teelöffeln (15 ml) frischem Joghurt und konsumiere es nach einer Mahlzeit, gefolgt von einem vollen Glas Wasser, um Ersticken zu verhindern. Diese Mischung sollte zweimal täglich eingenommen werden, um positive Ergebnisse zu erzielen. Isabgol hilft, lose Stühle zu festigen und liefert Probiotika, die bei Durchfall vorteilhaft sind. Bei Reizdarmsyndrom (IBS) oder chronischen Verdauungsproblemen mische Isabgol mit Wasser und konsumieren es täglich, bis sich die Symptome verbessern. Isabgol reinigt den Magen und unterstützt regelmäßige Stuhlgang. Vor dem Schlafengehen mische Isabgol mit warmem Wasser für einen leichteren Stuhlgang. Bei Sodbrennen nimm Isabgol mit kalter Milch nach den Mahlzeiten ein, um die Magensäure zu neutralisieren und die Auskleidung des Verdauungstrakts vor Reizungen zu schützen.",1.821441411972046
038_48680,"Monologe helfen dir, besser im Memorieren, Charakterstudium und Vorsprechen zu werden. Bei der Suche nach Monologen solltest du vorsichtig sein, da Casting-Direktoren nicht möchten, dass du denselben Monolog wie andere aufführst. Finde stattdessen einen, den du magst, aus einem der Stücke, die du gelesen hast. Analysiere deinen Monolog und zerlege die Beats, um deine Ziele zu kennen. Es ist wichtig, dass du weißt, wo du bist, mit wem du sprichst, wer du bist und was du brauchst. Um deine Fähigkeiten als Schauspieler zu verbessern, solltest du etwa vier Monologe haben, die du häufig übst und auswendig gelernt hast. Zwei sollten humorvoll und zwei dramatisch sein, jeweils einer zeitgenössisch und einer klassisch. Klassen und das Studium der Schauspielkunst sind großartig, um deine Fähigkeiten zu entwickeln, aber auch das Vorsprechen ist wertvoll. Auditions helfen dir, Entscheidungen schnell zu treffen und deine Fähigkeiten zu erkennen. Nimm an so vielen Auditions wie möglich teil und behandle jede Audition wie die Eröffnungsvorstellung. Nutze alles, um dich in den Charakter zu vertiefen und starke Entscheidungen zu treffen. Das Aufzeichnen deiner Aufführungen kann dir helfen, deine Eigenarten zu erkennen und Bereiche zu identifizieren, die du verbessern musst. Mit der verfügbaren Technologie ist es einfach, eigene Produktionen zu erstellen. Durch das eigene Schaffen entwickelst du deinen eigenen Stil und wirst ein besserer Schauspieler.",2.130101203918457
038_31170,"Es ist wichtig, Empathie zu zeigen, wenn jemand sich blamiert. Versetze dich in ihre Lage und denke darüber nach, wie du dich fühlen würdest. Teile eine ähnliche peinliche Erfahrung von dir oder jemandem, um die Situation zu normalisieren. Wenn sie beispielsweise einen wichtigen Basketballspielzug vermasselt hat, erinnere sie an eine ähnliche Situation, die dir widerfahren ist. Wenn sie bemerkt, dass du ihren peinlichen Moment gesehen hast, erkenne es an, wechsle aber schnell das Thema. Mach es so, als hättest du etwas Dringendes zu fragen, um die Aufmerksamkeit von ihrem Moment abzulenken. Verwende dabei eine aufgeregte Stimme, um es natürlich erscheinen zu lassen. Vermeide es, Witze über ihre Blamage zu machen, da Humor in diesen Fällen oft nicht angebracht ist. Wenn sie wirklich verlegen aussieht, zeige Verständnis und frage, ob alles in Ordnung ist.",1.5821905136108398
038_12192,"Stelle sicher, dass der Mörtel mindestens 7 Tage getrocknet ist, bevor du mit der Entfernung beginnst. Durchtränke die Wand mit Wasser, um die Entfernung zu erleichtern und die Ziegel zu schützen. Verwende einen Gartenschlauch oder Eimer, um den Ziegel vor dem Meißeln vollständig zu durchnässen. Halte den Meißel in einem Winkel von 20° bis 30° gegen die Wand, wo sich der Mörtel angesammelt hat. Klopfe leicht auf den Meißel, um den Mörtel zu brechen, beginnend von oben und nach unten arbeitend. Arbeite langsam und sorgfältig, um den meisten Mörtel zu entfernen, indem du größere Stücke in kleinere zerbrichst. Kalkmörtel ist mit dieser Methode leichter zu entfernen als Zementmörtel. Bewege den Meißel hin und her, um Mörtelstaub zu beseitigen, und schabe hartnäckige Reste ab. Vermeide es, zu lange an einer Stelle zu bleiben, um eine Verfärbung des Ziegels zu verhindern.",1.8300552368164062
038_49402,"Bewegung ist vorteilhaft für die allgemeine Gesundheit und Gewichtsreduktion. Sie verhindert eine Gewichtszunahme, minimiert altersbedingte Probleme, steigert die Energie und verbessert den Schlaf. Aufwärmen und Abkühlen vor und nach dem Training sind entscheidend, um den Körper vorzubereiten und Temperatur sowie Blutdruck zu stabilisieren. Ausreichende Flüssigkeitszufuhr ist wichtig, mit mindestens 64 Unzen Flüssigkeit täglich plus zusätzlichem Wasser bei Aktivität. Personen über 60 sollten an den meisten Tagen mindestens 30 Minuten moderate Bewegung anstreben, mit Optionen wie Gehen, Schwimmen und Krafttraining. Konsultieren Sie einen Arzt, bevor Sie mit einem Trainingsprogramm beginnen, insbesondere beim Krafttraining. Niedrig belastende Aktivitäten wie Yoga und Pilates können Kraft und Flexibilität verbessern. Hören Sie auf Ihren Körper, gönnen Sie sich Ruhe und stoppen Sie das Training, wenn Sie ernsthafte Symptome verspüren.",1.6283292770385742
038_56777,"Viele gefragte Fußmodels besitzen mehr als nur attraktive Füße; sie können durch ihre Füße während Foto- oder Videoaufnahmen Emotionen ausdrücken, um Produkte zu bewerben. Es ist wichtig, Fußposen zu üben und sich schnell an Anweisungen am Set anzupassen. Professionelle Fotografen sollten Fotos deiner Füße machen, die in einem Online-Portfolio, wie einer Website oder Instagram, organisiert werden können, um Modeljobs zu sichern. Füge eine ""Über mich""-Seite, eine Liste deiner Berufserfahrung und Fotos aus verschiedenen Winkeln und Lichtverhältnissen hinzu. Präsentiere deine Füße mit offenen Schuhen und erwäge, kurze Videos hinzuzufügen, um Bewegungen zu demonstrieren, insbesondere für Werbung. Models arbeiten mit Agenturen, die Jobs buchen, und Agenten erhalten Provisionen. Anfänger sollten exklusive Verträge vermeiden und einen Anwalt alle unterschriebenen Verträge überprüfen lassen. Um Fußmodellierung in Vollzeit zu verfolgen, sollte man in Gebieten mit hoher Nachfrage leben, wie New York City oder Los Angeles. Die Diversifizierung der Modeltypen kann helfen, eine regelmäßige Arbeit zu sichern, also stelle sicher, dass dein Portfolio eine Vielzahl von Fotos enthält.",2.3077311515808105
038_26486,"Für einen effektiven Spanischunterricht empfehlen Fachleute, von ""geschlossenen"" zu ""offenen"" Aktivitäten überzugehen, beginnend mit dem Vokabelunterricht und dann den Schülern zu erlauben, in Gruppen zu üben. Spiele und Rollenspiele, wie ""Wer ist Wer"", steigern das Engagement. Es ist wichtig, die Schüler mit der spanischen Kultur vertraut zu machen, einschließlich Essen, Feiertagen und Ausspracheunterschieden. Grundlegender Wortschatz sollte priorisiert werden, während fortgeschrittene Schüler lernen können, Spanisch in verschiedenen Kontexten zu verwenden. Der Einsatz von Reimen und Liedern kann beim Behalten des Wortschatzes helfen. Zu Beginn kann Englisch verwendet werden, um neue Konzepte zu erklären, aber die Schüler sollten ermutigt werden, häufig Spanisch zu sprechen. Schließlich sollten die Schüler nach einigen Jahren in der Lage sein, ausschließlich im Spanischunterricht zu kommunizieren.",1.7509586811065674
038_21391,"Wenn Sie glauben, dass Gott Sie beruft, Reverend zu werden, ist es entscheidend, zu beten und über diesen Ruf nachzudenken, um sicherzustellen, dass er echt ist und um das Engagement zu verstehen, das damit verbunden ist. Dieser Beruf geht darum, Gott und anderen zu dienen, nicht um Selbstverherrlichung. Berücksichtigen Sie das Feedback von anderen, insbesondere wenn Sie aktiv in der Kirche waren und ermutigt wurden, Ihr Potenzial im Ministry zu erkennen. Recherchieren Sie die Anforderungen Ihrer Denomination für die Ordination, die das Konsultieren Ihres Pastors umfassen kann, der Ihre Absichten bewerten und Sie möglicherweise an ein Kirchenvorstand oder -komitee weiterleiten wird. Wenn Sie genehmigt werden, müssen Sie Unterstützung von einem regionalen denominationalen Komitee suchen, das Sie interviewen und möglicherweise psychologische und Hintergrundüberprüfungen erfordert. Ehrlichkeit während dieser Bewertungen ist entscheidend, da jede Anzeichen von selbstsüchtigen Motiven oder mangelndem Verständnis für das Ministry zu einer Ablehnung führen kann. Wenn Sie genehmigt werden, werden Sie Seminarist und müssen über Ihren Fortschritt berichten, möglicherweise mit der Unterstützung eines Mentors oder einer Unterstützungsgruppe, die Ihnen während des Seminars helfen kann.",2.0224454402923584
038_19429,"Diese und jene sind Pluralpronomen, die in einem Satz andere Substantive ersetzen oder auf sie verweisen und den Lesern helfen, zu verstehen, was die Pronomen darstellen. Wenn das Substantiv singular ist, verwende dieses oder jenes; wenn es plural ist, verwende diese oder jene. Das amerikanische Englisch betrachtet kollektive Substantive als singular, daher sollte man dieses oder jenes mit ihnen verwenden, während das britische Englisch sie als plural betrachten kann, was die Verwendung von diesen oder jenen erlaubt. Beispiele veranschaulichen, wie man diese Pronomen korrekt mit sowohl singularen als auch pluralen Substantiven verwendet, wobei auch darauf geachtet wird, dass die Verben in der Zahl übereinstimmen.",1.4229834079742432
038_190,"Wenn du dein Puzzle intakt halten möchtest, kannst du speziellen Kleber verwenden, um die Teile dauerhaft zu verbinden, auch wenn dies den Wert, insbesondere bei antiken Puzzles, mindern kann. Messe vor dem Einrahmen die Abmessungen des Puzzles genau. Bastelgeschäfte bieten möglicherweise Rahmen an, die du zusammenstellen kannst, um zu deinem Puzzle zu passen. Verwende stabiles Rückmaterial wie Schaumstoffplatte oder Pappe, um das Puzzle flach zu halten. Schütze die Oberfläche unter dem Puzzle und glätte es mit einem Nudelholz, bevor du den Kleber aufträgst. Trage mit einem Pinsel eine dünne Schicht Puzzlekleber auf und achte darauf, die Ritzen zwischen den Teilen zu bedecken. Lass es mindestens zwei Stunden trocknen, bevor du es auf das Rückmaterial überträgst. Stelle nach dem Sichern sicher, dass es 24 Stunden trocknen kann, und beschwere es gegebenenfalls. Lege schließlich das Puzzle in den Rahmen und sichere es, wobei du optional eine Glasscheibe zum Schutz hinzufügen kannst.",2.733936071395874
038_51233,"Pfingstrosen gibt es in zwei Arten: krautige Pfingstrosen, die aus Wurzelstöcken zu grünstängeligen Blumen wachsen, und Baum-Pfingstrosen, die holzige Stämme haben und zu Sträuchern wachsen. Die Pflanztiefe ist unterschiedlich: krautige Pfingstrosen sollten 5 cm tief gepflanzt werden, während Baum-Pfingstrosen 10-15 cm benötigen, wobei das Pfropfstück über der Erde liegen sollte. Obwohl eine tiefe Pflanzung nicht erforderlich ist, wird empfohlen, fruchtbaren Boden vorzubereiten. Ein Loch mit einem Durchmesser von 46 cm wird empfohlen. Wenn der Boden schlecht ist, mische organisches Material mit Gartenboden. Um die Drainage zu überprüfen, fülle ein einen Fuß tiefes Loch mit Wasser und messe, wie viel abfließt. Gut durchlässiger Boden sollte 2-15 cm pro Stunde abfließen. Dünger kann hinzugefügt werden, um das Wachstum zu fördern. Fülle das Loch mit organischem Boden und lasse Platz oben, und setze die Pfingstrosenknollen mit den Knospen nach oben ein, wobei sich diese nicht mehr als 5 cm tief befinden sollten. Nach dem Pflanzen gründlich gießen, den Boden bis zum Frost feucht halten und Mulch für den Winterschutz auftragen, der nach dem letzten Frost im Frühjahr entfernt werden sollte.",2.2278170585632324
038_24735,"Es ist das blaue Ordnersymbol mit einer weißen Wolke darin, das im App-Drawer zu finden ist. Der Startbildschirm der App erscheint und zeigt mehrere Netzwerkoptionen in der linken Spalte nahe der unteren Bildschirmhälfte an. Eine Option befindet sich nahe der Spitze der Liste, während ES File Explorer das Netzwerk nach Geräten durchsucht und Computer nach IP-Adresse auflistet. Der Inhalt des Ordners wird dann in ES File Explorer angezeigt.",1.0294272899627686
038_15738,"Um die Batterie zurückzusetzen, musst du den SMC (System Management Controller) zurücksetzen, der die externen Lichter deines Macs, die Reaktionen auf Tastenanschläge und das Batteriemanagement verwaltet. Dies kann die Batterielebensdauer verbessern, Überhitzungsprobleme beheben und die Leistung deines MacBook Pro steigern. Symptome, die auf SMC-Probleme hinweisen, sind laute Lüfter, nicht funktionierende Anzeigeleuchten, ein nicht reagierender Power-Button, unerwartetes Herunterfahren und Ladeprobleme. Um den SMC zurückzusetzen, klicke auf das Apple-Logo, schalte dein MacBook Pro aus, stelle sicher, dass das Ladegerät angeschlossen ist, und halte dann die Tasten ⌘ Command, ⌥ Option und ⇧ Shift gedrückt, während du die Power-Taste drückst. Lass die Tasten los, sobald der Mac mit dem Neustart beginnt, was die Batterieprobleme lösen sollte. Wenn die Probleme weiterhin bestehen, ist möglicherweise ein Werksreset erforderlich, wobei alle gespeicherten Daten gelöscht werden.",2.0226011276245117
038_38669,"Um Curry zu verdicken, verwende dicke Joghurt wie griechischen Joghurt, indem du ihn löffelweise hinzufügst, bis die gewünschte Konsistenz erreicht ist. Dies ist ideal für indische Currys als Sahneersatz und kann zu scharfen Gerichten eine kühlende Wirkung verleihen. Für tomatenbasierte Currys kleine Mengen Tomatenpüree oder -paste einrühren, bis es dicker wird. Auch gewürfelte Tomaten können verwendet werden, am besten während des Kochens hinzugefügt. Wenn Kartoffeln enthalten sind, diese nach dem Kochen zerdrücken, um das Curry zu verdicken, ohne den Geschmack zu verlieren, da einige zerdrückte Kartoffeln helfen können, eine dickere Konsistenz zu erreichen.",1.527090311050415
038_23850,"Die häufigste Ursache für juckende Haut ist trockene Haut. Je mehr Wasser du trinkst, desto mehr Wasser wird in die Haut aufgenommen. Es wird empfohlen, täglich mindestens sechs bis acht 8-Unzen-Gläser Wasser zu trinken. Wenn du sehr aktiv bist oder viel schwitzt, musst du mehr Wasser trinken. Begrenze deinen Konsum von Koffein und Alkohol, da diese die Haut austrocknen können. Verwende lauwarmes oder kühles Wasser und achte darauf, deinen ganzen Körper nach jeder Dusche einzucremen. Verweile nicht länger als 30 Minuten in der Dusche oder Badewanne. Viele Menschen wissen nicht, dass Duschen oder Baden die Haut austrocknet, insbesondere wenn man aggressive oder schwere Seifen verwendet. Vermeide Seifen mit Farbstoffen, Düften oder Alkohol. Lauwarmes Wasser wird empfohlen, da zu heißes Wasser schützende Öle abträgt, die die Haut befeuchten. Wähle eine Feuchtigkeitscreme mit wenigen chemischen Inhaltsstoffen, um die Exposition gegenüber potenziell reizenden Chemikalien zu reduzieren. Vermeide Produkte mit Alkohol oder Duftstoffen. Vaseline ist duftfrei und hilft, gereizte Stellen zu befeuchten. Studien zeigen, dass Cremes mit Omega-3-Fettsäuren bei Ekzemen hilfreich sein können. Du kannst auch selbst Feuchtigkeitscremes herstellen und diese auf Gesicht, Körper und Hände auftragen. Lass die Creme einziehen und wische überschüssige Reste ab. Kokosnussöl verbessert die Fähigkeit der Haut, Feuchtigkeit zu speichern. Die American Academy of Dermatology empfiehlt, einen Dermatologen aufzusuchen, bevor du exfolierst, da nicht jede Exfoliationsmethode für jeden Hauttyp geeignet ist. Falsches Peeling kann die Haut schädigen. Du kannst Trockenbürsten ausprobieren, um abgestorbene Hautzellen zu entfernen und die Blutzirkulation zu fördern. Verwende eine Naturborstenbürste und dusche danach, um die Haut zu befeuchten.",3.9898781776428223
038_25274,"Um eine schöne Zeichnung in MS Paint zu erstellen, beginne damit, die Leinwandgröße auf über 2000 Pixel zu erhöhen. Es ist schneller, zuerst auf Papier zu skizzieren und dann deine Zeichnung zu scannen oder zu fotografieren. Wenn du direkt in MS Paint skizzierst, verwende helles Grau. Öffne deine gescannte Zeichnung in MS Paint und stelle sicher, dass du die Originalskizze separat speicherst. Verwende das Kurvenwerkzeug, um deine Zeichnung in Schwarz zu umranden und passe die Linien an, um mit deiner Skizze übereinzustimmen. Nachdem du die Umrandung erstellt hast, invertiere die Farben, um die Skizze zu entfernen, und wechsle dann zurück zur Farbe. Speichere eine Kopie der schwarzen Linien. Fülle die Grundfarben aus und stelle sicher, dass alle Pixel abgedeckt sind. Für das Schattieren wähle einen Bereich aus, setze eine Basisfarbe und wähle eine Schattierungsfarbe. Verwende ein beliebiges Werkzeug zum Schattieren und benutze dann die transparente Auswahl, um Farben außerhalb der Linien zu bereinigen. Wiederhole diesen Prozess für jeden Bereich, bis du mit deiner Zeichnung zufrieden bist.",2.2992265224456787
038_54067,"Wenn Sie einen Job verlassen, ist es ratsam, ein persönliches Treffen mit Ihrem Vorgesetzten zu beantragen, wenn möglich. Beginnen Sie das Gespräch, indem Sie sich für die Zeit bedanken und ihnen mitteilen, dass Sie beschlossen haben, das Unternehmen zu verlassen, und Ihren letzten Arbeitstag angeben, normalerweise mit einer Frist von mindestens zwei Wochen. Vermeiden Sie negative Kommentare zu Ihren Gründen für das Verlassen; formulieren Sie es stattdessen positiv, z. B. dass Sie nach einer besseren Gelegenheit suchen. Wenn es ein Exit-Interview gibt, geben Sie konstruktives Feedback, aber wenn nicht, teilen Sie Ihre Gedanken während Ihres Treffens. Halten Sie die Informationen über Ihren neuen Job kurz, um einen guten Eindruck zu hinterlassen. Präsentieren Sie schließlich Ihr Kündigungsschreiben, das Ihre Abgangserklärung, den letzten Arbeitstag und eine Dankesnotiz für die Gelegenheit enthalten sollte.",1.5651803016662598
038_32730,"Xcode ist die Entwicklungsumgebung, in der alle iPhone-Apps erstellt werden. Es ist kostenlos von Apple erhältlich, erfordert jedoch OS X 10.8 oder neuer. Es gibt keinen offiziellen Weg, Xcode auf einem Windows- oder Linux-PC auszuführen, was bedeutet, dass man zuerst in einen Mac investieren muss, wenn man eine iPhone-App entwickeln möchte. Für die Entwicklung von iOS 8-Apps benötigt man Xcode 6.0.1 und das iOS 8 SDK, die beide von Apple erhältlich sind. Das iOS 8 SDK enthält viele neue APIs für neue App-Erlebnisse, einschließlich iCloud-Integration und Touch ID. Für die Entwicklung von iOS 10-Apps sind Xcode 8 und das iOS 10 SDK erforderlich. In dieser Version von Xcode gibt es bedeutende Änderungen an der Swift-Sprache, aber ab dieser Version wird es keine ""codebrechenden"" Änderungen mehr an Swift geben. Während man vollständig in Xcode programmieren kann, ist die Arbeit mit großen Codeabschnitten einfacher mit einem speziellen Texteditor. Beliebte Optionen sind TextMate und JEdit. Für benutzerdefinierte Grafiken benötigt man ein Programm zur Erstellung von Vektorgrafiken. Objective-C ist die Programmiersprache für die Funktionalität von iPhone-Apps. Eine neuere Option ist Swift, die eine freundlichere Syntax hat. Es gibt viele Tutorials und Bücher über Objective-C oder Swift. Wenn man die Entwicklung ernst nimmt, ist es wichtig, Ressourcen zur Hand zu haben. Für die Verteilung der App im App Store benötigt man ein Apple Developer-Konto, das 99 $ pro Jahr kostet. Nach der Registrierung hat man Zugriff auf die Entwicklungsressourcen von Apple, einschließlich verschiedener Beispielprojekte.",2.772514820098877
038_51987,"Um zu bestimmen, ob eine Schlange eine giftige Korallenschlange oder eine harmlose Scarlet-Königsschlange ist, prüfen Sie, ob sich rote und gelbe Ringe berühren; Berührung weist auf eine Korallenschlange hin. Die Korallenschlange hat ein Ringmuster von rot, gelb, schwarz, gelb, rot, während die Scarlet-Königsschlange ein Muster von rot, schwarz, gelb, schwarz, rot oder möglicherweise blau hat. Korallenschlangen haben schwarze und gelbe Bänder an ihrem Schwanz ohne Rot, und ihr Kopf ist schwarz mit einer kurzen Schnauze. Im Gegensatz dazu hat die Scarlet-Königsschlange einen überwiegend roten Kopf mit einer längeren Schnauze. Es wurden Reime geschaffen, um sich die Unterschiede zu merken: „Rot berührt Gelb, tötet einen Kameraden; Rot berührt Schwarz, Freund von Jack.“ Diese Richtlinien gelten speziell für nordamerikanische Korallenschlangen, und die Muster können global unterschiedlich sein, daher ist Vorsicht geboten, wenn man Schlangen außerhalb dieser Region identifiziert.",1.9323689937591553
038_42304,"Du kannst ein Thema von Interesse mit der Suchleiste oben auf dem Bildschirm suchen und es nach geografischem Gebiet eingrenzen. Um Gutscheine zu kaufen, erstelle ein kostenloses Konto, indem du in der rechten Ecke auf „Anmelden“ klickst, deinen Facebook-Login verwendest oder deine Informationen (vollständiger Name, E-Mail, Passwort) eingibst. Füge Informationen zu deiner Kreditkarte hinzu, um einen Gutschein zu kaufen. Wenn du bereits ein Konto hast, klicke auf „Anmelden“ und gib deine E-Mail und dein Passwort ein. Greife auf die Kontoeinstellungen zu, indem du auf deinen Namen in der oberen rechten Ecke klickst. Sobald du dich mit einer aktiven E-Mail-Adresse angemeldet hast, wird Groupon dir lokale Angebote per E-Mail zusenden, wobei dein Postleitzahl verwendet wird, um Angebote in deiner Umgebung zusammenzufassen.",1.8321583271026611
038_28931,"Wenn du ein Brettspiel auswählst, überprüfe die empfohlene Altersgruppe auf der Verpackung. Für jüngere Grundschüler wähle einfachere, lerngerechte Spiele wie Candy Land und Chutes and Ladders. Für ältere Grundschüler kannst du herausforderndere Spiele wie Monopoly und Yahtzee in Betracht ziehen. Richte eine Malstation mit abwaschbarer, ungiftiger Farbe ein und lasse die Kinder ihre Kunstwerke signieren. Fördere das Spielen im Freien für Bewegung und achte darauf, dass sie sicher von der Straße bleiben. Aktivitäten können das Werfen eines Balls, Fangen oder eine Schnitzeljagd umfassen. Frage außerdem das Kind, welchen Film es gerne sehen möchte, und mache Popcorn für ein Kinoerlebnis, während du sicherstellst, dass der Film altersgerecht ist (vorzugsweise PG).",1.8487603664398193
038_30390,"Deine Mutter könnte versuchen, verschiedene Aspekte deines Lebens zu kontrollieren und Unzufriedenheit auszudrücken, wenn du gegen ihre Wünsche handelst. Um deine eigenen Entscheidungen ohne Konflikte zu treffen, sei fest und ignoriere ihre Meinungen bei der Entscheidungsfindung. Erkenne an, dass sowohl du als auch deine Mutter Fehler machen können, und wenn sie dich kritisiert, kann es helfen, mit Dankbarkeit für ihre Rückmeldung zu reagieren. Wenn dich ihre Kritik stört, sprich offen darüber und äußere deine Gefühle. Verstehe, dass ihre Angst ein Faktor in ihrem Verhalten sein könnte, und schlage sanft vor, dass sie Hilfe in Anspruch nimmt, wenn nötig. Während du wächst, gewinnst du mehr Kontrolle über dein Leben, und während deine Mutter sich möglicherweise gegen diese Veränderung sträubt, ist es wichtig, deine Unabhängigkeit zu etablieren. Setze Grenzen bei ihren Anrufen und suche ihre Unterstützung, während du unabhängiger wirst.",2.094777822494507
038_10025,"Um das aggressive Verhalten einer Schlange zu deprogrammieren, identifizieren Sie zunächst die Art der Aggression: territoriale oder Fressreaktionen. Territoriale Reaktionen sind instinktive Abwehrmechanismen, während Fressreaktionen erlernte Verhaltensweisen sind, bei denen Schlangen alles beißen, was in ihren Käfig kommt, da sie es für Nahrung halten. Aggressivere Arten erfordern möglicherweise zusätzliche Trainingseinheiten. Das ""Hook-Training"" beinhaltet das sanfte Reiben des Körpers der Schlange oder das Drücken auf ihren Kopf mit einem Haken, um zu signalisieren, dass es nicht Fütterungszeit ist. Wenn die Schlange ängstlich wirkt, verbringen Sie Zeit damit, sie zu beruhigen, bevor Sie sie handhaben. Um die Fressreaktionen zu reduzieren, füttern Sie die Schlange nur einmal alle drei Wochen und handhaben Sie sie täglich. Das Füttern in einer separaten Wanne kann helfen, die Schlange davon abzuhalten, den Käfig mit Nahrung zu assoziieren, aber vermeiden Sie es, dieses Verhalten auf die Wanne zu übertragen. Schlangen können sicher wochenlang ohne Nahrung auskommen.",1.8618969917297363
038_41819,"Drehe den Rock wieder auf die rechte Seite, ziehe ihn an und schaue dich im Spiegel an. Der Rock sollte auf die gewünschte Länge fallen und der Gummi sollte ihn eng an deiner Taille halten. Dieser Schritt beendet den Prozess.",0.8810174465179443
038_35638,"Warte, bis du dein Visum per Post erhältst, bevor du deinen Flug buchst, da es für die legale Einreise ins Land erforderlich ist. Um Geld zu sparen, ziehe Billigfluggesellschaften in Betracht und fliege an Wochentagen. Eine Buchung während der Nebensaison in Australien (Mai-September) kann ebenfalls die Kosten senken. Achte auf Fluggesellschaften, die ein Gepäcklimit von 30 kg anbieten. Wenn du einen Job benötigst, haben große Städte wie Sydney, Melbourne oder Perth möglicherweise bessere Möglichkeiten. Alternativ könnten ländliche Gebiete Arbeit auf Farmen bieten. Du kannst in einer großen Stadt landen und dann Australien auf verschiedene Weise bereisen. Nutze Mietwebsites, um Unterkünfte innerhalb deines Budgets zu finden, und ziehe Gemeinschaftsräume oder möblierte Wohnungen in Betracht, um deinen Umzug zu erleichtern. Hostels und Homestays sind günstigere Alternativen und bieten möglicherweise Rabatte für längere Aufenthalte. Wenn dein Arbeitgeber deinen Umzug sponsert, koordiniere die Unterbringung mit ihm. Einen Job zu finden kann schwierig sein, besonders in der Hochsaison, also bewirb dich auf so viele Stellen wie möglich und suche online nach Jobs, auch in ländlichen Gebieten. Kontakte in Australien können ebenfalls hilfreich sein.",2.4784772396087646
038_29424,"Wenn dein Geist vor dem Schlafengehen oder während der Arbeit rast, nimm dir einen Moment Zeit, um deine Gedanken zu ordnen, indem du eine To-Do-Liste schreibst oder Ideen und Fragen notierst. Dies hilft, deinen Geist für andere Aufgaben zu klären. Das Einbeziehen von Journaling in deine nächtliche Routine kann ebenfalls Spannungen und Ängste reduzieren. Du musst nicht über etwas Bestimmtes schreiben; fang einfach an zu schreiben, um zu sehen, was herauskommt. Vermeide Multitasking, da dein Gehirn dafür ausgelegt ist, sich auf eine Aufgabe gleichzeitig zu konzentrieren. Der Versuch, mehrere Aufgaben gleichzeitig zu jonglieren, kann zu schlampiger Arbeit und mentalem Chaos führen. Entwickle ein System, um Informationen zu filtern und nur das Wichtige zu behalten, da überflüssige Details deinen Geist überwältigen können. Achte auf wiederholte Informationen, da sie oft auf Wichtigkeit hinweisen.",1.6003704071044922
038_17225,"Wenn Sie Augenbeschwerden haben, ist es wichtig, einen Termin bei Ihrem Augenarzt zu vereinbaren. Sie können zu Hause grundlegende Sehtests durchführen, indem Sie eine Testseite mit Buchstaben abnehmender Größe ausdrucken und auf Augenhöhe aufhängen. Stehen Sie zehn Fuß entfernt und sehen Sie, wie viele Buchstaben Sie lesen können, während Sie jeweils ein Auge abdecken. Obwohl diese Tests eine grundlegende Einschätzung Ihres Sehvermögens bieten können, sind sie kein Ersatz für eine professionelle Untersuchung. Ihr Augenarzt wird gründliche Tests durchführen, um mögliche Probleme festzustellen und Ihnen gegebenenfalls eine Brille zu verschreiben. Nachdem Sie sich für ein Gestell entschieden haben, müssen Sie ein bis zwei Wochen warten, bis es angepasst ist.",1.8543238639831543
038_52622,"Um eine Wachs-Hand zu erstellen, verwende einen Eimer mit Wasser und füge bei Bedarf Lebensmittelfarbe hinzu. Schmelze das Wachs und stelle sicher, dass es auf 110 °F (43 ºC) abgekühlt ist, bevor du es verwendest. Trage Lotion auf deine Hand und dein Handgelenk auf, ohne sie einzuarbeiten. Tauche deine Hand in das Wasser und dann in das warme Wachs, und wiederhole diesen Vorgang, um Schichten aufzubauen. Eine durchschnittliche Hand benötigt etwa acht Tauchgänge. Nach dem letzten Tauchgang ins Wasser löse die Wachs-Hand vorsichtig, indem du einen Finger darunter schiebst, und wenn sie feststeckt, steche Löcher in die Fingerspitzen. Glätte eventuelle Unregelmäßigkeiten, solange das Wachs noch weich ist, und optional kannst du eine stabile Basis schaffen, indem du das Handgelenkende in warmes Wachs tauchst. Lass das Wachs an der Luft trocknen, um den Vorgang abzuschließen.",2.548783779144287
038_53021,"Klicke oder doppelklicke auf das Edge-App-Symbol, das entweder ein weißes ""e"" auf blauem Hintergrund oder ein dunkelblaues ""e"" darstellt. Dieses Symbol befindet sich in der oberen rechten Ecke des Edge-Fensters. Ein Dropdown-Menü erscheint. Es befindet sich am Ende des aufklappbaren Menüs. Diese Option befindet sich unter der Überschrift ""Browserverlauf löschen"" etwa auf halber Höhe des Einstellungsmenüs. Dies ist die Option, die die Cookies deines Edge-Browsers löscht; du kannst jedes andere Kästchen in diesem Menü abwählen, wenn du möchtest. Es liegt unter den verschiedenen Arten von Daten. Wenn du das tust, werden die Cookies deines Browsers gelöscht.",1.75942063331604
038_12952,"Um mehr Likes auf Instagram zu erhalten, solltest du regelmäßig posten, idealerweise zwei bis drei Fotos täglich mit Pausen dazwischen. Vermeide es, zu häufig zu posten, um zu verhindern, dass du die Feeds deiner Follower mit mittelmäßigen Inhalten überflutest. Poste zu Zeiten, in denen deine Zielgruppe wahrscheinlich wach ist, z. B. morgens, zur Mittagszeit oder nach dem Abendessen, und vermeide Freitag- oder Samstagabende. Berücksichtige die unterschiedlichen Zeitpläne deiner internationalen Follower aufgrund von Zeitzonen. Ein Thema, das deine Interessen widerspiegelt, kann helfen, ein Publikum anzuziehen. Teile außerdem deine Instagram-Posts auf anderen sozialen Medien, um die Sichtbarkeit zu erhöhen. Das ist einfach zu tun, indem du die Teilen-Optionen beim Posten verwendest.",1.6127638816833496
038_30749,"Es kann herausfordernd sein, einen Beauty Blender mit bestimmten Make-up-Produkten wie Concealern in Röhrchen oder Creme-Rouge-Stiften zu verwenden. In solchen Fällen trage das Make-up direkt auf die Haut in den gewünschten Bereichen auf, beginnend mit einer kleinen Menge. Der Schwamm mischt das Produkt gut, sodass wenig viel bewirken kann. Nachdem du das Make-up auf deiner Haut punktuell aufgetragen hast, benutze den feuchten Schwamm, um es durch sanftes Klopfen zu verblenden. Um zu vermeiden, dass das Make-up zu weit verteilt wird, verwende die spitze Seite des Schwamms. Sei vorsichtig, den Beauty Blender nicht auf andere Bereiche zu drücken, um ein Übertragen des Make-ups zu vermeiden. Wenn das Make-up fleckig aussieht, rolle die Seite des Schwamms über den Bereich, um Streifen zu glätten. Diese Rolltechnik ist ein großartiger Finishing-Schritt, um einen makellosen Look zu erzielen. Denke schließlich daran, deinen Beauty Blender nach der Benutzung zu reinigen, um ihn für das nächste Mal bereit zu halten.",2.2463490962982178
038_29382,"In diesem Spiel geben die Spieler Hinweise, um ihren Teamkollegen zu helfen, ein bestimmtes Wort zu erraten, ohne Teile des Wortes oder festgelegte Tabuwörter zu verwenden. Punkte werden für richtige Vermutungen vergeben, aber wenn ein Spieler ein Wort überspringt oder versehentlich ein Tabuwort sagt, gehen Punkte verloren. Jede Runde hat einen Aufpasser, der sicherstellt, dass die Regeln eingehalten werden, und es gibt separate Stapel für richtige Vermutungen und übersprungene oder bestrafte Karten. Das Spiel kann bis zu einer bestimmten Punktzahl oder für eine bestimmte Anzahl von Runden gespielt werden, mit Regeln zu unbenutzten Karten und dem Mischen des Decks für nachfolgende Runden.",1.3760790824890137
038_35152,"Wenn du keine passende Farbe für das Schrägband finden kannst, wähle einen neutralen Farbton, der deinem Hemd ähnlich ist. Verwende zum Beispiel schwarzes Schrägband für ein dunkelblaues Hemd oder hellgraues für ein hellblaues Hemd. Die Länge, die du schneiden musst, hängt von der Breite des Schrägbandes ab, typischerweise etwa ½ Zoll. Stecke die rechte Seite des Schrägbands an die rechte Seite des Hemdes und lasse an jeder Seite etwa 1 Zoll zusätzliches Band. Falte das Schrägband zuerst nach unten und dann ins Hemd hinein, sodass die rohen Kanten darunter verborgen sind. Achte darauf, dass das Schrägband von außen nicht sichtbar ist und die Naht am unteren Rand des Hemdes verläuft. Verwende eine geeignete Heizstufe für den Stoff und ziehe in Betracht, die Ecken des Schrägbands zu schneiden, um Volumen zu reduzieren. Nähe mit der Innenseite des Hemdes zu dir gewandt und benutze passende Fäden für das Hemd und das Schrägband. Denke daran, am Anfang und Ende zurückzunähen und die Nadeln beim Nähen herauszuziehen. Dein Hemd ist jetzt bereit zum Tragen!",2.168833017349243
038_31929,"Bakterien können von deinen Händen auf dein neues Piercing übertragen werden, was zu einer Infektion führen könnte. Stelle sicher, dass deine Einweghandschuhe als ""steril"" gekennzeichnet sind, um Kontaminationen zu vermeiden. Ziehe ein Paar an, bevor du mit der Arbeit beginnst, um keine Bakterien auf die Nadel oder dein Ohr zu übertragen. Du kannst Einweghandschuhe in deiner örtlichen Apotheke kaufen. Fülle einen kleinen Topf mit Wasser und stelle ihn auf hohe Hitze auf deinem Herd. Sobald das Wasser kocht, tauche die Sicherheitsnadel vollständig unter Wasser. Lass das Wasser 5-10 Minuten kochen, um die meisten Bakterien von der Nadel abzutöten, bevor du sie mit einer Zange oder einem Löffel herausnimmst und auf ein trockenes Stück Küchenpapier legst. Verwende niemals eine Nadel, die jemand anderes verwendet hat, um sich die Ohren zu piercen, da das Abkochen der Nadel nicht alle Kontaminanten entfernt und du Bakterien verbreiten könntest. Verwende keine Nadel, die nicht sterilisiert wurde, da sie eher Infektionen verursachen kann. Befeuchte ein Wattestäbchen oder ein kleines Stück Küchenpapier mit Isopropylalkohol und wische damit die Nadel ab. Achte darauf, den Alkohol auf die gesamte Seite der Nadel mit der Spitze aufzutragen, um eventuell noch vorhandene Bakterien abzutöten. Trockne die Nadel auf einem Stück Küchenpapier, um überschüssigen Alkohol zu entfernen. Du kannst auch Wasserstoffperoxid verwenden, wenn du keinen Isopropylalkohol hast. Befeuchte ein Stück Küchenpapier oder ein Wattestäbchen mit Isopropylalkohol und wische es auf dein Ohr, wo du das Piercing setzen möchtest. Bedecke die Vorder- und Rückseite deines Ohres mit dem Desinfektionsmittel, um Keime abzutöten und Infektionen beim Piercen zu verhindern. Du kannst auch Wasserstoffperoxid oder ein Desinfektionstuch verwenden, wenn kein Isopropylalkohol verfügbar ist.",3.8297224044799805
038_8321,"Gehe zu http://www.minecraftskins.com/. Dies öffnet die Skin Index (oder Skindex) Bibliothek. Klicke auf einen Skin, den du für deinen Minecraft-Charakter verwenden möchtest, oder suche nach einem bestimmten Skin in der Suchleiste. Du kannst auch deinen eigenen Skin erstellen. Um eine lange Liste von Skins zu sehen, klicke auf ""Neueste"" oder ""Top"" auf der linken oberen Seite der Seite. Ein Klick darauf lädt die Skin-Datei sofort auf deinen Computer herunter. Je nach den Einstellungen deines Browsers musst du möglicherweise zuerst einen Speicherort auswählen oder den Download bestätigen. Gehe zu https://minecraft.net/. Dies ist die Minecraft-Website. Ein Dropdown-Menü erscheint. Diese Option befindet sich oben im Dropdown-Menü. Ein Klick darauf führt dich zur Skin-Seite. Wenn du nicht bei Minecraft angemeldet bist, gib deine E-Mail-Adresse und dein Passwort ein und klicke auf ""ANMELDEN"", bevor du fortfährst. Klicke auf die Skin-Datei, die du heruntergeladen hast. Du solltest sie im Standard-„Downloads“-Ordner deines Computers sehen. Diese Option befindet sich in der unteren rechten Ecke des Fensters. Deine Skin-Datei wird auf die Profilseite hochgeladen. Dadurch ändert sich der Skin für den Charakter deines aktuellen Kontos. Wenn du dich mit denselben Kontoinformationen auf deinem Computer bei Minecraft anmeldest, hat dein Charakter jetzt den Skin, den du hochgeladen hast.",2.36745548248291
038_18275,"Dieser Text gibt Anweisungen zur effektiven Verwendung von Benzoylperoxid, dem Wirkstoff in vielen Akne-Cremes, um Flecken auf Puppen zu behandeln. Er empfiehlt, die Produktetiketten auf mindestens 10% Benzoylperoxid zu überprüfen und schlägt vor, mit einem Wattestäbchen oder dem Finger die Creme direkt auf den Fleck aufzutragen. Um die Wirksamkeit zu erhöhen, wird empfohlen, den Bereich mit Frischhaltefolie abzudecken, um ein Austrocknen zu verhindern. Außerdem wird betont, dass die Haare, der Körper und die Gesichtszüge der Puppe vor Sonnenlicht geschützt werden sollten, da dies Schäden verursachen kann, und es wird darauf hingewiesen, dass der Bleich-Effekt von Benzoylperoxid vorteilhaft für die Fleckenentfernung ist. Der Text ermutigt zur Geduld, da einige Flecken Wochen brauchen können, um vollständig zu verschwinden, und rät, die Behandlung nach Bedarf zu wiederholen, bis man mit den Ergebnissen zufrieden ist.",2.7956385612487793
038_9308,"Wenn du Flüssigkeit zurückhältst, ist der erste Schritt, einen Arzt aufzusuchen, um eine körperliche Untersuchung und Tests zur Bestimmung der Ursache durchzuführen. Verschiedene Erkrankungen können zu Flüssigkeitsretention führen, einschließlich Herzproblemen, Nierenversagen, hormonellen Veränderungen und bestimmten Medikamenten. Frauen können vor ihrer Periode aufgrund hormoneller Schwankungen Wassereinlagerungen erleben, und auch die Einnahme von Antibabypillen kann dazu beitragen. Wenn die Retention unangenehm ist oder anhält, kann ein Arzt ein Diuretikum verschreiben, um überschüssige Flüssigkeit zu eliminieren. Wenn deine Flüssigkeitsretention länger als ein paar Tage anhält, konsultiere deinen Arzt, insbesondere wenn du vermutest, dass sie mit Medikamenten oder ernsthaften Erkrankungen wie Herzinsuffizienz oder Nierenerkrankungen zusammenhängt, die eine sofortige medizinische Aufmerksamkeit erfordern.",1.8022737503051758
038_3190,"Wenn du verfärbte, abgestorbene Haut oder Nagelhaut aufgrund von Farbe hast, verwende eine Nagelhautzange, um sie vorsichtig zu entfernen, anstatt agressiven Nagellackentferner zu verwenden. Wenn deine Nägel trotz aller Versuche weiterhin verfärbt sind, ziehe in Betracht, sie mit einem auffälligen Nagellack zu bedecken, um den Fleck zu kaschieren und gleichzeitig modisch zu sein.",0.9169354438781738
038_6465,"Wenn dein Haarwachstum mit medizinischen Bedingungen wie Hirsutismus oder dem polyzystischen Ovarialsyndrom (PCOS) verbunden ist, kann die Einnahme von Verhütungsmitteln helfen, das Haarwachstum zu reduzieren, indem die Androgenspiegel im Körper gesenkt werden. Konsultiere deinen Arzt bei Problemen im Zusammenhang mit diesen Bedingungen. Die Elektrolyse, bei der ein elektrischer Strom verwendet wird, um Haarfollikel zu schädigen, ist eine dauerhafte Haarentfernungsmethode, kann jedoch schmerzhaft und teuer sein. Die Laser-Haarentfernung ist schneller und weniger schmerzhaft, erfordert mehrere Behandlungen, aber die Haare können nachwachsen. Neue verschreibungspflichtige Cremes wie Vaniqa können ebenfalls helfen, das Haarwachstum zu reduzieren, indem sie ein Enzym blockieren, das das Haarwachstum fördert, was zu langsamerem und feinerem Haar führt.",1.84725022315979
038_53280,"Es gibt verschiedene Arten von Patenten, und ein Rezept kann für mehrere Kategorien in Frage kommen. Ein Gebrauchsmuster schützt neue Erfindungen mit praktischen Anwendungen, einschließlich Methoden, Maschinen und Verbesserungen. Die meisten Rezepte fallen in der Regel in diese Kategorie. Darüber hinaus könnte das Design des Produkts oder seiner Verpackung für ein Designpatent in Frage kommen. Patente können in den USA oder international eingereicht werden, wobei die EU ein ""Europäisches Patentamt"" für Mitgliedsländer bereitstellt. Obwohl Einzelpersonen ihre Patente selbst einreichen können, wird empfohlen, einen spezialisierten Patentanwalt zu beauftragen, um die Bürokratie zu bewältigen. Der Antrag kann online oder per Post eingereicht werden, wobei Online-Einreichungen zusätzliche Gebühren vermeiden und die Bearbeitung beschleunigen. Nach der Einreichung prüft das Patentamt den Antrag auf Zulässigkeit. Die meisten Anträge werden abgelehnt, was Teil des Prozesses ist, und Antragsteller können Entscheidungen ändern oder anfechten. Wenn das Rezept letztendlich abgelehnt wird, kann es durch Geheimhaltungsvereinbarungen als Geschäftsgeheimnis geschützt werden.",2.5622730255126953
038_10862,"Verwende spezielle Haarschneidescheren, wenn möglich, da sie schärfer sind und zum Schneiden von Haaren entwickelt wurden, was die besten Ergebnisse liefert. Wenn du keine zur Hand hast, verwende ein scharfes, präzises Paar normaler Scheren. Stumpfe Scheren beschädigen dein Haar, indem sie gezackte Enden erzeugen. Teste sie an einem Stück Schnur, um sicherzustellen, dass die Schärfe ausreichend ist.",1.3595216274261475
038_7941,"Sie haben möglicherweise versehentlich Adware installiert, während Sie ein anderes Programm heruntergeladen haben. Zu den Symptomen gehören übermäßige Pop-ups und umgeleitete Suchanfragen. Um Adware zu entfernen, deinstallieren Sie unbekannte oder verdächtige Programme und ziehen Sie in Betracht, spezialisierte Adware-Entfernungstools wie AdwCleaner, Malwarebytes Antimalware oder HitmanPro zu verwenden. Adware verändert oft die Browsereinstellungen, daher hilft das Zurücksetzen Ihrer Browser, unerwünschte Änderungen zu beseitigen. Für bestimmte Infektionen sind möglicherweise zusätzliche Schritte erforderlich, wie das Zurücksetzen der Hosts-Datei oder das Reparieren von Browserverknüpfungen. Suchen Sie nach maßgeschneiderten Lösungen für spezifische Adware-Infektionen oder beziehen Sie sich auf wikiHow-Artikel.",2.044023275375366
038_46333,"In-Text-Zitationen werden typischerweise mit Fußnoten oder Endnoten gekennzeichnet, indem eine hochgestellte Zahl nach der Zeichensetzung der entlehnten Information verwendet wird. Die Zahl entspricht der aktuellen Anzahl der Zitationen im Text. Du kannst den Namen des Autors im Satz erwähnen, es ist jedoch nicht notwendig. Am Ende des Textes gib den vollständigen Namen des Autors, den Titel des Artikels, die Stadt der Veröffentlichung, den Verlag und das Veröffentlichungsjahr in Klammern an, gefolgt von der Seitenzahl. Wenn du dieselbe Quelle erneut zitierst, kürze in nachfolgenden Fußnoten mit ""Ibid."", wenn sie direkt folgt. Wenn sie durch andere Quellen getrennt ist, gib den Nachnamen des Autors, den Titel und die Seitenzahl an. Wenn du angewiesen wurdest, keine Fußnoten zu verwenden, gib die Zitationsinformationen in Klammern nach der entlehnten Information an. Wenn eine Organisation die Quelle ist, verwende den Namen der Organisation anstelle des Autors.",1.8616974353790283
038_4257,"Um Schäden zu vermeiden, muss das Kühlsystem sorgfältig reguliert werden, insbesondere beim Bau oder Upgrade eines Computers. Komponenten erzeugen Wärme, und ältere Computer sind anfälliger für Hitzeschäden, da Kühlsysteme sich verschlechtern und Staub die Wärmeableitung behindert. Übermäßige Hitze kann dauerhafte Schäden, Systemausfälle und Datenverlust verursachen, wobei die durchschnittlichen Temperaturen in einem gut gekühlten System bei 40–60 °C (104–140 °F) liegen. Um die Kühlung zu verbessern, sollte der Staub regelmäßig mit Druckluft entfernt werden, und in Desktop-Computern können zusätzliche Lüfter installiert werden, indem das Gehäuse geöffnet und die Lüfter mit dem Motherboard verbunden werden.",1.4537181854248047
038_15728,"Das Wiederherstellen deines Blackberry auf die Werkseinstellungen löscht alle Daten, und das Gerät wird zurückgesetzt und neu gestartet, sobald der Vorgang abgeschlossen ist.",0.617067813873291
038_34546,"In einem persönlichen Gespräch, wende dich der Person zu, halte Blickkontakt und höre offen zu. Am Telefon, höre aufmerksam zu, ohne zu unterbrechen. Wenn du Schwierigkeiten hast, dich zu konzentrieren, wiederhole ihre Worte in deinem Kopf. Vermeide es, unaufgefordertes Feedback zu geben, und konzentriere dich darauf, ihre Situation durch aktives Zuhören zu verstehen. Biete Ratschläge nur an, wenn du danach gefragt wirst. Nicken und gib Bestätigungen wie „mhmm“ oder „danke fürs Teilen“, um zu zeigen, dass du zuhörst. Wenn du Freundschaften schließen möchtest, priorisiere das Zuhören über das Ratschlagen, da unaufgefordertes Feedback zu negativen Reaktionen führen kann. Mache stattdessen einfühlsame Kommentare oder Aussagen, um dein Verständnis zu zeigen, wie „Ich verstehe, erzähl mir mehr“ oder „Das klingt schwer, es tut mir leid, das zu hören.“ Nachdem sie beendet haben, fasse zusammen, was sie gesagt haben, um das Verständnis sicherzustellen, und bestätige deine Interpretation mit Fragen wie: „Verstehe ich dich richtig?“",2.0783987045288086
038_56127,"Um sich für einen größeren Po zu kleiden, konzentriere dich darauf, die Aufmerksamkeit auf deinen Oberkörper zu lenken, mit Oberteilen, die Kurven zu deinen Schultern und deiner Brust hinzufügen. Verwende kräftige Farben und Muster, um den Fokus nach oben zu lenken, und wähle horizontale Ausschnitte und Glockenärmel, um deine Silhouette auszugleichen. Accessoires wie Halsketten und Schals können helfen, die Aufmerksamkeit von deinem Po abzulenken. Wenn du die Präsenz deines Pos minimieren möchtest, wähle dunkle Farben bei Hosen und längere Oberteile, die deinen Po bedecken. Das A-Linien-Kleid ist effektiv, um einen größeren Po zu verbergen. Straffende Unterwäsche kann einen schlankeren Look erzeugen, während vertikale Merkmale an Oberteilen deine Taille und deinen Po schlanker erscheinen lassen. Große Gesäßtaschen, niedrige Taillenbünde und weite Beine können ebenfalls helfen. Vermeide enge Jeans und suche nach hochgeschnittenen Optionen für einen nahtlosen Look. Achte darauf, dass Röcke gut sitzen; Bleistiftröcke können breite Hüften ausgleichen, während ausgestellte Röcke den Po verbergen und die Aufmerksamkeit auf die Beine lenken können.",2.0182912349700928
038_58131,"Klicke auf das Windows-Logo oder drücke ⊞ Win auf deiner Tastatur, um das Startfenster zu öffnen. Suche im Datei-Explorer-Fenster die Registerkarte in der oberen linken Ecke und gehe zum Abschnitt „Neu“ in der Werkzeugleiste. Wähle die Option aus dem Dropdown-Menü „Neues Element“ aus, um eine Verknüpfung zu erstellen. Ein Fenster wird erscheinen, in dem du navigieren kannst, um das Programm oder die Datei für deine Verknüpfung zu finden, z. B. im Dokumente-Ordner. Sobald du es ausgewählt hast, wird dies das Ziel für die Desktop-Verknüpfung festlegen. Das Umbenennen oder Verschieben des Desktop-Icons macht die Verknüpfung nicht mehr funktionsfähig. Der Standardname entspricht dem Namen des Programms, und du wirst deine Verknüpfung im ausgewählten Ordner erstellen.",1.928523063659668
038_56147,"Wenn du vermutest, dass dein Mann dich betrügt und Beweise haben möchtest, gibt es mehrere Stellen, an denen du suchen kannst. Überprüfe sein Telefon auf Nachrichten von unbekannten Frauen oder nicht identifizierten Nummern. Untersuche seinen Computer nach E-Mails oder Nachrichten in sozialen Medien; wenn er E-Mails löscht, könnte das ein Zeichen dafür sein, dass er etwas verbirgt. Durchsuche seine Sachen, einschließlich seines Koffers, Schreibtisches, Geldbeutels und der Taschen seiner Hosen nach Hinweisen. Überprüfe seine Kontoauszüge auf ungewöhnliche Ausgaben in unbekannten Restaurants. Wenn du zögerst, ihn direkt zu konfrontieren, ziehe in Betracht, ihm diskret zu folgen, indem du ein geliehenes Auto benutzt und einen sicheren Abstand hältst. Achte auf Zeichen, wenn er es nicht erwartet, aber habe eine gute Ausrede für dein Erscheinen. Wenn du genügend Beweise hast, ist es wichtig, ein offenes Gespräch mit ihm über deine Bedenken zu führen, idealerweise an einem privaten Ort, ohne vorher deine Absichten preiszugeben. Stelle sicher, dass er versteht, wie sich seine Handlungen emotional auf dich auswirken.",2.0523383617401123
038_45072,"Ziele und Vorgaben werden oft verwechselt, haben jedoch unterschiedliche Bedeutungen in der Bildung. Ziele sind allgemein und schwer messbar, fokussieren sich auf grobe Themen, wie das Verständnis für klinische Ausbildung in der Kinderpsychologie. Im Gegensatz dazu sind pedagogische Vorgaben spezifisch, messbar und enthalten Kriterien für akzeptable Leistungen. Blooms Taxonomie klassifiziert Lernen in drei Bereiche, wobei der kognitive Bereich in der Hochschulbildung am stärksten betont wird. Er besteht aus einer Hierarchie von sechs Ebenen: Wissen, Verständnis, Anwendung, Analyse, Synthese und Bewertung. Beim Verfassen pädagogischer Vorgaben muss man sich auf drei Merkmale konzentrieren: Leistung (was die Schüler tun werden), Bedingung (unter welchen Umständen) und Kriterium (die Standards für das Bestehen). Zum Beispiel könnte eine Vorgabe für die Pflegeausbildung besagen, dass die Schüler in der Lage sein werden, Blut in einem typischen Krankenhausumfeld innerhalb von 2 bis 3 Minuten abzunehmen.",2.2144854068756104
038_47377,"Verwende diese Methode, um ein HD-Video in einen Ordner auf deinem Mac zu exportieren, um es anzusehen und zu teilen. Wenn du direkt auf eine Website wie Facebook oder YouTube teilen möchtest, wird dieser Text zum Videotitel. Wähle zwischen 720p, 1080p oder 4k für HD-Qualität. 720p ist eine kleinere Datei, die schnell hochgeladen wird, während 1080p eine viel bessere Qualität mit einer größeren Dateigröße bietet. 4k bietet Ultra High Definition, führt jedoch zu der größten Datei und der längsten Upload-Zeit. Wenn du in eine Datei exportierst, kannst du eine YouTube-Kategorie auswählen und die Datenschutzeinstellungen festlegen. Die Einstellung „Hoch“ balanciert Qualität und Dateigröße, während „Best“ professionelle ProRes-Qualität verwendet. Wähle „Schneller“ für kleinere Dateien oder „Bessere Qualität“ für das beste Audio und Video. Beim Teilen melde dich bei der gewählten Website an und speichere die Datei in einem leicht zugänglichen Ordner. Nach dem Speichern kann das HD-Video auf verschiedenen Plattformen wie Facebook und Google Drive hochgeladen werden.",1.974045753479004
038_19995,"Manchmal sind die kleinen Gesten in einer Beziehung am wichtigsten. Es ist wichtig, darüber nachzudenken, was deinem Freund gefällt und wie sein Tag verläuft, und dies in dein Handeln einzubeziehen. Einfache Taten wie ihm Kaffee zu bringen, sein Lieblingsessen zu kochen oder ihn mit einem Ausflug zu überraschen, können eure Bindung stärken. Zuneigung durch Umarmungen und Küsse sollte auch nach längerer Zeit weiterhin gezeigt werden, um weiterhin Interesse zu signalisieren. Sei jedoch achtsam bei öffentlichen Zuneigungsbekundungen und vermeide es, ihn mit ständiger Zuneigung zu überwältigen, da dies Schuld signalisieren könnte. Selbstbewusstsein ist anziehend, also drücke dich aus und vermeide es, zu nachgiebig zu sein. Kommunikation über die Planung ist entscheidend; wenn sich Pläne häufig ändern, sei klar darüber. Eifersucht ist natürlich, aber Vertrauen ist wichtig; gib ihm keine Gründe, an deiner Loyalität zu zweifeln. Zeige Wertschätzung durch Komplimente und kleine Gesten und sei vorsichtig, wenn du über frühere Beziehungen oder Prominente sprichst. Gelegentlich schick auszusehen, kann die Anziehung neu entfachen. Schließlich zeigt es Fürsorge und stärkt eure Verbindung, wenn du Interesse an seinen Hobbys zeigst.",2.6553475856781006
038_29951,"Selbstverteidigung umfasst mehr als nur Kämpfen; sie beinhaltet die Wahrnehmung deiner Umgebung, das Einschätzen deiner Optionen in Gefahr, das Üben von Durchsetzungsvermögen und das Deeskalieren von Bedrohungen. Einfach nur zurückzuschlagen kann die Situation eskalieren und mehr Schaden anrichten. Ein Selbstverteidigungskurs kann Fähigkeiten vermitteln, um Gewalt abzuwehren und Sicherheit zu gewährleisten. Wenn körperliche Gewalt unvermeidbar ist, ziele auf verletzliche Körperteile für maximale Wirkung. Vermeide Alkohol und Drogen in unbekannten Situationen, da sie das Urteilsvermögen beeinträchtigen und die Verwundbarkeit erhöhen können. Passe die Datenschutzeinstellungen in sozialen Medien an, um persönliche Informationen zu schützen, und sei vorsichtig, was du online teilst. Wenn du jemanden neu triffst, wähle öffentliche Orte und informiere einen Freund über deinen Aufenthaltsort. Denk daran, wenn dir Schaden zugefügt wird, bist du nicht schuld; du hast das Recht, unerwünschte Annäherungen abzulehnen.",2.232513189315796
038_10032,"Bevor du dich an einem Buffet bedienst, überlege, wie viel du essen möchtest, und plane deine Besuche. Du könntest dich entscheiden, einen kleinen Vorspeise, einen gesunden Teller und ein kleines Dessert zu haben, oder zwei mäßig große Teller. Stelle dir deinen Teller als in vier Abschnitte unterteilt vor: die Hälfte für Gemüse und Obst, ein Viertel für mageres Protein und das letzte Viertel für Vollkornprodukte. Konzentriere dich auf kalorienarmes Gemüse und Obst, um die Kalorienaufnahme zu steuern. Wähle magere Proteine wie Fisch oder Hähnchen, begrenze rotes Fleisch und vermeide verarbeitete Fleischwaren. Zur Portionskontrolle wähle ein Stück Protein, das in der Größe einem Kartenspiel ähnlich ist, und Vollkornprodukte wie Quinoa, die einem Hockeypuck ähneln. Iss langsam, um deinem Gehirn Zeit zu geben, das Sättigungsgefühl zu erkennen, was helfen kann, Überessen zu vermeiden.",1.8837151527404785
038_33787,"Du solltest einen Käfig für deinen Vogel wählen, der mindestens doppelt so hoch und breit wie seine Flügelspannweite ist, um ihm ein eingeengtes Gefühl zu ersparen. Wähle einen geräumigen Käfig, der zu deinem Zuhause passt, und beachte, dass viele Käfige für bestimmte Vogelarten entworfen sind. Zum Beispiel gedeihen Finken in breiten Käfigen, während Papageien und Kakadus in runden Käfigen gestresst werden können, weshalb rechteckige Optionen besser sind. Es ist wichtig, den Abstand der Gitterstäbe zu berücksichtigen, da falscher Abstand zu Unfällen oder Ausbrüchen führen kann. Kleine Vögel benötigen Gitterstäbe, die nicht weiter als 0,63 Zoll auseinander stehen, während der Abstand für größere Vögel variiert. Recherchiere oder konsultiere ein Tiergeschäft, um den richtigen Abstand der Gitterstäbe für deinen Vogel zu erfahren. Käfige bestehen typischerweise aus Draht, Metall oder Edelstahl, wobei Edelstahl für Langlebigkeit bevorzugt wird. Vermeide Käfige mit Blei oder Zink, da sie schädlich für deinen Vogel sein können.",2.127333641052246
038_23884,"Dieser Text behandelt, wie man Stress in einer Beziehung managen kann, egal ob er von äußeren Faktoren wie Arbeit oder inneren Problemen herrührt. Er betont die Wichtigkeit, Stress nicht die Beziehung schädigen zu lassen, und ermutigt Paare, sich als Team zu sehen. Offene Kommunikation über Gefühle und Bedenken ist entscheidend, ebenso wie ein Sinn für Humor zur Spannungsbewältigung. Der Text rät Paaren, finanziellen Stress offen anzusprechen, Hilfe zu suchen, wenn nötig, und sich nicht gegenseitig die Schuld zu geben. Außerdem wird angesprochen, wie man mit arbeitsbedingtem Stress umgeht und wie Krankheiten Beziehungen beeinflussen können, wobei die Notwendigkeit von Unterstützung und klarer Kommunikation hervorgehoben wird. Intimität trotz Herausforderungen aufrechtzuerhalten wird ebenfalls empfohlen. Schließlich wird vorgeschlagen, dass Partner aufeinander hören und die Unterstützung, die sie bieten, wertschätzen sollten.",1.860116720199585
038_41399,"Je schneller du einen Katzenurinfleck reinigen kannst, desto besser werden die Ergebnisse sein. Wenn du den Fleck tagsüber nicht finden kannst, benutze UV-Licht, um ihn nachts zu lokalisieren, da der Geruch mit der Zeit stärker wird und schwieriger zu reinigen ist. Für sichere Oberflächen wie Teppiche mische Geschirrspülmittel mit warmem Wasser, tupfe es auf den Fleck und lasse es eine Stunde einwirken, um die Kristalle zu lösen. Für Gegenstände, die nicht nass werden dürfen, wie Leder oder Holz, tupfe einfach mit einem feuchten Tuch. Lass den Bereich nach der Reinigung vollständig trocknen. Um den Urin zu neutralisieren, verwende einen Enzymreiniger und trage ihn über die Ränder des Flecks auf. Enzymatische Reiniger sind sanft und in Geschäften erhältlich oder können auch zu Hause hergestellt werden. Überprüfe immer die Produktanweisungen, um die Sicherheit für die zu reinigende Oberfläche zu gewährleisten.",1.7372307777404785
038_4412,"Ein standardmäßiger Bananenbaum kann über 15 Meter hoch werden, was ihn für normale Töpfe ungeeignet macht. Es wird empfohlen, eine Zwergvarietät zu kaufen, die zwischen 1,5 m und 4 m wächst und drinnen gehalten werden kann, ohne ihren Topf zu sprengen. Beliebte Zwergsorten sind Dwarf Red, Dwarf Brazilian, Williams Hybrid und Dwarf Lady Finger. Sie können Zwergbananenbaum-Korms online oder junge Bäume und Ableger in örtlichen Gärtnereien kaufen. Bananenbäume bevorzugen gut durchlässige Erde, idealerweise eine Mischung aus Torf, Perlit und Vermiculit oder Kaktus-/Palmen-Erde. Vermeiden Sie schwere Blumenerde oder Erdreich aus Ihrem Garten und streben Sie einen pH-Wert der Erde von 5,6 bis 6,5 für optimales Wachstum an.",2.008160352706909
038_1508,"Sauber zu bleiben hilft dir, besser auszusehen und dich besser zu fühlen. Putze deine Zähne zweimal täglich und ziehe in Betracht, nach den Mahlzeiten zu putzen, wenn du eine Zahnspange trägst. Bade oder dusche einmal täglich, um deine Haut nicht auszutrocknen. Verwende Deodorant, um Körpergeruch zu reduzieren und das Selbstbewusstsein zu stärken, und ziehe leichte Düfte in Betracht. Strebe 8-9 Stunden Schlaf an für eine bessere Gesundheit und Stimmung. Vermeide Junk Food und integriere mehr Obst, Gemüse und mageres Fleisch in deine Ernährung. Übe regelmäßig Sport aus für dein allgemeines Wohlbefinden und zur Stressreduzierung. Passe deine Ernährung allmählich an, indem du ungesunde Snacks durch gesunde ersetzt, und trinke mehr Wasser, während du den Konsum von Limonade und Kaffee reduzierst. Engagiere dich in angenehmen körperlichen Aktivitäten und setze dir erreichbare Ziele. Wenn Gewichtsverlust ein Anliegen ist, konzentriere dich auf gesundes Essen, regelmäßige Bewegung und ausreichend Schlaf.",1.8421363830566406
038_53030,"In einem intensiven emotionalen Zustand ist es wichtig, die Warnsignale zu erkennen, die auf suizidale Gedanken hinweisen können, wie soziale Isolation, extreme Selbstverachtung, plötzliche Stimmungsschwankungen, erhöhten Substanzgebrauch und das Sprechen über Suizid. Selbstverletzung ist mit einem erhöhten Suizidrisiko verbunden, und sofortige Hilfe sollte in Anspruch genommen werden, wenn häufig Selbstverletzungen auftreten. Der Zugang zu gefährlichen Gegenständen sollte reduziert und der Gebrauch von Alkohol und Drogen minimiert werden. Einen sicheren Ort zu finden und ein unterstützendes Netzwerk zu haben, kann helfen, sowie die Nutzung von Ressourcen wie dem Buddy-Projekt. Es wird empfohlen, einen personalisierten Sicherheitsplan zu erstellen, der eine Liste von Kontakten, das Verzögern des suizidalen Plans, das Suchen nach Gesellschaft, den Gang ins Krankenhaus bei Bedarf und das Anrufen von Notdiensten umfasst.",2.365511655807495
038_50304,"Ihr Inventar umfasst alles, was für den Betrieb Ihres Unternehmens notwendig ist, unterteilt in vier Typen: Rohstoffe, unfertige Erzeugnisse, Fertigwaren und Verbrauchsmaterialien. Jeder Typ bestimmt, wie viel Vorrat zu halten ist. Minimalen Vorrat zu halten kann Kosten reduzieren, birgt jedoch das Risiko, Materialien auszugehen, während große Bestände ermöglicht, in großen Mengen einzukaufen, aber Lagerkosten und potenzielle Veralterung verursacht. Die Kosten des Inventars beinhalten Einkaufs-, Lager- und Fehlmengen-Kosten. Die Bestimmung optimaler Lagerbestände erfordert eine Abwägung dieser Kosten, unter Berücksichtigung der Zuverlässigkeit der Lieferanten, Preisschwankungen und Verbrauchsraten. Es ist entscheidend, einen minimalen Lagerbestand aufrechtzuerhalten, um Produktionsunterbrechungen zu vermeiden, und Nachbestellmengen sollten basierend auf Vorlaufzeiten und der historischen Leistung der Lieferanten festgelegt werden. Maximale Lagerbestände werden ebenfalls von Platz, Lagerkosten und dem Management überschüssiger Bestände beeinflusst. Eine Formel kann helfen, diese Werte zu berechnen und somit eine effiziente Lagerverwaltung sicherzustellen.",2.0948057174682617
038_51236,"Du musst nichts beweisen, aber ehrlich und direkt zu sein, kann helfen. Wenn du nicht in der Stimmung bist oder kein romantisches Interesse hast, sag das einfach. Es ist legitim, keinen Kuss haben zu wollen, und lass dich von niemandem dazu drängen. Kommuniziere deine Gefühle klar, ohne zu viel zu erklären. Wenn die andere Person sich kümmert, sollte sie deine Wünsche respektieren. Wenn sie nach deinem Desinteresse weiterhin besteht, überlege, ob du mit ihr zusammen sein möchtest. Wenn sie dich unwohl fühlen lässt, finde einen Vorwand, um zu gehen.",1.3577086925506592
038_23685,"Trage einen tragbaren Musikspieler, Notizblock oder ein Buch, um dein Handy zu ersetzen und die Abhängigkeit davon zu reduzieren. Dieser Ansatz kann helfen, Hobbys wiederzuentdecken, mit anderen in Kontakt zu treten und sich selbst zu verbessern. Anstatt während der Pausen Spiele zu spielen oder zu texten, ziehe es in Betracht, zu lesen, Musik zu hören oder Zeit mit Kollegen zu verbringen. Nimm an praktischen Aktivitäten wie Töpfern oder dem Erlernen eines Instruments teil, um die Bildschirmzeit zu verwalten. Um der Versuchung zu entgehen, in sozialen Medien zu scrollen, plane Ausflüge wie Wanderungen oder Museumsbesuche. Wenn du mit Freunden bist, lege die Handys mit der Bildschirmseite nach unten auf den Tisch, um die Interaktion zu fördern; die erste Person, die nach ihrem Handy greift, bezahlt für die Erfrischungen der Gruppe.",1.545316457748413
038_12700,"Was Sie essen, kann erheblichen Einfluss auf Ihre Stimmung haben, und Depressionen können aus einem Mangel an essentiellen Nährstoffen entstehen. Es ist wichtig, Ihre Ernährung zu überwachen, indem Sie ein Ernährungstagebuch führen, um Kalorien, Vitamine und Nährstoffe zu verfolgen. Vermeiden Sie verarbeitete Lebensmittel und konzentrieren Sie sich auf frische Produkte wie Gemüse und Obst. Lebensmittel, die reich an Tryptophan sind, wie Bohnen, Fisch, Eier und Nüsse, können helfen, die Symptome von Depressionen zu lindern. Regelmäßige Bewegung ist ebenfalls vorteilhaft, da sie ""Wohlfühl""-Hormone im Gehirn freisetzt. Darüber hinaus kann das Journaling Ihrer Gefühle oder die Teilnahme an Online-Foren eine Möglichkeit bieten, Emotionen auszudrücken und Unterstützung oder Informationen über die Erkrankung zu suchen. Es gibt viele Ressourcen, um sich mit anderen in Verbindung zu setzen, die ähnliche Herausforderungen erleben.",1.8714544773101807
038_42905,"Lass deinen Hund nur eine Hand schnüffeln und ignoriere seine Versuche, die Leckerei zu bekommen. Sage ständig ""lass es"" bis er aufhört, die Leckerei zu verfolgen, und vor dir sitzt. Sobald er aufhört, die Leckerei zu verfolgen, lobe ihn und gib ihm die Leckerei aus deiner anderen Hand. Gib ihm nicht die Leckerei aus der Hand, die du benutzt hast, während du ""lass es"" sagst. Sei konsequent in deinem Training und wiederhole den Vorgang, bis er sofort zurückweicht, wenn du es ihm sagst. Sobald er ""lass es"" beherrscht, kannst du das Kommando in der Nähe deiner Katze verwenden, aber beaufsichtige beide Tiere, da dein Hund möglicherweise nicht bereit ist, etwas in Ruhe zu lassen, was er als Beute sieht. Sei geduldig und setze das Training fort, bis er lernt, die Katze auf Kommando in Ruhe zu lassen.",2.1530981063842773
038_8923,"Beim Umzug eines Whirlpools sollten Umzugsdecken nur verwendet werden, wenn er im Truck ist, da sie rutschig sein können. Navigiere vorsichtig durch enge Räume und lasse zwei Personen den Whirlpool führen, um ihn beim Herunterrollen der Rampe im Gleichgewicht zu halten. Stelle sicher, dass alle Türen und Hindernisse frei sind, bevor du den Whirlpool in Position bringst. Wenn Treppen beteiligt sind, sollten zwei Personen vorne stehen und zwei den Griff des Rollwagens verwalten, indem sie den Wagen nach Bedarf die Treppe hoch oder runter ziehen. An der Zielstelle stelle 4x4 Bretter auf, hebe den Whirlpool an, um die Möbelroller herauszuschieben, oder senke ihn vorsichtig auf die Bretter, wenn du einen Gerätewagen verwendest. Dies verhindert Fingerverletzungen beim Absenken des Whirlpools. Reinige abschließend den Whirlpool, fülle ihn mit Wasser und schließe ihn an das Stromnetz an.",2.249099016189575
038_31918,"Du musst nicht lange warten, um eine Uhr zu reinigen, wenn sie nicht sehr schmutzig ist; ein paar Minuten in einer flachen Schüssel einweichen reicht aus. Wenn die Uhr jedoch jahrelang im Schlamm war, könnte sie ein paar Stunden benötigen. Du kannst überschüssiges Wasser mit einem Tuch abwischen und das Armband an der Luft trocknen lassen, was die beste Option ist, wenn es die Zeit erlaubt.",1.6790809631347656
038_50924,"Diese Methode ermöglicht es Ihnen, Ihr BlackBerry zurückzusetzen, ohne die Batterie zu entfernen, funktioniert jedoch nur, wenn Ihr Gerät über eine Tastatur verfügt. Sie müssen die Alt-Taste zusammen mit der Umschalttaste gedrückt halten und während Sie diese halten, auch die Rücktaste/Löschtaste drücken. Der Bildschirm wird sich ausschalten, an diesem Punkt können Sie die Tasten loslassen. Das Smartphone kann einige Minuten oder länger benötigen, um zu seinen normalen Einstellungen zurückzukehren.",1.4517543315887451
038_55049,"Mach dir keine Sorgen um die Organisation; es geht nur um Brainstorming. Nimm dir etwa eine Stunde Zeit, um alles aufzuschreiben, was du jeden Tag tust, einschließlich Aufgaben, die du tun solltest, aber nicht tust. Verwende ein kleines Notizbuch, um deine täglichen Aktivitäten festzuhalten. Keine Aufgabe ist zu klein – wenn sie erledigt werden muss, füge sie hinzu. Beim Erstellen eines Zeitplans gib zuerst alles ein und bearbeite es später, falls notwendig. Liste Aufgaben wie das Gassi gehen mit dem Hund, gesunde Mahlzeiten sicherstellen, zur Arbeit gehen und deine Tochter von der Schule abholen. Du wirst vielleicht überrascht sein, wie viele kleine Aufgaben zu größeren Verantwortungen beitragen. Ein Zeitplan hilft, Bereiche zu identifizieren, die verbessert werden müssen. Wenn du wenig oder keine freie Zeit findest, überdenke die Aufgaben auf ihre Notwendigkeit, Effizienz oder Delegation. Überlege, ob du die Kochpflichten mit einem Nachbarn teilen kannst, um es einfacher zu machen.",2.7082738876342773
038_47981,"Menschen, die andere mobben, sind oft unsicher und werden von Angst, Narzissmus und dem Bedürfnis nach Kontrolle getrieben. Ihr Handeln lässt sie mächtig fühlen, und dies zu erkennen, kann dir helfen, Selbstvertrauen zu gewinnen. Das Verständnis der Gründe hinter dem Necken oder den Beleidigungen einer Person ist entscheidend für eine Lösung. Necken kann aus Eifersucht, Missverständnissen oder dem Wunsch resultieren, sich selbst besser zu fühlen. Manches Necken kann verspielt und harmlos sein, aber das Vermeiden von Angreifern, wenn möglich, kann helfen, negative Erfahrungen zu minimieren. Wenn Mobbing auftritt, insbesondere auf eine Weise, die Gesetze verletzt oder dich unsicher fühlen lässt, ist es wichtig, dies zu melden und Unterstützung von Eltern oder Lehrern zu suchen.",1.9734041690826416
038_54309,"Wenn du dich für einen Job in einem Restaurant bewirbst, sei proaktiv, indem du um ein Menü bittest, das du vorher studieren kannst. Pünktlichkeit ist entscheidend, besonders während der Stoßzeiten. Achte auf die spezifischen Praktiken deines neuen Arbeitsplatzes, auch wenn du Erfahrung hast. Zeige Respekt gegenüber Kollegen und Vorgesetzten und sei auf ein schnelles Arbeitsumfeld vorbereitet. Anfangs musst du möglicherweise hart arbeiten und weniger wünschenswerte Aufgaben übernehmen, aber das wird dir helfen, Respekt und später mehr Optionen zu gewinnen. Behalte eine positive Einstellung trotz möglicher Kritik und zeige Zuverlässigkeit, indem du dich für zusätzliche Schichten freiwillig meldest. Stelle immer Fragen, wenn du unsicher bist, aber vermeide es, deine Jobverpflichtungen in Frage zu stellen.",1.7467851638793945
038_51645,"Drücke deine Füße in die neuen Lederschuhe und erhitze jeden Schuh mit einem Haartrockner für 20-30 Sekunden, während du deine Füße biegst. Lasse die Schuhe an, während sie abkühlen, und probiere sie dann mit dünnen Socken oder Strumpfhosen an. Wenn sie sich ausreichend gedehnt anfühlen, bist du fertig; wenn nicht, wiederhole den Vorgang. Dies hilft, jegliche durch die Hitze verlorene Feuchtigkeit wiederherzustellen.",1.2990758419036865
038_56415,"Um eine Mango zu schneiden, schneide das Fruchtfleisch vom Kern ab und ritz die beiden Stücke mit einem Gitter ein, bevor du das Fruchtfleisch herauslöffelst. Schneide das Fruchtfleisch um den Kern mit einem kleinen Messer ab, sodass du etwa 5 Tassen Stücke ohne Schale erhältst. Die benötigte Anzahl an Mangos kann je nach Größe und Sorte variieren. Für kalten Saft füge Eiswürfel in die Gläser hinzu, bevor du den Mangosaft eingießt, und ziehe in Betracht, mit einer Scheibe Mango zu garnieren. Der Saft kann bis zu 2 Tage im Kühlschrank aufbewahrt werden, länger kann er jedoch nicht haltbar gemacht werden, es sei denn, er wird eingefroren, was eine Lagerung von bis zu 4 Monaten ermöglicht.",1.5153741836547852
038_11595,"Mach dir keine Sorgen um das Heft; konzentriere dich darauf, die Box zu finden, die möglicherweise die Öffnung versiegelt. Sie sollte deutlich beschriftet sein und erscheint normalerweise zusammen mit dem Barcode und der Seriennummer.",0.854245662689209
038_30883,"Wenn du entscheidest, deine Decke an der Luft zu trocknen, entferne zuerst so viel Feuchtigkeit wie möglich, um die Trockenzeit zu verkürzen. Drücke die Decke, anstatt sie auszuwringen, und hänge sie gerade auf eine Wäscheleine oder ein Bügelbrett, idealerweise draußen für bessere Luftzirkulation. Glätte Falten, bevor du die Decke aufhängst, um ungleichmäßiges Trocknen zu vermeiden. Für empfindliche Stoffe wie Wolle, Seide und Leinen solltest du sie immer zum Trocknen aufhängen. Alternativ kannst du die nasse Decke zwischen trockenen Handtüchern sandwichartig legen, um die Feuchtigkeit schneller zu absorbieren. Lege einen schweren Gegenstand darauf, um den Kontakt zu erhöhen. Wenn der Platz begrenzt ist, lege die Decke flach mit trockenen Handtüchern darunter, um Feuchtigkeit aufzunehmen, und wende sie nach Bedarf. Diese Methode dauert länger, erfordert jedoch weniger Aufwand, und du musst sie möglicherweise danach auf niedriger Hitze bügeln, um Falten zu entfernen.",2.1643340587615967
038_32812,"Dein Körper kann dein Interesse an einem Mädchen durch Körpersprache ohne Worte kommunizieren. Wichtige Tipps sind, Augenkontakt zu halten, die Arme entspannt zu lassen, dich beim Sprechen vorzulehnen und zu lächeln, um eine positive Stimmung zu schaffen. Vermeide es, zu lümmeln, um selbstbewusster zu wirken. Subtilität ist entscheidend; deute dein Interesse an, anstatt es direkt auszusprechen. Komplimente solltest du auf subtile Weise geben und Fragen zu ihren Interessen stellen, um sie einzubeziehen. Sobald du dich wohlfühlst, kannst du sie spielerisch über ihre Interessen oder ihr Aussehen necken, wobei du darauf achten solltest, dass es auf eine komplimentierende Weise geschieht.",2.0614752769470215
038_1285,"Dies wird helfen, Datenverlust während des Rooting-Prozesses zu verhindern. Wenn Sie keinen Windows-Computer haben, verwenden Sie Towelroot, wie in Methode drei beschrieben. Wenn Ihr Computer die aktualisierten Treiber nicht installieren kann, gehen Sie zum Samsung Download Center, um die neuesten Treiber zu installieren. Dies öffnet den Odin-Installationsassistenten, und nach Abschluss erscheint das Odin-Symbol auf Ihrem Desktop. Die Datei enthält die Rooting-Software für Ihr Samsung Galaxy S3. Sie wird die .tar-Datei erzeugen, die für das Rooting benötigt wird. Ihr Galaxy S3 wird neu starten und den Bildschirm im Wiederherstellungsmodus anzeigen, wobei es in den Download-Modus bootet. Die Anwendung fordert Sie auf, eine Datei auszuwählen, und Odin wird mit dem Rooting Ihres Geräts beginnen, was einige Minuten dauern kann. Ihr Gerät ist jetzt gerootet, und SuperSU wird im App-Interface angezeigt.",2.189722776412964
038_54508,"Nehmen Sie den Glücksbambus aus seinem Behälter und entfernen Sie den Draht, der die Stängel zusammenhält. Trennen Sie vorsichtig die Wurzeln und Stängel, und lassen Sie das Wasser ablaufen, um die Kieselsteine aufzufangen. Identifizieren Sie gesunde Stängel mit mindestens zwei Knoten und suchen Sie nach einem 4 bis 6 Zoll langen, dunkelgrünen Trieb. Schneiden Sie den Trieb mit einem scharfen Messer oder einer Schere vom Hauptstängel ab, indem Sie ihn nah abschneiden und die unteren Blätter entfernen, während Sie ein Blatt oben intakt lassen. Füllen Sie ein Glas mit 10 cm destilliertem oder Flaschenwasser und platzieren Sie den Schnitt mit dem abgeschnittenen Ende nach unten, ohne ihn vollständig zu untertauchen. Verwenden Sie destilliertes Wasser, um Chlorbeschädigungen zu vermeiden, oder lassen Sie Leitungswasser 24 Stunden stehen. Stellen Sie das Glas an einen hellen Ort, der vor direkter Sonneneinstrahlung geschützt ist. Der Schnitt wird in etwa 30 Tagen Wurzeln schlagen. Ersetzen Sie wöchentlich das Wasser, um Stagnation zu vermeiden, und fügen Sie nach Bedarf mehr Wasser hinzu.",4.512666463851929
038_50727,"Überprüfe das Rad auf Schrauben und benutze einen Schraubendreher, um sie zu entfernen. Bewahre unbeschädigte Schrauben auf, da du sie für das Ersatzrad verwenden kannst. Nachdem du die Schrauben entfernt hast, nimm die kleine Metallklammer und die Bolzen, die das Rad an Ort und Stelle halten, heraus. Entsorge das alte Rad und setze das neue Rad in die Radöffnung, wobei du sicherstellst, dass es sicher sitzt, bevor du es an das Gepäck schraubst. Überprüfe die Passform; wenn es zu eng oder zu locker ist, hast du möglicherweise die falsche Größe. Sichere die Bolzen und die Klammer, und ziehe die Schrauben fest. Teste das neue Rad, indem du das Gepäck hin und her rollst; es sollte reibungslos gleiten. Wenn es wackelt, ziehe die Schrauben erneut fest oder überprüfe die Radgröße.",1.555070161819458
038_26754,"Du kannst schwarze Haarfarbe in einer Apotheke oder einem Kosmetikgeschäft kaufen, und es gibt nur einen echten Schwarzton. Das Farbkits enthält alles, was du brauchst, um die Haare von braun auf schwarz zu färben, aber es kann auch Teppiche und Kleidung beflecken, also trage alte Kleidung und benutze alte Handtücher, um Oberflächen zu schützen. Trage die im Kit enthaltenen Plastikhandschuhe. Mische den Entwickler und die Farbe gründlich in einer Schüssel und schütze deine Haut mit Vaseline entlang des Haaransatzes, um Verfärbungen zu vermeiden. Trage die Farbe mit dem Pinsel und deinen Fingern auf, um eine gleichmäßige Abdeckung sicherzustellen. Nimm dir Zeit für die Anwendung, und du kannst dein Haar in Sektionen aufteilen oder alles auf einmal auftragen. Nach der Anwendung lass die Farbe einwirken, spüle dann dein Haar mit kaltem Wasser, bis das Wasser klar ist. Schließlich pflege dein Haar, um seine Gesundheit zu erhalten, da Shampoo einige Farbe entfernen kann.",1.9014711380004883
038_54122,"Um hartnäckige Ablagerungen in einem Abfluss zu entfernen, beginne damit, etwa ½ Gallone Wasser zum Kochen zu bringen und es in den Abfluss zu gießen, um die Verstopfung zu lösen. Verwende einen Pümpel, um die Ablagerung nach unten zu drücken. Gieße 1 Tasse Backpulver in den Abfluss und lasse es einige Minuten stehen, um Gerüche zu absorbieren und die Ablagerung zu zersetzen. Füge dann 1 Tasse weißen Essig hinzu, decke den Abfluss ab und lasse die Mischung etwa eine Stunde lang stehen, damit sie schäumt und die Verstopfung abbaut. Spüle anschließend mit heißem Wasser nach und wiederhole den Vorgang bei Bedarf. Wenn Ablagerungen weiterhin bestehen, verwende eine Abfluss-Schlange oder einen gebogenen Drahtkleiderbügel, um sie physisch zu entfernen, und folge mit Backpulver und Essig, um Gerüche zu beseitigen.",1.7733941078186035
038_16189,"Gehe zu https://web.skype.com/ in deinem Webbrowser. Dies öffnet deine Skype-Liste der Gespräche, wenn du angemeldet bist. Wenn du nicht bei Skype angemeldet bist, gib deine Microsoft-Konto-E-Mail-Adresse und dein Passwort ein, bevor du fortfährst. Klicke auf der linken Seite auf das Gespräch, aus dem du eine Nachricht entfernen möchtest. Scrolle nach oben, bis du die Nachricht findest, die du löschen möchtest. Ein Dropdown-Menü wird angezeigt. Wenn deine Maus keinen Rechtsklick-Button hat, klicke auf die rechte Seite der Maus oder verwende zwei Finger, um zu klicken. Wenn dein Computer ein Touchpad hat, tippe mit zwei Fingern darauf oder drücke die untere rechte Seite des Touchpads. Es befindet sich im Dropdown-Menü. Dadurch wird die Nachricht sowohl von deiner Seite des Skype-Gesprächs als auch von der Seite des Empfängers gelöscht.",1.4907217025756836
038_7487,"Drücke M, um deine Karte zu öffnen. Die Cargo Box befindet sich in der Nähe des Hafens, der mit einem grünen Ausrufezeichen markiert ist. Klicke auf die grüne Anzeige beim Anglers NPC oder gehe zu den Koordinaten x:595, y:323. Klicke einmal, um sie zu öffnen und erhalte eine Medical Box, die nach dem Öffnen bleibt und nicht erneut angeklickt werden muss. Lass die Medical Box nicht fallen, zerstöre sie nicht und lagere sie nicht. Bewege die Maus über die Medical Box, um die Beschreibung zu sehen, die erwähnt, dass Doctor Cal sie benötigt. Um sie zu liefern, öffne deine Karte und finde Village Doctor Cal im NPC-Drop-Menü. Klicke darauf und dann auf das Stiefelsymbol für die automatische Navigation. Du erhältst den Titel First Aid Assistant, der +2 Kritischer Bonus gewährt. Wenn du Schwierigkeiten hast, vom Hafen zu klettern, springe mit der Leertaste.",2.012918710708618
038_40588,"Um die Farbe Ihres Lidschattens zu verbessern und Ihre Augen heller erscheinen zu lassen, verwenden Sie kontrastierende Farben. Wählen Sie neutrale und Erdtöne, warme Farben und Farbtöne, die Blau und Grün gegenüberstehen. Vorschläge sind Beige, warme Brauntöne, Rot, Orange und Pastellfarben. Für blaue Augen eignen sich dunklere Blautöne und Violetttöne gut, während Grüntöne die Sprenkel in Ihren Augen hervorheben können. Passen Sie Ihren Lidschatten an Ihre Augenfarbe an: Helle blaue Augen passen zu neutralen Brauntönen, mittelblaue Augen zu dunkleren Schattierungen und dunkle blaue Augen können helle Brauntöne oder Pastellorange verwenden. Hautfarbe und Haarfarbe beeinflussen ebenfalls die Wahl des Lidschattens. Bei heller Haut und blonden Haaren sind satte Brauntöne und warme Rosatöne ideal. Für Anlässe sollten Sie neutrale Farben für die Arbeit wählen, helle Lilatöne für den Tag verwenden und Metallic-Farben für Abendveranstaltungen nutzen. Ein Bronzer kann die blauen Töne in Ihren Augen hervorheben, wenn er mit Lidschatten kombiniert wird.",2.7099082469940186
038_17505,"Ein klassisches Hemd mit einer Maxiröcke schafft einen zeitlosen Stil. Kombiniere einen strukturierten Maxirock, idealerweise mit einer taillierten Taille, mit einem einfachen weißen Hemd, das eingesteckt ist. Roll die Ärmel hoch und trage Absätze für einen schicken Look. Ein eingestecktes einfaches T-Shirt funktioniert auch für sommerlichen Komfort, besonders mit einem bedruckten Maxirock. Cropped Tops sind schmeichelhaft, betonen die Taille und strecken den Körper, wenn sie mit einem Maxirock kombiniert werden. Für kühlere Wetterlagen kannst du mit übergroßen Pullovern oder Cardigans schichten und erwägen, eine Tunika oder einen Leder-Trenchcoat für mehr Definition hinzuzufügen. Experimentiere mit verschiedenen Kombinationen, wie einem hell bedruckten Maxirock mit einem einfachen Tanktop und einer Lederjacke für einen femininen, aber kantigen Look.",1.4959425926208496
038_26322,"Die wichtigste Lektion beim Training deines Welpen oder Hundes ist, dass er sich an einem bestimmten Ort erleichtert, vorzugsweise draußen. Häufige Möglichkeiten, nach draußen zu gehen, sind besonders für Welpen mit kleinen Blasen unerlässlich. Achte auf Anzeichen, dass dein Hund hinaus muss, und bringe ihn sofort nach draußen. Lobe ihn ausgiebig, wenn er draußen geht, und gib ihm Leckerlis, aber schimpfe nicht mit ihm für Unfälle drinnen. Es ist wichtig, nach deinem Hund schnell aufzuräumen, um die Ausbreitung von Krankheiten zu vermeiden. Bis dein Hund stubenrein ist, halte ihn in einem kleinen Raum mit einem leicht zu reinigenden Boden und überwache ihn genau. Die Boxenausbildung kann hilfreich sein, da Hunde die Box oft als sicheren Raum ansehen. Beginne damit, den Hund zu ermutigen, die Box zu betreten, und steigere dann allmählich die Zeit, die er darin verbringt, wobei du sicherstellst, dass die Box angemessen groß ist. Lasse einen Hund niemals länger als vier Stunden in einer Box und benutze sie nicht als Bestrafung.",2.3682918548583984
038_10043,"Das Durchtrennen der Nabelschnur ist ein einfacher Vorgang, der die Verwendung einer antibakteriellen Lösung, steriler chirurgischer Handschuhe, eines sauberen Baumwollpads oder steriler Kompressen, einer sterilen Klemme oder Nabelschnurband und eines sterilen scharfen Messers oder einer Schere erfordert. Nach der Geburt wechselt der Blutkreislauf des Babys von der Plazenta, und der Blutfluss durch die Nabelschnur stoppt typischerweise innerhalb von 5 bis 10 Minuten. Der Puls in der Nabelschnur kann anzeigen, wann es sicher ist, zu schneiden. Kunststoffklemmen sind online erhältlich, können aber sperrig sein. Steriles gewebtes Nabelschnurband sollte mindestens ⅛ Zoll breit sein, und andere Materialien können in Notfällen verwendet werden, wenn sie zuvor gekocht wurden. Zwei Bindungen sollten an der Nabelschnur angebracht werden, wobei die zweite Bindung etwa 2 Zoll von der ersten entfernt ist. Es ist entscheidend, sicherzustellen, dass die Nabelschnur geklemmt oder gebunden wird, um Blutungen zu verhindern. Wenn die Werkzeuge nicht steril sind, sollten sie gereinigt und in Alkohol getaucht werden. Ein fester Griff an der Nabelschnur ist notwendig, um einen sauberen Schnitt zu gewährleisten.",2.807694435119629
038_39576,"Nach 24 Stunden ist Ihr Wasser vollständig desinfiziert und Sie können mit dem Prozess der Entfernung von Chlor aus Ihrer Wasserversorgung beginnen. Dazu befestigen Sie so viele Schläuche, wie Sie Außenwasserhähne haben, und binden die Enden an einen Baum oder Zaun, etwa drei Fuß über dem Boden. Dies erleichtert die Überwachung des Wasserflusses. Lassen Sie das Wasser nicht in die Nähe des Septiktanks oder des Sickerfeldes laufen, da Sie diese Bereiche nicht dem chlorhaltigen Wasser aussetzen möchten. Drehen Sie jeden Wasserhahn auf und lassen Sie das Wasser so stark wie möglich laufen. Versuchen Sie, den Wasserstrahl in einen Graben oder an einen Ort zu lenken, an dem das Wasser einigermaßen aufgefangen wird. Stellen Sie nur sicher, dass der Graben nicht zu einem Bach oder Teich führt, da das chlorhaltige Wasser Fische und andere Tiere sowie Pflanzenleben abtöten wird. Überprüfen Sie regelmäßig das Wasser, das aus den Schläuchen kommt, auf Chlor. Verwenden Sie dafür das Chlor-Testkit, da Sie kleine Mengen Chlor möglicherweise nicht nur durch Geruch erkennen können. So langweilig es auch sein mag, es ist wichtig, den Wasserfluss jederzeit im Auge zu behalten, um sicherzustellen, dass der Brunnen nicht austrocknet. Wenn der Brunnen austrocknet, kann die Pumpe durchbrennen, und diese sind sehr teuer zu ersetzen. Wenn es so aussieht, als würde der Wasserdruck nachlassen, schalten Sie die Pumpe aus und warten Sie eine Stunde, bevor Sie den Abfluss wieder aufnehmen. Dies gibt dem Brunnen die Möglichkeit, sich wieder aufzufüllen. Stoppen Sie den Wasserfluss nur, wenn alle Spuren von Chlor entfernt sind – dies kann je nach Brunnen in nur zwei Stunden oder viel länger dauern.",3.1640846729278564
038_34434,"Um femininer zu klingen, hebe deine Stimme um eine halbe Oktave und benutze in Gesprächen eine aufsteigende Intonation, um deinen Ton zu mildern. Passe deine Körpersprache an, indem du beim Sitzen deine Beine überkreuzt und sie näher zusammen hältst, während du stehst, und bringe auch deine Ellbogen nah an deinen Körper. Achte auf eine gute Körperhaltung, um femininer zu erscheinen. Sei höflich und verwende sanftere Sprache, besonders beim Äußern von Beschwerden. Vertraue auf deine Instinkte und Emotionen und erkenne, dass gesellschaftliche Erwartungen dein Selbstbild beeinträchtigen können. Sensibilität und emotionale Intuition werden oft als feminin angesehen. Ignoriere urteilende Menschen und umarme deine Identität mit Selbstvertrauen, und trete für dich selbst ein, wenn es nötig ist.",1.9200186729431152
038_2907,"Schnelles Dehnen der Ohren kann zu ernsthaften Schmerzen und Komplikationen führen. Es ist wichtig, zu warten, bis deine Ohren geheilt sind, bevor du sie weiter dehnst, da ein zu schnelles Dehnen zu einem ""Blowout"" führen kann, was dauerhafte Schäden am Ohrläppchen zur Folge hat. Das schnelle Erhöhen der Größen erhöht das Risiko von Infektionen und kann zu Hautrissen führen. Es wird empfohlen, mindestens einen Monat zwischen den Größen zu warten und nur in 1-Millimeter-Schritten zu erhöhen. Das Überspringen von Größen wird nicht empfohlen, da es dauerhafte Schäden verursachen kann, selbst wenn du wenig Schmerzen verspürst. Wenn intensive Schmerzen oder Widerstand beim Versuch, die Größe zu erhöhen, auftreten, solltest du aufhören und auf die Heilung warten. Es ist auch akzeptabel, dass die Ohren unterschiedlich schnell heilen, sodass entsprechende Anpassungen vorgenommen werden können.",1.4950401782989502
038_53812,"Um einen Zickzackstich zu erstellen, beginne damit, die Nadel an Punkt A einzuführen und sie durch den Stoff nach hinten zu ziehen. Messe die gewünschte Breite (in der Regel 1/4 Zoll) und führe die Nadel an Punkt B ein. Ziehe sie durch, um einen geraden vertikalen Stich zu erstellen. Wiederhole dies, indem du die Nadel an A einführst, einen vertikalen Stich auf der Rückseite erzeugst und dann zu Punkt C wechselst, um einen diagonalen Stich zu erstellen. Setze dieses Muster entlang der Reihe fort und setze die Punkte am Ende jedes Stiches zurück. Beende mit einem vertikalen Stich und mache einen sicheren Knoten am Ende, um die Zickzackreihe abzuschließen.",1.5281102657318115
038_52696,"Um einen weißen Hut aus Baumwolle oder Polyester zu waschen, benötigen Sie eine Tasse Wasserstoffperoxid, einen Esslöffel Geschirrspülmittel und einen Löffel eines Produkts wie Oxi Clean White Revive. Für einen weißen Wollhut benötigen Sie ein speziell für Wolle entwickeltes Waschmittel wie Woolite. Füllen Sie ein Waschbecken oder eine Wanne mit warmem Wasser für einen Baumwoll- oder Polyesterhut und fügen Sie die Reinigungsmittel hinzu. Lassen Sie den Hut 10-15 Minuten einweichen. Für einen Wollhut verwenden Sie kaltes Wasser und lassen ihn mindestens eine Stunde einweichen. Entfernen Sie hartnäckige Flecken mit einer alten Zahnbürste oder Geschirrspülbürste, wobei Sie bei Wolle vorsichtig scrubbing. Spülen Sie den Hut nach dem Reinigen mit Wasser ab und lassen Sie ihn an der Luft trocknen, indem Sie ihn über eine umgedrehte Schüssel legen, um die Form zu bewahren.",2.1480963230133057
038_56617,"Um mit Kohle gut definierte Linien und Kanten zu erstellen, halte sie wie einen Bleistift, damit nur die Spitze das Papier berührt. Übe mehr Druck aus für dunklere Linien, indem du die Kohle zwischen Daumen und Zeigefinger mit der Handfläche nach unten hältst. Verwende breite Striche für größere Flächen und halte dein Handgelenk vom Papier fern, indem du Schulter und Ellbogen benutzt, um ein Verwischen deiner Arbeit zu vermeiden.",1.1488111019134521
038_31477,"Wenn Sie sich über Ihre Berechtigung unsicher sind, bewerben Sie sich trotzdem und stellen Sie später Fragen. Personen, die in irgendeiner Version von Wheel of Fortune oder in bestimmten Reality-Shows im letzten Jahr aufgetreten sind, sind nicht berechtigt. Mitarbeiter oder Verwandte von Sony Pictures oder angeschlossenen Fernsehsendern können sich nicht bewerben. Um sich zu bewerben, besuchen Sie die Website von Wheel of Fortune, fahren Sie mit der Maus über ""CONTESTANTS"" und klicken Sie auf ""Be A Contestant."" Füllen Sie die Altersgruppe und das Anmeldeformular genau aus. Alternativ können Sie am ""Face of the Fan""-Wettbewerb teilnehmen, indem Sie ein 60-sekündiges Video einreichen. Aufgrund der vielen Bewerbungen wird empfohlen, das Anmeldeformular zu verwenden. Der Wheelmobile reist durch das Land, wo Fans sich bewerben und an Interviews und Spielen teilnehmen können, um die Chance auf eine Einladung zu den finalen Auditionen zu erhalten. Sie suchen nach unterhaltsamen, ruhigen Teilnehmern, die strategisch denken und eine positive Einstellung bewahren können. Die Auditionen finden in Hotelballsälen mit simulierten Spielen und Tests statt. Selbst nach der ersten Runde gibt es kein sofortiges Feedback zur Auswahl, und die Kandidaten müssen warten, um kontaktiert zu werden, basierend auf ihren Testergebnissen und dem Gesamteindruck.",2.438467264175415
038_28626,"Sobald die Kristalle sauber sind, schleife sie, um sie weich und glänzend zu machen, indem du verschiedene Körnungen von Schleifpapier verwendest (50, 150, 300 bis 600). Trage eine Schutzbrille, Handschuhe und eine Maske, um Reizungen durch Staub zu vermeiden. Beginne mit dem mildesten Schleifpapier und achte darauf, dass du gleichmäßig über die gesamte Oberfläche schleifst. Arbeite dich durch die Schleifpapierkörnungen und glätte die Makel. Nach dem Schleifen benutze ein leicht feuchtes Tuch, um den Staub zu entfernen, und lasse den Stein trocknen. Das Endergebnis sollte ein sauberer, polierter Quarz-Kristall sein.",1.7505910396575928
038_29280,"Stelle die notwendigen Materialien zusammen, einschließlich eines Farbentferners (vorzugsweise mit Methylenchlorid in einem gut belüfteten Bereich) und absorbierendem Material wie fein gemahlenem Ton oder zerstoßenem Katzenstreu. Halte zur Reinigung eine steife Bürste und Scheuermittel bereit. Erstelle eine Paste mit dem absorbierenden Material und trage sie auf den Farbfleck auf dem Beton auf, wobei du dem Entferner 20 Minuten bis mehrere Stunden Zeit gibst, um zu wirken. Halte die Mischung aktiv, indem du bei Bedarf mehr Verdünner hinzufügst. Nachdem der Entferner gewirkt hat, schabe die Mischung mit einem harten Plastikkratzer ab. Wenn noch Farbe vorhanden ist, trage eine zweite Schicht auf und wiederhole den Vorgang. Verwende die steife Bürste, das Scheuermittel und Wasser, um die Oberfläche zu schrubben, spüle sie dann ab und schrubbe weiter, um die Arbeit abzuschließen.",1.7287211418151855
038_46247,"Klicke auf MSConfig in den Suchergebnissen. Dies öffnet die Systemkonfigurationskonsole, die dir eine Übersicht der als Startoptionen installierten Programme auf deinem Computer gibt. Beachte, dass nicht alle Startobjekte angezeigt werden. Du hast nicht die Möglichkeit, Startobjekte zur Liste in MSConfig hinzuzufügen. Um Objekte, die nicht auf der MSConfig-Liste stehen, hinzuzufügen, verwende die Methode des Startup-Ordners. Für Programme, die du nicht mehr starten möchtest, deaktiviere das Kontrollkästchen. Dies wird die Änderungen, die du an den Startobjekten vorgenommen hast, ändern. Ein Popup-Fenster wird fragen, ob du den Computer neu starten möchtest. Klicke auf ""Neustarten"", um den Computer neu zu starten und die Änderungen zu speichern. Wenn du deinen Computer nicht neu startest, werden deine Startprogramme auf ihre ursprünglichen Einstellungen zurückgesetzt. Wenn du ein Element in MSConfig abgewählt hast, startest du im ""Selektiven Start""-Modus. Dies kann unter dem Tab ""Allgemein"" in MSConfig eingesehen werden. Wenn du dich anschließend entscheidest, ""Normaler Start"" zu wählen, werden alle deaktivierten Elemente wieder aktiviert.",2.0822770595550537
038_47567,"SelfControl ermöglicht es Ihnen, eine bestimmte Website bis zu 24 Stunden lang zu blockieren, um Ihre Produktivität zu steigern. Sobald die Website blockiert ist, gibt es keinen Zugriff darauf, bis der Timer abläuft. Dies macht SelfControl so effizient, erfordert jedoch auch Vorsicht beim Blockieren einer Website. Um SelfControl zu installieren, klicken Sie auf die blaue Schaltfläche in der Mitte der Seite, die die Datei extrahiert, wenn Sie die SelfControl-Zip-Datei anklicken. Dadurch wird sichergestellt, dass SelfControl in Ihrem Anwendungsordner platziert wird, sodass Sie es leicht finden können. Um die SelfControl-App zu öffnen, klicken Sie auf das Symbol, das wie eine Lupe aussieht, in der oberen rechten Ecke des Bildschirms. Wenn Sie eine Warnmeldung erhalten, dass SelfControl.app eine aus dem Internet heruntergeladene Anwendung ist, klicken Sie auf Öffnen. Stellen Sie sicher, dass Sie das ""www"" vor der Website eingeben, z. B. www.youtube.com, um YouTube zu blockieren. Dies fügt die Website zur Blockliste hinzu. Ziehen Sie den Schieberegler nach rechts, um die Dauer der Blockierung zu erhöhen, und nach links, um die Zeit zu verringern. Geben Sie den Benutzernamen und das Passwort für ein Administratorkonto auf Ihrem Mac ein, um SelfControl die benötigte Autorisierung zu geben.",3.0253586769104004
038_1975,"In der Regel sollten Sie alle Schwellungen, die länger als ein oder zwei Wochen bestehen, von Ihrem Tierarzt untersuchen lassen. Es ist jedoch erwähnenswert, dass kleine Schwellungen, die nicht wachsen, nichts absondern oder Ihrer Katze keine Beschwerden bereiten, wahrscheinlich nicht gefährlich sind. Wenn eine Schwellung plötzlich erscheint und merklich wächst, bringen Sie Ihre Katze so schnell wie möglich zum Tierarzt. Einige Schwellungen sind völlig harmlos, wie zum Beispiel hartes Gewebe, das an der Stelle einer Verletzung oder nach einer Operation entsteht, was wahrscheinlich einfach Narbengewebe ist. Wenn eine Schwellung jedoch Ihrer Katze Beschwerden bereitet oder infiziert zu sein scheint, lassen Sie sie sofort untersuchen. Ihr Tierarzt kann wahrscheinlich feststellen, ob eine bestimmte Schwellung flüssigkeitsgefüllt ist, wie ein Abszess, oder fest, wie ein Tumor oder eine Zyste. Sie können jedoch nicht bestimmen, ob ein Tumor harmlos oder gefährlich ist, ohne Tests durchzuführen. Sie benötigen wahrscheinlich eine Nadel oder ein Skalpell, um eine kleine Menge Gewebe aus der Schwellung zu entnehmen und im Labor zu testen. Beachten Sie, dass die ersten Tests schnell, einfach und sicher sein werden. Sie können wahrscheinlich durchgeführt werden, während Ihre Katze wach ist, und verursachen wenig bis keine Schmerzen. Ihr Tierarzt wird eine Biopsie empfehlen, wenn er die Ursache einer Schwellung nicht durch die ersten Tests bestimmen kann. Ihre Katze wird betäubt, damit ein Teil oder die gesamte Schwellung entfernt werden kann. Dies ist sinnvoll, da es Ihrem Tierarzt ermöglicht, eine definitive Diagnose zur Ursache der Schwellung zu erhalten.",3.0446064472198486
038_856,"Niemand mag es, sich mit jemandem zu umgeben, der über alles beschwert. Es ist unangebracht und egoistisch, bei einem Gruppendinner laut über sein Essen zu klagen. Wenn du etwas zu beanstanden hast, mach es später privat. Versuche, die positiven Seiten jeder Situation zu sehen und konzentriere dich darauf, Spaß zu haben. Wenn du keinen Spaß hast, halte inne und überlege, warum. Übertreibe nicht mit Aufregung oder Negativität. Vermeide es, deine Beschwerden als bescheidene Prahlerei zu benutzen. Es ist wichtig, ehrlich zu sein und deinen Worten durch Taten Bedeutung zu verleihen. Wenn du ständig nach Bestätigung suchst, kann das als lame wahrgenommen werden. Lügen, um Schwierigkeiten zu entkommen, sind ebenfalls lame. Statt Ausreden zu finden, um Dinge zu vermeiden, finde Gründe, aktiv zu werden. Höre anderen zu, respektiere sie und sei wirklich an ihrem Leben interessiert. Lame Menschen sind oft selbstbezogen. Lerne Empathie zu entwickeln, um dieses Verhalten zu vermeiden.",2.297750949859619
038_51453,"Lerne deine Schreibgewohnheiten kennen, einschließlich der besten Zeit und des besten Ortes für dich zum Schreiben. Erstelle einen Schreibplan basierend auf diesen Gewohnheiten und halte dich daran. Widme eine bestimmte Zeit ausschließlich dem Schreiben, egal ob es sich um freies Schreiben oder die Planung deines Romans handelt. Die Beibehaltung dieser Routine hilft, eine Gewohnheit zu entwickeln und die Produktivität zu steigern. Wenn du auf Schwierigkeiten beim Schreiben stößt, höre nicht auf; suche stattdessen nach Inspiration und arbeite weiter, auch wenn der Fortschritt langsam ist. Du kannst später immer wieder zu Abschnitten zurückkehren, wenn du mehr inspiriert bist.",1.7998523712158203
038_46075,"Ein Stück Gold hat typischerweise einen Stempel, der seinen Typ angibt, wie ""GF"" oder ""HGP"" für vergoldete Gegenstände und ""24K"" für reines Gold. Punzen befinden sich normalerweise innen in Ringen oder in der Nähe von Verschlüssen an Halsketten, können aber gefälscht sein. Um die Echtheit zu überprüfen, benutze eine Lupe und helles Licht, um die Punze zu untersuchen, da sie klein sein kann. Achte auf Abnutzungserscheinungen an den Kanten, die darauf hindeuten könnten, dass es sich nicht um reines Gold handelt. Überprüfe unter hellem Licht auf winzige weiße oder rote Flecken, da diese darauf hinweisen, dass die Vergoldung abblättert. Zusätzlich kannst du mit einem Magneten testen; wenn er sich zum Gegenstand hin zieht, enthält er andere Metalle und ist kein reines Gold.",1.568563461303711
038_34521,"Du kannst die Größe des Kreises für die Herstellung von Pompoms wählen, wobei kleinere Kreise kleinere Pompoms und größere Kreise größere Pompoms erzeugen. Beginne damit, zwei identische Halbkreise aus einem kleineren Stück Papier auszuschneiden. Lege ein Blatt flach auf das Restpapier und teile das Wabenpapier in 4 bis 8 Abschnitte, indem du markierst, wo die Falten wären, anstatt es zu falten. Verwende abwechselnde Farben für die Markierungen. Wenn du dünnes Papier verwendest, trage den Kleber vorsichtig auf, um ein Reißen zu vermeiden, und wechsle die Klebelinien zwischen den Blättern für einen Waben-Effekt. Um einen mehrfarbigen Pompom zu erstellen, ändere die Papierfarbe in der Mitte des Klebevorgangs. Nach dem Kleben zeichne die Halbkreise nach und schneide sie leicht größer als das Kartonstück aus, indem du Kartonstücke auf jede Seite klebst. Ziehe die genähte Nadel, um sie zu sichern, und lasse Spielraum, damit sich der Pompom öffnet. Ziehe schließlich den Pompom auseinander, um eine kugelförmige Form zu erhalten und das Wabenmuster sichtbar zu machen, wodurch eine sphärische Dekoration entsteht. Viel Spaß mit deinen neuen Dekorationen!",3.2466368675231934
038_16146,"Es ist wichtig, mit jemandem über deine wahren Gefühle zu sprechen, auch wenn du es vor anderen vorgibst. Dies kann ein vertrauenswürdiger Freund, ein Familienmitglied oder ein Berater sein. Gefühle, die in dir eingesperrt sind, können langfristig zu Unzufriedenheit und gesundheitlichen Problemen führen. Auch wenn du deine Emotionen nicht in der Schule oder in Gesellschaft ausdrücken kannst, finde Wege, sie anzuerkennen. Halte deine Gefühle nicht zurück. Versuche, sie zu benennen und finde einen Ausdruck dafür, sei es durch Journaling, Songtexte schreiben, Musik hören, Tanzen, Malen oder Zeichnen. Wenn du das Gefühl hast, glücklich sein zu müssen, um deine Traurigkeit zu bewältigen, könnte es Zeit sein, eine Behandlung für Depressionen in Betracht zu ziehen. Achte auf Symptome einer Depression und bespreche sie mit einem Fachmann, der dir helfen kann, deine Symptome zu managen und einen Raum zu bieten, um deine ehrlichen Gefühle zu teilen. Suche einen Therapeuten über deine Versicherung oder eine lokale psychiatrische Klinik. Du kannst auch eine Empfehlung von einem Familienmitglied oder Freund erhalten.",2.745277166366577
038_27446,"Um Bilder mit Google Bilder zu finden, gehe zu https://images.google.com/ und klicke auf das Kamerasymbol in der Suchleiste. Du kannst nach Bildern suchen, indem du ein Wort oder eine Phrase eingibst und Enter drückst. Wenn du eine Bild-URL hast, klicke auf den Tab ""Bild-URL einfügen"", füge die URL ein und suche. Wenn du ein Bild von deinem Computer hochladen möchtest, klicke auf den Tab ""Bild hochladen"", wähle die Datei aus und klicke auf Öffnen. Google zeigt ähnliche Bilder an, wenn das hochgeladene Foto online verfügbar ist.",1.3511929512023926
038_43660,"Markiere nur Karten mit hohem Wert, um das Risiko des Betrugs rentabel zu machen. Asse sind häufige Karten und gute Kandidaten zum Markieren. Sei geduldig und warte auf eine Karte, für die sich das Betrügen lohnt. Mache sehr subtil eine Markierung auf der Karte, die du im Auge behalten möchtest, sodass nur du sie bemerkst, wenn sie im Spiel oder in der Hand eines anderen Spielers ist. Halte die Markierung so klein wie möglich. Markiere nur die Rückseite oder die Seiten einer Karte. Mache eine Eindellung mit deinem Fingernagel, biege eine Ecke leicht oder mache eine kleine Einkerbung an einer Kante. Spiele die Karte, falte sie oder sende sie auf andere Weise aus deiner Hand. Mach dir keine Sorgen, eine wichtige Karte loszulassen; du wirst sie nicht aus den Augen verlieren. Schau die Karte nicht an, während du sie wegschickst, und beginne nicht sofort, ihren Standort im Spiel zu verfolgen. Achte darauf, wo die Karte ist, indem du nach deiner Markierung suchst. Jetzt kannst du sehen, wo die Karte ist, wenn sie im Spiel ist. Achte auf andere Spieler, die die Karte in ihrer Hand haben könnten, und plane deine Züge entsprechend, wer die Karte hat und wie sie sie nutzen könnten. Sieh nur kurz auf deine markierte Karte, starre nicht darauf, um nicht erwischt zu werden.",2.7475521564483643
038_6127,"Um zu vermeiden, dass du deinem Ex auf sozialen Medien nachtrauern möchtest, schreibe Gründe auf, warum die Beziehung nicht funktioniert hat. Das hilft dir, die negativen Aspekte zu erkennen. Es ist normal, einen Ex zu erwähnen, aber das bewusste Vermeiden des Themas kann dir helfen, dich auf etwas anderes zu konzentrieren. Wenn Freunde deinen Ex erwähnen, ziehe dich aus dem Gespräch zurück. Nutze die Unterstützung von Freunden und Familie, um dich abzulenken und über deine Gefühle zu sprechen. Engagiere dich in Aktivitäten, die du mit deinem Ex nicht machen konntest, wie einen Kurs zu besuchen oder zu lesen. Neue Leute kennenzulernen und neue Erfahrungen zu machen, kann deine Aufmerksamkeit weiter ablenken. Flirten kann auch helfen, dein Selbstvertrauen zu stärken und dich abzulenken.",1.637024164199829
038_14859,"Um einen erkennbaren Barbie-Look zu erreichen, trage so viel Pink wie möglich, einschließlich Kleidung und Accessoires wie Tops, Kleider und Schuhe. Vermeide es, komplett in Pink zu erscheinen; mische stattdessen ein oder zwei pinke Teile mit deinen Outfits. Halte dich über Modetrends auf dem Laufenden, indem du Magazine und Blogs durchstöberst, während du deinen persönlichen Stil beibehältst. Du musst nicht viel ausgeben; ziehe in Betracht, Kleidung mit Freunden zu tauschen oder in Secondhand-Läden einzukaufen. Für Sportkleidung wähle stilvolle Sportbekleidung und süße Bademode für den Strand. Accessoires sind unerlässlich, einschließlich Haaraccessoires, Schmuck und Handtaschen, die zu deinen Outfits passen.",1.4179232120513916
038_13544,"Während der Schwangerschaft haben Frauen keine Menstruation, obwohl leichtes Spotting auftreten kann. Eine ausgebliebene Periode könnte auf eine Schwangerschaft hindeuten, und Heimschwangerschaftstests sind typischerweise am ersten Tag einer versäumten Periode genau, indem sie Ergebnisse durch verschiedene Signale anzeigen. Während die meisten Tests etwa 99 % genau sind, kann die Verwendung von zwei verschiedenen Tests die Zuverlässigkeit erhöhen. Es ist wichtig, die Schwangerschaft durch einen Bluttest beim Arzt zu bestätigen. Nach der Schwangerschaft setzt die Menstruation in der Regel wieder ein, aber das Stillen kann diese Rückkehr verzögern. Wenn die Perioden erheblich verzögert sind, wird geraten, einen Arzt zu konsultieren. Nach dem Abstillen kann leichtes Spotting auf die Rückkehr des Menstruationszyklus hinweisen, der sich in einigen Monaten normalisieren sollte. Ungewöhnlich große Blutgerinnsel können in den ersten Perioden nach der Schwangerschaft auftreten, aber starke Blutungen sollten einen Arzt konsultieren. Selbst ohne sichtbare Menstruation kann Fruchtbarkeit bestehen, daher wird empfohlen, Verhütung zu verwenden, um eine weitere Schwangerschaft zu vermeiden.",2.2228031158447266
038_33570,"Deine Neigung, zu allem ""ja"" zu sagen, könnte dich mit wenig Zeit für dich selbst zurückgelassen haben. Um die Kontrolle zurückzugewinnen, ist es wichtig, ""nein"" sagen zu lernen. Viele haben Schwierigkeiten damit, weil sie sich egoistisch fühlen, aber es ist entscheidend zu erkennen, dass es unmöglich ist, jedem zu gefallen. ""Nein"" zu sagen kann zu mehr Qualitätszeit mit geliebten Menschen und einem ausgewogenen Leben führen. Es ist wichtig, die Gründe für deine Zurückhaltung, Anfragen abzulehnen, zu verstehen und manipulative Taktiken zu erkennen, die von anderen verwendet werden, um dich unter Druck zu setzen. Strategien wie Mobbing, Jammern, Schuldgefühle und Schmeicheln können erkannt und widerstanden werden, um deine Grenzen zu wahren.",2.108294725418091
038_11634,"Händchenhalten bedeutet eine Verbindung und erklärt öffentlich eure Beziehung. Nähern Sie sich ihr nah, Schulter an Schulter, und beobachten Sie ihre Reaktion auf Ihre Berührung. Wenn Sie nervös sind, wischen Sie Ihre Handflächen vorher an der Hose ab, bevor Sie nach ihrer Hand greifen. Beginnen Sie damit, Ihren kleinen Finger mit ihrem zu verknüpfen, was flirtend ist und es ihr ermöglicht, sich leicht zurückzuziehen, wenn sie noch nicht bereit ist. Gehen Sie zu Hand-in-Hand-Kontakt über, indem Sie die Finger ineinander verweben oder Ihren Daumen über ihre Hand legen. Wechseln Sie die Position, um schwitzige Handflächen zu vermeiden. Diese romantische Geste ist ideal beim Gehen oder Stehen in der Nähe, besonders bei einem Höhenunterschied. Sie können Ihren Arm um ihre Taille oder Schultern legen und dabei auf ihren Komfort achten. Wenn Sie sich gegenüberstehen, können Sie sie umarmen oder sanft schnüffeln, wobei Sie sicherstellen, dass sie mit der Intimität einverstanden ist. Schließlich können Sie sie mit einer Umarmung von hinten überraschen und einen Kuss für die Romantik hinzufügen.",1.9694476127624512
038_35097,"Um erfolgreich in deinem Auto zu leben, muss es funktionsfähig sein. Wenn du voraussehen kannst, dass du in deinem Auto leben musst, ziehe in Betracht, einen fensterlosen Lieferwagen für Stauraum und Belüftung zu besorgen. Ein unauffälliger weißer Chevy oder Holden Kastenwagen wird empfohlen, um die Tarnung zu erleichtern. Ein zuverlässiges Fahrzeug ist notwendig, da ein älteres Auto bei mangelnder Wartung liegen bleiben kann. Das Mieten eines Postfachs oder einer Privatpostbox (PMB) kann eine nutzbare Adresse bieten, die nützlich ist, um Pakete zu empfangen. Ziehe eine Mitgliedschaft im Fitnessstudio oder die Einschreibung an einer Volkshochschule in Betracht, um Zugang zu Einrichtungen zu erhalten. Stelle sicher, dass alle Unterlagen, die eine Adresse benötigen, aktuell sind, und bewahre Wertsachen in einem Bankschließfach auf. Wenn Freunde oder Familie nicht helfen können, frage, ob du ihre Adresse nutzen kannst. Eine Adresse zu haben, ist entscheidend, besonders wenn dein Fahrzeug, das dein Zuhause ist, gestohlen wird; der Verlust bedeutet ernsthafte Schwierigkeiten. Ein Schließfach kann für etwa 20 Dollar erworben werden.",4.623192310333252
038_30459,"Das Üben von Stille allein kann Ihre Fähigkeit verbessern, in der Nähe anderer ruhig zu sein. Beschäftigen Sie sich mit Hobbys, die Ruhe erfordern, wie Malen, Schreiben, Yoga oder Vogelbeobachtung. Erhöhen Sie schrittweise die Zeit, die Sie während dieser Aktivitäten in Stille verbringen. Finden Sie alternative Möglichkeiten, um Ihre Gedanken auszudrücken, wie Sport oder Tagebuchschreiben, um überschüssige Energie abzubauen. Begrenzen Sie Ihre Nutzung sozialer Medien, um unnötigen Lärm zu vermeiden, und priorisieren Sie persönliche Gespräche mit Freunden. Ziehen Sie in Betracht, zu meditieren, um Geist und Körper zu beruhigen. Verbringen Sie Zeit in der Natur, um die Ruhe zu schätzen, die sie bietet. Während es Zeit brauchen kann, ruhiger zu werden, wenn Sie von Natur aus gesprächig sind, kann konsequente Anstrengung zu erheblichen Verbesserungen Ihrer Fähigkeit führen, Stille zu bewahren.",1.962663173675537
038_46400,"Tauche einen Wattebausch in Isopropylalkohol und wringe ihn leicht aus. Bei größeren Flecken verwende ein sauberes Geschirrtuch. Drücke den Wattebausch über den Tintenfleck und reibe sanft. Überprüfe regelmäßig, ob die Tinte herauskommt. Lass das Leder nach dem Reiben trocknen. Sobald es trocken ist, bewerte, ob die Tinte vollständig entfernt wurde, und wiederhole den Vorgang bei Bedarf.",1.316873550415039
038_24172,"Mische das Maismehl mit einer Prise Salz in einer großen Schüssel. Verwende deine Finger oder einen Schneebesen, um sie gründlich zu vermengen. Messe warmes Wasser ab und gieße es langsam über das Mehl. Kaufe vorgekochtes Maismehl, wie Harina P.A.N., das klassische Mehl aus Venezuela. Dieses Mehl ist gluten- und konservierungsmittelfrei und ist in weißer und gelber Farbe erhältlich. Wenn Maismehl in deiner Gegend nicht verfügbar ist, kannst du es durch fein gemahlenes Maismehl oder -mehl ersetzen, achte jedoch darauf, dass es vorgekocht ist. Mache dies, wenn du bereit bist, die Arepas zu kochen, bevor du mit dem Frittieren beginnst. Der Ofen sollte vollständig vorgeheizt sein, bevor du die Arepas hineinlegst. Nachdem alle Arepas frittiert und auf ein Backblech gelegt wurden, stelle sie in den vorgeheizten Ofen. Backe sie 15 Minuten lang. Wenn du denkst, dass sie fertig sind, nimm sie aus dem Ofen und klopfe auf die Oberseite der Arepas. Wenn sie hohl klingen - als ob nichts darin wäre - bedeutet das, dass die Arepas fertig sind.",1.9529087543487549
038_14263,"Dieser Prozess entfernt Bakterien von deinen Händen, die auf die Haut um deine Augen übertragen werden könnten. Spüle alle Seifenreste ab, um Augenreizungen zu vermeiden, und vermeide ölige Seifen oder Lotionen, die deine Kontaktlinsen beeinträchtigen können. Stelle sicher, dass deine Hände trocken und frei von Partikeln sind, da selbst kleine Rückstände deine Kontaktlinsen reizen können. Verwende ein sauberes Linsenetui mit frischer Lösung, um deine Kontaktlinsen zu übertragen, und benutze niemals wiederverwendete Kontaktlinsenlösung. Über einem verstopften Waschbecken zu stehen, während du deine Kontaktlinsen entfernst, kann helfen, diese aufzufangen, falls sie herunterfallen, was es einfacher macht, sie zu finden.",1.7488272190093994
038_16765,"Schnapp dir eine Gitarre und sing ein Lied, um deine besondere Dame zum Abschlussball einzuladen. Serenadiere sie nach der Schule oder in der Cafeteria. Wenn du nicht Gitarre spielen kannst, lerne ein Lied nur für sie oder lass einen Freund spielen, während du singst. Schreibe ein personalisiertes Gedicht, das ihr sagt, wie toll sie ist, und frage sie nach dem Prom, dann überreiche es ihr oder verstecke es in ihrem Lehrbuch oder Schließfach. Dekoriere ihr Schließfach oder Auto mit abwaschbarer Farbe und füge herzförmige Süßigkeiten mit einer Nachricht hinzu. Überreiche ihr Blumen mit einer Notiz, die sie zum Prom einlädt, möglicherweise mit einer lustigen Liefermethode. Reserviere im Restaurant ein Dessert mit einer Nachricht, die mit Zuckerguss geschrieben ist. Du kannst auch Donuts mit “PROM?” darauf verwenden.",1.6485340595245361
038_14148,"Die Menge an Radiotracer, die für eine Knochenscan injiziert wird, ist gering, kann jedoch bis zu 3 Tage lang Strahlung im Körper erzeugen, was das Risiko erhöht, dass gesunde Zellen sich in Krebszellen umwandeln. Es ist wichtig, die Vor- und Nachteile mit Ihrem Arzt vor dem Scan zu besprechen. Ein Knochenscan setzt Sie ähnlichen Strahlungslevels wie ein Ganzkörper-Röntgen aus und weniger als ein CT-Scan. Das Trinken von Flüssigkeiten für 48 Stunden nach dem Scan kann helfen, verbleibenden radioaktiven Tracer zu eliminieren. Wenn Sie stillen, pumpen Sie Ihre Muttermilch und entsorgen Sie sie für 2-3 Tage danach. Allergische Reaktionen auf den Radiotracer sind selten, können aber schwerwiegend sein; rufen Sie Ihren Arzt an, wenn Symptome nach dem Scan auftreten. Der Tracer wird in 1-4 Stunden von den Knochen aufgenommen, die meisten allergischen Reaktionen treten jedoch innerhalb von 30 Minuten auf. Es besteht ein geringes Risiko für Infektionen oder Blutungen an der Injektionsstelle; überwachen Sie die Anzeichen einer Infektion und kontaktieren Sie Ihren Arzt, wenn Symptome auftreten. Stellen Sie sicher, dass die Injektionsstelle vor dem Eingriff gereinigt wird.",2.579500436782837
038_6899,"Um zwischen Tabs auf einem Telefon mit Android oder iOS und dem Chrome-Mobile-Browser zu wechseln, befolge diese Schritte: Tippe auf das Tab-Übersichts-Icon, das auf Android 5+ wie ein Quadrat oder auf dem iPhone wie zwei überlappende Quadrate aussieht. Android 4 oder älter kann entweder ein Quadrat oder zwei überlappende Rechtecke anzeigen. Scrolle vertikal durch die Tabs und drücke den gewünschten Tab. Der Chrome-Browser auf den meisten Android- oder iOS-Handys kann auch mit Fingerbewegungen zwischen den Tabs wechseln: Wische auf Android horizontal über die obere Symbolleiste, um schnell zwischen den Tabs zu wechseln, oder ziehe vertikal nach unten von der Symbolleiste, um die Tab-Übersicht zu öffnen. Auf iOS lege deinen Finger an den linken oder rechten Bildschirmrand und wische nach innen. Ein Tablet zeigt alle geöffneten Tabs oben auf dem Bildschirm an, genau wie ein Computerbrowser. Tippe auf den Tab, zu dem du wechseln möchtest. Um die Tabs neu anzuordnen, drücke lange auf den Tab-Namen und ziehe ihn an eine andere Position.",2.2933189868927
038_2360,"Ein informeller Blurb ist ähnlich wie eine professionelle Biografie, verwendet jedoch eine lässigere Sprache, die die Persönlichkeit durch Humor und bunte Wörter zeigt. Er erlaubt Kontraktionen und Ausrufezeichen, während er gleichzeitig die grammatikalische Korrektheit beibehält und Slang vermeidet. Der Blurb sollte wichtige Informationen über die Person enthalten, und es ist oft besser, in der ersten Person zu schreiben, insbesondere in sozialen Medien. Persönliche Interessen, Hobbys oder Erfahrungen, die für den Zweck des Blurbs relevant sind, können einbezogen werden. Der Blurb sollte prägnant sein, typischerweise ein kurzer Absatz von 3 bis 5 Sätzen oder etwa 100 bis 200 Wörtern, und wenn man sich über die Länge unsicher ist, sollte man sich an Richtlinien oder frühere Beispiele orientieren.",1.7482082843780518
038_55120,"Eine Liste der aktuellen E-Mails wird auf einem Teil des Bildschirms angezeigt, die den Absender und den Betreff zeigt. Ihre E-Mail öffnet sich vollständig oder teilweise zum Lesen, mit einer ""Zurück""-Schaltfläche, um zu Ihrer E-Mail-Liste (Posteingang) zurückzukehren. Unter der ""Posteingang""-Schaltfläche befinden sich weitere Ordner, wie ""Gesendete E-Mails"", in denen Sie auf die E-Mails zugreifen können, die Sie gesendet haben. Der ""Entwürfe""-Ordner enthält E-Mails, die Sie begonnen haben, aber noch nicht gesendet haben, und je nach Ihrem E-Mail-Anbieter kann es zusätzliche Ordner geben.",1.6579842567443848
038_3110,"Um Spiegel während eines Umzugs zu schützen, verwende Malerkrepp, um X-Formen auf das Glas zu erstellen, um ein Zerbrechen zu verhindern. Decke die Ecken mit Karton ab, der mit Klebeband gesichert ist. Schneide zwei Kartonstücke für die Vorder- und Rückseite des Spiegels, wickle ihn in ein altes Bettlaken und sichere ihn mit Packband oder Luftpolsterfolie. Für zusätzlichen Schutz kannst du Styroporstücke auf der Vorder- und Rückseite verwenden. Wenn der Spiegel in eine Kiste passt, füge zusätzliche Polsterung wie Laken oder Handtücher hinzu. Für einen Fernseher, decke ihn mit einer alten Decke ab, verwende Styroporblöcke zum Schutz und sichere die Kabel an der Basis. Bei Lampen entferne die Glühbirne und den Lampenschirm, wickle das Kabel ein und sichere es mit Klebeband, dann packe es in eine Kiste mit zerknittertem Zeitungspapier. Barhocker sollten in Luftpolsterfolie eingewickelt und die Stoffsitze mit Plastik abgedeckt werden. Leere Backregale und packe die Gegenstände separat, indem du die Regale sicher einwickelst. Aktenschränke sollten geleert, abgeschlossen und mit einer Umzugsdecke abgedeckt werden, bevor du umziehst.",2.937976598739624
038_43637,"Bestimme die Art der Tapete an deinen Wänden. Vinyl-Tapete ist einfach zu reinigen, während beschichtete Stofftapete gewaschen werden kann, wenn sie eine Acryl- oder Vinylbeschichtung hat. Unbeschichtete Papiertapete sollte nur punktuell gereinigt werden. Vermeide für Vinyl-Tapete abrasive Reinigungsmittel und verwende einen trockenen Schwamm für unbeschichtete Wände. Mische Geschirrspülmittel mit warmem Wasser zur Reinigung und teste die Lösung zuerst an einer versteckten Stelle. Reinige von oben nach unten und in kreisenden Bewegungen, wobei du darauf achtest, nicht zu viel Seife zu verwenden. Spüle mit sauberem Wasser unter Verwendung eines neuen Tuchs und trockne sofort mit einem Frottiertuch, um Feuchtigkeitsschäden zu vermeiden.",1.7958626747131348
038_42167,"Um professionell Fußball zu spielen, ist es wichtig, die körperliche Fitness zu priorisieren und die Statistiken von Profisportlern zu erreichen. Integriere ihre Trainingsroutinen, wobei der Fokus auf Übungen wie Bankdrücken und Kreuzheben mit schweren Gewichten für niedrige Wiederholungszahlen liegt. Trainiere große Muskelgruppen und übe Sprints, wobei du allmählich Distanz und Intensität erhöhst und ausreichend Erholungszeit einplanst. Halte während des Trainings eine hohe Herzfrequenz, um die explosive Energie, die im Fußball benötigt wird, nachzuahmen. Auch die Ernährung ist entscheidend; konsumiere eine proteinreiche Ernährung mit mageren Optionen wie Hähnchen, Fisch und Bohnen und passe die Kalorienaufnahme je nach Position und Trainingsbedarf an.",1.7643437385559082
038_29493,"Setz dich an einen Tisch mit den Ellbogen darauf und trage ein in die Hose gestecktes Hemd. Du kannst um eine Münze bitten und warnen, dass sie verschwinden wird. Halte die Münze in deiner rechten Hand und reibe sie an deinem linken Unterarm, dann tu so, als würdest du sie auf den Tisch fallen lassen. Hebe sie auf und behaupte, es funktioniert besser mit dem anderen Arm, und tu so, als würdest du sie in deine linke Hand übertragen, während du sie in deiner rechten versteckst. Reibe deine linke Hand an deinem rechten Unterarm und halte Blickkontakt mit dem Publikum, um sie abzulenken. Während du sie ablenkst, lasse die Münze in dein Hemd fallen.",1.6156487464904785
038_29685,"Nachtschreck sind bei Kindern häufiger, bis zu 6,5 % von ihnen sind betroffen, während nur 2,2 % der Erwachsenen sie erleben. Bei Kindern sind Nachtschreck in der Regel nicht alarmierend und stehen oft im Zusammenhang mit der Reifung des zentralen Nervensystems. Sie wachsen normalerweise aus ihnen heraus und können eine genetische Komponente haben, da die familiäre Vorgeschichte eine Rolle spielt. Bei Erwachsenen können Nachtschreck mit psychologischen Problemen wie Trauma, Stress, PTSD oder Substanzmissbrauch verbunden sein und sind häufig mit anderen psychischen Erkrankungen assoziiert. Typische Verhaltensweisen während von Nachtschreck sind das Aufsetzen, Schreien, Zappeln, Schwitzen und Verwirrung beim Aufwachen. Sie treten in der Regel während des Non-REM-Schlafs auf, insbesondere in den frühen Stunden. Personen, die Nachtschreck erleben, können sich selbst oder anderen gefährden, und es wird nicht empfohlen, sie zu wecken, es sei denn, sie sind in Gefahr. Es ist wichtig, bei ihnen zu bleiben, bis sie sich beruhigen.",2.3059792518615723
038_54078,"Menstruation tritt normalerweise bei Mädchen im Alter von neun bis 13 Jahren auf. Zu Beginn kann der Zyklus unregelmäßig sein, während sich der Körper an die physiologischen Veränderungen anpasst. Einige Monate vor der ersten Periode kann ein klarer oder weißer Ausfluss auftreten, was normal ist. Der Menstruationszyklus hat drei Phasen: die Follikelphase, die Lutealphase und die Menstruationsphase. In dieser Zeit können auch Krämpfe, Blähungen, Stimmungsschwankungen und Kopfschmerzen auftreten. Bei starken Beschwerden sollte ein Arzt aufgesucht werden. Es ist wichtig, während der Menstruation aktiv zu bleiben und geeignete Hygieneprodukte wie Binden oder Tampons zu verwenden. Tampons sollten alle vier bis acht Stunden gewechselt werden, um das Risiko eines toxischen Schocksyndroms zu vermeiden. Die Pubertät bringt auch Veränderungen wie öligere Haut und Akne mit sich, die durch eine gute Hautpflege behandelt werden können. Brustwachstum und das Wachstum von Körperbehaarung sind weitere Anzeichen der Pubertät. Mädchen sollten mit ihren Eltern über das Tragen eines BHs sprechen und beim Rasieren von Körperhaaren vorsichtig sein.",2.0380654335021973
038_39108,"Um den Rauchgeruch in deinem Raum zu minimieren, dichte Bereiche ab, aus denen Rauch entweichen könnte, und leite ihn sicher nach draußen, beispielsweise durch ein offenes Fenster oder Deckenventilatoren. Stelle sicher, dass der Rauch nicht in andere Räume gelangt. Reinige deinen Raum, um verbleibende Rauchpartikel zu reduzieren, indem du Wände wäschst, Teppichreiniger verwendest und staubsaugst. Verwende Backpulver auf Möbeln, um Gerüche zu beseitigen, und entferne alte Zigarettenstummel, da sie weiterhin Gerüche abgeben können. Obwohl Luftreiniger den Rauchgeruch möglicherweise nicht vollständig beseitigen, können sie helfen, ihn zu reduzieren; ionisierende und HEPA-Filter werden empfohlen. Pflanzen können die Luft auf natürliche Weise filtern und die Luftqualität verbessern.",1.5932025909423828
038_31361,"Frisches Obst und Zutaten mit einer begrenzten Haltbarkeit, wie z.B. Kokosraspel, sollten direkt vor dem Kochen zur Mischung hinzugefügt werden, nicht vor der Lagerung.",0.7080860137939453
038_35595,"Dies wird verhindern, dass die Farbe durchläuft, indem die Seiten getrennt werden. Wenn kein Karton verfügbar ist, verwenden Sie ein anderes stabiles Material. Legen Sie das Shirt flach und entfernen Sie alle Falten. Der Karton-Einsatz sollte etwas kürzer sein als die Breite des Shirts. Wenn Sie ein T-Shirt verwenden, ziehen Sie in Betracht, darunter einen Pullover in der Farbe Ihrer Schildkröte zu tragen. Für Inspiration oder Vorlagen schauen Sie online nach Darstellungen der Schildkröten oder anderen Kostümdesigns. Das Gelb steht für den unteren Teil des Panzers und sollte Ihrer Größe entsprechen. Ein Pappteller ist die einfachste Option für eine Palette, da er später entsorgt werden kann, ohne ein Durcheinander zu verursachen.",2.254218101501465
038_55959,"Viele Angreifer haben einen Anführer; versuche, ihn zuerst in einen Eins-gegen-Eins-Kampf zu verwickeln, da das Niederlegen ihn möglicherweise immobilisiert. Vermeide es, von mehreren Angreifern umzingelt zu werden, da dies deine Chancen auf einen Sieg erhöht. Sei dir immer der anderen Gegner bewusst und bereit, sie anzugreifen. Halte die Angreifer in einer Linie, um einen zu bekämpfen und andere zu vermeiden. Das Ziehen einer Waffe kann die Situation ausgleichen, sei aber vorsichtig, wenn du nicht geübt bist, da sie gegen dich verwendet werden könnte. Wenn du dich zum Kämpfen verpflichtet hast, ziehe es durch oder finde einen Weg zur Flucht. Nutze Taktiken wie das Werfen von Gegenständen, um Gegner abzulenken. Bleibe agil mit schnellen, kleinen Schritten, und ziele auf die Schwachstellen deiner Angreifer. Nutze alle notwendigen Mittel, einschließlich Beißen oder Kratzen, um dich zu verteidigen. Wenn dich mehrere Gegner festhalten, wird die Flucht schwierig, sei also auf Ausgänge vorbereitet und befolge effektive Kampftechniken.",2.0292460918426514
038_39382,"Es ist ein blauer Globus mit einem orangefarbenen Fuchs, der sich in der oberen rechten Ecke des Firefox-Fensters befindet. Ein Klick darauf öffnet ein Dropdown-Menü, in dem sich eine Option nahe der Spitze befindet. Diese Option am Ende des Verlaufsmenüs öffnet deinen Firefox-Verlauf in einem separaten Fenster. Ein Doppelklick auf einen Suchbegriff öffnet ihn in deinem Firefox-Browser. Du kannst Verlaufsobjekte, wie spezifische Seiten oder ganze Ordner, löschen, indem du mit der rechten Maustaste (oder mit zwei Fingern) darauf klickst und Löschen auswählst.",1.4019298553466797
038_8168,"Es ist eine grüne App mit einem weißen ""X"" darauf, die sich in der oberen linken Ecke des ""Vorlagen""-Fensters befindet. Die ausgewählte Zelle ist nicht wichtig, es sei denn, Sie planen, Daten mit der Arbeitsmappe zu erstellen. Dies bereitet die Zelle für eine Formel vor, die in Ihrer ausgewählten Zelle rechts vom ""Gleichheitszeichen"" erscheint. Zum Beispiel könnten Sie Ihr Monatseinkommen in diese Zelle eingeben. Es wird nach der eingegebenen Zahl angezeigt. Wenn Sie mehrere Zahlen subtrahieren müssen (z.B. X-Y-Z), wiederholen Sie diesen Schritt für jede nachfolgende Zahl, außer der letzten. Bei der Berechnung eines Budgets könnten Sie einen Aufwand in diese Zelle eingeben, der dann die Formel berechnet und durch die Lösung ersetzt. Sie können auf die Zelle klicken, um die ursprüngliche Formel in der Textleiste über der Buchstabenreihe anzuzeigen.",1.8768713474273682
038_28665,"Frauen benötigen täglich mindestens 11,5 Tassen Wasser, während Männer mindestens 15,5 Tassen benötigen. Um die Flüssigkeitsaufnahme zu erhöhen, trinke Wasser, Tee, Smoothies und Sportgetränke und snacke auf wasserreiche Früchte und Gemüse. Aktive Personen benötigen möglicherweise mehr Wasser. Es ist wichtig, Proteinquellen in jede Mahlzeit und jeden Snack einzubeziehen, um den Muskelaufbau zu unterstützen, wobei eine empfohlene Berechnung für die Proteinzufuhr auf der täglichen Kalorienaufnahme basiert. Kohlenhydrate sind wichtig für die Energieversorgung, wobei komplexe Kohlenhydrate vorteilhafter sind als einfache Kohlenhydrate. Gesunde Fette sind ebenfalls notwendig, um die Gesundheit und den Muskelaufbau zu erhalten, und ihre Aufnahme kann ähnlich berechnet werden. Verarbeitete Lebensmittel und gesüßte Getränke sollten minimiert werden, um Gesundheitsziele zu erreichen, aber Mäßigung bei Lieblingsspeisen ist akzeptabel.",1.5677733421325684
038_34196,"Sie können die Dropbox-App kostenlos im App Store herunterladen, indem Sie sicherstellen, dass Sie mit einem Netzwerk verbunden sind, nach ""Dropbox"" suchen und auf ""Get"" und dann auf ""Install"" tippen. Die App kann einige Minuten zum Herunterladen und Installieren benötigen. Dropbox-Konten sind kostenlos und bieten 2 GB Speicherplatz, und Sie können bezahlen, um den Speicherplatz zu erhöhen. Um ein Konto zu erstellen, tippen Sie auf ""Sign Up"" und folgen Sie den Anweisungen; wenn Sie bereits ein Konto haben, tippen Sie auf ""Sign In"". Wenn diese Funktion aktiviert ist, werden neue Bilder und Videos, die Sie mit Ihrem iPad aufnehmen, automatisch in Ihrem Dropbox-Konto gesichert, eine Funktion, die später deaktiviert werden kann. Wenn Sie das kostenlose Konto verwenden, kann es ratsam sein, diese Funktion zu deaktivieren, da sie schnell Ihren Dropbox-Speicher füllen kann.",1.5669374465942383
038_13941,"Babydoll-Kleider waren in den 90er Jahren sehr beliebt und hatten meist kurze Ärmel und Blumenmuster. Diese Kleider waren Variationen der blumigen Kleider, die in den 1930er Jahren populär waren. Für den Alltag wurden sie oft mit Kampfstiefeln, Turnschuhen oder einer Jeansjacke kombiniert. Körperbetonte Samtkleider (zum Beispiel in Weinrot oder Schwarz) waren ebenfalls im Trend. Trage bauchfreie Tops und kombiniere sie mit hochtaillierten Jeans, einem kurzärmeligen T-Shirt, Tanktop oder Cardigan. Eng anliegende T-Shirts waren bei Frauen ebenfalls beliebt. Schmetterlingsklammern in den Haaren waren ein weiteres modisches Accessoire, wobei man die vordere Haarpartie in kleinen Abschnitten zurückziehen und mit Klammern befestigen konnte. Karierte Hemden, Röcke und Kleider waren Grundnahrungsmittel der 90er Jahre. Lange Latzhosen, Latzshorts und Latzkleider waren sehr angesagt. In den 90ern gab es eine Wiederbelebung der Mode aus den 70ern, die viele Hippie- und Disco-inspirierte Trends umfasste. Trage alles mit Batikmustern, Friedenssymbolen oder Blumen. Finde ein Paar Schlaghosen, die oben eng anliegen und unten weit ausgestellt sind. Trage Plattformschuhe, die in den 90ern sehr beliebt waren und in verschiedenen Farben und Stilen erhältlich sind.",2.4779937267303467
038_54900,"Sobald die Donuts geformt sind, lege sie auf ein mit Backpapier ausgelegtes und mit Antihaftspray besprühtes Backblech. Rolle den Teig zu einem 30 cm großen Quadrat aus, das etwa 1,27 cm dick ist, und schneide es mit einem runden Ausstecher in 9 Donuts. Übertrage die Donuts auf das vorbereitete Backblech, decke sie mit Frischhaltefolie ab und lasse sie an einem warmen Ort 2 bis 3 Stunden gehen. Bereite eine Schüssel mit Zucker zum Beschichten der frittierten Donuts vor. Erhitze Rapsöl in einem Topf auf 180 Grad Celsius und frittiere die Donuts in Chargen 2 bis 3 Minuten auf jeder Seite, bis sie goldbraun sind. Lass das überschüssige Öl auf Küchenpapier abtropfen und wälze jeden Donut im Zucker. Lass sie vollständig für 30 bis 40 Minuten abkühlen, bevor du sie mit Schokolade füllst.",2.011915445327759
038_31454,"Das Trainieren deines Gehirns durch neue Erfahrungen kann deine kreativen Denk- und Problemlösungsfähigkeiten verbessern. Sich mit Lernen und Erfahrungen auseinanderzusetzen, fördert die Kreativität. Ziehe in Betracht, etwas Neues zu lernen, wie zum Beispiel ein Instrument zu spielen, was den akademischen Erfolg unterstützen kann, oder erkunde Kunst und Genres, die dich normalerweise nicht interessieren. Spiele wie Super Mario können die Gehirnplastizität erhöhen, was das Gedächtnis und die kognitiven Funktionen verbessert. Aktivitäten, die Planung, Logik und Reflexe erfordern, können dein Gehirn stimulieren. Denke an Gehirnspiele wie Logikrätsel, Kreuzworträtsel und Sudoku, die hilfreich sind, sowie an Gehirntrainings-Apps wie Lumosity. Häufigeres Lesen kann deinen Wortschatz erweitern, was mit größerem Erfolg in Verbindung steht. Aufgaben mit deiner nicht-dominanten Hand auszuführen, kann neue neuronale Wege schaffen und Kreativität sowie Offenheit verbessern. Beginne mit einfachen Aufgaben, bevor du zu komplexeren Aktivitäten übergehst.",1.8649978637695312
038_25001,"Es ist ein Einschalttaste, die sich typischerweise auf der Rückseite des Routers befindet und verwendet wird, um die Reset-Taste zu drücken. Die ""Power""-Leuchte sollte blinken, während du die Taste gedrückt hältst. Neuere Modelle setzen nach 10 Sekunden zurück, während bei älteren Modellen das Drücken der ""Reset""-Taste für 30 Sekunden erforderlich sein kann. Wenn die ""Power""-Leuchte konstant leuchtet, ist der Reset abgeschlossen. Wenn weiterhin keine Internetverbindung besteht, versuche, deinen Computer neu zu starten.",1.1257200241088867
038_41394,"Dies ist eine bedeutende Frage, die Zeit und Reflexion erfordert. Das Bestimmen des Zwecks der Menschheit kann Ihnen helfen, Ihren persönlichen Zweck festzulegen, wie zum Beispiel Ihrer Gemeinschaft zu helfen, zu gedeihen. Identifizieren Sie inspirierende Personen und deren Eigenschaften, die Sie nachahmen möchten, und ziehen Sie in Betracht, eine Liste in einem Zweckjournal zu führen. Aus Ihrer Komfortzone herauszutreten ermöglicht eine breitere Sichtweise auf die Welt und hilft Ihnen, Ihre Leidenschaften und Ihren Zweck zu bewerten. Überlegen Sie, wie Sie mit anderen interagieren möchten und wie sie Sie wahrnehmen. Suchen Sie, falls nötig, Rückmeldungen von Freunden zu Ihren Stärken. Verstehen Sie, dass Ihr Zweck mehrere Interessen umfassen kann, was Ihnen Flexibilität bietet. Nach der Selbstbewertung und der Erweiterung Ihrer Perspektive entscheiden Sie, was der Zweck Ihres Lebens sein soll, und bedenken Sie, dass er sich weiterentwickeln kann. Schreiben Sie es auf und platzieren Sie es an einem Ort, an dem Sie es täglich sehen können, um sicherzustellen, dass Sie auf diesen Zweck hinarbeiten.",1.9700913429260254
038_21113,"Um das Krallenwachstum bei Katzen zu verwalten, wird regelmäßiges Trimmen empfohlen, und es ist am besten, einen Tierarzt um Rat zu fragen, wenn man unsicher ist, wie man es macht. Katzen können anfangs gegen das Schneiden der Krallen resistieren, aber mit Geduld und Lob können sie sich daran gewöhnen. Wohnungskatzen profitieren davon, wenn die Spitzen ihrer Krallen mit einer Nagelschere abgestumpft werden, wobei die richtige Technik entscheidend ist, um Verletzungen zu vermeiden. „Soft Paws“-Kappen können angebracht werden, um Oberflächen zu schützen, fallen nach einigen Wochen ab und müssen erneut angebracht werden. Den Zugang nach draußen zu ermöglichen, kann das Kratzen an Möbeln reduzieren, da Katzen auf natürliche Weise Bäume zum Kratzen finden. Das Declawing, obwohl eine schnelle Lösung für Möbelbeschädigungen, ist ein chirurgischer Eingriff mit erheblichen Risiken und ethischen Bedenken und in vielen Orten illegal. Es kann zu Verhaltensproblemen, Stress und physischen Problemen führen, daher ist es wichtig, alle Faktoren zu recherchieren und zu berücksichtigen, bevor man sich für das Declawing entscheidet. Überprüfen Sie immer die Adoptionsverträge auf Richtlinien zum Declawing.",2.056171178817749
038_2008,"Um dies zu tun, klicken Sie mit der rechten Maustaste auf Ihr Touchpad oder Ihre Maus. Dadurch wird das Kontextmenü geöffnet. Es befindet sich am unteren Ende des Menüs. Es ist ein Tab oben im Dialogfeld. Es befindet sich in der unteren rechten Ecke des Dialogfelds. Es ist in der unteren linken Ecke des Bildschirms. Es liegt in der Mitte des Dropdown-Menüs. Es befindet sich rechts von dem Feld mit der Bezeichnung ""Größe"". Dadurch wird die Größe der Desktop-Symbole schrittweise erhöht. Alternativ können Sie eine größere Zahl in das Feld ""Größe"" eingeben. Es befindet sich in der unteren rechten Ecke des Dialogfelds. Es ist in der Mitte des unteren Teils des Dialogfelds. Jetzt sind die Symbole auf Ihrem Desktop größer.",1.9724130630493164
038_29580,"Du benötigst ein Lineal, ein Bastelmesser, Marker oder Stifte und ein Blatt Papier oder Karton. Falte das Papier einmal in der Breite, und mache dann zwei weitere Falten in die entgegengesetzte Richtung. Das gefaltete Papier sollte zwei Stufen wie eine Treppe ähneln. Die Buchstaben können in jedem dicken Stil sein, wobei die Kanten mit den Falten ausgerichtet sein müssen. Dekoriere die Buchstaben mit Markern oder Stiften und benutze ein Lineal für dünne Linien darüber. Schneide die Umrisse jedes Buchstabens mit dem Bastelmesser aus und vermeide die oberen und unteren Kanten. Du kannst das Innere bestimmter Buchstaben nach Belieben ausschneiden. Falten Sie schließlich das Blatt zu einer Box, wobei die Buchstaben die Vorderseite bilden und die oberen und unteren Viertel mit Klebeband oder Kleber gesichert werden.",1.5142912864685059
038_22158,"Schließe und verriegle alle Türen und Fenster in deinem Zimmer für Privatsphäre, besonders nachts. Verwende Handtücher oder Decken, um Lücken unter der Tür abzudecken. Bring deine eigenen Handtücher zum Sitzen mit und halte dir Beschäftigungen bereit, während du nackt bist. Organisiere deine Kleidung, um das Ankleiden bei Bedarf zu erleichtern, oder halte ein Handtuch bereit, um dich schnell zu bedecken. Beschäftige dich mit verschiedenen Aktivitäten wie Lesen, Sport oder Selbstmassage. Denk daran, dass Nudismus nicht sexuell ist und um natürliche Freiheit geht. Recherchiere über Nudismus, um die Prinzipien besser zu verstehen. Obwohl du es genießen kannst, nackt zu sein, kannst du auch bei Bedarf Kleidung tragen und in ein gekleidetes Leben zurückkehren, wenn es erforderlich ist.",1.4699969291687012
038_56710,"In einem großen wiederverschließbaren Plastikbeutel Essig, Öl, Salz und Pfeffer hinzufügen. Wenn Sie Bedenken haben, dass der Beutel ausläuft, können Sie ihn auf einen Teller oder in eine kleine Auflaufform stellen. Wenn der Beutel nicht groß oder dick genug ist, können Sie die Marinade auch in einer kleinen Glasform mischen. Den Beutel verschließen und sanft schütteln, um das Schweinefleisch zu beschichten. Bei Verwendung einer Glasform das Schweinefleisch hineinlegen und mehrmals wenden, um jede Seite zu marinieren. Mit Frischhaltefolie oder Aluminiumfolie abdecken und die Koteletts im Kühlschrank marinieren. Den Beutel oder die Koteletts alle paar Stunden wenden, um eine gleichmäßige Marinierung zu gewährleisten. Eine längere Marinierzeit sorgt für saftigere, zartere Koteletts, aber nicht länger als 8 Stunden bis einen halben Tag marinieren, da das Fleisch sonst zäh werden kann. Butter oder Pflanzenöl in einer großen Pfanne erhitzen, bis die Butter schmilzt oder das Öl geschmeidig ist. Knoblauch hinzufügen und etwa 1 Minute unter ständigem Rühren kochen, bis er duftet und leicht gebräunt ist. Den Knoblauch ständig rühren, da er schnell verbrennt. Die Koteletts 5 bis 8 Minuten auf jeder Seite braten. Um die Garheit zu überprüfen, das Innere des dicksten Koteletts mit einem Fleischthermometer messen; die Innentemperatur muss mindestens 145 Grad Fahrenheit (63 Grad Celsius) erreichen. Wenn kein Thermometer vorhanden ist, können Sie das Fleisch durchschneiden; wenn es weiß ist, ist es wahrscheinlich gar. Koteletts etwa 3 Minuten ruhen lassen, bevor sie serviert werden.",3.0452146530151367
038_20756,"Ein einfacher Texteditor wie Notepad oder TextEdit kann verwendet werden. Geben Sie den Code ein, um eine Schaltfläche zum Herunterladen zu erstellen, die mit einer Datei verknüpft ist, die auf Ihrem Server oder anderswo im Web gehostet wird. Verwenden Sie einen FTP-Client, um die Datei auf den Server Ihrer Website hochzuladen. Ersetzen Sie „Button Text“ durch den gewünschten Text und behalten Sie die Anführungszeichen bei. Stellen Sie sicher, dass der Text der Schaltfläche klein ist, um ein ordentliches Erscheinungsbild zu gewährleisten. Fügen Sie den Schaltflächen-Code in den Body Ihrer Webseite ein, laden Sie den aktualisierten Code hoch und testen Sie die Schaltfläche.",1.4971795082092285
038_48593,"Versuche, den Stil der Stiefel mit dem Kleid, das du trägst, abzustimmen. Chunky Motorradstiefel passen nicht gut zu einem leichten, fließenden Kleid, aber gut zu einem Lederkleid. Braune Stiefeletten sehen nicht gut zu einem Lederkleid aus, passen aber gut zu einem leichten, fließenden Kleid. Wähle auch die richtigen Stiefel für den Anlass. Elegante, knielange Stiefel sehen gut zu einem schwarzen Kleid aus, sind aber für einen eher lässigen Anlass nicht geeignet. Für einen lässigen Anlass wähle chunky Stiefeletten. Mache ein schwarzes Kleid lässiger und kantiger, indem du es mit chunky Lederstiefeln kombinierst. Trage High-Heels, um das Outfit aufzuwerten. Ob du Strumpfhosen trägst oder nicht, hängt stark vom Wetter ab. Bei kaltem Wetter ist es besser, Strumpfhosen oder Leggings zu tragen, insbesondere wenn das Kleid kurz ist. Für einen warmen, lässigen Anlass wähle einen Look mit nackten Beinen. Bei kaltem Wetter trage Wollstrumpfhosen mit langen Lederreitstiefeln oder flache Stiefeletten zu Denim-Shorts für warmes Wetter. Es gibt Ausnahmen, aber normalerweise solltest du mindestens ein paar Zentimeter Haut zwischen den Stiefeln und dem Saum des Kleides freilassen, was in der Regel schmeichelhafter ist. Selbst wenn du ein langes Kleid trägst, versuche Stiefel zu tragen, die einen „Blick“ auf deine Beine ermöglichen.",2.723233938217163
038_33332,"Auch wenn du hauptsächlich an deinem Computer arbeitest, ist es wichtig, grundlegende Schreibutensilien für den Unterricht und das Lernen zu haben. Kaufe blaue oder schwarze Kugelschreiber und Bleistifte zum Notieren und für Prüfungen. Textmarker sind hilfreich zum Lernen. Erwäge, permanente Marker und Korrekturflüssigkeit zu kaufen. Ordner und Notizbücher sind notwendig, ebenso wie ein Ringordner, einen Locher, Fächertrennblätter und lose Blätter für die Organisation. Eine Buch- oder Umhängetasche ist erforderlich, um die Materialien zu transportieren. Außerdem solltest du in Betracht ziehen, Haftnotizen, einen persönlichen Planer, ein Wörterbuch, einen Taschenrechner und andere Büromaterialien zu kaufen. Wenn du noch keinen hast, ist der Kauf eines Computers entscheidend für das Tippen, Drucken und Recherchieren. Schau auch nach Druckern, Druckerpapier, Tintenpatronen und einem USB-Stick. Prüfe, ob dein Campus Computerlabore hat, um möglicherweise Druckkosten zu sparen. Schließlich solltest du deinen Computer mit Überspannungsschutzvorrichtungen schützen und in ein externes Festplattensystem investieren, um Backups zu erstellen.",2.5455923080444336
038_22259,"Pornografie und Sex sind komplexe Themen, und es gibt keinen Konsens unter Psychologen oder medizinischen Experten über die Auswirkungen von Pornografie oder ob eine Pornogewohnheit als Sucht beschrieben werden sollte. Menschen entwickeln möglicherweise eine Pornogewohnheit, um Stress abzubauen, Langeweile zu vertreiben, sich gut zu fühlen, mit negativen Gefühlen umzugehen oder Entzugssymptome zu vermeiden. Warnzeichen, dass Ihre Pornografie-Gewohnheit ernst genommen werden sollte, sind: Schwierigkeiten, den Konsum einzuschränken, Lügen über die Menge an Pornografie, die Sie ansehen, und dass Beziehungen, Job oder Studium zu Gunsten von Pornografie vernachlässigt werden. Es wird empfohlen, ein Notizbuch zu führen, um die Auslöser für das Verlangen nach Pornografie festzuhalten und alternative Strategien zu entwickeln, um mit diesen Auslösern umzugehen, wie das Vermeiden von Triggern und das Planen von Ablenkungen. Wenn das Aufhören mit Pornografie schwierig ist, sollten Sie professionelle Hilfe suchen oder an einem Programm für Unterstützung teilnehmen. Die Therapie ist besonders wichtig, wenn in der Vergangenheit sexuelle oder körperliche Misshandlungen oder Depressionen und Ängste erlebt wurden.",1.9272077083587646
038_23809,"Die Regeln und Erwartungen, die bestimmen, wie du mit ihr kommunizierst, sollten anders sein. Wenn du ihre Meinung ändern und sie dazu bringen möchtest, dich romantisch zu sehen, solltest du nicht weiterhin den Dynamiken einer Freundschaft folgen. Ist eine romantische Beziehung wirklich das, was du willst? Könntest du es ertragen, ihre Freundschaft zu verlieren? Sei nicht mit einer Frau befreundet in der Hoffnung, dass du ihre Meinung über dich ändern kannst. Das ist unfair, da Freundschaften auf Vertrauen und Respekt basieren sollten. Der beste Weg, ihre Meinung über dich als mehr als nur einen Freund zu ändern, ist direkt zu sein. Es hat keinen Sinn, zu versuchen, sie zu manipulieren oder abzuwarten. Wenn sie deine romantischen Avancen ablehnt und Freundschaft wünscht, lehne respektvoll ab. Deine Emotionen könnten nach einer Ablehnung zu frisch sein, um eine Freundschaft aufrechtzuerhalten. Eine Freundschaft basiert auf gegenseitiger Unterstützung und Respekt. Frage dich, ob du ihr das wirklich geben kannst, nachdem du klar ausgedrückt hast, dass du sie als mehr als nur eine Freundin siehst. Kannst du weiterhin mit ihr befreundet sein, wenn sie mit jemand anderem zusammen ist?",2.1464600563049316
038_43985,"Es gibt zwei Arten von Kontorsionisten: Vorbeuger und Rückbeuger, die durch ihre Wirbelsäulenflexibilität bestimmt werden. Frauen sind typischerweise in Rückbeugen besser, aber Männer können sich ebenfalls mit Übung verbessern. Jüngere Personen finden es einfacher, flexibel zu werden. Kontorsionisten führen oft Routinen auf, die zwischen verschiedenen Positionen wechseln. Es ist wichtig, sich vor dem Dehnen aufzuwärmen, um Verletzungen zu vermeiden, was Mobilitätsübungen für die Gelenke und kardiovaskuläre Aktivitäten umfasst, um die Körpertemperatur zu erhöhen. Bein- und Hüftdehnungen sind entscheidend, um sich auf Kontorsionsbewegungen vorzubereiten. Die Spagat-Übung verbessert die Flexibilität, und Rückbeugen stärken die Rückenmuskulatur. Regelmäßiges Dehnen, idealerweise ein bis drei Stunden täglich, ist notwendig, um die Flexibilität zu erhalten; das Auslassen von Einheiten kann den Fortschritt behindern.",1.7822070121765137
038_14443,"Verwende warmes Wasser, um die Farbe von der Bürste zu lösen, damit sie sich leicht ablöst.",0.6110119819641113
038_36221,"Wenn du siehst, dass jemand gemobbt wird, ist es wichtig, den Mobber zu stoppen. Es erfordert Mut, aber du kannst ein Held sein, indem du eingreifst. Oft kann eine Person, die sich erhebt, den Mobber zum Stoppen bringen. Du könntest etwas sagen wie: „Hey, lass das Kind in Ruhe.“ Es ist auch entscheidend, Mobbing nicht zu fördern, indem du lachst oder zusiehst, ohne zu reagieren, da das dem Mobber ein Publikum gibt. Wenn du dich nicht wohlfühlst, einzugreifen, informiere einen Erwachsenen, wie einen Lehrer oder Schulberater, damit sie das Problem ansprechen können.",2.069938898086548
038_42257,"Eines der Hauptzeichen von Laryngitis ist Heiserkeit, die deine Stimme rau und angestrengt klingen lässt. Um eine raue Stimme zu erreichen, übe das Vibrieren deiner Stimmbänder, indem du wie ein Frosch quakst und schafähnliche ""bah""-Geräusche machst. Integriere diese raue Qualität in deine Sprechstimme und versuche, unbeabsichtigte Veränderungen in Lautstärke und Tonhöhe herbeizuführen, indem du deine Stimme brechen und ausfaden lässt. Flüstere mehr beim Sprechen, um das Verlieren deiner Stimme nachzuahmen, und wechsle dies mit dem Sprechen in einer heiseren Stimme ab. Achte darauf, dass die Übergänge zwischen diesen Effekten glatt sind, um eine Entdeckung zu vermeiden. Laryngitis kann auch zu einem trockenen und rauen Hals führen, daher füge beim Sprechen ein paar trockene Hustenanfälle hinzu, ohne es zu übertreiben, da Husten sich von der Sprachproduktion unterscheidet.",1.8886876106262207
038_24461,"Der wichtigste Aspekt beim Anziehen für Fußball ist die Gewährleistung der Bewegungsfreiheit, die es dir ermöglicht, zu spielen, ohne dir Gedanken über deine Kleidung machen zu müssen. Bei Freizeitspielen gibt es keine Uniformanforderungen, daher steht der Komfort im Vordergrund. Bei heißem Wetter solltest du Shorts und ein T-Shirt oder Trikot wählen; bei kälteren Bedingungen wähle Sweatpants und ein langärmliges Shirt. Ziehe in Betracht, Schienbeinschoner mit kurzen Socken darunter und langen Socken darüber zu tragen, um Stabilität zu gewährleisten. Schichten sind ratsam, um die Temperatur zu kontrollieren, wie das Tragen von Shorts unter Sweatpants für Wärme, aber einfache Entfernung, oder ein T-Shirt unter einem langärmligen Shirt. Komfort und Funktionalität bleiben von größter Bedeutung. Während Stollenschuhe ideal sind, sind auch Tennisschuhe oder Laufschuhe akzeptabel, aber vermeide Sandalen oder das Barfußlaufen, um Verletzungen zu vermeiden. Dein Outfit mit dem Trikot eines Lieblingsspielers oder Accessoires aufzupeppen, kann Spaß machen und helfen, die Haare in Position zu halten.",2.378582000732422
038_1739,"Tippe auf das rote, grüne, gelbe und blaue symbolische App-Icon in der oberen rechten Ecke des Bildschirms. Ein Dropdown-Menü wird erscheinen. Diese Option befindet sich am Ende des Dropdown-Menüs, nahe dem unteren Ende der Seite. Du findest diese Option in der oberen Hälfte des Bildschirms. Es wird blau oder grün. Dadurch werden Cookies aktiviert. Wenn der Cookies-Schalter blau oder grün ist, sind Cookies bereits aktiviert. Du kannst auch das Kästchen ""Dritte Cookies zulassen"" in der oberen linken Ecke des Bildschirms aktivieren, um Websites zu erlauben, deine Cookies zu sehen. Diese Option ist in der Mitte der Seite für die Website-Einstellungen. Es wird nach rechts gleiten und blau oder grün. Dadurch wird JavaScript im Chrome-Browser deines Android-Geräts aktiviert. Wenn der JavaScript-Schalter blau oder grün ist, ist JavaScript bereits aktiviert.",1.6607449054718018
038_23999,"Zunächst nimm das synthetische Haar aus der Verpackung und glätte eventuelle Verfilzungen. Verwende deine Finger oder einen Puppenkamm, um Knoten zu entwirren. Nachdem du das Haar in eine lange Linie sortiert hast, schneide es auf die gewünschte Länge für deine Puppe, wobei du darauf achtest, dass es doppelt so lang ist wie die endgültige Länge. Das Befeuchten des Haars kann beim Schneiden helfen. Wickele die Haarsträhnen um deine Finger und trage eine dünne Linie von klebrigem Kleber auf die Mitte auf. Führe eine Nähnadel entlang der Klebelinie ein, um die Strähnen zu verbinden. Nachdem der Kleber getrocknet ist, ziehe die Nadel heraus und drehe das Haar um, sodass eine Vertiefung in der Mitte sichtbar ist. Befestige das Haar am Kopf der Puppe mit dem entsprechenden Kleber und achte darauf, nicht zu viel zu verwenden. Style das Haar nach Wunsch und teste das Hitzestyling an einer zusätzlichen Strähne, um Schäden zu vermeiden.",2.0732221603393555
038_19266,"Wählen Sie einen Punkt oder eine Richtung als Hauptmerkmal des Raumes, wie einen Kamin, ein Kunstwerk oder ein Fenster, und positionieren Sie Ihre Möbel darum. Wenn es kein besonderes Merkmal gibt, schaffen Sie eines, indem Sie beispielsweise einen zentralen Tisch als Gesprächsbereich nutzen. Verwenden Sie das größte Möbelstück als Blickfang, zum Beispiel ein Gemälde über einem Sofa. Vermeiden Sie es, Sofas oder Stühle gegen die Wand zu schieben; positionieren Sie sie stattdessen mit dem Rücken zur Wand, um einen einladenden Sitzbereich zu schaffen. Halten Sie einen Abstand von mindestens einem Fuß (0,30 m) von der Wand und drei Fuß (0,91 m) zwischen größeren Möbelstücken, um ein angenehmes Gehen zu ermöglichen. Lassen Sie genügend Platz im Eingangsbereich und blockieren Sie keine Türen oder Durchgänge. Stellen Sie die Möbel so auf, dass sie sich gegenseitig zuwenden, um Gespräche zu fördern und gleichzeitig das Hauptmerkmal des Raumes zu betonen.",2.0134634971618652
038_3882,"Die Gedanken, die wir haben, beeinflussen die Worte, die wir sprechen, und die Handlungen, die wir ergreifen. Positive Selbstgedanken führen zu Selbstvertrauen und Selbstachtung, wesentliche Eigenschaften einer guten Persönlichkeit. Sobald du deine Gedanken erkennst, wird es einfach, sie positiv zu lenken. Wir stoßen täglich auf Gelegenheiten, unsere Persönlichkeit auszudrücken; es ist wichtig, diese Momente zu nutzen, anstatt uns anderen anzupassen. Eine gute Persönlichkeit bedeutet, einzigartig zu sein, nicht nur mit anderen übereinzustimmen. Teile respektvoll deine Meinungen und Geschichten. Authentizität zieht Menschen an; Vortäuschung wird leicht bemerkt. Um echt zu sein, musst du verletzlich sein und offen über deine Gefühle, Stärken und Schwächen sprechen. Anstatt dich auf die negativen Aspekte deiner Persönlichkeit zu konzentrieren, hebe die Eigenschaften hervor, die bei anderen Anklang finden.",2.590165853500366
038_2976,"Um Einrad zu fahren, stelle die Höhe des Zauns so ein, dass du deine Hand bequem ablegen kannst. Positioniere die Pedale mit dem dominanten Fuß in der 4-Uhr-Position und dem nicht-dominanten Fuß in der 10-Uhr-Position. Drücke den Sitz mit deinen Oberschenkeln zusammen und halte deinen Körper parallel zum Zaun. Im Gegensatz zu einem Fahrrad musst du üben, rückwärts zu bewegen, um Schwung zu bekommen. Pedaliere zunächst leicht, um das Gleichgewicht zu halten, und ziele auf eine 1/4-Umdrehung rückwärts, während du aufsteigst. Stelle sicher, dass die Pedale vertikal sind und lehne dich leicht nach vorne, um das Gleichgewicht zu halten. Dieser Prozess kann mehrere Stunden oder Tage in Anspruch nehmen, um ihn zu meistern. Wenn du bereit bist, übe das freie Aufsteigen, indem du den Sitz hältst oder deine Arme zur Balance nutzt, ohne Hilfe.",1.6719045639038086
038_7061,"Um die Echtheit einer Breitling-Uhr zu überprüfen, prüfen Sie die Modell- und Seriennummer, die auf dem Armband oder Gehäuse eingestempelt ist. Wenn der Stempel fehlt oder falsch ist, handelt es sich wahrscheinlich um eine Fälschung. Metallarmbänder haben diese Angaben normalerweise auf dem Armband, während Lederbänder sie möglicherweise auf der Rückseite haben. Authentische Lederuhren sind auch mit ""cuir veritable"" oder ""croco veritable"" gekennzeichnet. Untersuchen Sie die Uhr unter Licht; eine echte Breitling hat eine Antireflex-Beschichtung, die die Reflexion verringert. Die Uhr sollte aufgrund ihrer Edelstahlkonstruktion schwer sein, mit einem durchschnittlichen Gewicht von 90-120 g. Das Gewicht allein garantiert jedoch nicht die Echtheit. Wenn Sie neu kaufen, stellen Sie sicher, dass sie mit einem Echtheitszertifikat geliefert wird, das technische Spezifikationen und Herstellungsdetails auflistet, da Repliken oft diese Dokumentation fehlen. Wenn Sie gebraucht kaufen, fragen Sie, ob die Uhr das offizielle Zertifikat enthält.",1.957082986831665
038_9355,"Ein Voucher ist ein Dokument, das eine finanzielle Transaktion detailliert und in verschiedenen Geschäftsbereichen von Verkäufen bis Einzahlungen verwendet wird. Tally bietet mehrere vorkonfigurierte Voucher-Typen, die über die Option ""Buchhaltungs-Voucher"" im Gateway-Menü zugänglich sind. Die Haupttypen sind: Contra Voucher (F4) für Banktransaktionen zwischen Konten, Payment Voucher (F5) für Geschäftszahlungen, Receipt Voucher (F6) für Einnahmen, Journal Voucher (F7) für nicht verkaufsbezogene Transaktionen, Sales Voucher/Rechnung (F8) für Unternehmensverkäufe und Purchase Voucher (F9) für den Kauf von Vermögenswerten. Die erforderlichen Informationen variieren je nach Voucher-Typ und umfassen typischerweise die Zuordnung zum Hauptbuch, das Datum und die Namen der beteiligten Parteien, wobei Tally die Gesamtsummen für Produkte automatisch berechnet.",1.7139527797698975
038_8015,"Um eine Mundharmonika zu reinigen, verwenden Sie zunächst den geeigneten Schraubendreher, um die Abdeckplatten zu entfernen, und achten Sie darauf, die Schrauben sicher aufzubewahren. Sprühen Sie die Abdeckplatten mit Alkohol ein, entfernen Sie dann die Schrauben von den Zungenplatten in der Reihenfolge, in der sie herausgenommen wurden. Lassen Sie die Zungenplatten etwa eine halbe Stunde lang in einer Mischung aus warmem Wasser und Essig oder Zitronensaft einweichen. Während die Zungenplatten einweichen, reinigen Sie den Kamm entsprechend seinem Material: Plastikkämme können mit Seife und Wasser gewaschen werden, während Holzkämme nur gebürstet werden sollten. Nach dem Einweichen bürsten Sie die Zungenplatten vorsichtig mit einer weichen Zahnbürste in Richtung der Zungen, wobei Sie scrubbing vermeiden. Reinigen Sie die andere Seite der Zungenplatte gründlicher, spülen Sie sie unter warmem Wasser ab oder verwenden Sie ein Q-Tip mit Wasserstoffperoxid. Nachdem alle Teile vollständig getrocknet sind, setzen Sie die Mundharmonika wieder zusammen und ziehen Sie die Schrauben schrittweise und gleichmäßig an.",2.168915033340454
038_55705,"Auf ruhige und diplomatische Weise informiere sie über das Tier und teile wichtige Fakten, die auf deiner Recherche und Hingabe basieren. Sei bereit für Fragen und beantworte sie ehrlich, während du Lösungen für alle Bedenken vorschlägst, die sie äußern. Ermutige sie, die Entscheidung sorgfältig zu überdenken, da die Anschaffung eines Haustiers bedeutend ist. Stelle schriftliche Informationen, Websites oder Kontakte für weitere Hinweise zur Tierpflege zur Verfügung. Betone dein Engagement, bei der Pflege des Haustiers zu helfen, und den positiven Einfluss, den es auf die Familie haben wird, einschließlich gesundheitlicher Vorteile wie niedrigeren Blutdruck und verbesserte Immunität. Gehe auf die finanziellen Aspekte ein, bespreche Kosten wie Tierarztgebühren und schlage Kompromisse vor, wenn es spezifische Bedürfnisse in der Familie gibt, wie z. B. das Gassigehen mit dem Haustier. Konzentriere dich auf die Vorteile des Haustierbesitzes für die Familienbindung und persönliches Wachstum, wie das Erlernen von Verantwortung und das Verbringen von Zeit im Freien. Erstelle eine Tabelle, die die Bedürfnisse (täglich, monatlich, jährlich) mit geschätzten Kosten kategorisiert, um die Entscheidung für deine Eltern zu vereinfachen und zu zeigen, dass du bereit bist, die Arbeit zu leisten und ihre Bedenken zu berücksichtigen.",2.5403835773468018
038_47333,"Diese Hormone sind molekular identisch mit den Hormonen, die im Körper einer Frau produziert werden, werden jedoch aus Soja und Yamswurzel synthetisiert. Sie werden oft zur Behandlung von menopausalen Symptomen eingesetzt, können aber auch bei PMS, Fibromen und der Regulierung des Zyklus helfen. Sprechen Sie mit Ihrem Arzt über Optionen für von der FDA genehmigte bioidentische Medikamente und mögliche Nebenwirkungen. Beachten Sie, dass rezeptfreie pflanzliche Progesteroncremes und Yamextraktcremes nicht gleich wirken, da sie entweder zu wenig des Hormons enthalten, um effektiv zu sein, oder nicht vom Körper synthetisiert und in Progesteron umgewandelt werden können. Produkte, die nicht von der FDA genehmigt sind, unterliegen keiner Regulierung, was bedeutet, dass es keine Möglichkeit gibt zu überprüfen, ob sie tatsächlich die auf dem Etikett angegebenen Inhaltsstoffe enthalten. Weitere Forschungen sind erforderlich, um bioidentische Medikamente und die langfristigen Risiken zu untersuchen.",2.296992063522339
038_27479,"Tippe auf das Safari-App-Symbol, das wie ein blauer Kompass auf weißem Hintergrund aussieht. Wie bei Desktop-Browsern wirkt sich das Aktualisieren auf mobilen Geräten nur auf die Seite aus, die du gerade ansiehst. Das ""Aktualisieren""-Symbol von Safari erscheint erst, wenn die Website vollständig geladen ist. Es befindet sich in der oberen rechten Ecke des Bildschirms in der Adressleiste. Wenn du darauf klickst, wird die aktuelle Seite aktualisiert.",1.1458055973052979
