uid,generation,generation_time
038_14611,"If you want to go for a morning walk or run, it's important to be properly equipped. Wearing the right shoes and clothing can enhance your comfort and excitement. Visit a runner's store for well-fitting sneakers, ensuring there's enough room for your toes and a secure fit at the midfoot and heel. Choose lightweight, non-cotton clothes to stay comfortable, as cotton absorbs sweat. Allocate enough time for your activity—30 minutes for walking and 20 minutes for running or a walk/run combo are good targets. Plan ahead for meals, dressing, and showering to avoid rushing afterward. If walking or running a specific distance, use online tools like Gmaps Pedometer to map your route. Music can enhance motivation for some, while others prefer silence for reflection. If you plan to wake up early, ensure you go to bed earlier to get enough rest. Set your alarm for your desired wake-up time and get ready to enjoy your morning activity!",2.0353636741638184
038_27313,"To create an engaging interactive presentation, use storytelling to capture your audience's attention and help them retain information. Start by connecting with what your audience knows and challenge their assumptions. Build suspense by exploring contrasting ideas and ensure a powerful conclusion that inspires further thought. Incorporate videos to enhance interaction, encouraging discussion and setting the right mood. Use props, such as photographs or models, to visualize your points and engage the audience. Invite participation by involving volunteers, and create opportunities for movement and interaction, such as group discussions or questions. Acknowledge audience contributions respectfully, and set aside specific times for interaction to foster engagement.",1.444096565246582
038_40070,"The daylight sensor is the simplest way to create a ""night light,"" requiring a Nether portal for ingredients. You need three nether quartz ore, which can be found in the Nether after some combat. To make a daylight sensor, use three glass at the top, three nether quartz in the middle, and three wood slabs at the bottom. This sensor, which is a half-height block with a beige upper surface, activates when sunlight hits it, with stronger signals in brighter light. You can modify its behavior by surrounding it with opaque blocks to make it a night sensor, which works at night, or by right-clicking to create an inverted sensor that works in dark conditions. Connect the sensor to a redstone lamp with redstone; the lamp will light up based on the type of sensor used. Redstone lamps can blink if the sensor is in an open area, and to control the timing, adjust the redstone path or use redstone repeaters. Repeaters help to boost the signal and must be placed correctly for optimal performance.",1.8277978897094727
038_51456,"You have completed all the necessary steps to plan your book, and now it's time to write it. wikiHow provides various how-to guides for writing books, which include: How to Write a Book, How to Write an Autobiography, How to Write a Book As a Teenager, How to Write a Children's Book, How to Write a Credible Fantasy Story, How to Self Publish a Book, How to Publish an Ebook, How to Write a Short Story, How to Write a Novel, How to Write a Short Novel, How to Write an End of a Novel, How to Plan out a Novel, How to Write a Rough Draft, How to Prepare for Writing a Book, How to Write Your Life Book.",1.3890504837036133
038_11908,"Meditation is a powerful tool for focusing energy and calming stress or anxiety. To meditate, find a quiet place to sit, breathe deeply, and reflect on your feelings and responses. Writing down your feelings can help clarify them and reduce stress. Journaling for 20 minutes daily is beneficial; focus on expressing yourself freely without worrying about grammar. Describe feelings using colors or weather, and find healthy outlets for negative emotions, such as yoga or enjoyable activities. Reward positive feelings with treats or outings to reinforce positive thinking. Ultimately, how you express your feelings is a personal choice, and visualizing responses can help sort through emotions in various situations.",1.6520607471466064
038_3043,"Drilling a well is initially more expensive than connecting to a public water supply and carries risks such as insufficient water or quality. However, long wait times for public supply connections make well drilling a viable alternative if groundwater is accessible. To drill a well, one must know the specific land details to access geological records that indicate previous well depths and water availability. Geological and topographic maps can aid in determining aquifer locations and water table depths. Older wells may lack documentation, but local knowledge can help. Consulting with professional hydrologists or local drilling companies and understanding permit requirements is essential before proceeding with drilling.",1.1426517963409424
038_52455,"Place the clothing on a safe surface for ironing, such as an ironing board or hard table, and use a towel inside the clothing to protect the other side from heat. Soak a cloth in cold water, wring it out, and place it over the print you want to remove. Press a hot iron against the wet cloth, applying gentle pressure, and listen for the sound of water evaporating. Once dry, scrape off the print with a knife, being cautious to scrape away from yourself. Repeat the process for any remaining printing, wetting the cloth again if necessary, and use the iron to help loosen the print before peeling it off.",1.3756885528564453
038_4883,"Schlage die Zutaten in einer Schüssel mit einem Stand- oder Handmixer, bis sie leicht, fluffig und formbar sind. Füge Zucker, Salz, Eier, saure Sahne und Schlagsahne hinzu und schlage weiter, bis alles gut vermischt ist. Wenn du den Käsekuchen im Wasserbad backen möchtest, bringe einen kleinen Topf Wasser zum Kochen oder erhitze Wasser in der Mikrowelle. Stelle die Springform (mit wasserfester Alufolie bedeckt) in eine größere Auflaufform und gieße die Füllung über den Graham-Cracker-Boden. Verteile die Füllung gleichmäßig mit einem Spatel. Gieße heißes Wasser in die Auflaufform, sodass es bis zu einem oder zwei Zoll an der Seite der Springform reicht. Hebe die Auflaufform vorsichtig an und stelle sie in den Ofen. Backe den Kuchen für 1 1/2 Stunden. Wenn du das Wasser nach dem Platzieren der Form im Ofen gießen möchtest, ist das auch in Ordnung. Wenn du kein Wasser zum Backen verwendest, stelle die Springform einfach in den Ofen und überprüfe nach etwa 45 Minuten, ob der Kuchen fest ist.",1.835327386856079
038_1919,"In Photoshop ist das Invertieren von Farben so einfach wie der Befehl Ctrl+I oder Cmd+I. Bevor Sie die Farbinvertierung genau dort erhalten, wo Sie sie möchten, gibt es jedoch einige Dinge zu überprüfen. Um das gesamte Bild zu invertieren, öffnen Sie das Bild in Photoshop und drücken Sie Ctrl+I oder Cmd+I. Um Farben in einer bestimmten Ebene Ihres Photoshop-Dokuments zu invertieren, wählen Sie diese Ebene aus und stellen Sie sicher, dass sie rasterisiert ist. Andernfalls klicken Sie mit der rechten Maustaste auf das Ebenenlabel und wählen Sie ""Ebene rasterisieren"". Sobald die Ebene rasterisiert ist, können Sie Ctrl+I drücken, um alle sichtbaren Farben in der Ebene zu invertieren. Dies kann nur auf eine Ebene gleichzeitig angewendet werden. Es funktioniert nicht, wenn Sie mehrere Ebenen ausgewählt haben. Führen Sie diesen Schritt aus, nachdem Sie die Ebene oder das Bild auf die gewünschte Größe geändert haben. Eine Vergrößerung eines Bildes nach dem Rasterisieren kann zu Pixelierung und einem Verlust der Auflösung führen. Wenn Sie bestimmte Teile einer Ebene invertieren möchten, wählen Sie die Ebene aus und verwenden Sie verschiedene Auswahlwerkzeuge in Photoshop, um den gewünschten Bereich auszuwählen. Wenn Sie mit dem Auswahlbereich zufrieden sind, drücken Sie Ctrl+I, um zu invertieren. Es ist auch möglich, verschiedene Bereiche nacheinander auszuwählen und zu invertieren. Wenn Sie jedoch versehentlich einen zuvor invertierten Bereich ein zweites Mal auswählen, wird dieser Bereich wieder in die Originalfarbe zurückgesetzt. Daher ist es besser, die komplette Auswahl auf einmal zu invertieren.",2.1786506175994873
038_29798,"Negativität kann verlockend sein, wenn man über Probleme spricht, aber sie führt zu mehr Negativität. Statt zu sagen: ""Schlechte Idee, das wird nie funktionieren"", sollte man seine Bedenken direkt äußern. Vermeide passive Aggression und sprich offen über Unzufriedenheit. Arbeitsplatzklatsch sollte vermieden werden; stattdessen freundlich sein und Positivität verbreiten. Verwende ""Ich""-Aussagen, um Schuldzuweisungen zu vermeiden, und höre zu, wenn Kollegen ihre Sorgen äußern. Empathische Aussagen können helfen, und wenn die Situation nicht besser wird, kann man HR oder den Vorgesetzten einbeziehen. Abusive Verhaltensweisen sind inakzeptabel und können rechtliche Konsequenzen haben. Wenn der Chef verletzend ist, sollte man respektvoll ansprechen, wie die Kommunikation verbessert werden kann. Klarheit, Ehrlichkeit und das Vermeiden passiv-aggressiver Verhaltensweisen sind entscheidend. Wenn man negativ war, sollte man sich bei Teammitgliedern entschuldigen und um Unterstützung bitten, um positiver zu sein.",1.609830379486084
038_1392,"Using chopsticks inappropriately may seem harmless, but it is considered a serious offense in Japan and other Asian cultures. At Japanese funerals, chopsticks are placed vertically in rice as an offering, and crossing chopsticks in an ""X"" shape symbolizes death in Chinese culture. Such actions can bring bad luck and ruin the mood of a meal. Placing chopsticks across a dish signals that you don’t want more food, and restaurants often provide rests for chopsticks. If none are available, chopsticks should be placed on their sleeve or neatly on the dish's edge. Leaving crossed chopsticks on a plate shows disregard for customs and can lead to them rolling off. It’s also important to avoid gesturing with chopsticks or drumming on the table, as they are tools, not toys. When serving food, use serving chopsticks to prevent cross-contamination and avoid being selfish by digging for the best pieces. Sticking chopsticks into communal dishes can be unsanitary and disrespectful if others are unaware of the rule.",1.5024309158325195
038_2947,"Many crystal glasses have a dishwasher safe label, but if they don't, check with the manufacturer or research online. Riedel, a crystal manufacturer, states their glasses are used in hotels and cleaned in professional dishwashers. If unsure, wash by hand. Ensure there is enough space for your crystal items in the dishwasher to prevent damage. Don't overcrowd the dishwasher and secure long-stemmed glasses. Let the crystal come to room temperature before washing to avoid breakage. Avoid adding extra detergent to prevent cloudy film. Follow your dishwasher and detergent recommendations based on water hardness. Start the dishwasher and let it run its cycle without interruption. Allow dishes to cool before opening the door and ensure crystal dries completely. Wear gloves or use a lint-free cloth when removing to avoid smudges and use the cloth to remove water spots.",1.314772129058838
038_40295,"Klicke oder doppelklicke auf das Symbol der Safari-App, das wie ein blauer Kompass aussieht und sich im Dock deines Macs befindet. Dieses Menüelement befindet sich in der oberen linken Ecke des Bildschirms. Ein Klick darauf öffnet ein Dropdown-Menü. Du siehst diese Option gegen Ende des Dropdown-Menüs. Es ist im oberen mittleren Bereich des Fenster ""Einstellungen"". Es befindet sich oben auf der Suchseite. Klicke auf die Suchmaschine, die du mit Safari verwenden möchtest, um sie als Standard auszuwählen.",1.152559757232666
038_35790,"This button in the sidebar opens wallpaper options, leading to a 'Choose' page for selecting Apple wallpapers or photos from the Photos app. You can also access this by launching the Photos app and using the “Share” menu. You can zoom in and out using pinch gestures. The bottom bar provides options for setting the photo as wallpaper: “Set Lock Screen” for the locked device, “Set Home Screen” for the unlocked home screen, and “Set Both” for both screens. The “Perspective Zoom On/Off” option adjusts the photo to fit the screen. “Cancel” returns you to the previous location without setting the wallpaper.",1.2207615375518799
038_53403,"To make a drink similar to the original Dr Pepper, start by boiling 0.25 c (59 mL) of water and adding 0.5 c (113 g) of sugar to create a simple syrup, setting aside some for the drink. Caramelize 0.25 c (57 g) of sugar until it turns dark amber, saving some for the recipe. Mix raspberry vinegar, vanilla extract, almond extract, food grade citric acid, food grade phosphoric acid, caramelized sugar, and simple syrup after cooling. Combine with water carefully to avoid losing carbonation. Use cold soda water or refrigerate the drink before serving. This recipe reflects the drink's original formula from 1912, which did not include caffeine and differs from modern Dr Pepper.",1.3216185569763184
038_42215,"Once the ambulance arrives, the EMT will assess the person's condition. A person with mild to moderate hypothermia and no other injuries may not need hospitalization and can be treated at home with gradual rewarming. However, someone with severe hypothermia will require hospital observation. If the person is unconscious or unresponsive, the EMT will likely perform CPR. At the hospital, discuss treatment options with the doctor, particularly for severe cases. Cardiopulmonary bypass, also known as ECMO, involves warming blood withdrawn from the body before returning it, and is available only at major hospitals with specialized emergency services. Severe hypothermia patients have better survival chances when taken directly to these facilities, even bypassing smaller hospitals. Alternatives to bypass include warmed IV fluids, chest tubes with warm irrigation, and warmed hemodialysis.",1.8178846836090088
038_25233,"Wähle ein ärmelloses Kompressionsoberteil mit einem niedrigen Ausschnitt, das unter einem Hemd oder Schwimmshirt nicht auffällt. Du kannst Kompressionsbekleidung für Gynäkomastie online und in Sanitätsgeschäften finden. Wenn du Schwierigkeiten hast, ein entsprechendes Kleidungsstück zu finden, wähle ein chirurgisches Kompressionsoberteil, das nach Brustoperationen getragen wird, um die Wundstellen zu heilen. Wenn du schwimmen möchtest, überprüfe das Etikett deines Produkts, um sicherzustellen, dass es nass werden kann. Die meisten Kompressionskleidungsstücke können im Salzwasser getragen werden, aber Chlor kann elastische Stoffe schädigen, also trage kein Kompressionsoberteil in einem chlorhaltigen Pool. Männer-Shapewear und sportliche Funktionskleidung können ebenfalls hilfreich sein, auch wenn sie nicht speziell für Gynäkomastie entworfen sind. Einige Funktionswesten haben Kühlstreifen, die das Tragen von Schichten angenehmer machen können. Du findest Shapewear und Funktionsbekleidung online, in Sportgeschäften oder im Herrenbekleidungsbereich der meisten großen Kaufhäuser. Wie Kompressionskleidung sind Shapewear und Funktionsbekleidung in der Regel aus Materialien gefertigt, die nicht mit chloriertem Wasser in Berührung kommen sollten. Ein Rashguard ist ein eng anliegendes Oberteil, das von Surfern und anderen Wassersportlern getragen wird, während ein Schwimmshirt eine weniger eng sitzende Version ist. Sie sind im Trend, sodass du dich weniger fehl am Platz fühlst, wenn du eines trägst. Viele Modemarken stellen Schwimmshirts her, und Rashguards sind in jedem Geschäft erhältlich, das Sportbekleidung verkauft. Du kannst auch beide Kleidungsstücke online finden. Wenn ein Schwimmshirt allein deine Brust nicht verdeckt, könntest du es über einem Kompressions- oder Funktionsoberteil tragen. Denk daran, dass ein Kleidungsstück mit Kühlstreifen helfen kann, dich nicht zu überhitzen. Du könntest versuchen, ein Kompressionsoberteil unter einem Hemd zu tragen, aber dann kannst du nicht ins Wasser gehen. Für einen Strandlook wähle ein hemden mit vertikalen Streifen, Karomuster oder tropischen Drucken. Vermeide Weiß und wähle Farben, die nicht stark mit deiner Badehose kontrastieren. Weiß kann deinen Oberkörper breiter erscheinen lassen, und ein starker Kontrast zwischen Hemd und Badehose lenkt die Aufmerksamkeit auf deinen Oberkörper. Vertikale Streifen und Muster sind schlank machend und können den Blick von der Körperform ablenken. Ein Hemd bietet mehr Struktur als ein T-Shirt, sodass es weniger wahrscheinlich an deiner Brust klebt. Wenn dich jemand fragt, könntest du sagen, dass du ein Hemd trägst, um deine Haut vor der Sonne zu schützen.",4.16128945350647
038_56967,"Diffusion is a spontaneous and random process that should not involve added heat, as this would make it non-spontaneous. Heating essential oils can reduce their effectiveness and cause chemical reactions, leading to allergic responses. Essential oils are flammable, making heating them risky. The simplest way to diffuse essential oil is by opening the bottle and wafting the air towards you. Alternatively, you can sniff from a bowl containing the oil or soak a cotton ball in it for diffusion. For rapid diffusion, add a few drops of oil to warm water, ensuring it is not hotter than body temperature. Essential oils can also be applied directly to the skin or fanned for increased diffusion. Place essential oils near a fan or a heat register, but avoid overheating them.",1.3367493152618408
038_23274,"Most dogs are not aggressive but are curious or defending their territory. It's important to differentiate between playful behavior and true aggression. Any mid-size or large dog can be dangerous, so pay attention to warning signs. Obvious signs of aggression include growling, snarling, and showing teeth, while relaxed body posture indicates non-aggression. Avoid provoking dogs, especially when they're eating or caring for pups. Dogs that are confined for long periods may be more aggressive. The best approach is to avoid dangerous situations and report any suspicious dogs. Teach children to stay away from unfamiliar dogs until they're sure it's safe.",1.2042522430419922
038_42685,"Wearing an undershirt can help prevent visible stains on a dress shirt by catching them. Using dress shields or underarm pads can absorb sweat and keep it from reaching your clothing. Disposable pads should be adhered to the underarm area, while reusable ones have various attachment methods. Washing shirts daily prevents stains from setting, and if that’s not possible, rinsing and applying detergent can help. Cotton tends to show sweat stains more than other fabrics, while microfiber materials can repel them better.",1.5032336711883545
038_42148,"To check your balance online for a Visa gift card, go to the website https://mygift.giftcardmall.com/. Scroll down to find the ""Check Balance/Transactions"" tab and click it. Enter your card number and expiration date, which are on the card. You will also need the 3-digit code from the back of the card. After entering all the information, click ""Check my balance"" to see your balance and recent transactions. If there's an error, double-check the numbers or call the toll-free number on the back of your card for assistance.",1.0712623596191406
038_3956,"If hibernation is a possibility, observe your hamster for several minutes to check for breathing signs, as their breathing can slow to one breath every two minutes. Watch for more than two minutes to avoid missing a breath. If you see no breathing, check for a heartbeat, which can be as slow as four beats a minute. To find a heartbeat, use your fingers to gently press on either side of the hamster's chest. If the hamster feels cold, it may still be hibernating, as its temperature drops in response to chilling. However, if the hamster is stiff and hard, it may have rigor mortis, indicating death.",1.5822827816009521
038_30255,"Neutralgrau ist am einfachsten zu erstellen, wenn man mit Zuckerguss arbeitet, aber man kann auch komplementäres und primäres Grau herstellen. Es ist am besten, bei neutralem Grau zu bleiben, wenn man einen reinen Farbton möchte, aber man kann die anderen beiden Typen in Betracht ziehen, wenn man ein getöntes Grau bevorzugt. Da handelsübliche Flüssiglebensmittelfarben in Rot, Gelb, Grün und Blau erhältlich sind, muss man primäres (Rot, Gelb, Blau) Grau oder komplementäres (Rot und Grün) Grau herstellen, wenn man Standard-Flüssiglebensmittelfarben verwenden möchte. Wenn man jedoch spezielle Gel- oder Pastenlebensmittelfarben kauft, kann man jeden der drei Typen erstellen, da diese Lebensmittelfarben eine größere Farbvielfalt bieten.",1.544736385345459
038_40949,"To identify wood, examine an end piece for rings or grain; if absent, it may be plywood. Weathered wood often appears blue or gray. Stained wood can resemble other types and may show uneven color or varnish. For accurate identification, microscopy is useful. Common woods include light brown with dark lines (likely maple), reddish wood with darker grain (likely cherry), and darker woods with larger rays (often walnut). Blond woods can be used in various furnishings, with poplar being a light-colored, easily stained hardwood often confused with cherry or walnut. Pine can also be blond but has a distinctive grain and is lighter than maple.",1.1444530487060547
038_33189,"To reduce tears while cutting onions, use a sharp knife to minimize enzyme release, which is triggered when cells are crushed. Keeping onions in the fridge for about 20 minutes can help, but avoid storing them near apples or potatoes. Whistling while cutting can also keep the onion mist away from your eyes. Chewing, especially on bread or gum, can help prevent tears by encouraging mouth breathing and producing saliva that absorbs the onion vapors. Chew slowly and start before cutting to maximize effectiveness.",1.0502684116363525
038_3039,"Even with natural talent, attending college for art courses or majoring in art is beneficial, especially for aspiring illustrators. Learning from professionals and receiving critiques helps develop artistic skills. It's important to take various courses in different mediums before specializing. Constructive feedback is crucial for improvement, and if college isn't feasible, alternatives like community college courses, apprenticeships, or online resources can provide education. Familiarity with graphic design software like Adobe Photoshop, InDesign, Illustrator, and Corel Painter is essential, as many illustrators use digital tools. While traditional media still hold value, having diverse skills enhances communication of artistic ideas. Depending on personal interests, one’s preferred drawing subjects will shape their career in illustration.",1.2910068035125732
038_2143,"If your computer freezes after a forced shutdown, restart it and hold ⇧ Shift to enter Safe Mode, which attempts to repair disk issues but limits application functionality. To manage startup programs, go to the Apple menu, select Users & Groups, choose your account, and remove problematic login items. If a specific program is freezing your Mac, uninstall it via Finder. For disk issues not linked to a specific program, restart and use Disk Utility to repair your disk. If problems persist, reset the System Management Controller (SMC) through specific steps depending on whether your laptop has a removable battery or not, or for desktops, by unplugging the power cord.",1.7319862842559814
038_40671,"A one-level outline consists of major headings labeled with Roman numerals and does not include subheadings. While not typically used for research papers due to a lack of detail, it can provide a general direction. A two-level outline incorporates major headings and one level of subheadings, which discuss primary supporting arguments. A three-level outline is more complex, using Roman numerals, capital letters, and standard numbers, with each third-level subsection addressing the topic of a paragraph related to the second-level section. The fourth-level subheadings include supporting statements, citations, or ideas within each paragraph listed in the third-level sections.",1.1645917892456055
038_9654,"Separate the body of your paper and the quote with one blank line to indicate a quotation from the play. Quotation marks are not required for dialogue from multiple speakers. Use a blank space as a marker instead. Write the speakers' names in all capitals, followed by a period. If the dialogue exceeds one line, indent each line ¼ inch from the left margin, while verse dialogue should be indented 1 ¼ inch. Include stage directions within the quote using parentheses and replicate the punctuation as indicated in the play.",1.0805256366729736
038_57601,"Abscesse unter der Haut sind bei Meerschweinchen sehr häufig. Sie sind der Versuch des Körpers, eine Infektion abzuschotten und ihre Ausbreitung zu verhindern. Abscesse können nach einem Biss eines anderen Meerschweinchens oder durch etwas Raues und Scharfes (z.B. Stroh) entstehen, das die Haut durchdringt. Sie können überall am Körper eines Meerschweinchens auftreten, am häufigsten jedoch im Kopf- und Nackenbereich. Ein Abszess im Nacken könnte eine Schwellung des Lymphknotens in diesem Bereich sein. Lymphknoten sind kleine Drüsen, die dem Körper helfen, Infektionen zu bekämpfen. Ein Abszess kann fest oder weich sein. Abscesse können auch im Mund oder Kiefer eines Meerschweinchens auftreten und dort schnell groß werden. Wenn Sie Ihr Meerschweinchen halten, öffnen Sie sanft seinen Mund, um den Abszess zu sehen. Ist der Abszess im Kiefer, sehen Sie eine große Beule entlang des Kieferknochens. Meerschweinchen können verschiedene Arten von Zysten bekommen, wobei die häufigste eine seborrhoische Zyste ist. Seborrhoische Zysten enthalten Öl von den Hautdrüsen, die Öl produzieren. Sie befinden sich typischerweise am Rücken und in der Nähe des Hinterteils eines Meerschweinchens, können aber auch an anderen Stellen auftreten. Zysten werden problematisch, wenn sie groß werden. Tumore können ebenfalls Beulen bilden. Eine Beule am Schwanz könnte auf einen Hauttumor namens Trichofolliculoma hinweisen. Eine Beule auf der Brust könnte auf eine andere Art von Krebs namens Lymphosarkom hinweisen. Ein weibliches Meerschweinchen kann einen Brusttumor entwickeln, was als Beule am Bauch sichtbar wäre. Lipome sind Tumore, die aus Fettzellen bestehen. Es gibt keine spezifischen Stellen, an denen Sie nach einem Lipom suchen würden. Ihr Meerschweinchen kann mehrere Lipome gleichzeitig haben. Manchmal kann eine Beule dazu führen, dass ein Meerschweinchen so schlecht fühlt, dass es nicht essen möchte. Wenn Ihr Meerschweinchen nicht frisst und keine Leckerlis möchte, überprüfen Sie seinen Mund auf einen Abszess. Selbst wenn Ihr Meerschweinchen fressen möchte, könnte die Größe des Abszesses im Mund oder Kiefer das Kauen erschweren. Manchmal hört ein Meerschweinchen kurz vor dem Platzen eines Abszesses auf zu essen (ein Abszess kann manchmal von selbst platzen). Wenn Sie Ihr Meerschweinchen halten, nehmen Sie einen schnellen Geruch von seinem Atem. Wenn Ihr Meerschweinchen einen Mundabszess hat, wird sein Atem wahrscheinlich unangenehm riechen. Der unangenehme Geruch wäre auf die Infektion zurückzuführen. Neben dem schlechten Atem könnten Sie auch Sabbern bemerken. Ein Abszess kann sehr unangenehm für ein Meerschweinchen sein. Wenn Ihr Meerschweinchen beim Anheben aufschreit, sehr müde erscheint oder nicht mit Ihnen spielen möchte, könnte es einen Abszess haben. Sie könnten auch bemerken, dass Ihr Meerschweinchen den Bereich des Abszesses stark putzt.",4.203433990478516
038_47362,"Once the player is up, you will see menu tabs at the top of the window. Clicking on an option will drop down a menu. You can also access the Preferences window by pressing Ctrl + P. This option is usually the first one found, but you can search for it if needed. In the Preferences window, located below the Language section, there are two radio buttons: ""Use Native Style"" sets the player’s skin to default, while ""Use Custom Skin"" allows you to use any custom skin downloaded from the Internet. Enabling the custom skin option will change the section, allowing you to select a custom skin, which opens the “Select File” window. After locating and selecting the skin file, click ""Open"" to return to the Preferences window.",1.3610873222351074
038_19751,"Before writing a play, decide on its structure. One-act plays, which run continuously without intermissions, are ideal for beginners and can vary in length. They require simpler sets and costumes. The two-act play is more common in contemporary theater, allowing for an intermission that gives the audience a break and the crew time for changes. The structure influences storytelling; the first act should build tension, while the second act raises stakes leading to a climax. The three-act play offers more complexity, with each act serving a specific storytelling purpose, but may require more experience to execute effectively. Examples of plays in each structure are provided.",1.8771142959594727
038_13019,"Expect a small amount of vinegar mixed with warm water to be sufficient for cleaning. Combine 2 to 3 tablespoons of white distilled vinegar with 1 gallon of water, adjusting the amount based on your bucket size to avoid spills. Choose a hidden area to test the solution, wet a sponge, and wipe gently in circles. Rinse with a second sponge and pat dry. Use soft sponges to avoid damaging painted walls, and be cautious with colored sponges that may leave stains. If the test area remains dirty, increase the vinegar ratio, starting with ½ cup per gallon, and test again. For extremely dirty walls, consider adding baking soda, but be aware it may damage paint. If necessary, you might need to repaint instead of cleaning.",1.3201210498809814
038_31246,"Dirt and dust can accumulate in the crevices of sofas and cushions. Use a vacuum brush extension to clean these areas without damaging coated leather. It's crucial to use a non-detergent soap to avoid dulling the coating. Test the cleaning solution on an inconspicuous area first to check for discoloration. If there's no marking, proceed to clean the couch using circular motions, and re-moisten the cloth as needed. After cleaning, wipe the couch with a damp cloth to remove soap residue. Use a microfiber towel to dry the furniture, ensuring it doesn't get soaked. Avoid using hair dryers or fans, and apply leather cream to restore natural oils after cleaning. Avoid DIY solutions with vinegar, and treat stains with vaseline or rubbing alcohol, wiping dry after 15-20 seconds. Finally, clean the area with a damp cloth and ensure it is completely dry.",1.4150598049163818
038_11911,"Mix approximately 2 teaspoons (10 ml) of isabgol with 3 teaspoons (15 ml) of fresh curd and consume it after a meal, followed by a full glass of water to prevent choking. This mixture should be taken twice daily for positive results. Isabgol helps solidify loose stools and provides probiotics beneficial for diarrhea. In cases of irritable bowel syndrome (IBS) or chronic digestive issues, mix isabgol with water and consume daily until symptoms improve. Isabgol cleanses the stomach and aids in regular bowel movements. Before bed, mix isabgol with warm water for easier stool passage. For acid reflux, take isabgol with cold milk after meals to neutralize stomach acid and protect the digestive tract's lining from irritation.",1.2907404899597168
038_48680,"Monologe helfen dir, besser im Memorieren, Charakterstudium und Vorsprechen zu werden. Bei der Suche nach Monologen solltest du vorsichtig sein, da Casting-Direktoren nicht möchten, dass du denselben Monolog wie andere aufführst. Finde stattdessen einen, den du magst, aus einem der Stücke, die du gelesen hast. Analysiere deinen Monolog und zerlege die Beats, um deine Ziele zu kennen. Es ist wichtig, dass du weißt, wo du bist, mit wem du sprichst, wer du bist und was du brauchst. Um deine Fähigkeiten als Schauspieler zu verbessern, solltest du etwa vier Monologe haben, die du häufig übst und auswendig gelernt hast. Zwei sollten humorvoll und zwei dramatisch sein, jeweils einer zeitgenössisch und einer klassisch. Klassen und das Studium der Schauspielkunst sind großartig, um deine Fähigkeiten zu entwickeln, aber auch das Vorsprechen ist wertvoll. Auditions helfen dir, Entscheidungen schnell zu treffen und deine Fähigkeiten zu erkennen. Nimm an so vielen Auditions wie möglich teil und behandle jede Audition wie die Eröffnungsvorstellung. Nutze alles, um dich in den Charakter zu vertiefen und starke Entscheidungen zu treffen. Das Aufzeichnen deiner Aufführungen kann dir helfen, deine Eigenarten zu erkennen und Bereiche zu identifizieren, die du verbessern musst. Mit der verfügbaren Technologie ist es einfach, eigene Produktionen zu erstellen. Durch das eigene Schaffen entwickelst du deinen eigenen Stil und wirst ein besserer Schauspieler.",2.8293967247009277
038_31170,"Es ist wichtig, Empathie zu zeigen, wenn jemand sich blamiert. Versetze dich in ihre Lage und denke darüber nach, wie du dich fühlen würdest. Teile eine ähnliche peinliche Erfahrung von dir oder jemandem, um die Situation zu normalisieren. Wenn sie beispielsweise einen wichtigen Basketballspielzug vermasselt hat, erinnere sie an eine ähnliche Situation, die dir widerfahren ist. Wenn sie bemerkt, dass du ihren peinlichen Moment gesehen hast, erkenne es an, wechsle aber schnell das Thema. Mach es so, als hättest du etwas Dringendes zu fragen, um die Aufmerksamkeit von ihrem Moment abzulenken. Verwende dabei eine aufgeregte Stimme, um es natürlich erscheinen zu lassen. Vermeide es, Witze über ihre Blamage zu machen, da Humor in diesen Fällen oft nicht angebracht ist. Wenn sie wirklich verlegen aussieht, zeige Verständnis und frage, ob alles in Ordnung ist.",1.9933011531829834
038_12192,"Ensure the mortar has dried for at least 7 days before removal. Saturate the wall with water to make removal easier and protect the bricks. Use a garden hose or buckets to fully soak the brick before chiseling. Hold the chisel at a 20° to 30° angle against the wall where mortar has built up. Lightly tap the chisel to break the mortar, starting from the top and working downwards. Work slowly and carefully to remove most mortar, breaking larger pieces into smaller ones. Lime mortar is easier to remove than cement mortar with this method. Use a back and forth motion to clear away mortar dust and scrape off any stubborn bits. Avoid spending too long in one spot to prevent discoloration of the brick.",1.8645610809326172
038_49402,"Exercise is beneficial for overall health and weight loss. It prevents weight gain, minimizes age-related issues, increases energy, and improves sleep. Warming up and cooling down before and after exercise is essential for preparing the body and stabilizing temperature and blood pressure. Staying hydrated is important, with at least 64 ounces of liquid daily plus additional water for activity. Individuals over 60 should aim for at least 30 minutes of moderate exercise most days, with options like walking, swimming, and strength training. Consult a doctor before starting any exercise program, especially strength training. Low-impact activities like yoga and Pilates can enhance strength and flexibility. Listen to your body, allow for rest, and stop exercising if experiencing serious symptoms.",1.4860539436340332
038_56777,"Many sought-after foot models possess more than just attractive feet; they can express emotions through their feet during photo or video shoots to promote products. It's important to practice foot poses and quickly adapt to instructions on set. Having a professional photographer take pictures of your feet and organizing them in an online portfolio, like a website or Instagram, can help you secure modeling jobs. Include an ""About Me"" page, a work history list, and photos from various angles and lighting styles. Show off your feet with revealing shoes and consider adding short videos to demonstrate movement, especially for commercials. Models work with agencies that book jobs, and agents receive commissions. Beginners should avoid exclusive contracts and have a lawyer review any contracts signed. To pursue foot modeling full-time, live in areas with high demand, like New York City or Los Angeles. Diversifying modeling types can help maintain steady work, so include a variety of photos in your portfolio.",1.585700511932373
038_26486,"For effective Spanish teaching, professionals suggest transitioning from “closed” to “open” activities, starting with vocabulary teaching and then allowing students to practice in groups. Games and role-playing, like “Who’s Who,” enhance engagement. It’s important to introduce students to Spanish culture, including food, holidays, and pronunciation differences. Basic vocabulary should be prioritized, while advanced students can learn to use Spanish in various contexts. Using rhymes and songs can aid in vocabulary retention. Initially, English may be used to explain new concepts, but students should be encouraged to speak Spanish frequently. Eventually, after a few years, students should be able to converse in Spanish exclusively in the classroom.",1.1881163120269775
038_21391,"If you believe God is calling you to become a reverend, it is crucial to pray and reflect on this calling to ensure it is genuine and to understand the commitment involved. This vocation is about serving God and others, not self-glorification. Consider feedback from others, especially if you have been active in church and received encouragement about your potential in ministry. Research your denomination's requirements for ordination, which may involve consulting your pastor, who will assess your intentions and may refer you to a church board or committee. If approved, you will need to seek support from a regional denominational committee, which will interview you and may require psychological and background checks. Honesty during these evaluations is vital, as any indication of self-serving motives or lack of understanding of ministry can lead to rejection. If approved, you will become a seminarian and must report on your progress, possibly with the assistance of a mentor or support group to help you through seminary.",1.4577898979187012
038_19429,"These and those are plural pronouns that substitute for or refer to other nouns in a sentence, helping readers understand what the pronouns represent. If the noun is singular, use this or that; if plural, use these or those. American English treats collective nouns as singular, so use this or that with them, while British English may treat them as plural, allowing for these or those. Examples illustrate how to use these pronouns correctly with both singular and plural nouns, ensuring that verbs also agree in number.",0.9892513751983643
038_190,"If you want to keep your puzzle intact, you can use specialized glue to attach the pieces permanently, although this may lower its value, especially for antique puzzles. Before framing, measure the puzzle's dimensions accurately. Craft shops may offer frames that you can assemble to fit your puzzle. Use sturdy backing material like foam board or cardboard to keep the puzzle flat. Protect the surface under the puzzle and smooth it out with a rolling pin before applying glue. Apply a thin layer of jigsaw puzzle glue with a paintbrush, ensuring to cover cracks between pieces. Let it dry for at least two hours before transferring to the backing material. After ensuring it's secure, let it dry for 24 hours, weighing it down if needed. Finally, place the puzzle in the frame and secure it, optionally adding a glass cover for protection.",1.3410422801971436
038_51233,"Peonies exist in two types: herbaceous peonies, which grow from root clumps into green-stemmed flowers, and tree peonies, which have wooden stems and grow into shrubs. The planting depth differs: herbaceous peonies should be planted 2 inches deep, while tree peonies require 4-6 inches, with the graft above soil. Although deep planting is not necessary, it's recommended to prepare rich soil. A hole of 18 inches across is suggested. If soil is poor, mix organic material with garden soil. To check drainage, water a one-foot hole and measure how much drains. Well-draining soil should drain 1-6 inches per hour. Fertilizer can be added to promote growth. Fill the hole with organic soil, leaving space at the top, and place peony tubers with buds upward, ensuring they are not more than 2 inches deep. Water thoroughly after planting, keep soil moist until frost, and apply mulch for winter protection, removing it after the last frost in spring.",1.5609359741210938
038_24735,"It’s the blue folder icon with a white cloud inside, found in the app drawer. The home screen of the app appears, displaying several network options in the left column toward the bottom of the screen. One option is near the top of the list, while ES File Explorer scans the network for devices, listing computers by IP address. The contents of the folder will then appear in ES File Explorer.",1.4837725162506104
038_15738,"To reset the battery, you need to reset the SMC (System Management Controller), which manages your Mac's external lights, button responses, and battery management. This can improve battery life, address overheating, and enhance your MacBook Pro's performance. Symptoms indicating SMC issues include loud fans, malfunctioning indicator lights, unresponsive Power button, unexpected shutdowns, and charging problems. To reset the SMC, click the Apple logo, shut down your MacBook Pro, ensure the charger is plugged in, and then hold down the ⌘ Command, ⌥ Option, and ⇧ Shift keys while pressing the Power button. Release the keys once the Mac starts to restart, which should resolve battery issues. If problems persist, a factory reset may be necessary, but this will erase all saved data.",1.2524843215942383
038_38669,"To thicken curry, use thick yogurt like Greek yogurt by adding it a spoonful at a time until you reach the desired thickness. This is ideal for Indian-style curries as a cream substitute and can cool down overly spicy dishes. For tomato-based curries, mix in small amounts of tomato puree or paste until thickened. Diced tomatoes can also be used, preferably added during cooking. If including potatoes, mash them after cooking to thicken the curry without losing flavor, as a few mashed potatoes can help achieve a thicker consistency.",1.1196012496948242
038_23850,"Die häufigste Ursache für juckende Haut ist trockene Haut. Je mehr Wasser du trinkst, desto mehr Wasser wird in die Haut aufgenommen. Es wird empfohlen, täglich mindestens sechs bis acht 8-Unzen-Gläser Wasser zu trinken. Wenn du sehr aktiv bist oder viel schwitzt, musst du mehr Wasser trinken. Begrenze auch deinen Konsum von Koffein und Alkohol, da diese die Haut austrocknen können. Verwende lauwarmes oder kühles Wasser und achte darauf, deinen ganzen Körper nach jeder Dusche einzucremen. Verweile nicht länger als 30 Minuten in der Dusche oder Badewanne. Viele Menschen wissen nicht, dass Duschen oder Baden tatsächlich die Haut austrocknet, insbesondere wenn man aggressive oder schwere Seifen verwendet. Vermeide Seifen, die Farbstoffe, Düfte oder Alkohol enthalten. Lauwarmes Wasser wird empfohlen, da zu heißes Wasser die Haut schädigen kann, indem es schützende Öle abträgt, die die Haut feucht halten. Wähle eine Feuchtigkeitscreme mit möglichst wenigen zusätzlichen chemischen Inhaltsstoffen, um die Exposition deiner Haut gegenüber Chemikalien zu reduzieren, auf die du empfindlich reagieren könntest oder die den Juckreiz verschlimmern könnten. Vermeide Produkte mit zugesetztem Alkohol oder Duftstoffen. Vaseline ist duftfrei und kann oft sehr gut helfen, gereizte Stellen feucht zu halten. Studien zeigen, dass Cremes mit Omega-3-Fettsäuren hilfreich sein können, um die Symptome von Ekzemen, einer Erkrankung, die starken Hautjuckreiz verursacht, zu verringern. Du kannst auch eine feuchtigkeitsspendende Creme selbst herstellen. Trage eine der folgenden hausgemachten Feuchtigkeitscremes auf Gesicht, Körper und Hände auf. Lass die Feuchtigkeitscreme ein paar Minuten einziehen und wische oder spüle überschüssigen Rest ab. Kokosnussöl ist auch hilfreich, um die Fähigkeit deiner Haut zur Feuchtigkeitsbindung zu verbessern. Trage es direkt auf gereizte oder juckende Haut auf. Die American Academy of Dermatology empfiehlt, einen Dermatologen für eine Hautbewertung aufzusuchen, bevor du exfolierst, da nicht jede Art der Exfoliation für jeden Hauttyp geeignet ist. Falsches oder sehr aggressives Peeling kann tatsächlich deine Haut schädigen und Entzündungen und Juckreiz verstärken. Es gibt jedoch einige Ansätze, die du ausprobieren kannst: Versuche Trockenbürsten, eine traditionelle chinesische Medizinmethode, die abgestorbene Hautzellen entfernt und die Blutzirkulation fördert. Verwende eine Naturborstenbürste mit langem Griff. Beginne an den Füßen und bürste in langen, sanften Strichen in Richtung deines Herzens. Dusche danach und tupfe dich trocken, dann trage eine Feuchtigkeitscreme auf.",3.61527943611145
038_25274,"To create a nice drawing in MS Paint, start by increasing the canvas size above 2000 pixels. It's faster to sketch on paper and then scan or photograph your drawing. If you sketch directly in MS Paint, use light gray. Open your scanned drawing in MS Paint and ensure you save the original sketch separately. Use the curve tool to outline your drawing in black, adjusting lines to match your sketch. After outlining, invert the colors to remove the sketch and then switch back to color. Save a copy of the black lines. Fill in the base colors and ensure all pixels are covered. For shading, select an area, set a base color, and choose a shading color. Use any tool for shading, and then use the transparent selection feature to clean up any colors outside the lines. Repeat for each area until satisfied.",1.310659646987915
038_54067,"When leaving a job, it is advisable to request a face-to-face meeting with your manager if possible. Begin the conversation by thanking them for their time and inform them that you have decided to leave the company, providing your last date of employment, typically with at least two weeks' notice. Avoid negative comments about your reasons for leaving; instead, frame it positively, such as seeking a better opportunity. If there's an exit interview, provide constructive feedback, but if not, share your thoughts during your meeting. Keep the details about your new job brief to maintain a good impression. Finally, present your resignation letter, which should include your departure statement, last working day, and a note of thanks for the opportunity.",1.2883191108703613
038_32730,"Xcode ist die Entwicklungsumgebung, in der alle iPhone-Apps erstellt werden. Es ist kostenlos von Apple erhältlich, erfordert jedoch OS X 10.8 oder neuer. Es gibt keinen offiziellen Weg, Xcode auf einem Windows- oder Linux-PC auszuführen, was bedeutet, dass man zuerst in einen Mac investieren muss, wenn man eine iPhone-App entwickeln möchte. Für die Entwicklung von iOS 8-Apps benötigt man Xcode 6.0.1 und das iOS 8 SDK, die beide von Apple erhältlich sind. Das iOS 8 SDK enthält viele neue APIs für neue App-Erlebnisse, einschließlich iCloud-Integration und Touch ID. Für die Entwicklung von iOS 10-Apps sind Xcode 8 und das iOS 10 SDK erforderlich. In dieser Version von Xcode gibt es bedeutende Änderungen an der Swift-Sprache, aber ab dieser Version wird es keine ""codebrechenden"" Änderungen mehr an Swift geben. Während man vollständig in Xcode programmieren kann, ist die Arbeit mit großen Codeabschnitten einfacher mit einem speziellen Texteditor. Beliebte Optionen sind TextMate und JEdit. Für benutzerdefinierte Grafiken benötigt man ein Programm zur Erstellung von Vektorgrafiken. Objective-C ist die Programmiersprache für die Funktionalität von iPhone-Apps. Eine neuere Option ist Swift, die eine freundlichere Syntax hat. Es gibt viele Tutorials und Bücher über Objective-C oder Swift. Wenn man die Entwicklung ernst nimmt, ist es wichtig, Ressourcen zur Hand zu haben. Für die Verteilung der App im App Store benötigt man ein Apple Developer-Konto, das 99 $ pro Jahr kostet. Nach der Registrierung hat man Zugriff auf die Entwicklungsressourcen von Apple, einschließlich verschiedener Beispielprojekte.",2.3918449878692627
038_51987,"To determine if a snake is a venomous coral snake or a non-venomous scarlet king snake, check if red and yellow rings are touching; touching indicates a coral snake. The coral snake has a ring pattern of red, yellow, black, yellow, red, while the scarlet king snake has a pattern of red, black, yellow, black, red, or possibly blue. Coral snakes have black and yellow bands on their tail with no red, and their head is black with a short snout. In contrast, the scarlet king snake has a mostly red head with an elongated snout. Rhymes have been created to help remember the differences: ""Red touches yellow, kills a fellow; red touches black, friend of Jack."" These guidelines apply specifically to North American coral snakes, and the patterns may differ globally, so caution is advised when identifying snakes outside this region.",2.008985757827759
038_42304,"You can search for a topic of interest using the search bar at the top of the screen and narrow it by geographic area. To purchase vouchers, create a free account by clicking “sign up” in the right corner, using your Facebook login or by entering your information (full name, email, password). Add credit card information to purchase a voucher. If you already have an account, click “sign in” and enter your email and password. Access account settings by clicking your name in the top right corner. Once signed up with an active email, Groupon will email you local offers, using your zip code to aggregate deals in your area.",1.4439494609832764
038_28931,"When choosing a board game, check the recommended age range on the box. For younger gradeschoolers, opt for simpler, learning-focused games like Candy Land and Chutes and Ladders. For older gradeschoolers, consider more challenging games like Monopoly and Yahtzee. Set up a painting station with washable, nontoxic paint, and have the kids sign their artwork. Encourage outdoor play for exercise, ensuring their safety away from streets. Activities can include playing catch, tag, or organizing a scavenger hunt. Additionally, ask the child about a movie they'd like to watch, making popcorn for a theater-like experience, while ensuring the movie is age-appropriate (preferably PG).",1.5929474830627441
038_30390,"Your mother may try to control various aspects of your life and express dissatisfaction when you go against her wishes. To make your own decisions without conflict, be firm and ignore her opinions when making choices. Acknowledge that both you and your mother can make mistakes, and when she criticizes you, responding with gratitude for her input can help. If her criticism bothers you, discuss it openly and express your feelings. Understand that her anxiety may be a factor in her behavior, and gently suggest that she seek help if needed. As you grow, you gain more control over your life, and while your mother may resist this change, it’s important to establish your independence. Set boundaries with her calls and seek her support as you become more independent.",1.887678623199463
038_10025,"To deprogram a snake's aggressive behavior, first identify the type of aggression: territorial or feeding responses. Territorial responses are instinctive defense mechanisms, while feeding responses are learned behaviors where snakes bite anything entering their cage, thinking it's food. More aggressive species may require additional training. ""Hook training"" involves gently rubbing the snake's body or pressing down on its head with a hook to signal that it's not feeding time. If the snake appears scared, spend time calming it before handling. To reduce feeding responses, feed the snake only once every three weeks and handle it daily. Feeding in a separate tub can help prevent the snake from associating the cage with food, but avoid transferring this behavior to the tub. Snakes can safely go weeks without eating.",1.7177295684814453
038_41819,"Drehe den Rock wieder auf die rechte Seite, ziehe ihn an und schaue dich im Spiegel an. Der Rock sollte auf die gewünschte Länge fallen und der Gummi sollte ihn eng an deiner Taille halten. Dieser Schritt beendet den Prozess.",1.1566133499145508
038_35638,"Wait until you receive your visa by mail before booking your flight, as it is required for legal entry into the country. To save money, consider budget airlines and flying on weekdays. Booking during the off season in Australia (May-September) can also lower costs. Look for airlines offering a 30 kg baggage allowance. If you need a job, major cities like Sydney, Melbourne, or Perth may have better opportunities. Alternatively, rural areas may offer work on farms. You can land in a major city and then travel around Australia by various means. Use rental websites to find accommodations within your budget, opting for shared spaces or furnished rentals to ease your move. Hostels and homestays are cheaper alternatives and may offer discounts for longer stays. If your employer is sponsoring your move, coordinate accommodations with them. Finding a job can be tough, especially in peak season, so apply for as many positions as possible and search for jobs online, including in rural areas. Networking with contacts in Australia can also help.",1.5510756969451904
038_29424,"If your mind races before bed or while working, take a moment to organize your thoughts by writing a to-do list or jotting down ideas and questions. This helps clear your mind for other tasks. Incorporating journaling into your nightly routine can also reduce tension and anxiety. You don't need to write about anything specific; just start writing to see what comes out. Avoid multitasking, as your brain is designed to focus on one task at a time. Trying to juggle multiple tasks can lead to sloppy work and mental clutter. Develop a system to filter information, keeping only what's important, as extraneous details can overwhelm your mind. Pay attention to repeated information, as it often signifies importance.",1.1689705848693848
038_17225,"If you are experiencing eye symptoms, it is important to book an appointment with your eye doctor. You can perform basic sight tests at home by printing a test page with letters of decreasing size and hanging it at eye level. Stand ten feet away and see how many letters you can read, covering each eye separately. While these tests can provide a basic indication of your vision, they are not a substitute for a professional exam. Your eye specialist will conduct thorough tests to determine any issues and prescribe glasses if necessary. After choosing frames, you will have to wait a week or two for them to be fitted.",1.7702200412750244
038_52622,"To create a wax hand, use a bucket filled with water and add food coloring if desired. Melt the wax and ensure it cools to 110°F (43ºC) before use. Apply lotion to your hand and wrist without rubbing it in. Dip your hand into the water and then into the warm wax, repeating this process to build layers. An average hand requires about eight dips. After the final dip in water, gently loosen the wax hand by sliding a finger under it, and if stuck, poke holes in the fingertips. Smooth out any imperfections while the wax is still soft, and optionally create a sturdy base by dipping the wrist end in warm wax. Allow the wax to air-dry to finish the process.",1.3045272827148438
038_53021,"Klicke oder doppelklicke auf das Edge-App-Symbol, das entweder ein weißes ""e"" auf blauem Hintergrund oder ein dunkelblaues ""e"" darstellt. Dieses Symbol befindet sich in der oberen rechten Ecke des Edge-Fensters. Ein Dropdown-Menü erscheint. Es befindet sich am Ende des aufklappbaren Menüs. Diese Option befindet sich unter der Überschrift ""Browserverlauf löschen"" etwa auf halber Höhe des Einstellungsmenüs. Dies ist die Option, die die Cookies deines Edge-Browsers löscht; du kannst jedes andere Kästchen in diesem Menü abwählen, wenn du möchtest. Es liegt unter den verschiedenen Arten von Daten. Wenn du das tust, werden die Cookies deines Browsers gelöscht.",1.31081223487854
038_12952,"To gain more likes on Instagram, aim to post consistently, ideally two to three photos daily with breaks in between. Avoid posting too frequently to prevent flooding your followers' feeds with mediocre content. Post when your audience is likely awake, such as in the morning, at lunchtime, or after dinner, and avoid Friday or Saturday evenings. Consider your international followers' different schedules due to time zones. Establishing a theme that reflects your interests can help attract an audience. Additionally, share your Instagram posts on other social media platforms to increase visibility. It's easy to do by using the share options when posting.",1.126312255859375
038_30749,"It can be challenging to use a Beauty Blender with certain makeup products like tube concealers or cream blush sticks. In such cases, apply the makeup directly onto the skin in the desired areas, starting with a small amount. The sponge blends the product well, so a little goes a long way. After dotting the makeup on your skin, use the damp sponge to bounce and blend it in. To avoid spreading the makeup too far, use the pointed end of the sponge. Be cautious not to press the Beauty Blender onto other areas to prevent transferring makeup. If the makeup looks patchy, roll the side of the sponge over the area to smooth out streaks. This rolling technique is a great finishing step to achieve a flawless look. Lastly, remember to wash your Beauty Blender after use to keep it ready for next time.",1.8758611679077148
038_29382,"In this game, players give clues to help their teammates guess a specific word without using any part of the word or designated taboo words. Points are scored for correct guesses, but if a player skips a word or accidentally says a taboo word, points are lost. Each round has a watchdog to ensure rules are followed, and there are separate piles for correct guesses and skipped or penalized cards. The game can be played to a set score or for a number of rounds, with rules about unused cards and shuffling the deck for subsequent rounds.",1.5554652214050293
038_35152,"If you can't find a matching bias tape color, opt for a neutral shade similar to your shirt. For instance, use black bias tape for a dark blue shirt or light grey for a light blue shirt. The length to cut depends on the bias tape width, typically about ½ inch. Pin the right side of the bias tape to the right side of the shirt, leaving about 1 inch of extra tape on each side. Fold the bias tape down and then inside the shirt, hiding raw edges beneath it. Ensure the bias tape is not visible from the outside, and the seam will be at the shirt's bottom edge. Use an appropriate heat setting for the fabric, and consider clipping the bias tape corners to reduce bulk. Sew with the shirt's inside facing you, using matching threads for the shirt and bias tape. Remember to backstitch at the start and end and remove pins as you sew. Your shirt is now ready to wear!",1.937605619430542
038_31929,"Bakterien können von deinen Händen auf dein neues Piercing übertragen werden, was zu einer Infektion führen könnte. Stelle sicher, dass deine Einweghandschuhe als ""steril"" gekennzeichnet sind, um Kontaminationen zu vermeiden. Ziehe ein Paar an, bevor du mit der Arbeit beginnst, um keine Bakterien auf die Nadel oder dein Ohr zu übertragen. Du kannst Einweghandschuhe in deiner örtlichen Apotheke kaufen. Fülle einen kleinen Topf mit Wasser und stelle ihn auf hohe Hitze auf deinem Herd. Sobald das Wasser kocht, tauche die Sicherheitsnadel vollständig unter Wasser. Lass das Wasser 5-10 Minuten kochen, um die meisten Bakterien von der Nadel abzutöten, bevor du sie mit einer Zange oder einem Löffel herausnimmst und auf ein trockenes Stück Küchenpapier legst. Verwende niemals eine Nadel, die jemand anderes verwendet hat, um sich die Ohren zu piercen, da das Abkochen der Nadel nicht alle Kontaminanten entfernt und du Bakterien verbreiten könntest. Verwende keine Nadel, die nicht sterilisiert wurde, da sie eher Infektionen verursachen kann. Befeuchte ein Wattestäbchen oder ein kleines Stück Küchenpapier mit Isopropylalkohol und wische damit die Nadel ab. Achte darauf, den Alkohol auf die gesamte Seite der Nadel mit der Spitze aufzutragen, um eventuell noch vorhandene Bakterien abzutöten. Trockne die Nadel auf einem Stück Küchenpapier, um überschüssigen Alkohol zu entfernen. Du kannst auch Wasserstoffperoxid verwenden, wenn du keinen Isopropylalkohol hast. Befeuchte ein Stück Küchenpapier oder ein Wattestäbchen mit Isopropylalkohol und wische es auf dein Ohr, wo du das Piercing setzen möchtest. Bedecke die Vorder- und Rückseite deines Ohres mit dem Desinfektionsmittel, um Keime abzutöten und Infektionen beim Piercen zu verhindern. Du kannst auch Wasserstoffperoxid oder ein Desinfektionstuch verwenden, wenn kein Isopropylalkohol verfügbar ist.",3.4849064350128174
038_8321,"Gehe zu http://www.minecraftskins.com/. Dies öffnet die Skin Index (oder Skindex) Bibliothek. Klicke auf einen Skin, den du für deinen Minecraft-Charakter verwenden möchtest, oder suche nach einem bestimmten Skin in der Suchleiste. Du kannst auch deinen eigenen Skin erstellen. Um eine lange Liste von Skins zu sehen, klicke auf ""Neueste"" oder ""Top"" auf der linken oberen Seite der Seite. Ein Klick darauf lädt die Skin-Datei sofort auf deinen Computer herunter. Je nach den Einstellungen deines Browsers musst du möglicherweise zuerst einen Speicherort auswählen oder den Download bestätigen. Gehe zu https://minecraft.net/. Dies ist die Minecraft-Website. Ein Dropdown-Menü erscheint. Diese Option befindet sich oben im Dropdown-Menü. Ein Klick darauf führt dich zur Skin-Seite. Wenn du nicht bei Minecraft angemeldet bist, gib deine E-Mail-Adresse und dein Passwort ein und klicke auf ""ANMELDEN"", bevor du fortfährst. Klicke auf die Skin-Datei, die du heruntergeladen hast. Du solltest sie im Standard-„Downloads“-Ordner deines Computers sehen. Diese Option befindet sich in der unteren rechten Ecke des Fensters. Deine Skin-Datei wird auf die Profilseite hochgeladen. Dadurch ändert sich der Skin für den Charakter deines aktuellen Kontos. Wenn du dich mit denselben Kontoinformationen auf deinem Computer bei Minecraft anmeldest, hat dein Charakter jetzt den Skin, den du hochgeladen hast.",2.195236921310425
038_18275,"This text provides instructions on how to effectively use benzoyl peroxide, the active ingredient in many acne creams, to treat stains on dolls. It advises checking product labels for at least 10% benzoyl peroxide and suggests using a cotton swab or finger to apply the cream directly onto the stain. To enhance effectiveness, it recommends covering the area with Saran wrap to prevent drying. Additionally, it emphasizes protecting the doll's hair, body, and facial features from sunlight, which can cause damage, and notes that the bleaching effect of benzoyl peroxide is beneficial for removing stains. The text encourages patience, as some stains may take weeks to fully disappear, and advises repeating the treatment as needed until satisfied with the results.",1.2324821949005127
038_9308,"If you are retaining fluid, the first step is to see your doctor for a physical exam and tests to determine the cause. Various conditions can lead to fluid retention, including heart issues, kidney failure, hormonal changes, and certain medications. Women may experience water retention before their period due to hormonal shifts, and birth control can also contribute. If the retention is uncomfortable or persists, a doctor might prescribe a diuretic to help eliminate excess fluid. If your fluid retention lasts more than a few days, consult your doctor, especially if you suspect it may be related to medications or serious conditions like heart failure or kidney disease, which require prompt medical attention.",1.2419700622558594
038_3190,"If you have discolored dead skin or cuticles due to dye, use a cuticle clipper to remove them carefully instead of using harsh nail polish remover. If your nails remain discolored despite attempts to fix them, consider covering them with a fun nail polish to disguise the stain while being fashionable.",0.8577046394348145
038_6465,"If your hair growth is linked to medical conditions like hirsutism or polycystic ovarian syndrome (PCOS), birth control may help reduce hair growth by decreasing androgen levels in the body. Consult your doctor for issues related to these conditions. Electrolysis, which involves using an electrical current to damage hair follicles, is a permanent hair removal method but can be painful and expensive. Laser hair removal is faster and less painful, requiring several treatments, but hair may regrow. New medicated creams like Vaniqa can also help reduce hair growth by blocking an enzyme that promotes hair growth, resulting in slower and finer hair.",1.1275060176849365
038_53280,"There are various types of patents, and a recipe may qualify for multiple categories. A Utility Patent safeguards new inventions with practical applications, including methods, machines, and improvements. Most recipes generally fall under this category. Additionally, the design of the product or its packaging could be eligible for a design patent. Patents can be filed in the U.S. or internationally, with the EU providing a ""European Patent Office"" for member countries. While individuals can file their patents, hiring a specialized patent lawyer is recommended for navigating the paperwork. The application can be submitted online or by mail, with online filings avoiding extra fees and speeding up processing. After submission, the patent office reviews the application to determine eligibility. Most applications face rejection, which is part of the process, and applicants can amend or appeal decisions. If ultimately rejected, recipes can be protected as trade secrets through non-disclosure agreements.",1.4269375801086426
038_10862,"Use spezielle Haarschneidescheren, wenn möglich, da sie schärfer sind und zum Schneiden von Haaren entwickelt wurden, was die besten Ergebnisse liefert. Wenn du keine zur Hand hast, verwende ein scharfes, präzises Paar normaler Scheren. Stumpfe Scheren beschädigen dein Haar, indem sie gezackte Enden erzeugen. Teste sie an einem Stück Schnur, um sicherzustellen, dass die Schärfe ausreichend ist.",1.003436803817749
038_7941,"You may have installed adware unintentionally while downloading another program. Symptoms include excessive pop-ups and redirected searches. To remove adware, uninstall any unfamiliar or suspicious programs, and consider using specialized adware removal tools like AdwCleaner, Malwarebytes Antimalware, or HitmanPro. Adware often alters browser settings, so resetting your browsers will help eliminate unwanted changes. Additional steps may be needed for certain infections, such as resetting the hosts file or fixing browser shortcuts. For specific adware infections, search for tailored solutions or refer to wikiHow articles.",1.081470012664795
038_46333,"In-text citations are typically marked with footnotes or endnotes, using a superscript number after the punctuation of the borrowed information. The number corresponds to the current citation count in the text. You can mention the author's name in the sentence but it is not necessary. At the end of the text, provide the author's full name, article title, city of publication, publisher, and publication year in parentheses, followed by the page number. If citing the same source again, abbreviate in subsequent footnotes using ""Ibid."" if it follows immediately. If separated by other sources, include the author's last name, title, and page number. If instructed not to use footnotes, provide citation information in parentheses after the borrowed information. If a corporation is the author, use the corporation's name instead.",1.4235665798187256
038_4257,"To prevent damage, the cooling system needs to be carefully regulated, especially when building or upgrading a computer. Components generate heat, and older computers are more prone to heat failure as cooling systems degrade and dust hampers heat dispersion. Excessive heat can cause permanent damage, system failure, and data loss, with average temperatures in a well-cooled system being 40–60 °C (104–140 °F). To improve cooling, dust should be regularly blown out using compressed air, and additional fans can be installed in desktop computers by opening the case and connecting them to the motherboard.",1.2579174041748047
038_15728,"Restoring your Blackberry to factory settings will erase all data, and the device will reset and restart once the process is complete.",0.7295882701873779
038_34546,"In a face-to-face conversation, face the person, maintain eye contact, and listen openly. On the phone, listen attentively without interrupting. If you struggle to concentrate, repeat their words in your mind. Avoid giving unsolicited advice and focus on understanding their situation through active listening. Only offer advice when asked. Nod and provide affirmations like ""uh huh"" or ""thanks for sharing"" to show you are listening. If you aim to make friends, prioritize listening over advising, as unsolicited advice may lead to negative reactions. Instead, make empathetic comments or statements to show understanding, such as “I understand, tell me more” or “That sounds hard, I'm sorry to hear that.” After they finish speaking, recap what they said to ensure understanding, and confirm your interpretation with questions like, “Do I understand you correctly?”",1.3727121353149414
038_56127,"To dress for a larger butt, focus on drawing attention to your upper body with tops that add curves to your shoulders and chest. Use bold colors and patterns to keep the focus upward, and choose horizontal necklines and bell sleeves to balance your silhouette. Accessories like necklaces and scarves can help divert attention from your backside. If you prefer to minimize your butt's presence, opt for dark colors in pants and longer tops that cover your butt. The A-line dress is effective for hiding a larger behind. Slimming shapewear can create a sleeker look, while vertical features on tops can slim your waist and backside. Large back pockets, low waistbands, and wide legs can also help. Avoid skinny jeans and seek high-waisted options for a seamless look. Ensure skirts fit well; pencil skirts can balance wide hips, while fluted skirts can disguise the butt and shift attention to the legs.",1.4066400527954102
038_58131,"Click the Windows logo or press ⊞ Win on your keyboard to open the Start window. In the File Explorer window, find the tab in the upper-left side and go to the ""New"" section of the tool bar. Select the option from the New item drop-down menu to create a shortcut. A window will pop up where you can navigate to find the program or file for your shortcut, such as in the Documents folder. Once selected, this sets the target for the desktop shortcut. Renaming or moving the desktop icon will make the shortcut non-functional. The default name will match the program's name, and you will create your shortcut in the selected folder.",1.4978985786437988
038_56147,"If you suspect your husband is cheating and want evidence, there are several places to look. Check his phone for messages from unknown women or unidentified numbers. Examine his computer for emails or social media messages; if he’s deleting emails, it could be a sign he’s hiding something. Search through his belongings, including his suitcase, desk, wallet, and pants pockets for clues. Review his bank statements for unusual expenses at unfamiliar restaurants. If you’re hesitant to confront him directly, consider discreetly following him using a borrowed car and maintaining a safe distance. Look for signs when he’s not expecting it, but have a good excuse for your presence. When you have enough evidence, it’s essential to have a candid conversation with him about your concerns, ideally in a private setting, without giving away your intentions beforehand. Make sure he understands how his actions affect you emotionally.",1.6152963638305664
038_45072,"Objectives and goals are often confused, but they have distinct meanings in education. Goals are broad and hard to measure, focusing on big picture issues, like appreciating clinical training in child psychology. In contrast, educational objectives are specific, measurable, and detail acceptable performance criteria. Bloom's Taxonomy classifies learning into three domains, with the cognitive domain being the most emphasized in higher education. It consists of a hierarchy of six levels: knowledge, comprehension, application, analysis, synthesis, and evaluation. Writing educational objectives requires focusing on three characteristics: performance (what students will do), condition (under what circumstances), and criterion (the standards for passing). For example, a nursing objective could state that students will be able to draw blood in a typical hospital setting within 2 to 3 minutes.",1.2839746475219727
038_47377,"Use this method to export an HD video to a folder on your Mac for viewing and sharing. If sharing directly to a website like Facebook or YouTube, the text will become the video title. Choose between 720p, 1080p, or 4k for HD quality. 720p is a smaller file that uploads quickly, while 1080p provides much better quality with a larger file size. 4k offers Ultra High Definition but results in the largest file and longest upload time. If exporting to a file, you can choose a YouTube category and set privacy options. The “High” setting balances quality and file size, while “Best” uses professional quality ProRes. Choose “Faster” for smaller files or “Better Quality” for the best audio and video. When sharing, sign in to the chosen site and save the file to an easily accessible folder. After saving, the HD video can be uploaded to various platforms like Facebook and Google Drive.",1.651714563369751
038_19995,"Sometimes, the small gestures in a relationship matter the most. It's important to think about what your boyfriend enjoys and how his day is going, incorporating that into your actions. Simple acts like bringing him coffee, cooking his favorite meal, or surprising him with a trip can strengthen your bond. Affection through hugs and kisses should continue even after being together for a while to show ongoing interest. However, be mindful of public displays of affection and avoid overwhelming him with constant affection, which might signal guilt. Confidence is attractive, so express yourself and avoid being overly accommodating. Communication about scheduling is crucial; if plans frequently change, be clear about it. Jealousy is natural but trust is vital; don't give him reasons to doubt your loyalty. Show appreciation with compliments and small gestures, and be cautious about discussing past relationships or celebrities. Dressing up occasionally can reignite attraction. Lastly, taking an interest in his hobbies demonstrates care and strengthens your connection.",2.2644853591918945
038_29951,"Self-defense involves more than just fighting; it includes awareness of your surroundings, assessing your options in danger, practicing assertiveness, and de-escalating threats. Simply fighting back can escalate the situation and increase harm. Taking a self-defense class can provide skills to deflect violence and ensure safety. If physical violence is unavoidable, target vulnerable body parts for maximum impact. Avoid alcohol and drugs in unfamiliar situations, as they can impair judgment and increase vulnerability. Adjust privacy settings on social media to protect personal information and be cautious about what you share online. When meeting someone new, choose public places and inform a friend of your whereabouts. Remember, if you are harmed, it is not your fault; you have the right to refuse unwanted advances.",1.286689043045044
038_10032,"Before indulging at a buffet, consider how much you want to eat and plan your visits. You might choose to have a small starter, a healthy plate, and a small dessert, or two moderately sized plates. Visualize your plate as divided into four sections: half for vegetables and fruits, a quarter for lean protein, and the last quarter for whole grains. Focus on low-calorie vegetables and fruits to manage calorie intake. Choose lean proteins like fish or chicken, limit red meat, and avoid processed meats. For portion control, select protein similar in size to a deck of cards and whole grains like quinoa that resemble a hockey puck. Eat slowly to allow your brain to recognize fullness, which can help prevent overeating.",1.257690191268921
038_33787,"You should select a cage for your bird that is at least twice the height and width of its wingspan to prevent it from feeling cramped. Opt for a spacious cage that suits your home and note that many cages are designed for specific bird species. For instance, finches thrive in wide cages, while parrots and cockatoos may become stressed in rounded cages, so rectangular options are better. It's critical to consider bar spacing, as improper spacing can lead to accidents or escapes. Small birds require bars spaced no more than 0.63 inches apart, while spacing varies for larger birds. Research or consult a pet store for the right bar spacing for your bird. Cages are typically made from wire, metal, or stainless steel, with stainless steel being preferable for longevity. Avoid cages with lead or zinc, as they can harm your bird.",1.3484818935394287
038_23884,"This text discusses how to manage stress in a relationship, whether it arises from external factors like work or internal issues. It emphasizes the importance of not allowing stress to damage the relationship and encourages couples to view themselves as a team. Open communication about feelings and concerns is crucial, as is a sense of humor to relieve tension. The text advises couples to address financial stress openly, seek help if needed, and not to blame each other. It also touches on managing work-related stress and the impact of illness on relationships, highlighting the need for support and clear communication. Keeping intimacy alive, despite challenges, is also encouraged. Finally, it suggests that partners should listen to each other and appreciate the support they offer.",1.334261178970337
038_41399,"The sooner you can clean a cat urine stain, the better the results will be. If you can't find the stain during the day, use UV light to locate it at night, as the smell becomes stronger over time and harder to clean. For safe surfaces like carpets, mix dish soap with warm water, blot it on the stain, and let it sit for an hour to loosen the crystals. For items that can't get wet, like leather or wood, just blot with a damp cloth. After cleaning, let the area dry completely. To neutralize the urine, use an enzyme cleaner, applying it beyond the stain's edges. Enzymatic cleaners are gentle and can be found in stores or made at home. Always check product directions to ensure safety for the surface being cleaned.",1.295203685760498
038_4412,"A standard banana tree can grow over 15 meters tall, making it unsuitable for regular pots. It's recommended to buy a dwarf variety, which grows between 1.5 m and 4 m and can be kept indoors without outgrowing its pot. Popular dwarf varieties include Dwarf Red, Dwarf Brazilian, Williams Hybrid, and Dwarf Lady Finger. You can purchase dwarf banana tree corms online or young trees and suckers from local nurseries. Banana trees prefer well-drained soil, ideally a mix of peat, perlite, and vermiculite, or cactus/palm tree soil. Avoid heavy potting soil or yard soil, and aim for a soil pH of 5.6 - 6.5 for optimal growth.",1.2986626625061035
038_1508,"Staying clean helps you look and feel better. Brush your teeth twice a day and consider brushing after meals if you have braces. Bathe or shower once daily to avoid drying out your skin. Use deodorant to reduce body odor and boost confidence, and consider light fragrances. Aim for 8-9 hours of sleep for better health and mood. Avoid junk food and include more fruits, vegetables, and lean meats in your diet. Exercise regularly for overall well-being and stress reduction. Gradually adjust your diet, swapping unhealthy snacks for healthy ones, and drink more water while reducing soda and coffee intake. Engage in enjoyable physical activities and set achievable goals. If weight loss is a concern, focus on healthy eating, regular exercise, and getting enough sleep.",2.204134464263916
038_53030,"In an intense emotional state, it is crucial to recognize the warning signs that may indicate suicidal thoughts, such as social isolation, extreme self-hatred, sudden mood changes, increased substance use, and talking about suicide. Self-harm is linked to suicide risk, and immediate help should be sought if self-harm occurs frequently. Reducing access to harmful items and minimizing alcohol and drug use is essential. Finding a safe place and having a supportive network can help, as well as engaging with resources like the Buddy project. Creating a personalized safety plan is recommended, including a list of contacts, delaying the suicidal plan, seeking companionship, going to a hospital if needed, and calling emergency services.",1.2911031246185303
038_50304,"Your inventory includes everything necessary for running your business, categorized into four types: raw materials, work in progress, finished goods, and consumables. Each type dictates how much stock to maintain. Keeping minimal stock can reduce costs but risks running out of materials, while maintaining large stocks allows bulk purchasing but incurs storage costs and potential obsolescence. Costs of inventory include purchasing, carrying, and stock-out costs. Determining optimal stock levels involves balancing these costs, considering supplier reliability, price fluctuations, and consumption rates. It’s crucial to maintain a minimum stock level to avoid production disruptions, and reorder levels should be established based on lead times and historical supplier performance. Maximum stock levels are also influenced by space, storage costs, and potential excess inventory management. Using a formula can help calculate these levels, ensuring efficient stock management.",1.4160411357879639
038_51236,"You don't need to prove anything, but being honest and straightforward can help. If you're not in the mood or not romantically interested, just say so. It's valid to not want a kiss, and don't let anyone pressure you into it. Communicate your feelings clearly without over-explaining. If the other person cares, they should respect your wishes. If they persist after you've expressed disinterest, consider whether you want to be with them. If they're making you uncomfortable, find an excuse to leave.",1.5332167148590088
038_23685,"Carry a portable music player, notepad, or book to replace your cell phone and help reduce dependence on it. This approach can aid in rediscovering hobbies, connecting with others, and engaging in self-improvement activities. Instead of playing games or texting during breaks, consider reading, listening to music, or spending time with colleagues. Participate in hands-on activities like pottery or learning an instrument to manage screen time. To avoid the temptation of scrolling social media, plan outings like hikes or museum visits. When with friends, leave phones face down on the table to encourage interaction; the first person to reach for their phone pays for the group's refreshments.",1.161780834197998
038_12700,"What you eat can significantly affect your mood, and depression may arise from a deficiency in essential nutrients. It's important to monitor your diet by keeping a food journal to track calories, vitamins, and nutrients. Avoid processed foods and focus on fresh produce like vegetables and fruits. Foods rich in Tryptophan, such as beans, fish, eggs, and nuts, can help alleviate depression symptoms. Regular exercise is also beneficial, as it releases ""feel good"" hormones in the brain. Additionally, journaling your feelings or participating in online forums can provide a way to express emotions and seek support or information about the condition. There are many resources available for connecting with others who face similar challenges.",2.223170042037964
038_42905,"Only let your dog sniff one hand and ignore his attempts to get the treat. Keep saying ""leave it"" until he stops trying to get the treat and sits in front of you. Once he stops pursuing the treat, praise him and give him the treat from your other hand. Do not give him the treat from the hand you used while saying ""leave it."" Be consistent in your training and repeat the process until he backs away immediately when told. Once he masters ""leave it,"" you can use the command around your cat, but supervise both animals as your dog may not leave something he sees as prey. Be patient and continue training until he learns to leave the cat alone on command.",1.1941769123077393
038_8923,"When moving a hot tub, use moving blankets only when it's inside the truck, as they can be slippery. Carefully navigate tight spaces and have two people guide the tub to keep it balanced when rolling it down the ramp. Ensure that all doors and obstacles are clear before moving the tub into position. If stairs are involved, have two people at the front and two managing the dolly's handle, pulling the dolly up or down the stairs as needed. Once at the destination, set up 4x4 boards, lift the tub to slide furniture dollies out, or carefully lower it onto the boards if using an appliance dolly. This prevents finger injuries when lowering the tub. Finally, clean, fill, and connect the tub to electricity.",1.3670332431793213
038_31918,"You don’t need to wait long to clean a watch if it's not very dirty; soaking it for a few minutes in a shallow bowl is sufficient. However, if the watch has been in mud for years, it may need a few hours. You can wipe off excess water with a cloth and let the watchband air dry, which is the best option if time permits.",0.9315402507781982
038_50924,"This method allows you to reset your BlackBerry without removing the battery, but it only works if your device has a keyboard. You need to hold the Alt key along with the Shift key, and while holding these, also press the Backspace/Delete key. The screen will turn off, at which point you can release the keys. The smartphone may take a few minutes or more to revert to its normal settings.",1.4024121761322021
038_55049,"Don’t worry about organization; this is just brainstorming. Spend about an hour writing down everything you do each day, including tasks you should do but don’t. Use a small notebook to track daily activities. No task is too small—if it needs to be done, include it. When creating a timetable, enter everything first and edit later if needed. List tasks like walking the dog, ensuring good meals, going to work, and picking up your daughter from school. You might be surprised by how many small tasks contribute to larger responsibilities. A timetable helps identify areas that require improvement. If you find little discretionary time, reassess tasks for necessity, efficiency, or delegation. Consider sharing cooking duties with a neighbor to make it easier.",1.7665669918060303
038_47981,"People who bully others are often insecure and driven by fear, narcissism, and a need for control. Their actions make them feel powerful, and recognizing this can help you gain confidence. Understanding the reasons behind someone's teasing or insults is crucial for resolution. Teasing may stem from jealousy, misunderstanding, or a desire to feel better about oneself. Some teasing can be playful and harmless, but avoiding aggressors when possible can help minimize negative experiences. If bullying occurs, especially in a way that violates laws or makes you feel unsafe, it's important to report it and seek support from parents or teachers.",1.168813705444336
038_54309,"When interviewing for a restaurant job, be proactive by requesting a menu to study beforehand. Punctuality is crucial, especially during busy times. Pay attention to the specific practices of your new workplace, even if you're experienced. Show respect to colleagues and management, and be prepared for a fast-paced environment. Initially, you may need to work hard and take on less desirable tasks, but this will help you gain respect and more options later. Keep a positive attitude despite any criticism and demonstrate reliability by volunteering for extra shifts. Always ask questions when uncertain, but avoid questioning your job obligations.",1.665515422821045
038_51645,"Squeeze your feet into the new leather shoes and heat each shoe with a hairdryer for 20-30 seconds while bending your feet. Keep the shoes on as they cool, then try them with thinner socks or pantyhose. If they feel stretched enough, you’re done; if not, repeat the process. This will help restore any moisture lost from the heat.",0.8431310653686523
038_56415,"To cut a mango, slice the flesh away from the seed and score the two pieces with a grid before scooping out the fruit. Trim off the flesh around the seed with a small knife, yielding around 5 cups of chunks without peel. The number of mangoes needed may vary by size and variety. For cold juice, add ice cubes to glasses before pouring the mango juice and consider garnishing with a sliver of mango. The juice can be refrigerated for up to 2 days but cannot be preserved longer without freezing, which allows for storage of up to 4 months.",1.130939245223999
038_11595,"Don't worry about the booklet; focus on finding the box, which may be sealing the opening. It should be clearly labeled and typically appears alongside the barcode and serial number.",0.716303825378418
038_30883,"If you choose to air dry your blanket, first remove as much moisture as possible to save drying time. Press the blanket rather than wringing it and hang it straight on a clothesline or ironing board, preferably outside for better air movement. Smooth out wrinkles before hanging to prevent uneven drying. For delicate fabrics like wool, silks, and linens, always hang to air dry. Alternatively, you can sandwich the wet blanket between dry towels to absorb moisture faster. Place a heavy object on top to increase contact. If space is limited, lay the blanket flat with dry towels underneath to absorb moisture, flipping it as needed. This method takes longer but requires less effort, and you may need to iron it afterwards on low heat to remove wrinkles.",1.7301864624023438
038_32812,"Your body can communicate your interest to a girl through body language without words. Key tips include maintaining eye contact, keeping your arms relaxed, leaning in when you talk, and smiling to create a positive vibe. Avoid slouching to appear more confident. Subtlety is crucial; imply your interest rather than stating it directly. Compliment her in understated ways and ask questions about her interests to engage her. Once comfortable, you can tease her playfully about her interests or appearance, ensuring it's done in a complimentary manner.",1.0015225410461426
038_1285,"This will help prevent data loss during the rooting process. If you don't have a Windows computer, use Towelroot as described in Method Three. If your computer cannot install updated drivers, go to Samsung’s Download Center to install the latest drivers. This will open the Odin installer wizard, and once completed, the Odin icon will appear on your desktop. The file contains the rooting software for your Samsung Galaxy S3. It will produce the .tar file needed for rooting. Your Galaxy S3 will restart and show the recovery mode screen, booting into download mode. The application will prompt you to select a file, and Odin will start rooting your device, which may take a few minutes. Your device will now be rooted, and SuperSU will appear in the app tray.",1.3347926139831543
038_54508,"Take the lucky bamboo from its container and remove any wire holding the stalks together. Gently separate the roots and stalks, then drain the water and catch the pebbles. Identify healthy stalks with at least two nodes and look for a 4 to 6-inch offshoot that is dark green. Cut the offshoot from the parent stalk with a sharp knife or shears, trimming it close and removing the bottom leaves while leaving one set intact. Fill a jar with 4 inches of distilled or bottled water, placing the cutting with the cut end down without submerging it completely. Use distilled water to avoid chlorine damage, or let tap water sit for 24 hours. Place the jar in a bright spot away from direct sunlight. The cutting will grow roots in about 30 days. Weekly, replace the water to prevent stagnation, and add more water as needed.",1.4262125492095947
038_50727,"Inspect the wheel for screws and use a screwdriver to remove them. Keep any undamaged screws aside, as you may use them for the replacement wheel. Once unscrewed, remove the small metal clip and bolts holding the wheel in place. Dispose of the old wheel and place the new wheel in the wheel well, ensuring it feels secure before screwing it into the luggage. Check the fit; if it’s too tight or loose, you may have the wrong size. Secure the bolts and clip, then tighten the screws. Test the new wheel by rolling the luggage; it should glide smoothly. If wobbly, tighten the screws again or check the wheel size.",1.314157485961914
038_26754,"You can buy black dye at a pharmacy or beauty supply store, and there is only one true black shade. The dye kit includes everything needed to dye hair from brown to black, but it can also stain carpets and clothes, so wear old clothing and use old towels to protect surfaces. Wear plastic gloves included in the kit. Mix the developer and dye thoroughly in a tub, and protect your skin with Vaseline around your hairline to prevent staining. Apply the dye to your hair using the brush and your fingers to ensure even coverage. Take your time with the application, and you can section your hair or apply it all at once. After application, let the dye process, then rinse your hair with cool water until it runs clear. Finally, condition your hair to maintain its health, as shampoo may strip some dye.",1.3657071590423584
038_54122,"To remove stubborn buildups in a drain, start by boiling about ½ gallon of water and pouring it down the drain to dislodge the blockage. Use a plunger to help push the buildup down. Pour 1 cup of baking soda into the drain and let it sit for a few minutes to absorb odors and break apart the buildup. Then, add 1 cup of distilled white vinegar, cover the drain, and let the mixture sit for about an hour to foam and break down the blockage. Rinse with hot water afterward and repeat as necessary. If deposits persist, use a drain snake or a bent metal coat hanger to physically remove them, then follow up with baking soda and vinegar to eliminate odors.",1.3045074939727783
038_16189,"Gehe zu https://web.skype.com/ in deinem Webbrowser. Dies öffnet deine Skype-Liste der Gespräche, wenn du angemeldet bist. Wenn du nicht bei Skype angemeldet bist, gib deine Microsoft-Konto-E-Mail-Adresse und dein Passwort ein, bevor du fortfährst. Klicke auf der linken Seite der Seite auf das Gespräch, aus dem du eine Nachricht entfernen möchtest. Scrolle nach oben, bis du die Nachricht findest, die du löschen möchtest. Ein Dropdown-Menü wird angezeigt. Wenn deine Maus keinen Rechtsklick-Button hat, klicke auf die rechte Seite der Maus oder verwende zwei Finger, um die Maus zu klicken. Wenn dein Computer ein Touchpad anstelle einer Maus verwendet, tippe mit zwei Fingern auf das Touchpad oder drücke die untere rechte Seite des Touchpads. Es befindet sich im Dropdown-Menü. Dadurch wird die Nachricht sowohl von deiner Seite des Skype-Gesprächs als auch von der Seite des Empfängers gelöscht.",1.6065418720245361
038_7487,"Press M to open your map. The Cargo Box is located near the port marked with a green exclamation mark. Click on the green indication by the Anglers NPC, or go to coordinate x:595, y:323. Click once to open it and obtain a Medical Box, which remains after opening and doesn't need to be clicked again. Do not drop, destroy, or store the Medical Box. Hover over it to see the description mentioning Doctor Cal needs it. To deliver it, open your map and locate Village Doctor Cal in the NPC drop menu. Click it and then click the boots icon for auto navigation. You will receive the title First Aid Assistant, granting +2 Critical Bonus. If you have difficulty climbing off the port, jump using the spacebar.",1.3558728694915771
038_40588,"To enhance the color of your eyeshadow and make your eyes appear brighter, use contrasting colors. Opt for neutral and earth tones, warm colors, and shades opposite to blue and green. Suggestions include beige, warm browns, red, orange, and pastel colors. For blue eyes, darker blues and purples work well, while greens can highlight flecks in your eyes. Match your eyeshadow to your eye color: light-blue eyes go with neutral browns, medium-blue with darker shades, and dark blue eyes can use light browns or pastel oranges. Skin tone and hair color also influence eyeshadow choices. For fair skin and blonde hair, rich browns and warm pinks are ideal. For occasions, stick to neutral colors for work, use light purples for daytime, and metallics for evening events. A bronzer can enhance the blue in your eyes when layered with eyeshadow.",1.504152536392212
038_17505,"A classic button-down shirt with a maxi skirt creates a timeless style. Pair a structured maxi skirt, ideally with a fitted waist, with a simple white button-down tucked in. Roll up the sleeves and wear heels for a chic look. A tucked plain T-shirt also works for summer comfort, especially with a printed maxi. Crop tops are flattering, accentuating the waist while elongating the body when paired with a maxi skirt. For cooler weather, layer with oversized sweaters or cardigans, and consider adding a tunic or leather trench coat for definition. Experiment with different combinations, such as a bright printed maxi with a plain tank and leather jacket for a feminine yet edgy look.",1.2263758182525635
038_26322,"The most important lesson for training your puppy or dog is to relieve himself in a designated spot, preferably outside. Frequent opportunities to go outside, especially for puppies with small bladders, are essential. Watch for signs that your dog needs to go and take him outside immediately. Praise him lavishly when he goes outside and give him treats, but do not scold him for accidents inside. It's important to clean up after your dog promptly to avoid spreading disease. Until your dog is house trained, confine him to a small space with an easy-to-clean floor and supervise him closely. Crate training can help, as dogs often see the crate as a safe space. Start by encouraging the dog to enter the crate, then gradually increase the time he spends inside, ensuring the crate is appropriately sized. Never leave a dog in a crate for more than four hours, and do not use it as punishment.",2.0312256813049316
038_10043,"Cutting the cord is a simple procedure that involves using an antibacterial solution, sterile surgical gloves, a clean cotton pad or sterile gauze, a sterile clamp or umbilical tape, and a sterile sharp knife or scissors. After delivery, the baby's circulation shifts away from the placenta, and blood flow through the umbilical cord typically stops within 5 to 10 minutes. The pulse in the cord can indicate when it's safe to cut. Plastic clamps can be found online, but they may be bulky. Sterile woven umbilical tape should be at least ⅛ inches wide, and other materials can be used in emergencies if boiled first. Two ties should be placed on the cord, with the second tie about 2 inches from the first. It's crucial to ensure the cord is clamped or tied to prevent bleeding. If tools aren't sterile, they should be cleaned and immersed in alcohol. A firm grip on the cord is necessary for a clean cut.",1.5071024894714355
038_39576,"Nach 24 Stunden ist Ihr Wasser vollständig desinfiziert und Sie können mit dem Prozess der Entfernung von Chlor aus Ihrer Wasserversorgung beginnen. Dazu befestigen Sie so viele Schläuche, wie Sie Außenwasserhähne haben, und binden die Enden an einen Baum oder Zaun, etwa drei Fuß über dem Boden. Dies erleichtert die Überwachung des Wasserflusses. Lassen Sie das Wasser nicht in die Nähe des Septiktanks oder des Sickerfeldes laufen, da Sie diese Bereiche nicht dem chlorhaltigen Wasser aussetzen möchten. Drehen Sie jeden Wasserhahn auf und lassen Sie das Wasser so stark wie möglich laufen. Versuchen Sie, den Wasserstrahl in einen Graben oder an einen Ort zu lenken, an dem das Wasser einigermaßen aufgefangen wird. Stellen Sie nur sicher, dass der Graben nicht zu einem Bach oder Teich führt, da das chlorhaltige Wasser Fische und andere Tiere sowie Pflanzenleben abtöten wird. Überprüfen Sie regelmäßig das Wasser, das aus den Schläuchen kommt, auf Chlor. Verwenden Sie dafür das Chlor-Testkit, da Sie kleine Mengen Chlor möglicherweise nicht nur durch Geruch erkennen können. So langweilig es auch sein mag, es ist wichtig, den Wasserfluss jederzeit im Auge zu behalten, um sicherzustellen, dass der Brunnen nicht austrocknet. Wenn der Brunnen austrocknet, kann die Pumpe durchbrennen, und diese sind sehr teuer zu ersetzen. Wenn es so aussieht, als würde der Wasserdruck nachlassen, schalten Sie die Pumpe aus und warten Sie eine Stunde, bevor Sie den Abfluss wieder aufnehmen. Dies gibt dem Brunnen die Möglichkeit, sich wieder aufzufüllen. Stoppen Sie den Wasserfluss nur, wenn alle Spuren von Chlor entfernt sind – dies kann je nach Brunnen in nur zwei Stunden oder viel länger dauern.",2.761698007583618
038_34434,"To sound more feminine, raise your voice half an octave and use an upward inflection in conversations to soften your tone. Adjust your body language by crossing your legs when sitting and keeping them closer when standing, while also bringing your elbows in. Maintain good posture to appear more feminine. Be polite and use softer language, especially when expressing complaints. Trust your instincts and emotions, recognizing that societal expectations can hinder your self-perception. Being sensitive and emotionally intuitive is often seen as feminine. Ignore judgmental people and embrace your identity with confidence, standing up for yourself when necessary.",1.6664183139801025
038_2907,"Moving too fast during the ear stretching process can lead to serious pain and complications. It is crucial to wait until your ears have healed before stretching them further, as stretching too quickly can cause a ""blowout,"" resulting in permanent damage to the ear lobe. Advancing sizes rapidly increases the risk of infections and can lead to skin tearing. It is recommended to wait at least a month between sizes and only increase in 1-millimeter increments. Skipping sizes is discouraged, as it may cause permanent damage even if you feel little pain. If there is any intense pain or resistance when trying to size up, you should stop and wait for healing. It's also acceptable for ears to heal at different rates, so adjustments can be made accordingly.",2.0611183643341064
038_53812,"To create a zigzag stitch, start by inserting the needle at point A and pulling it through to the back of the fabric. Measure the desired width (usually 1/4 inch) and insert the needle at point B. Pull it through to create a straight vertical stitch. Repeat this by inserting the needle at A, creating a vertical stitch at the back, and then moving to point C to create a diagonal stitch. Continue this pattern down the row, resetting points at the end of each stitch. Finish with a vertical stitch and create a secure knot at the end to complete the zigzag row.",1.6069543361663818
038_52696,"Um einen weißen Hut aus Baumwolle oder Polyester zu waschen, benötigen Sie eine Tasse Wasserstoffperoxid, einen Esslöffel Geschirrspülmittel und einen Löffel eines Produkts wie Oxi Clean White Revive. Für einen weißen Wollhut benötigen Sie ein speziell für Wolle entwickeltes Waschmittel wie Woolite. Füllen Sie ein Waschbecken oder eine Wanne mit warmem Wasser für einen Baumwoll- oder Polyesterhut und fügen Sie die Reinigungsmittel hinzu. Lassen Sie den Hut 10-15 Minuten einweichen. Für einen Wollhut verwenden Sie kaltes Wasser und lassen ihn mindestens eine Stunde einweichen. Entfernen Sie hartnäckige Flecken mit einer alten Zahnbürste oder Geschirrspülbürste, wobei Sie bei Wolle vorsichtig scrubbing. Spülen Sie den Hut nach dem Reinigen mit Wasser ab und lassen Sie ihn an der Luft trocknen, indem Sie ihn über eine umgedrehte Schüssel legen, um die Form zu bewahren.",2.2267136573791504
038_56617,"To create well-defined lines and edges with charcoal, hold it like a pencil to ensure only the point contacts the paper. Apply more pressure for darker lines, holding the charcoal between your thumb and forefinger with your palm down. Use broad strokes for larger areas, and keep your wrist away from the page by using your shoulder and elbow to avoid smudging your work.",1.3992576599121094
038_31477,"If you are unsure about your eligibility, apply anyway and ask questions later. Those who have appeared on any version of Wheel of Fortune or on specific reality shows in the last year are ineligible. Employees or relatives of Sony Pictures or affiliated TV stations cannot apply. To apply, visit the Wheel of Fortune site, hover over ""CONTESTANTS,"" and click on ""Be A Contestant."" Fill out the age group question and registration form accurately. Alternatively, you can participate in the ""Face of the Fan"" contest by submitting a 60-second video. With many applicants, it’s recommended to use the application form. The Wheelmobile travels across the country, where fans can apply and participate in interviews and games for a chance to be selected for final auditions. They look for fun, calm contestants who can strategize and maintain a positive attitude. Auditions are held in hotel ballrooms with mock games and tests. Even after the first round, there is no immediate feedback on selection, and candidates must wait to be contacted based on their test scores and overall impression.",2.235461711883545
038_28626,"Once the crystals are clean, sand them down to make them soft and shiny using different grades of sandpaper (50, 150, 300 to 600). Wear safety goggles, gloves, and a mask to avoid irritation from dust. Start with the mildest sandpaper, ensuring consistent sanding across the entire surface. Progress through the sandpaper grades, smoothing out blemishes. After sanding, use a damp cloth to remove dust and let the stone dry. The final result should be a clean, polished quartz crystal.",1.728015661239624
038_29280,"Assemble the necessary materials, including paint stripper (preferably with methylene chloride in a well-ventilated area) and absorbent material like finely ground clay or crushed cat litter. To clean up, have a stiff brush and scouring powder ready. Create a paste with the absorbent material and apply it to the paint spot on the concrete, allowing the stripper to work for 20 minutes to several hours. Keep the mixture active by adding more paint thinner as needed. Once the stripper has worked, scrape off the mixture with a hard plastic scraper. If paint remains, apply a second layer and repeat. Use the stiff brush, scouring powder, and water to scrub the surface, then rinse and continue scrubbing to complete the job.",1.8488235473632812
038_46247,"Klicke auf MSConfig in den Suchergebnissen. Dies öffnet die Systemkonfigurationskonsole, die dir eine Übersicht der als Startoptionen installierten Programme auf deinem Computer gibt. Beachte, dass nicht alle Startobjekte angezeigt werden. Du hast nicht die Möglichkeit, Startobjekte zur Liste in MSConfig hinzuzufügen. Um Objekte, die nicht auf der MSConfig-Liste stehen, hinzuzufügen, verwende die Methode des Startup-Ordners. Für Programme, die du nicht mehr starten möchtest, deaktiviere das Kontrollkästchen. Dies wird die Änderungen, die du an den Startobjekten vorgenommen hast, ändern. Ein Popup-Fenster wird fragen, ob du den Computer neu starten möchtest. Klicke auf ""Neustarten"", um den Computer neu zu starten und die Änderungen zu speichern. Wenn du deinen Computer nicht neu startest, werden deine Startprogramme auf ihre ursprünglichen Einstellungen zurückgesetzt. Wenn du ein Element in MSConfig abgewählt hast, startest du im ""Selektiven Start""-Modus. Dies kann unter dem Tab ""Allgemein"" in MSConfig eingesehen werden. Wenn du dich anschließend entscheidest, ""Normaler Start"" zu wählen, werden alle deaktivierten Elemente wieder aktiviert.",2.4420268535614014
038_47567,"SelfControl ermöglicht es Ihnen, eine bestimmte Website bis zu 24 Stunden lang zu blockieren, um Ihre Produktivität zu steigern. Sobald die Website blockiert ist, gibt es keinen Zugriff darauf, bis der Timer abläuft. Dies macht SelfControl so effizient, erfordert jedoch auch Vorsicht beim Blockieren einer Website. Um SelfControl zu installieren, klicken Sie auf die blaue Schaltfläche in der Mitte der Seite, die die Datei extrahiert, wenn Sie die SelfControl-Zip-Datei anklicken. Dadurch wird sichergestellt, dass SelfControl in Ihrem Anwendungsordner platziert wird, sodass Sie es leicht finden können. Um die SelfControl-App zu öffnen, klicken Sie auf das Symbol, das wie eine Lupe aussieht, in der oberen rechten Ecke des Bildschirms. Wenn Sie eine Warnmeldung erhalten, dass SelfControl.app eine aus dem Internet heruntergeladene Anwendung ist, klicken Sie auf Öffnen. Stellen Sie sicher, dass Sie das ""www"" vor der Website eingeben, z. B. www.youtube.com, um YouTube zu blockieren. Dies fügt die Website zur Blockliste hinzu. Ziehen Sie den Schieberegler nach rechts, um die Dauer der Blockierung zu erhöhen, und nach links, um die Zeit zu verringern. Geben Sie den Benutzernamen und das Passwort für ein Administratorkonto auf Ihrem Mac ein, um SelfControl die benötigte Autorisierung zu geben.",2.4857358932495117
038_1975,"In der Regel sollten Sie alle Schwellungen, die länger als ein oder zwei Wochen bestehen, von Ihrem Tierarzt untersuchen lassen. Es ist jedoch erwähnenswert, dass kleine Schwellungen, die nicht wachsen, nichts absondern oder Ihrer Katze keine Beschwerden bereiten, wahrscheinlich nicht gefährlich sind. Wenn eine Schwellung plötzlich erscheint und merklich wächst, bringen Sie Ihre Katze so schnell wie möglich zum Tierarzt. Einige Schwellungen sind völlig harmlos, wie zum Beispiel hartes Gewebe, das an der Stelle einer Verletzung oder nach einer Operation entsteht, was wahrscheinlich einfach Narbengewebe ist. Wenn eine Schwellung jedoch Ihrer Katze Beschwerden bereitet oder infiziert zu sein scheint, lassen Sie sie sofort untersuchen. Ihr Tierarzt kann wahrscheinlich feststellen, ob eine bestimmte Schwellung flüssigkeitsgefüllt ist, wie ein Abszess, oder fest, wie ein Tumor oder eine Zyste. Sie können jedoch nicht bestimmen, ob ein Tumor harmlos oder gefährlich ist, ohne Tests durchzuführen. Sie benötigen wahrscheinlich eine Nadel oder ein Skalpell, um eine kleine Menge Gewebe aus der Schwellung zu entnehmen und im Labor zu testen. Beachten Sie, dass die ersten Tests schnell, einfach und sicher sein werden. Sie können wahrscheinlich durchgeführt werden, während Ihre Katze wach ist, und verursachen wenig bis keine Schmerzen. Ihr Tierarzt wird eine Biopsie empfehlen, wenn er die Ursache einer Schwellung nicht durch die ersten Tests bestimmen kann. Ihre Katze wird betäubt, damit ein Teil oder die gesamte Schwellung entfernt werden kann. Dies ist sinnvoll, da es Ihrem Tierarzt ermöglicht, eine definitive Diagnose zur Ursache der Schwellung zu erhalten.",3.089102268218994
038_856,"Niemand mag es, sich mit jemandem zu umgeben, der über alles beschwert. Es ist unangebracht und egoistisch, bei einem Gruppendinner laut über sein Essen zu klagen. Wenn du etwas zu beanstanden hast, mach es später privat. Versuche, die positiven Seiten jeder Situation zu sehen und konzentriere dich darauf, Spaß zu haben. Wenn du keinen Spaß hast, halte inne und überlege, warum. Übertreibe nicht mit Aufregung oder Negativität. Vermeide es, deine Beschwerden als bescheidene Prahlerei zu benutzen. Es ist wichtig, ehrlich zu sein und deinen Worten durch Taten Bedeutung zu verleihen. Wenn du ständig nach Bestätigung suchst, kann das als lame wahrgenommen werden. Lügen, um Schwierigkeiten zu entkommen, sind ebenfalls lame. Statt Ausreden zu finden, um Dinge zu vermeiden, finde Gründe, aktiv zu werden. Höre anderen zu, respektiere sie und sei wirklich an ihrem Leben interessiert. Lame Menschen sind oft selbstbezogen. Lernen Empathie zu entwickeln, um dieses Verhalten zu vermeiden.",2.3100509643554688
038_51453,"Get to know your writing habits, including the best time and place for you to write. Build a writing schedule around these habits and stick to it. Dedicate specific time solely for writing, whether it's free-writing or planning your novel. Maintaining this routine helps develop a habit and increases productivity. If you encounter difficulties in writing, don't stop; instead, seek inspiration and continue working, even if progress is slow. You can always revisit sections later when you're more inspired.",1.758321762084961
038_46075,"A piece of gold typically has a stamp indicating its type, such as “GF” or “HGP” for gold-plated items, and “24K” for pure gold. Hallmarks are usually found inside rings or near clasps on necklaces, but they can be faked. To check authenticity, use a magnifying glass and bright light to examine the hallmark, as it may be small. Look for signs of wear at the edges, which could indicate it's not pure gold. Check for tiny white or red spots under bright light, as they suggest the plating is wearing off. Additionally, test with a magnet; if it pulls towards the item, it contains other metals and is not pure gold.",1.8070595264434814
038_34521,"You can choose the size of the circle for making pompoms, with smaller circles creating smaller pompoms and larger circles creating bigger ones. Start by cutting two identical half circles from a smaller piece of paper. Place one sheet flat on the scrap paper and divide the honeycomb paper into 4 to 8 sections, marking where the folds would be instead of folding it. Use alternating colors for the marks. If using thin paper, apply glue carefully to avoid tearing, and alternate glue lines between sheets for a honeycomb effect. To create a multi-colored pompom, change the paper color halfway through gluing. After gluing, trace and cut out the semicircles slightly larger than the cardboard, gluing cardboard pieces to each side. Pull the threaded needle to secure, leaving slack for the pompom to open. Finally, pull apart the pompom into a ball shape to reveal the honeycomb pattern, creating a spherical decoration. Enjoy your new decorations!",1.9793264865875244
038_16146,"Es ist wichtig, mit jemandem über deine wahren Gefühle zu sprechen, auch wenn du es vor anderen vorgibst. Dies kann ein vertrauenswürdiger Freund, ein Familienmitglied oder ein Berater sein. Gefühle, die in dir eingesperrt sind, können langfristig zu Unzufriedenheit und gesundheitlichen Problemen führen. Auch wenn du deine Emotionen nicht in der Schule oder in Gesellschaft ausdrücken kannst, finde Wege, sie anzuerkennen. Halte deine Gefühle nicht zurück. Versuche, sie zu benennen und finde einen Ausdruck dafür, sei es durch Journaling, Songtexte schreiben, Musik hören, Tanzen, Malen oder Zeichnen. Wenn du das Gefühl hast, glücklich sein zu müssen, um deine Traurigkeit zu bewältigen, könnte es Zeit sein, eine Behandlung für Depressionen in Betracht zu ziehen. Achte auf Symptome einer Depression und bespreche sie mit einem Fachmann, der dir helfen kann, deine Symptome zu managen und einen Raum zu bieten, um deine ehrlichen Gefühle zu teilen. Suche einen Therapeuten über deine Versicherung oder eine lokale psychiatrische Klinik. Du kannst auch eine Empfehlung von einem Familienmitglied oder Freund erhalten.",2.2481229305267334
038_27446,"To find images using Google Images, go to https://images.google.com/ and click the camera icon in the search bar. You can search for images by typing a word or phrase and pressing Enter. If you have an image URL, click the ""Paste image URL"" tab, paste the URL, and search. If you want to upload an image from your computer, click the ""Upload an image"" tab, choose the file, and click Open. Google will display similar images if the uploaded photo is available online.",1.4902279376983643
038_43660,"Markiere nur Karten mit hohem Wert, um das Risiko des Betrugs rentabel zu machen. Asse sind häufige Karten und gute Kandidaten zum Markieren. Sei geduldig und warte auf eine Karte, für die sich das Betrügen lohnt. Mache sehr subtil eine Markierung auf der Karte, die du im Auge behalten möchtest, sodass nur du sie bemerkst, wenn sie im Spiel oder in der Hand eines anderen Spielers ist. Halte die Markierung so klein wie möglich. Markiere nur die Rückseite oder die Seiten einer Karte. Mache eine Eindellung mit deinem Fingernagel, biege eine Ecke leicht oder mache eine kleine Einkerbung an einer Kante. Spiele die Karte, falte sie oder sende sie auf andere Weise aus deiner Hand. Mach dir keine Sorgen, eine wichtige Karte loszulassen; du wirst sie nicht aus den Augen verlieren. Schau die Karte nicht an, während du sie wegschickst, und beginne nicht sofort, ihren Standort im Spiel zu verfolgen. Achte darauf, wo die Karte ist, indem du nach deiner Markierung suchst. Jetzt kannst du sehen, wo die Karte ist, wenn sie im Spiel ist. Achte auf andere Spieler, die die Karte in ihrer Hand haben könnten, und plane deine Züge entsprechend, wer die Karte hat und wie sie sie nutzen könnten. Sieh nur kurz auf deine markierte Karte, starre nicht darauf, um nicht erwischt zu werden.",2.5924699306488037
038_6127,"To avoid pining for your ex on social media, write down reasons why the relationship didn't work. This helps you recognize the negatives. It's normal to mention an ex, but consciously avoiding the topic can help you focus elsewhere. If friends mention your ex, step away from the conversation. Utilize support from friends and family to distract yourself and discuss your feelings. Engage in activities you couldn't do with your ex, like taking a class or reading. Meeting new people and trying new experiences can further divert your attention. Flirting can also help boost your confidence and distract you.",1.6292839050292969
038_14859,"To achieve a recognizable Barbie look, wear as much pink as possible, including clothing and accessories like tops, dresses, and shoes. Avoid wearing all pink at once; instead, mix one or two pink items with your outfits. Keep up with fashion trends by checking magazines and blogs while maintaining your personal style. You don't need to spend a lot; consider swapping clothes with friends or shopping at thrift stores. For active wear, choose stylish workout gear and cute swimwear for the beach. Accessories are essential, including hair accessories, jewelry, and handbags that match your outfits.",1.5765712261199951
038_13544,"During pregnancy, women do not have their periods, although light spotting may occur. A missed period could indicate pregnancy, and home pregnancy tests are typically accurate on the first day of a missed period, showing results through various signals. While most tests are about 99% accurate, using two different tests may increase reliability. It's essential to confirm pregnancy with a doctor through a blood test. After pregnancy, menstruation usually resumes, but breastfeeding can delay this return. If periods are significantly delayed, consulting a doctor is advised. After stopping breastfeeding, light spotting may indicate the return of the menstrual cycle, which should normalize in a few months. Unusually large blood clots may occur in initial post-pregnancy periods, but heavy bleeding should prompt a doctor's consultation. Even without visible menstruation, fertility may still exist, so contraception is recommended to avoid another pregnancy.",1.7492084503173828
038_33570,"Your tendency to say ""yes"" to everyone may have left you with little time for yourself. To regain control, it's important to learn to say ""no."" Many struggle with this due to feelings of selfishness, but recognizing that it's impossible to please everyone is key. Saying ""no"" can lead to more quality time with loved ones and a balanced life. It's crucial to understand the reasons behind your reluctance to decline requests and to identify manipulative tactics used by others to pressure you into agreeing. Strategies like bullying, whining, guilting, and complimenting can be recognized and resisted to maintain your boundaries.",1.7564749717712402
038_11634,"Holding hands signifies a connection and publicly declares your relationship. Approach her closely, shoulder-to-shoulder, and gauge her reaction to your touch. If you're nervous, wipe your palms on your pants before reaching for her hand. Start by hooking your pinkie with hers, which is flirtatious and allows her to withdraw easily if she's not ready. Progress to palm-to-palm contact, intertwining fingers, or wrapping your thumb over her hand. Change positions to avoid sweaty palms. This romantic gesture is ideal while walking or standing close, especially with a height difference. You can place your arm around her waist or shoulders, being mindful of her comfort. If you face each other, you can embrace or nuzzle gently, ensuring she is comfortable with the intimacy. Finally, you can surprise her with a backward hug from behind, adding a kiss for romance.",1.8729240894317627
038_35097,"To live in your car successfully, it must be functional. If you anticipate needing to live in your car, consider getting a windowless delivery van for storage and ventilation. A discreet white Chevy or Holden panel van is recommended for concealment. A reliable vehicle is necessary, as an older car may break down if not properly maintained. Renting a post office box or Private Mailbox (PMB) can provide a usable address, useful for receiving packages. Consider a gym membership or community college enrollment for access to facilities. Ensure all paperwork needing an address is current, and store valuables in a bank safe deposit box. If friends or family cannot assist, ask if you can use their address. Having an address is crucial, especially if your vehicle, which is your home, is stolen; losing it means facing serious difficulties. A safe deposit box can be acquired for about $20.",1.9829356670379639
038_30459,"Practicing silence on your own can enhance your ability to be quiet around others. Engage in hobbies that require quietness, such as painting, writing, yoga, or bird watching. Gradually increase the time you spend being silent while enjoying these activities. Find alternative outlets for your thoughts, like exercising or journaling, to reduce excess energy. Limit your social media usage to avoid unnecessary noise, and prioritize in-person conversations with friends. Consider meditating to calm your mind and body. Spend time in nature to appreciate the tranquility it offers. While it may take time to become quieter if you're naturally talkative, consistent effort can lead to significant improvements in your ability to maintain silence.",1.853811502456665
038_46400,"Dip a cotton ball in rubbing alcohol and wring it out slightly. For larger stains, use a clean dish cloth. Press the cotton ball over the ink stain and gently rub it. Check periodically to see if the ink is coming out. Let the leather dry after rubbing. Once dry, assess if the ink is completely removed, and repeat if necessary.",1.4208452701568604
038_24172,"Mische das Maismehl mit einer Prise Salz in einer großen Schüssel. Verwende deine Finger oder einen Schneebesen, um sie gründlich zu vermengen. Messe warmes Wasser ab und gieße es langsam über das Mehl. Kaufe vorgekochtes Maismehl, wie Harina P.A.N., das klassische Mehl aus Venezuela. Dieses Mehl ist gluten- und konservierungsmittelfrei und ist in weißer und gelber Farbe erhältlich. Wenn Maismehl in deiner Gegend nicht verfügbar ist, kannst du es durch fein gemahlenes Maismehl oder -mehl ersetzen, achte jedoch darauf, dass es vorgekocht ist. Mache dies, wenn du bereit bist, die Arepas zu kochen, bevor du mit dem Frittieren beginnst. Der Ofen sollte vollständig vorgeheizt sein, bevor du die Arepas hineinlegst. Nachdem alle Arepas frittiert und auf ein Backblech gelegt wurden, stelle sie in den vorgeheizten Ofen. Backe sie 15 Minuten lang. Wenn du denkst, dass sie fertig sind, nimm sie aus dem Ofen und klopfe auf die Oberseite der Arepas. Wenn sie hohl klingen - als ob nichts darin wäre - bedeutet das, dass die Arepas fertig sind.",2.3479087352752686
038_14263,"This process eliminates bacteria on your hands that could transfer to the skin around your eyes. Rinse off all soap to prevent eye irritation, and avoid oily soaps or lotions that can affect contacts. Ensure your hands are dry and free from particles, as even small debris can irritate your contacts. Use a clean lens case with fresh solution to transfer your contacts, and never reuse contact solution. Standing over a plugged sink while removing contacts can help catch any that are dropped, making them easier to find.",1.629093885421753
038_16765,"Grab a guitar and sing a song to ask your special lady to the prom. Serenade her after school or in the cafeteria. If you can't play guitar, learn a song for her or have a friend play while you sing. Write a personalized poem telling her how amazing she is and ask her to prom, then hand it to her or hide it in her textbook or locker. Decorate her locker or car with washable paint and add heart-shaped candy with a message. Deliver her flowers with a note asking her to prom, possibly with a fun delivery method. Make a restaurant reservation for dessert with a message written in icing. You can also use donuts with “PROM?” spelled out.",1.8026037216186523
038_14148,"The amount of radiotracer injected for a bone scan is small but can produce radiation in the body for up to 3 days, increasing the risk of healthy cells mutating into cancer cells. It is important to discuss the pros and cons with your doctor before the scan. A bone scan exposes you to similar radiation levels as a full-body x-ray and less than a CT scan. Drinking fluids for 48 hours post-scan can help eliminate any remaining radioactive tracer. If breastfeeding, pump and discard breast milk for 2-3 days afterwards. Allergic reactions to the radiotracer are rare but can be severe; call your doctor if symptoms appear after the scan. The tracer is absorbed by bones in 1-4 hours, but most allergic reactions happen within 30 minutes. There is a slight risk of infection or bleeding at the injection site; monitor for signs of infection and contact your doctor if symptoms arise. Ensure the injection site is cleaned before the procedure.",2.0656261444091797
038_6899,"Um zwischen Tabs auf einem Telefon mit Android oder iOS und dem Chrome-Mobile-Browser zu wechseln, befolge diese Schritte: Tippe auf das Tab-Übersichts-Icon, das auf Android 5+ wie ein Quadrat oder auf dem iPhone wie zwei überlappende Quadrate aussieht. Android 4 oder älter kann entweder ein Quadrat oder zwei überlappende Rechtecke anzeigen. Scrolle vertikal durch die Tabs und drücke den gewünschten Tab. Der Chrome-Browser auf den meisten Android- oder iOS-Handys kann auch mit Fingerbewegungen zwischen den Tabs wechseln: Wische auf Android horizontal über die obere Symbolleiste, um schnell zwischen den Tabs zu wechseln, oder ziehe vertikal nach unten von der Symbolleiste, um die Tab-Übersicht zu öffnen. Auf iOS lege deinen Finger an den linken oder rechten Bildschirmrand und wische nach innen. Ein Tablet zeigt alle geöffneten Tabs oben auf dem Bildschirm an, genau wie ein Computerbrowser. Tippe auf den Tab, zu dem du wechseln möchtest. Um die Tabs neu anzuordnen, drücke lange auf den Tab-Namen und ziehe ihn an eine andere Position.",2.240943431854248
038_2360,"An informal blurb is similar to a professional bio but uses a more casual language that showcases personality through humor and colorful words. It allows for contractions and exclamation points, while still maintaining grammatical correctness and avoiding slang. The blurb should include key information about the individual, and it’s often better to write in the first person, especially for social media. Personal interests, hobbies, or experiences relevant to the blurb’s purpose can be included. The blurb should be concise, typically a short paragraph of 3 to 5 sentences or about 100 to 200 words, and if unsure about the length, one should refer to guidelines or past examples for reference.",1.7537593841552734
038_55120,"A list of current emails will be displayed on part of the screen, showing the sender and subject title. Your email opens fully or partially for reading, with a ""back"" button to return to your email list (inbox). Below the ""Inbox"" button are other folders, like ""Sent Mail,"" where you can access emails you have sent. The ""Drafts"" folder contains emails you started but haven't sent, and there may be additional folders depending on your email provider.",1.3971374034881592
038_3110,"To protect mirrors during a move, use masking tape to create X shapes on the glass to prevent shattering. Cover the corners with cardboard secured by tape. Cut two cardboard pieces for the front and back of the mirror, wrap it in an old sheet, and secure with packing tape or bubble wrap. For additional protection, use Styrofoam pieces on the front and back. If the mirror fits in a box, add extra padding like sheets or towels. For a television, cover it with an old blanket, use Styrofoam blocks for protection, and secure cords to the base. For lamps, remove the bulb and lampshade, wrap the cord, and secure it with tape, then pack it in a box with crumpled newsprint. Bar stools should be wrapped in bubble wrap, and fabric seats covered with plastic. Empty baker's racks and pack items separately, wrapping the racks securely. Filing cabinets should be emptied, locked, and covered with a moving blanket before moving.",1.9899377822875977
038_43637,"Determine the type of wallpaper on your walls. Vinyl wallpaper is easy to clean, while coated fabric wallpaper can be washed if it has an acrylic or vinyl covering. Plain paper wallpaper should only be spot-cleaned. For vinyl wallpaper, avoid abrasive cleaners and use a dry sponge for uncoated walls. Mix dish soap with warm water for cleaning, and test the solution on a hidden area first. Clean from top to bottom and in circular motions, ensuring not to overuse soap. Rinse with clean water using a new cloth and dry immediately with a terry-cloth towel to prevent moisture damage.",1.5362622737884521
038_42167,"To play football professionally, it's important to prioritize physical fitness and match the statistics of professional athletes. Incorporate their workout routines, focusing on exercises like bench presses and deadlifts with heavy weights for low repetitions. Train large muscle groups and practice sprinting, gradually increasing distance and intensity while allowing adequate recovery time. Maintain a high heart rate during workouts to mimic the explosive energy needed in football. Nutrition is also crucial; consume a diet high in protein, with lean options like chicken, fish, and beans, adjusting caloric intake based on your position and training needs.",1.5691673755645752
038_29493,"Sit at a table with your elbows on it and wear a tucked-in shirt. You can ask for a coin, warning that it will disappear. Hold the coin in your right hand and rub it against your left forearm, then pretend to drop it on the table. Pick it up, claiming it works better with the other arm, and pretend to transfer it to your left hand while keeping it hidden in your right. Rub your left hand against your right forearm and maintain eye contact with the audience to distract them. While distracting them, drop the coin into your shirt.",1.7213895320892334
038_29685,"Night terrors are more common in children, affecting up to 6.5% of them, while only 2.2% of adults experience them. In children, night terrors are generally not alarming and are often related to the maturation of the central nervous system. They usually grow out of them and may have a genetic component, as family history plays a role. In adults, night terrors can be linked to psychological issues such as trauma, stress, PTSD, or substance abuse, and are often associated with other psychological conditions. Typical behaviors during night terrors include sitting up, screaming, thrashing, sweating, and confusion upon waking. They usually occur during non-REM sleep, especially in the early hours. Individuals experiencing night terrors may pose a threat to themselves or others, and waking them is not recommended unless they are in danger. It is important to stay with them until they calm down.",1.4732556343078613
038_54078,"Menstruation tritt normalerweise bei Mädchen im Alter von neun bis 13 Jahren auf. Zu Beginn kann der Zyklus unregelmäßig sein, während sich der Körper an die physiologischen Veränderungen anpasst. Einige Monate vor der ersten Periode kann ein klarer oder weißer Ausfluss auftreten, was normal ist. Der Menstruationszyklus hat drei Phasen: die Follikelphase, die Lutealphase und die Menstruationsphase. In dieser Zeit können auch Krämpfe, Blähungen, Stimmungsschwankungen und Kopfschmerzen auftreten. Bei starken Beschwerden sollte ein Arzt aufgesucht werden. Es ist wichtig, während der Menstruation aktiv zu bleiben und geeignete Hygieneprodukte wie Binden oder Tampons zu verwenden. Tampons sollten alle vier bis acht Stunden gewechselt werden, um das Risiko eines toxischen Schocksyndroms zu vermeiden. Die Pubertät bringt auch Veränderungen wie öligere Haut und Akne mit sich, die durch eine gute Hautpflege behandelt werden können. Brustwachstum und das Wachstum von Körperbehaarung sind weitere Anzeichen der Pubertät. Mädchen sollten mit ihren Eltern über das Tragen eines BHs sprechen und beim Rasieren von Körperhaaren vorsichtig sein.",1.8776335716247559
038_39108,"To minimize smoke odor in your room, seal areas where smoke might escape and direct it safely outside, such as through an open window or ceiling vents. Ensure smoke doesn’t reach other rooms. Clean your space to reduce lingering smoke particles by washing walls, using carpet cleaners, and vacuuming. Use baking soda on furniture to eliminate odors and remove old cigarette butts, as they can still emit smells. While air purifiers may not completely eliminate smoke odor, they can help reduce it; ionizing and HEPA filters are recommended. Additionally, plants can naturally filter the air, improving air quality.",1.5190091133117676
038_31361,"Fresh fruit and ingredients with a limited shelf life, like flaked coconut, should be added to the mix immediately before cooking, not before storing.",0.7372050285339355
038_35595,"This will prevent paint from seeping through by separating the sides. If cardboard is unavailable, use another sturdy material. Lay the shirt flat and remove all creases. The cardboard insert should be slightly shorter than the shirt's width. If using a t-shirt, consider wearing a sweatshirt in your turtle's color underneath. For inspiration or templates, look online for artists' depictions of the Turtles or other costume designs. The yellow represents the shell's bottom and should fit your size. A paper plate is the easiest option for a palette, as it can be discarded afterward without creating a mess.",1.1412420272827148
038_55959,"Many attackers have a leader; try to engage him in a one-on-one fight first, as taking him down may immobilize the rest. Avoid being surrounded by multiple attackers, as this increases your chances of losing. Always be aware of other opponents and ready to engage them. Keeping attackers in a line can help you fight one while avoiding others. Drawing a weapon can level the playing field, but be cautious if you're not skilled, as it could be turned against you. Once you commit to fighting, follow through or find a way to escape. Use tactics like throwing objects to distract opponents. Stay agile with quick, small steps, and target weak spots on your attackers. Use any means necessary, including biting or scratching, to defend yourself. If multiple opponents grab you, escape becomes difficult, so be aware of exit routes and follow effective fighting techniques.",1.3399598598480225
038_39382,"It's a blue globe with an orange fox wrapped around it located in the top-right corner of the Firefox window. Clicking it opens a drop-down menu where you can find an option near the top. This option at the bottom of the History menu opens your Firefox history in a separate window. Double-clicking a search term opens it in your Firefox browser. You can delete history items, such as specific sites or entire folders, by right-clicking (or two-finger clicking) them and selecting Delete.",1.0356197357177734
038_8168,"It's a green app with a white ""X"" on it located in the top-left side of the ""Template"" window. The selected cell is not important unless you plan to create data using the workbook. This will prepare the cell for a formula, which will appear in your selected cell to the right of the ""equals"" sign. For example, you might input your month's income into this cell. It will display after the number you entered. If you need to subtract multiple numbers (e.g., X-Y-Z), you will repeat this step for each subsequent number except the last one. When calculating a budget, you might enter an expense into this cell, which will then calculate the formula and replace it with the solution. You can click on the cell to see the original formula in the text bar above the row of letters.",1.360266923904419
038_28665,"Women need at least 11.5 cups of water daily, while men need at least 15.5 cups. To increase fluid intake, drink water, tea, smoothies, and sports drinks, and snack on water-rich fruits and vegetables. Active individuals may require more water. It's important to include protein sources in every meal and snack to help rebuild muscles, with a recommended calculation for protein intake based on daily calories. Carbohydrates are essential for fueling activity, with complex carbs being more beneficial than simple carbs. Healthy fats are also necessary for maintaining health and muscle rebuilding, and their intake can be calculated similarly. Processed foods and sweetened drinks should be minimized to reach health goals, but moderation in favorite foods is acceptable.",1.7615382671356201
038_34196,"You can download the Dropbox app for free from the App Store by ensuring you are connected to a network, searching for ""Dropbox,"" and tapping ""Get"" and then ""Install."" The app may take a few minutes to download and install. Dropbox accounts are free with 2 GB of storage, and you can pay to increase storage capacity. To create an account, tap ""Sign Up"" and follow the prompts; if you have an account, tap ""Sign In."" When enabled, new pictures and videos taken with your iPad will automatically back up to your Dropbox account, a feature that can be disabled later. If using the free account, it may be wise to disable this feature, as it can quickly fill up your Dropbox storage.",1.9398128986358643
038_13941,"Babydoll-Kleider waren in den 90er Jahren sehr beliebt und hatten meist kurze Ärmel und Blumenmuster. Diese Kleider waren Variationen der blumigen Kleider, die in den 1930er Jahren populär waren. Für den Alltag wurden sie oft mit Kampfstiefeln, Turnschuhen oder einer Jeansjacke kombiniert. Körperbetonte Samtkleider (zum Beispiel in Weinrot oder Schwarz) waren ebenfalls im Trend. Trage bauchfreie Tops und kombiniere sie mit hochtaillierten Jeans, einem kurzärmeligen T-Shirt, Tanktop oder Cardigan. Eng anliegende T-Shirts waren bei Frauen ebenfalls beliebt. Schmetterlingsklammern in den Haaren waren ein weiteres modisches Accessoire, wobei man die vordere Haarpartie in kleinen Abschnitten zurückziehen und mit Klammern befestigen konnte. Karierte Hemden, Röcke und Kleider waren Grundnahrungsmittel der 90er Jahre. Lange Latzhosen, Latzshorts und Latzkleider waren sehr angesagt. In den 90ern gab es eine Wiederbelebung der Mode aus den 70ern, die viele Hippie- und Disco-inspirierte Trends umfasste. Trage alles mit Batikmustern, Friedenssymbolen oder Blumen. Finde ein Paar Schlaghosen, die oben eng anliegen und unten weit ausgestellt sind. Trage Plattformschuhe, die in den 90ern sehr beliebt waren und in verschiedenen Farben und Stilen erhältlich sind.",2.8540236949920654
038_54900,"Once the donuts are formed, place them on a baking sheet lined with parchment paper and sprayed with nonstick cooking spray. Roll out the dough into a 12-inch square, about ½ inch thick, and cut it into 9 donuts using a round cookie cutter. Transfer the donuts to the prepared baking sheet, cover with plastic wrap, and let them rise in a warm spot for 2 to 3 hours. Prepare a bowl of sugar for coating the fried donuts. Heat canola oil in a pot to 350 degrees Fahrenheit and fry the donuts in batches for 2 to 3 minutes on each side until golden brown. Drain excess oil on paper towels and coat each donut in sugar. Let them cool completely for 30 to 40 minutes before filling with chocolate.",1.3460972309112549
038_31454,"Exercising your brain through new experiences can enhance your creative thinking and problem-solving skills. Engaging in learning and gaining experiences fosters creativity. Consider learning something new, such as playing an instrument, which can aid academic success, or exploring art and genres that don’t usually interest you. Playing games like Super Mario may enhance brain plasticity, improving memory and cognitive functions. Engaging in activities that involve planning, logic, and reflexes can stimulate your brain. Brain games like logic puzzles, crosswords, and Sudoku are beneficial, as well as brain-training apps like Lumosity. Reading more often can expand your vocabulary, which is associated with greater success. Performing tasks with your non-dominant hand can create new neural pathways and improve creativity and open-mindedness. Start with simple tasks before progressing to more complex activities.",1.4701178073883057
038_25001,"It's an insert button typically on the back of the router used to press the reset button. The ""Power"" light should blink while holding the button. Newer models reset after 10 seconds, while older models may require holding the ""Reset"" button for 30 seconds. When the ""Power"" light is solid, the reset is complete. If there's still no Internet connection, try restarting your computer.",1.4868113994598389
038_41394,"This is a significant question that requires time and reflection. Determining the purpose of humanity can help you establish your personal purpose, such as aiding your community to thrive. Identify inspiring individuals and their qualities that you wish to emulate, and consider keeping a list in a purpose journal. Stepping out of your comfort zone allows for a broader worldview, helping you evaluate your passions and purpose. Reflect on how you want to interact with others and how they perceive you. Seek input from friends about your strengths if needed. Understand that your purpose can encompass multiple interests, providing flexibility. After self-evaluation and expanding your perspective, decide on your life’s purpose, noting that it can evolve. Write it down and place it where you can see it daily, ensuring you work towards that purpose.",1.2967517375946045
038_21113,"To help manage claw growth in cats, regular trimming is recommended, and it's best to ask a vet for guidance if you're unsure how to do it. Cats may initially resist claw clipping, but with patience and praise, they can become comfortable with it. Indoor cats benefit from having their claw tips blunted using toenail clippers, but proper technique is crucial to avoid injury. ""Soft Paws"" caps can be applied to prevent damage to surfaces, falling off in a few weeks and needing reapplication. Allowing outdoor access can reduce furniture scratching, as cats will naturally find trees to scratch on. Declawing, while a quick fix for furniture damage, is a surgical procedure with significant risks and ethical concerns, and is illegal in many places. It can lead to behavioral issues, stress, and physical problems, so it's important to research and consider all factors before deciding on declawing. Always check adoption contracts for declawing policies.",1.6615779399871826
038_2008,"Um dies zu tun, klicken Sie mit der rechten Maustaste auf Ihr Touchpad oder Ihre Maus. Dadurch wird das Kontextmenü geöffnet. Es befindet sich am unteren Ende des Menüs. Es ist ein Tab oben im Dialogfeld. Es befindet sich in der unteren rechten Ecke des Dialogfelds. Es ist in der unteren linken Ecke des Bildschirms. Es liegt in der Mitte des Dropdown-Menüs. Es befindet sich rechts von dem Feld mit der Bezeichnung ""Größe"". Dadurch wird die Größe der Desktop-Symbole schrittweise erhöht. Alternativ können Sie eine größere Zahl in das Feld ""Größe"" eingeben. Es befindet sich in der unteren rechten Ecke des Dialogfelds. Es ist in der Mitte des unteren Teils des Dialogfelds. Jetzt sind die Symbole auf Ihrem Desktop größer.",1.489354133605957
038_29580,"You will need a ruler, a hobby knife, markers or pens, and a sheet of paper or cardstock. Fold the paper in half widthwise, then create two additional creases in the opposite direction. The folded paper should resemble two steps on a staircase. The letters can be any thick style, ensuring their edges line up with the creases. Decorate the letters with markers or pens and use a ruler for thin lines above them. Cut out each letter's outline with the hobby knife, avoiding the top and bottom edges. You can cut out the center of certain letters if desired. Finally, fold the sheet into a box, positioning the letters as the front side and securing the top and bottom quarters with tape or glue.",1.272125244140625
038_22158,"Shut and lock all doors and windows in your room for privacy, especially at night. Use towels or blankets to cover gaps under the door. Bring your own towels to sit on, and keep things to do while you're nude. Organize your clothes to make getting dressed easier if needed, or keep a towel nearby to cover up quickly. Engage in various activities like reading, exercising, or self-massage. Remember that nudism is non-sexual and about natural freedom. Research nudism to understand its principles better. Although you may enjoy being nude, you can also wear clothes when necessary, returning to a clothed life when required.",1.1963372230529785
038_56710,"In einem großen wiederverschließbaren Plastikbeutel Essig, Öl, Salz und Pfeffer hinzufügen. Wenn Sie Bedenken haben, dass der Beutel ausläuft, können Sie ihn auf einen Teller oder in eine kleine Auflaufform stellen. Wenn der Beutel nicht groß oder dick genug ist, können Sie die Marinade auch in einer kleinen Glasform mischen. Den Beutel verschließen und sanft schütteln, um das Schweinefleisch zu beschichten. Bei Verwendung einer Glasform das Schweinefleisch hineinlegen und mehrmals wenden, um jede Seite zu marinieren. Mit Frischhaltefolie oder Aluminiumfolie abdecken und die Koteletts im Kühlschrank marinieren. Den Beutel oder die Koteletts alle paar Stunden wenden, um eine gleichmäßige Marinierung zu gewährleisten. Eine längere Marinierzeit sorgt für saftigere, zartere Koteletts, aber nicht länger als 8 Stunden bis einen halben Tag marinieren, da das Fleisch sonst zäh werden kann. Butter oder Pflanzenöl in einer großen Pfanne erhitzen, bis die Butter schmilzt oder das Öl geschmeidig ist. Knoblauch hinzufügen und etwa 1 Minute unter ständigem Rühren kochen, bis er duftet und leicht gebräunt ist. Den Knoblauch ständig rühren, da er schnell verbrennt. Die Koteletts 5 bis 8 Minuten auf jeder Seite braten. Um die Garheit zu überprüfen, das Innere des dicksten Koteletts mit einem Fleischthermometer messen; die Innentemperatur muss mindestens 145 Grad Fahrenheit (63 Grad Celsius) erreichen. Wenn kein Thermometer vorhanden ist, können Sie das Fleisch durchschneiden; wenn es weiß ist, ist es wahrscheinlich gar. Koteletts etwa 3 Minuten ruhen lassen, bevor sie serviert werden.",2.7000551223754883
038_20756,"A simple text editor like Notepad or TextEdit can be used. Enter code to create a download button linked to a file hosted on your server or elsewhere on the web. Use an FTP client to upload the file to your website’s server. Replace “Button Text” with your desired text, keeping the double quotes. Ensure the button text is small for a neat appearance. Insert the button code into your webpage’s body, upload the updated code, and test the button.",1.5256590843200684
038_48593,"Versuche, den Stil der Stiefel mit dem Kleid, das du trägst, abzustimmen. Chunky Motorradstiefel passen nicht gut zu einem leichten, fließenden Kleid, aber gut zu einem Lederkleid. Braune Stiefeletten sehen nicht gut zu einem Lederkleid aus, passen aber gut zu einem leichten, fließenden Kleid. Wähle auch die richtigen Stiefel für den Anlass. Elegante, knielange Stiefel sehen gut zu einem schwarzen Kleid aus, sind aber für einen eher lässigen Anlass nicht geeignet. Für einen lässigen Anlass wähle chunky Stiefeletten. Mache ein schwarzes Kleid lässiger und kantiger, indem du es mit chunky Lederstiefeln kombinierst. Trage High-Heels, um das Outfit aufzuwerten. Ob du Strumpfhosen trägst oder nicht, hängt stark vom Wetter ab. Bei kaltem Wetter ist es besser, Strumpfhosen oder Leggings zu tragen, insbesondere wenn das Kleid kurz ist. Für einen warmen, lässigen Anlass wähle einen Look mit nackten Beinen. Bei kaltem Wetter trage Wollstrumpfhosen mit langen Lederreitstiefeln oder flache Stiefeletten zu Denim-Shorts für warmes Wetter. Es gibt Ausnahmen, aber normalerweise solltest du mindestens ein paar Zentimeter Haut zwischen den Stiefeln und dem Saum des Kleides freilassen, was in der Regel schmeichelhafter ist. Selbst wenn du ein langes Kleid trägst, versuche Stiefel zu tragen, die einen „Blick“ auf deine Beine ermöglichen.",4.460813522338867
038_33332,"Even if you primarily work on your computer, it's essential to have basic writing tools for class and study time. Purchase blue or black ballpoint pens and pencils for note-taking and exams. Highlighters are helpful for studying. Consider getting permanent markers and white-out. Folders and notebooks are necessary, along with a three-ring binder, hole punch, subject dividers, and loose-leaf paper for organization. A book bag or messenger bag is needed for carrying supplies. Additionally, consider buying sticky notes, a personal organizer, a dictionary, a calculator, and other office supplies. If you don't have one, getting a computer is crucial for typing, printing, and research. Also, look into printers, printer paper, ink cartridges, and a flash drive. Check if your campus has computer labs to potentially save on printing costs. Lastly, protect your computer with surge protectors and consider an external hard drive for backups.",1.4598348140716553
038_22259,"Pornografie und Sex sind komplexe Themen, und es gibt keinen Konsens unter Psychologen oder medizinischen Experten über die Auswirkungen von Pornografie oder ob eine Pornogewohnheit als Sucht beschrieben werden sollte. Menschen entwickeln möglicherweise eine Pornogewohnheit, um Stress abzubauen, Langeweile zu vertreiben, sich gut zu fühlen, mit negativen Gefühlen umzugehen oder Entzugssymptome zu vermeiden. Warnzeichen, dass Ihre Pornografie-Gewohnheit ernst genommen werden sollte, sind: Schwierigkeiten, den Konsum einzuschränken, Lügen über die Menge an Pornografie, die Sie ansehen, und dass Beziehungen, Job oder Studium zu Gunsten von Pornografie vernachlässigt werden. Es wird empfohlen, ein Notizbuch zu führen, um die Auslöser für das Verlangen nach Pornografie festzuhalten und alternative Strategien zu entwickeln, um mit diesen Auslösern umzugehen, wie das Vermeiden von Triggern und das Planen von Ablenkungen. Wenn das Aufhören mit Pornografie schwierig ist, sollten Sie professionelle Hilfe suchen oder an einem Programm für Unterstützung teilnehmen. Die Therapie ist besonders wichtig, wenn in der Vergangenheit sexuelle oder körperliche Misshandlungen oder Depressionen und Ängste erlebt wurden.",2.4421682357788086
038_23809,"Die Regeln und Erwartungen, die bestimmen, wie du mit ihr kommunizierst, sollten anders sein. Wenn du ihre Meinung ändern und sie dazu bringen möchtest, dich romantisch zu sehen, solltest du nicht weiterhin den Dynamiken einer Freundschaft folgen. Ist eine romantische Beziehung wirklich das, was du willst? Könntest du es ertragen, ihre Freundschaft zu verlieren? Sei nicht mit einer Frau befreundet in der Hoffnung, dass du ihre Meinung über dich ändern kannst. Das ist unfair, da Freundschaften auf Vertrauen und Respekt basieren sollten. Der beste Weg, ihre Meinung über dich als mehr als nur einen Freund zu ändern, ist direkt zu sein. Es hat keinen Sinn, zu versuchen, sie zu manipulieren oder abzuwarten. Wenn sie deine romantischen Avancen ablehnt und Freundschaft wünscht, lehne respektvoll ab. Deine Emotionen könnten nach einer Ablehnung zu frisch sein, um eine Freundschaft aufrechtzuerhalten. Eine Freundschaft basiert auf gegenseitiger Unterstützung und Respekt. Frage dich, ob du ihr das wirklich geben kannst, nachdem du klar ausgedrückt hast, dass du sie als mehr als nur eine Freundin siehst. Kannst du weiterhin mit ihr befreundet sein, wenn sie mit jemand anderem zusammen ist?",1.9394559860229492
038_43985,"There are two types of contortionists: front benders and back benders, determined by their spinal flexibility. Women typically excel in back bending, but men can also improve with practice. Young individuals find it easier to become flexible. Contortionists often perform routines that transition between different postures. It's essential to warm up before stretching to prevent injuries, which involves joint mobility exercises and cardiovascular activity to raise body temperature. Leg and hip stretches are crucial for preparing for contortion movements. The splits enhance flexibility, and back bends strengthen back muscles. Regular stretching, ideally one to three hours daily, is necessary to maintain flexibility; missing sessions can hinder progress.",1.242765188217163
038_14443,"Use warm water to loosen the paint from the brush, allowing it to slip off easily.",0.7351136207580566
038_36221,"If you witness someone being bullied, it's important to tell the bully to stop. It requires courage, but you can be a hero by intervening. Often, one person standing up can make the bully stop. You might say something like, ""Hey, leave that kid alone."" It's also crucial not to encourage bullying by laughing or watching without reacting, as it gives the bully an audience. If you're not comfortable intervening, inform an adult, such as a teacher or school counselor, so they can address the issue.",1.1103355884552002
038_42257,"One of the main signs of laryngitis is hoarseness, which makes your voice sound raspy and strained. To achieve a raspy voice, practice vibrating your vocal cords by croaking like a frog and making sheep-like bah noises. Incorporate this raspy quality into your speaking voice, and try to create unintentional changes in volume and pitch by making your voice crack and fade. Whisper more when speaking to mimic losing your voice, and alternate this with speaking in a hoarse voice. Ensure transitions between these effects are smooth to avoid detection. Laryngitis can also lead to a dry and raw throat, so include a few dry coughs while speaking without overdoing it, as coughing is different from producing speech.",1.6702370643615723
038_24461,"The most important aspect of dressing for soccer is ensuring freedom of movement, allowing you to play without concerns about your clothing. In casual play, there are no uniform requirements, so comfort is key. In hot weather, opt for shorts and a t-shirt or jersey; in colder conditions, choose sweatpants and a long-sleeve shirt. Consider wearing shin-guards with short socks underneath and long socks over them for stability. Layering is advisable for temperature control, such as wearing shorts under sweatpants for warmth but easy removal, or a t-shirt under a long-sleeve shirt. Comfort and functionality remain paramount. While cleats are ideal, tennis shoes or running shoes are also acceptable, but avoid sandals or going barefoot to prevent injuries. Enhancing your outfit with a favorite player's jersey or accessories can add fun and help keep hair in place.",1.8295350074768066
038_1739,"Tippe auf das rote, grüne, gelbe und blaue symbolische App-Icon in der oberen rechten Ecke des Bildschirms. Ein Dropdown-Menü wird erscheinen. Diese Option befindet sich am Ende des Dropdown-Menüs, nahe dem unteren Ende der Seite. Du findest diese Option in der oberen Hälfte des Bildschirms. Es wird blau oder grün. Dadurch werden Cookies aktiviert. Wenn der Cookies-Schalter blau oder grün ist, sind Cookies bereits aktiviert. Du kannst auch das Kästchen ""Dritte Cookies zulassen"" in der oberen linken Ecke des Bildschirms aktivieren, um Websites zu erlauben, deine Cookies zu sehen. Diese Option ist in der Mitte der Seite für die Website-Einstellungen. Es wird nach rechts gleiten und blau oder grün. Dadurch wird JavaScript im Chrome-Browser deines Android-Geräts aktiviert. Wenn der JavaScript-Schalter blau oder grün ist, ist JavaScript bereits aktiviert.",1.6611926555633545
038_23999,"To begin, take the synthetic hair out of its packaging, smoothing out any tangles as you go. Use your fingers or a doll comb to manage any knots. Once you've sorted the hair into a long line, cut it to the desired length for your doll, ensuring it's twice as long as the intended final length. Dampening the hair may help with cutting. Wrap the hair strands around your fingers and apply a thin line of tacky glue to the center. Insert a sewing needle along the glue line to help bond the strands. After the glue dries, remove the needle and flip the hair over to reveal a dip in the center. Attach the hair to the doll’s head using appropriate glue, ensuring not to use too much. Style the hair as desired, testing any heat styling on a spare lock to prevent damage.",1.3205535411834717
038_19266,"Wählen Sie einen Punkt oder eine Richtung als Hauptmerkmal des Raumes, wie einen Kamin, ein Kunstwerk oder ein Fenster, und positionieren Sie Ihre Möbel darum. Wenn es kein besonderes Merkmal gibt, schaffen Sie eines, indem Sie beispielsweise einen zentralen Tisch als Gesprächsbereich nutzen. Verwenden Sie das größte Möbelstück als Blickfang, zum Beispiel ein Gemälde über einem Sofa. Vermeiden Sie es, Sofas oder Stühle gegen die Wand zu schieben; positionieren Sie sie stattdessen mit dem Rücken zur Wand, um einen einladenden Sitzbereich zu schaffen. Halten Sie einen Abstand von mindestens einem Fuß (0,30 m) von der Wand und drei Fuß (0,91 m) zwischen größeren Möbelstücken, um ein angenehmes Gehen zu ermöglichen. Lassen Sie genügend Platz im Eingangsbereich und blockieren Sie keine Türen oder Durchgänge. Stellen Sie die Möbel so auf, dass sie sich gegenseitig zuwenden, um Gespräche zu fördern und gleichzeitig das Hauptmerkmal des Raumes zu betonen.",2.226423740386963
038_3882,"The thoughts we have influence the words we speak and the actions we take. Positive self-thoughts lead to self-confidence and self-respect, essential traits of a good personality. Once you recognize your thoughts, guiding them positively becomes easy. We encounter chances to express our personality daily; it's important to embrace these moments rather than conforming to others. Having a good personality means being unique, not just agreeing with others. Share your opinions and stories respectfully. Authenticity attracts people; pretending is easily noticed. To be genuine, you must be vulnerable and open about your feelings, strengths, and weaknesses. Instead of focusing on the negatives of your personality, highlight the traits that resonate with others.",1.1814420223236084
038_2976,"To ride a unicycle, adjust the fence height so you can comfortably rest your hand while riding. Position the pedals with the dominant foot at the 4 o'clock position and the non-dominant foot at 10 o'clock. Squeeze the seat with your upper thighs and keep your body parallel to the fence. Unlike a bicycle, you will need to practice moving backward to gain momentum. Initially, pedal slightly to maintain balance and aim for a 1/4-turn rotation backwards as you mount. Ensure the pedals are vertical and lean slightly forward for balance. This process may take several hours or days to master. Once ready, practice free mounting by holding the seat or using your arms for balance without assistance.",1.4688735008239746
038_7061,"To verify the authenticity of a Breitling watch, check for the model and serial number stamped on the band or casing. If the stamp is missing or incorrect, the watch is likely a fake. Metallic bracelets usually have these details on the bracelet, while leather straps may have them on the back. Authentic leather watches will also be marked with ""cuir veritable"" or ""croco veritable."" Examine the watch under a light; a genuine Breitling has an anti-glare coating that reduces reflection. The watch should feel heavy due to its stainless steel construction, with an average weight of 90-120g. However, weight alone doesn’t guarantee authenticity. If purchasing new, ensure it comes with a certificate of authenticity that lists technical specifications and manufacturing details, as replicas often lack this documentation. When buying used, inquire if the watch includes the official certificate.",1.437577724456787
038_9355,"A voucher is a document detailing a financial transaction, used in various business aspects from sales to deposits. Tally offers several pre-configured voucher types accessible from the ""Accounting Vouchers"" option in the Gateway menu. The main types include: Contra Voucher (F4) for bank transactions between accounts, Payment Voucher (F5) for business payments, Receipt Voucher (F6) for income, Journal Voucher (F7) for non-sales-related transactions, Sales Voucher/Invoice (F8) for company sales, and Purchase Voucher (F9) for asset purchases. The required information varies by voucher type and typically includes the ledger attachment, date, and involved parties' names, with automatic total calculations for products in Tally.",1.452918291091919
038_8015,"To clean a harmonica, first use the appropriate screwdriver to remove the cover plates, ensuring to keep the screws safe. After spraying the cover plates with alcohol, remove the screws from the reed plates in the order they were taken out. Soak the reed plates in warm water mixed with vinegar or lemon juice for about half an hour. While soaking, clean the comb according to its material: plastic combs can be washed with soap and water, while wooden combs should only be brushed. After soaking, gently brush the reed plates with a soft toothbrush in the direction of the reeds, avoiding scrubbing. Clean the other side of the reed plate more vigorously, rinse it under warm water, or use a q-tip with hydrogen peroxide. After all parts have dried completely, reassemble the harmonica, tightening the screws gradually and evenly.",1.5054991245269775
038_55705,"In a calm and diplomatic manner, inform them about the animal and share important facts based on your research and dedication. Be prepared for questions and answer them honestly, while proposing solutions to any concerns they express. Encourage them to consider the decision carefully, as getting a pet is significant. Provide written information, websites, or contacts for further guidance on pet care. Emphasize your commitment to helping care for the pet and the positive impact it will have on the family, including health benefits like reduced blood pressure and improved immunity. Address the financial aspects, discussing costs like vet fees, and propose compromises if there are specific family needs, such as walking the pet. Focus on the advantages of pet ownership for family bonding and personal growth, like learning responsibility and spending time outdoors. Create a chart categorizing needs (daily, monthly, yearly) with estimated costs to simplify the decision for your parents, showing your willingness to do the work and consider their concerns.",1.6411592960357666
038_47333,"These Hormone sind molekular identisch mit den Hormonen, die im Körper einer Frau produziert werden, werden jedoch aus Soja und Yamswurzel synthetisiert. Sie werden oft zur Behandlung von menopausalen Symptomen eingesetzt, können aber auch bei PMS, Fibromen und der Regulierung des Zyklus helfen. Sprechen Sie mit Ihrem Arzt über Optionen für von der FDA genehmigte bioidentische Medikamente und mögliche Nebenwirkungen. Beachten Sie, dass rezeptfreie pflanzliche Progesteroncremes und Yamextraktcremes nicht gleich wirken, da sie entweder zu wenig des Hormons enthalten, um effektiv zu sein, oder nicht vom Körper synthetisiert und in Progesteron umgewandelt werden können. Produkte, die nicht von der FDA genehmigt sind, unterliegen keiner Regulierung, was bedeutet, dass es keine Möglichkeit gibt zu überprüfen, ob sie tatsächlich die auf dem Etikett angegebenen Inhaltsstoffe enthalten. Weitere Forschungen sind erforderlich, um bioidentische Medikamente und die langfristigen Risiken zu untersuchen.",2.230233669281006
038_27479,"Tippe auf das Safari-App-Symbol, das wie ein blauer Kompass auf weißem Hintergrund aussieht. Wie bei Desktop-Browsern wirkt sich das Aktualisieren auf mobilen Geräten nur auf die Seite aus, die du gerade ansiehst. Das ""Aktualisieren""-Symbol von Safari erscheint erst, wenn die Website vollständig geladen ist. Es befindet sich in der oberen rechten Ecke des Bildschirms in der Adressleiste. Wenn du darauf klickst, wird die aktuelle Seite aktualisiert.",1.0084304809570312
