uid,generation,generation_time
034_5750,"### Instruction1:
Richten Sie den Haartrockner auf den Rückstand, um ihn zu erweichen. Nach einer Minute sollte er ausreichend erhitzt sein, um ihn zu entfernen. Kratzen Sie ihn vorsichtig mit einem Messer oder einem anderen Werkzeug ab. Wenn er sich nicht vollständig löst, wechseln Sie zu einer anderen Behandlung. WD-40 ist in den meisten Baumärkten und Haushaltsgeschäften erhältlich. Sie können es direkt auf Bereiche mit viel Rückstand sprühen oder ein Handtuch anfeuchten, um kleinere Rückstände zu behandeln. Lassen Sie es eine Minute einwirken und schrubben Sie es dann mit Seife und Wasser ab. WD-40 eignet sich hervorragend für Oberflächen wie Autos. Lesen Sie die Warnhinweise auf der Dose, um zu vermeiden, dass Sie es auf Oberflächen verwenden, die es verfärben könnte. Vaseline oder Autowachs sind Alternativen zu WD-40. Diese Produkte sind ebenfalls in allgemeinen Geschäften erhältlich. Es gibt Marken, die speziell zum Entfernen von Rückständen von Klebeband entwickelt wurden. Befolgen Sie die Anweisungen auf dem Etikett, und das Produkt wird auch bei Ihnen zu Hause gut funktionieren. Dies kann nur auf starken Baustellenmaterialien wie Stein, Ziegel und Beton durchgeführt werden. Richten Sie ein Hochdruckwassersystem oder einen Sandstrahler auf das Material. Schalten Sie es kurz ein und aus, bis der Rückstand verschwunden ist. Seien Sie dabei sehr vorsichtig. Diese Maschinen können auf den meisten Oberflächen Spuren hinterlassen.

### Instruction2:
Der Text beschreibt verschiedene Methoden zur Entfernung von Rückständen. Zuerst wird empfohlen, einen Haartrockner zu verwenden, um den Rückstand zu erweichen und dann vorsichtig mit einem Messer zu entfernen. Alternativ kann WD-40 eingesetzt werden, das auf betroffene Stellen gesprüht oder auf einem Tuch angewendet werden kann, gefolgt von einer Reinigung mit Seife und Wasser. Auch Vaseline und Autowachs sind nützliche Alternativen. Für starke Materialien wie Stein oder Beton wird die Verwendung eines Hochdruckwassersystems oder Sandstrahlers beschrieben, wobei Vorsicht geboten ist, um Oberflächenschäden zu vermeiden.",5.024496555328369
034_41997,"### Instruction1:
Stelle sicher, dass alle Handlungen und Absichten deines Charakters durch dein Schreiben klar kommuniziert werden. Strebe danach, Sätze mit der geringsten Anzahl von Wörtern zu schreiben, die du verwenden kannst, während du dennoch Klarheit bewahrst. Anstatt eine Vorgeschichte zu schreiben, fasse die Gefühle oder Emotionen zusammen, die mit den Ereignissen verbunden sind. Zum Beispiel, wenn die Kindheit deines Protagonisten für die Geschichte relevant ist, schreibe nicht: „Sarah wurde in einer Badewanne in Kansas City geboren und lebte dort bis zur Grundschule, als ihr Vater einen Job in Tulsa bekam …“ Stattdessen sage etwas wie: „Sarah dachte über ihre kurze und unerfüllte Kindheit nach, während sie auf ein Taxi wartete.“ Es ist in Ordnung, mehr als 1.000 Wörter zu verwenden, während du deinen ersten Entwurf schreibst, da du sie später bearbeiten wirst. Füge die Eigenschaften und die Persönlichkeit deines Charakters in deine Sätze ein, damit dein Leser immer neue Informationen über sie erhält. Im Laufe deines Schreibens sollte dein Leser etwas Neues über den Charakter oder die Handlung erfahren. Schließe keine Sätze ein, die nur Beschreibungen sind oder die Handlung verlangsamen. Verwende den Dialog deines Charakters, um Informationen preiszugeben oder die Handlung voranzutreiben. Flash-Fiction, die gleich nach der Überraschung oder Wendung endet, kann die Leser unzufrieden zurücklassen, da sie wissen möchten, wie ein Charakter reagiert. Widme mindestens die letzten 1-2 Absätze der Lösung des Konflikts und lasse deinen Leser das Ergebnis der Offenbarung wissen. Dein Titel sollte die Hauptideen oder den Konflikt deiner Geschichte widerspiegeln. Brainstorme dein Thema und die Elemente deiner Geschichte, um zu sehen, wie du sie kombinieren kannst, um deinen Titel zu erstellen. Denke an etwas Eingängiges und leicht Lesbares, damit sich dein Leser eher daran erinnert. Dein Titel kann helfen, eine Vorgeschichte zu beschreiben, die du nicht einbezogen hast. Wenn du zum Beispiel eine Geschichte über einen Ehemann schreibst, der die Routine seiner verstorbenen Frau übernimmt, könntest du deine Geschichte „In ihren Fußstapfen“ nennen.

### Instruction2:
Der Text erklärt, wie man klare und prägnante Charakterdarstellungen in der Schrift schafft, indem man unnötige Hintergrundgeschichten vermeidet und stattdessen Emotionen zusammenfasst. Es wird empfohlen, Sätze mit wenigen Worten zu formulieren und die Charaktereigenschaften im Dialog und in der Handlung einzuflechten. Leser sollten während des Schreibens kontinuierlich neue Informationen über die Charaktere und die Handlung erhalten. Der Text betont auch die Wichtigkeit eines eingängigen Titels, der die Hauptthemen der Geschichte widerspiegelt und gegebenenfalls eine nicht eingeschlossene Vorgeschichte beschreibt.",5.240692615509033
034_30897,"### Instruction1:
Im Gegensatz zu einem Kanupaddel hat ein Kajakpaddel 2 Blätter, die am Schaft des Paddels befestigt sind. Der Schaft ist der Teil des Paddels, den du hältst, und die Blätter sind der Teil, den du benutzt, um dich und das Kajak durch das Wasser zu ziehen. Es ist ein häufiger Fehler für Anfänger, ihre Paddel beim ersten Mal rückwärts zu halten, wenn sie mit dem Kajakfahren beginnen. Als Anfänger mag es nicht den Anschein haben, dass es einen Unterschied macht, in welche Richtung dein Paddel zeigt, aber es hat einen großen Einfluss auf deine Paddelkraft. Halte die konvexe oder glatte Seite des Paddelblattes zu dir gerichtet; die Vorderseite des Paddels ist der Teil, den du durch das Wasser ziehen möchtest. Viele Kajakpaddel sind asymmetrisch, was bedeutet, dass es eine Ober- und eine Unterseite des Paddelblattes gibt. Es ist wichtig, dass du das Paddel so hältst, wie es entworfen wurde. Die Oberseite des Paddels ist horizontaler als die Unterseite, und die Unterseite hat mehr von einem sich verjüngenden Effekt. Manchmal gibt es sogar horizontale Schriftzüge auf dem Paddel. Halte die Schrift aufrecht und nicht auf dem Kopf. Das wird dir helfen, dich daran zu erinnern, dein Paddel richtig zu halten. Wenn du rechtshändig bist, wird dein Kontrollgriff mit der rechten Hand sein, und wenn du linkshändig bist, wird dein Kontrollgriff mit der linken Hand sein. Wenn du einen Kajak-Paddelschlag machst, lass das Paddel sich drehen und neu positionieren in deiner „lockeren Hand“, um sicherzustellen, dass jedes Paddel immer sanft ins Wasser eintaucht. Der Kontrollgriff ändert seine Position nicht, sobald er auf dem Paddel ist. Greife dein Paddel und achte darauf, den Kontrollgriff zuerst auf dem Paddel zu platzieren. Halte deine Hände zentriert auf dem Paddel. Deine Hände sollten etwas mehr als schulterbreit auseinander stehen.

### Instruction2:
Der Text beschreibt die Unterschiede zwischen einem Kajakpaddel und einem Kanupaddel und erklärt, wie man ein Kajakpaddel richtig hält. Es wird darauf hingewiesen, dass Anfänger oft versehentlich ihr Paddel falsch herum halten, was die Paddelkraft beeinträchtigen kann. Die konvexe Seite des Paddelblattes sollte zu einem gerichtet sein, und es ist wichtig, das Paddel gemäß seiner asymmetrischen Form zu halten. Zudem wird empfohlen, beim Paddeln die Hände schulterbreit auseinander und den Kontrollgriff korrekt zu positionieren, um eine effektive Paddeltechnik zu gewährleisten.",4.237250089645386
034_55182,"### Instruction1:
Stelle die Neti-Kanne kopfüber, damit Wasser während des Waschzyklus hindurchfließen kann. Halte die Neti-Kanne von der Kraftwaschaktion entfernt, um Schäden zu vermeiden. Auf dem obersten Regal erhält das Gerät eine sanftere Reinigung. Es ist besonders wichtig, deine Neti-Kanne vor Schäden zu schützen, wenn sie aus einem bruchgefährdeten Material wie Keramik besteht oder viele kleine, empfindliche Teile hat. Lege den Deckel sowie alle anderen abnehmbaren Teile auf das Regal neben die Kanne. Wenn deine Geschirrspülmaschine es dir erlaubt, die Temperatureinstellungen zu ändern, stelle sie so niedrig wie möglich ein. Intensive Hitze kann Neti-Kannen aus Kunststoff schmelzen oder verformen. Dies ist ein weiterer Grund, warum es sinnvoll ist, Platz für das Gerät im oberen Regal zu schaffen, wo es nicht ständig oder direkt dem heißen Wasser ausgesetzt ist. Überprüfe unbedingt die Reinigungsempfehlungen des Herstellers, die mit deinem Gerät geliefert wurden, bevor du es in die Geschirrspülmaschine gibst. Es dauert nicht lange, bis die Geschirrspülmaschine deine Neti-Kanne erfolgreich desinfiziert hat, sodass die kürzeste Waschzeit ausreicht. Sobald der Vorgang abgeschlossen ist, entferne das Gerät vorsichtig und lege es auf ein sauberes Handtuch oder einen Abtropfständer. Lasse die Neti-Kanne abkühlen und trocknen, bevor du sie wieder verwendest. Die Geschirrspülmaschine kümmert sich auch um den Trocknungsprozess, was dir im Vergleich zum Lufttrocknen Zeit spart. Keramische und metallische Neti-Kannen sind extrem heiß, wenn sie zuerst aus der Geschirrspülmaschine kommen, also gehe vorsichtig damit um.

### Instruction2:
Die Anleitung beschreibt, wie man eine Neti-Kanne sicher in der Geschirrspülmaschine reinigt. Die Kanne sollte kopfüber platziert werden, um Wasserfluss zu ermöglichen, und vom direkten Wasserdruck ferngehalten werden, um Schäden zu vermeiden. Es wird empfohlen, die Kanne auf dem obersten Regal zu reinigen, besonders wenn sie aus bruchgefährdetem Material besteht. Die Temperatureinstellungen sollten möglichst niedrig sein, um das Schmelzen oder Verformen von Kunststoff zu verhindern. Vor der Reinigung sollte man die Herstellerempfehlungen überprüfen. Nach der Reinigung sollte die Kanne vorsichtig entfernt und zum Abkühlen und Trocknen auf ein Handtuch gelegt werden.",3.72724723815918
034_21635,"### Instruction1:
Keylogger-Spionagesoftware wie SpyPal ist online zum Download verfügbar und kann auf einem Computer installiert werden, ohne dass die betroffene Person weiß, dass sie im Hintergrund läuft. Diese Art von Programmen kann Informationen wie Passwörter, eingegebene E-Mails, besuchte Seiten oder sogar ein Video des Bildschirms aufnehmen, während dein Freund den Computer benutzt. Beachte jedoch, dass viele dieser Arten von Spyware hochgradig illegal sind, also sei sehr vorsichtig beim Herunterladen. Auch ein aufmerksamer Freund kann einen Keylogger oder Bildschirmrekorder finden, also lade einen hochwertigen Logger herunter, der seine Dateien versteckt und mit einem Passwort schützt. Einige davon können immer noch gefunden werden, aber mit großer Schwierigkeit. Allerdings kann einige Spyware vollständig unsichtbar sowohl für den Benutzer als auch für das Betriebssystem gemacht werden. Du wirst wahrscheinlich diese letzte Option nicht benötigen, es sei denn, dein Freund ist ein professioneller Computer-Ingenieur oder ein professioneller Hacker. Wenn du deinen Partner auf frischer Tat ertappen möchtest, platziere ein GPS-Gerät an der Unterseite seines Autos und verfolge seine Bewegungen, damit du ihn überraschen kannst, wenn seine Hose in einem schmuddeligen Motel um die Knöchel rutscht. Die App „Find Your Phone“ kann auch verwendet werden, um „deinen betrügenden Freund zu finden“. Wenn du Zugriff auf das iCloud deines Freundes hast, kannst du dich einloggen und sein Telefon in Echtzeit verfolgen, während es sich in unmittelbarer Nähe einer anderen Person befindet. Du kannst dann das Profil verwenden, um dich bei Websites anzumelden, die Betrug an Ehepartnern fördern, um zu sehen, ob dein Partner ein Profil auf der Seite hat oder eine der Seiten nutzt, um Treffen zu arrangieren. Du könntest auch deinen Freund hereinlegen, indem du ein Fake-Konto verwendest, um ihn auf Facebook zu Freunden. Dann könntest du anfangen, über einen Zeitraum hinweg mit ihm zu flirten und sehen, wie er auf dich reagiert. Wenn er deinem Fake-Profil Nacktfotos sendet oder nach einem Treffen in einem Hotel fragt, ist er eindeutig nicht monogam mit dir. Auch wenn dies die aufwändigste Option sein mag, da sie etwas Planung und Vorbereitung von deiner Seite erfordert, ist es eine weitere Möglichkeit, deinen Freund auf frischer Tat zu ertappen. Gib eine Ausrede wie einen Friseurtermin oder ein Treffen mit einem Freund an und beobachte dann von der gegenüberliegenden Straßenseite oder aus deinem Auto, ob dein Freund deine Abwesenheit als Gelegenheit nutzt, um sich mit jemandem zu treffen. Beachte, dass dies auch die riskanteste Option ist, da es erfordert, dass du deinem Partner überzeugend lügst und dann seine Bewegungen überwachst, bis er einen Fehler macht. Privatdetektive sind lizenziert, um Überwachungen durchzuführen, und sind über die besten und legalsten Taktiken informiert, um Beweise für Untreue aufzudecken. Wenn du in einer langfristigen Beziehung bist, in der deine Finanzen gebunden sind, oder wenn du verheiratet bist, sodass deine Finanzen rechtlich gebunden sind, ist es eine gute Idee, einen PI zu engagieren. Suche nach einem PI, der auf Untreue-Untersuchungen spezialisiert ist.

### Instruction2:
Der Text beschreibt verschiedene Methoden, um einen potenziell untreuen Partner zu überwachen, einschließlich der Verwendung von Keylogger-Software und GPS-Geräten. Es wird gewarnt, dass viele dieser Methoden illegal sind und dass die Verwendung von Spyware riskant sein kann. Zudem werden Möglichkeiten aufgezeigt, wie man über Fake-Profile in sozialen Medien oder durch persönliche Beobachtung Hinweise auf Untreue sammeln kann. Der Text empfiehlt auch, einen Privatdetektiv zu engagieren, wenn man in einer langfristigen Beziehung ist und rechtliche Aspekte zu berücksichtigen sind.",5.8245062828063965
034_12239,"### Instruction1:
Wählen Sie aus den verschiedenen Kategorien auf der Hauptseite von Yahoo! Gruppen unter www.groups.yahoo.com. Die Kategorien umfassen Geschäft & Finanzen, Computer & Internet, Familie & Zuhause, Regierung & Politik, Hobbys & Basteln, Romantik & Beziehungen, Schulen & Bildung und viele mehr. Beginnen Sie damit, nach einer Gruppe zu suchen, indem Sie auf eine dieser Kategorien klicken. Ein Klick auf den Gruppennamen zeigt eine Beschreibung der Gruppe an. Wenn Sie den Namen der Gruppe kennen, der Sie beitreten möchten, können Sie danach suchen. Verwenden Sie das Suchfeld oben auf der Hauptseite von Yahoo! Gruppen und geben Sie das Schlüsselwort(e) für die Gruppe ein, nach der Sie suchen. Klicken Sie auf die Schaltfläche ""Gruppen suchen"" neben dem Suchfeld, um Ihre Suche zu beginnen. Möglicherweise müssen Sie einige Kombinationen von Schlüsselwörtern ausprobieren, bis Sie die richtige Gruppe finden.

### Instruction2:
Um einer Yahoo! Gruppe beizutreten, wählen Sie eine Kategorie auf der Hauptseite aus, wie z.B. Geschäft, Familie oder Hobbys. Klicken Sie auf die Kategorie, um Gruppen zu sehen, oder suchen Sie nach einem bestimmten Gruppennamen im Suchfeld. Geben Sie die Schlüsselwörter ein und klicken Sie auf ""Gruppen suchen"", um die Suche zu starten. Es könnte erforderlich sein, verschiedene Kombinationen von Schlüsselwörtern auszuprobieren, um die gesuchte Gruppe zu finden.",2.622807025909424
034_18200,"### Instruction1:
Gib deine Nüsse in eine große Schüssel. Füge genügend lauwarmes Wasser hinzu, um die Nüsse vollständig zu bedecken, plus zusätzliche 5 cm Wasser. Streue das Salz hinein und rühre die Nüsse um, um das Salz zu verteilen. Du kannst so viele Nüsse auf einmal einweichen, wie du möchtest. Verwende einen Esslöffel (19 g) Salz pro 4 Tassen Nüsse, die du einweichst. Du kannst auch Samen, Bohnen, Getreide und Hülsenfrüchte mit dieser Methode einweichen. Verschiedene Nüsse profitieren von unterschiedlichen Einweichzeiten, und wenn du dir nicht sicher bist, weiche die Nüsse 12 bis 24 Stunden ein. Stelle die Nüsse während der Einweichzeit an einen kühlen, dunklen Ort. Die Einweichzeiten für verschiedene Nüsse sind: 12 Stunden für Mandeln und Paranüsse, 8 Stunden für Haselnüsse, Pekannüsse, Walnüsse und Pinienkerne, 6 Stunden für Cashewkerne, 4 Stunden für Macadamianüsse. Wenn die Nüsse die empfohlenen Zeiten eingeweicht haben, lasse das Wasser ab, indem du die Nüsse in ein Sieb gießt. Spüle die Nüsse mit frischem, kaltem Wasser ab. Nachdem die Nüsse abgespült wurden, lege sie auf ein sauberes Handtuch, um überschüssiges Wasser zu entfernen. Wenn deine Nüsse eingeweicht sind, kannst du sie so essen, ohne sie vorher zu trocknen. Das Dehydrieren der Nüsse entfernt das Wasser und macht sie knuspriger, und viele Menschen bevorzugen die Textur von knusprigen Nüssen. Wenn du keinen Dörrautomaten hast, lege die Nüsse auf ein Backblech und röste sie im Ofen bei der niedrigsten Temperatur. Verteile die Nüsse auf den Dörrautomaten-Rosten in einer einzigen Schicht und ordne die Roste im Dörrautomaten an. Schalte den Dörrautomaten auf 66 °C ein. Dehydriere die Nüsse für 12 Stunden und prüfe sie auf Garheit. Für knusprigere Nüsse dehydriere sie für weitere drei bis 12 Stunden. Übertrage übrig gebliebene dehydrierte Nüsse in einen luftdichten Behälter und lagere sie im Kühlschrank für zwei Wochen. Für eine längere Haltbarkeit lagere die Nüsse im Gefrierschrank für bis zu zwei Monate. Wenn du dich entschieden hast, deine Nüsse nicht zu dehydrieren, lagere sie im Kühlschrank und esse sie innerhalb von 24 Stunden nach dem Abtropfen.

### Instruction2:
Der Text beschreibt, wie man Nüsse einweichen und dehydrieren kann, um ihre Textur zu verbessern. Zunächst werden die Nüsse in eine große Schüssel mit lauwarmem Wasser und Salz eingelegt, wobei die Einweichzeiten je nach Nusssorte variieren. Nach dem Einweichen werden die Nüsse gespült und können entweder sofort gegessen oder dehydriert werden, um sie knuspriger zu machen. Es werden verschiedene Methoden des Dehydrierens beschrieben, einschließlich der Verwendung eines Dörrautomaten oder eines Backofens. Schließlich wird erklärt, wie man die Nüsse richtig lagert, um ihre Frische zu erhalten.",5.9898858070373535
034_45014,"### Instruction1:
Mach dir keine Sorgen um dein Gewicht oder deine Körperform, denn jeder kann heiß aussehen. Konzentriere dich stattdessen auf gesunde Ernährung, um einen starken Körper, strahlende Haut und viel Energie zu unterstützen. Fülle deinen Teller mit frischen Produkten, magerem Eiweiß und komplexen Kohlenhydraten. Vermeide jedoch verarbeitete Lebensmittel und zugesetzten Zucker. Schränke deine Kalorien nicht übermäßig ein, denn du benötigst die richtige Ernährung, um gesund auszusehen und dich gesund zu fühlen. Aktiv zu sein hilft dir, einen gesunden Körper zu erhalten, Stress abzubauen und deine Energie zu steigern. Für die besten Ergebnisse solltest du an 5-7 Tagen pro Woche mindestens 30 Minuten moderate Bewegung einplanen. Wähle eine Sportart, die dir Spaß macht, damit es einfacher ist, sie durchzuführen. Zum Beispiel: spiele einen Freizeitsport, besuche einen Tanzkurs, gehe wandern oder um den Block, schwimme, jogge mit einem Freund oder deinem Hund. Gut ausgeruht zu sein hilft deiner Haut, strahlend und gesund auszusehen, und es lässt dich energetischer fühlen. Um besser zu schlafen, halte dein Schlafzimmer komfortabel und benutze dein Bett nur zum Schlafen. Reduziere außerdem die Bildschirmnutzung 1-2 Stunden vor dem Schlafengehen und mache eine entspannende Aktivität, wie z. B. Lesen oder ein Bad nehmen. Versuche, jeden Tag zur gleichen Zeit aufzuwachen und ins Bett zu gehen, damit du einen regelmäßigen Schlafrhythmus hast. Das erleichtert das Einschlafen und Aufwachen. Tolle Haut erleichtert es, heiß auszusehen, also folge einer Hautpflegeroutine. Wasche dein Gesicht zweimal täglich mit einem milden Reiniger und trage dann eine Feuchtigkeitscreme auf. Auch deinen Körper solltest du täglich mit Feuchtigkeit versorgen, um die Haut weich und geschmeidig zu halten. Wenn du magst, rasiere regelmäßig deine Achseln und Beine, um die Haare zu entfernen. Fühle dich jedoch nicht gezwungen, dies zu tun, um heiß auszusehen. Die Pflege deiner Nägel hilft dir, attraktive Hände und Füße zu haben. Trimme und feile deine Nägel alle 1-2 Wochen, damit sie ordentlich aussehen. Wenn du magst, kannst du auch deine Nägel lackieren. Lackierte Nägel sind nicht notwendig, um heiß auszusehen, aber ordentliche Nägel wirken attraktiver, also ist es eine gute Idee, sie zu trimmen und zu feilen. Gute Mundhygiene ist ebenfalls sehr wichtig, um deinen heißen Look zu kreieren. Putze deine Zähne morgens und abends und benutze täglich Zahnseide. Sieh außerdem deinen Zahnarzt für jährliche Kontrollen auf, damit deine Zähne in einem guten Zustand bleiben. Wenn deine Zähne verfärbt sind, können rezeptfreie Whitening-Streifen und Zahnpasta helfen. Frage jedoch deinen Zahnarzt, bevor du Whitening-Produkte verwendest, da sie nicht für jeden geeignet sind. Sprich auch mit deinem Zahnarzt, wenn du an einem professionellen Zahnaufhellungsverfahren interessiert bist. Wenn deine Zähne schief sind, können Zahnspangen oder unsichtbare Zahnspangen helfen. Fühle dich jedoch nicht unter Druck gesetzt, heiß auszusehen, wenn du dir diese Verfahren nicht leisten kannst. Unvollkommene Zähne können eine Eigenart sein, die dich anders aussehen lässt.

### Instruction2:
Der Text ermutigt dazu, sich nicht um Gewicht oder Körperform zu sorgen, sondern sich auf gesunde Ernährung und Bewegung zu konzentrieren. Frische Lebensmittel, mageres Eiweiß und komplexe Kohlenhydrate werden empfohlen, während verarbeitete Lebensmittel und Zucker vermieden werden sollten. Regelmäßige körperliche Aktivität wird betont, um die Gesundheit und das Wohlbefinden zu fördern. Darüber hinaus wird auf die Bedeutung von gutem Schlaf, Hautpflege, Nagelpflege und Mundhygiene hingewiesen, um ein attraktives Äußeres zu erreichen. Der Text schließt mit der Botschaft, dass auch unvollkommene Zähne einen individuellen Charme haben können.",5.516846895217896
034_41458,"### Instruction1:
Hast du es gemocht, mit deinen Freunden Rad zu fahren? Warst du wirklich in Comics interessiert? Hast du es geliebt zu malen oder zu zeichnen? Denk darüber nach, was dich als Kind wirklich begeistert hat und mit was du Stunden verbringen konntest. Wenn du Rad gefahren bist, versuche es mit einem neuen (Erwachsenen-) Fahrrad und erkunde deine Nachbarschaft. Wenn du Zeichnen geliebt hast, nimm an einem Kurs an einem örtlichen Community College oder Kunstmuseum teil. Wenn du Comics geliebt hast, versuche, eine Comic-Messe (Comicon) zu besuchen, um Leute mit ähnlichen Interessen zu finden. Vielleicht hast du als Kind Brettspiele geliebt. Schau dir die große Auswahl neuer Brettspiele auf dem Markt an, die Optionen von Rollenspielen bis hin zu kooperativen Spielen bieten.

### Instruction2:
Der Text ermutigt dazu, alte Leidenschaften aus der Kindheit wieder aufzugreifen, sei es Radfahren, Zeichnen, Comics oder Brettspiele. Er schlägt vor, neue Hobbys zu erkunden, indem man ein neues Fahrrad kauft, einen Zeichenkurs besucht oder an einer Comic-Messe teilnimmt. Außerdem wird empfohlen, die Vielfalt neuer Brettspiele auszuprobieren, die es heute gibt.",1.97003436088562
034_18942,"### Instruction1:
Es ist wichtig zu verstehen, dass ein Inversionstisch nicht dazu gedacht ist, die Ratschläge oder Behandlungen zu ersetzen, die von Ihrem Hausarzt, Orthopäden, Chiropraktiker oder Physiotherapeuten angeboten werden. Einige Gesundheitsfachleute empfehlen Inversionstische und haben sie sogar in ihren Kliniken, aber es gibt keine Beweise dafür, dass sie Krankheiten oder Erkrankungen der Wirbelsäule langfristig heilen können. Daher ist es wahrscheinlich am besten, die Inversionstherapie als kurzfristige Hilfe zur Kontrolle von Rückenschmerzen und Ischias zu betrachten. Im Gegensatz zu Inversionsstiefeln und -gestellen erfordern Inversionstische nicht, dass Sie kopfüber hängen. Stattdessen können Sie bequem auf dem Rücken liegen und sich allmählich in abnehmenden Winkeln umkehren. Da Ihr Blutdruck steigt, wenn Sie länger als ein paar Minuten kopfüber sind, insbesondere im Kopf und in den Augen, sollten Personen mit Augenerkrankungen (Glaukom, Netzhautablösung), Bluthochdruck und Personen mit einer Vorgeschichte von Migräne oder Schlaganfall sehr vorsichtig mit Inversionstischen sein. Inversionstische für den Hausgebrauch sind relativ erschwinglich (zwischen 200 und 500 Dollar) und oft in medizinischen Fachgeschäften und Rehabilitationszentren zu finden – Ihre Krankenversicherung könnte sogar für einen bei bestimmten Rückenverletzungen bezahlen. Sobald Sie ihn nach Hause bringen, stellen Sie sicher, dass ausreichend Platz um den Tisch herum vorhanden ist, um keine Gefahr zu laufen, sich den Kopf zu stoßen oder andere Verletzungen zu verursachen. Es ist auch am besten, ihn auf einem gesicherten Teppich oder einer Matte zu platzieren, damit er nicht verrutscht und instabil wird. Überlegen Sie, Ihren Inversionstisch in Ihrem Keller, Dachboden, Freizeitraum oder Ihrer Garage aufzustellen – überall, wo mindestens fünf Fuß Platz um den Tisch vorhanden sind. Das Konzept der Inversionstherapie ist nicht neu. Angeblich existierte die Therapie bereits und wurde von Hippokrates (dem ""Vater der Medizin"") um 400 v. Chr. beobachtet und kommentiert. Inversionstische sind höhenverstellbar für maximale Effektivität, also nehmen Sie sich die Zeit, ihn so zu manipulieren, dass er zu Ihrem Körper passt. Die meisten Inversionstische haben eine Leiste mit Messungen, die mit einem drehbaren Knopf angepasst werden können. Stellen Sie sicher, dass Sie den Knopf nach der Anpassung sicher anziehen. Lesen Sie das Handbuch sorgfältig durch, da Ihr Inversionstisch möglicherweise nicht für außergewöhnlich große oder kleine Personen geeignet ist. Das Handbuch sollte einen Bereich von Höhen angeben, die für die Nutzung sicher sind. Inversionstherapie ist eine Art von Wirbelsäulen-Traktion, die manchmal empfohlen wird, um Wirbelsäulenscheibenverletzungen wie Hernien und Vorwölbungen zu entlasten. Denken Sie in gewissem Sinne an den Inversionstisch als ein kleines Bett, das auf etwa 60 Grad von der horizontalen oder neutralen Position eingestellt werden kann. Wenn Sie nicht an die Verwendung eines Inversionstisches gewöhnt sind, beginnen Sie mit einer leichten Neigung, sodass Ihr Kopf auf einem niedrigeren Niveau als Ihre Füße liegt – vielleicht 10 Grad, zum Beispiel. Zu viel Winkel zu früh kann dazu führen, dass Sie schwindelig werden oder Kopfschmerzen durch den plötzlichen Blutdruckanstieg in Ihrem Kopf bekommen. Wenn Sie sich an das Gefühl und die Änderung des Blutflusses / Drucks gewöhnt haben, erhöhen Sie allmählich den Neigungsgrad über viele Tage hinweg. Zum Beispiel erhöhen Sie den Neigungswinkel um 5 Grad jede Woche, wenn Sie ihn täglich benutzen. Stellen Sie sicher, dass der Sicherheitsgurt richtig verbunden ist, um sicherzustellen, dass er nicht ganz umkehrt und Ihren Körper erschüttert. Sobald der Tisch höhenverstellt und der Winkel eingestellt ist, gleiten Sie auf den Inversionstisch, sodass Ihr Rücken mit dem Tisch bündig ist und Sie zur Decke schauen (liegende Position). Dann müssen Sie eine teilweise Sit-Up-Übung machen, um Ihre Füße mit Gurten an Ihren Knöcheln zu sichern. Das Tragen von Schuhen kann bequemer und schützender sein als barfuß zu gehen. Heben Sie dann Ihre Hände über Ihren Kopf und lehnen Sie Ihr Gewicht zurück, um den Tisch in eine liegende Position zu bringen, und versuchen Sie, in der umgekehrten Position für eine festgelegte Zeit entspannt zu bleiben. Bis Sie den Dreh raus haben, bitten Sie jemanden um Hilfe oder Aufsicht beim Aufsteigen auf den Inversionstisch, insbesondere wenn Sie eine große Person mit eingeschränkter Mobilität oder Flexibilität sind. Sie können erwarten, dass Sie die Muskeln / Sehnen / Bänder / Gelenke Ihrer Beine und des unteren Rückens dehnen, aber nicht schmerzhaft. Wenn Ihre Rückenschmerzen durch einen komprimierten Nerv oder ein eingeklemmtes Gelenk in der Wirbelsäule verursacht werden, kann die sanfte Traktion des Inversionstisches schnelle Linderung verschaffen. Die vorteilhafteste Zeit, die Sie auf einem Inversionstisch verbringen (sowie der beste Winkel), kann nur von Ihnen bestimmt werden. Einige profitieren von drei Sitzungen pro Woche für jeweils 15 Minuten, während andere möglicherweise mehr Sitzungen und längere Zeiten auf dem Inversionstisch bevorzugen. Die Frage ist, ob es Ihre Symptome positiv beeinflusst. Im Allgemeinen sollten Sie wahrscheinlich nicht mehr als dreimal täglich und nicht länger als eine Stunde pro Sitzung überschreiten, aber es gibt zu viele Faktoren, um präzise medizinische Ratschläge zu geben. Für Ihr erstes Mal sollten Sie weniger als 5 Minuten umgekehrt bleiben, auch wenn die Position gut ist und keine Nebenwirkungen verursacht. Erhöhen Sie Ihre Zeit nach Bedarf, aber bleiben Sie niemals umgekehrt, wenn Sie mehr Rückenschmerzen oder stechende Schmerzen in Ihren Beinen (Ischias) verspüren. Die meisten Menschen scheinen einen Neigungswinkel zwischen 20 und 60 Grad zu bevorzugen – überschreiten Sie niemals, was Ihr Körper Ihnen signalisiert.

### Instruction2:
Der Inversionstisch ist kein Ersatz für medizinische Ratschläge und sollte nur als kurzfristige Hilfe bei Rückenschmerzen und Ischias betrachtet werden. Er ermöglicht eine bequeme Umkehrung in verschiedenen Winkeln, wobei Vorsicht für Menschen mit bestimmten Gesundheitszuständen geboten ist. Inversionstische sind relativ erschwinglich und sollten sicher platziert werden, um Verletzungen zu vermeiden. Die Therapie ist nicht neu und erfordert eine individuelle Anpassung an die Körpergröße. Es wird empfohlen, langsam mit der Umkehrung zu beginnen und die Dauer schrittweise zu erhöhen. Die optimale Nutzung variiert von Person zu Person, wobei die Sicherheit immer Vorrang haben sollte.",8.320822477340698
034_48719,"### Instruction1:
Es ist nicht immer möglich, Lebensmittel sofort zu entsorgen, wie zum Beispiel, wenn die Müllabfuhr wöchentlich erfolgt. Wenn man sie bis dahin im Müll lässt, können Gerüche entstehen, Tiere anziehen und Fliegen züchten. Idealerweise sollte es sich um ein Glas handeln, wie zum Beispiel ein Einmachglas oder ein Glas Spaghetti-Sauce, mit einem dicht schließenden Deckel. Kunststoffbehälter können ebenfalls verwendet werden, können jedoch Gerüche abgeben. Versiegelbare Metalldosen, wie Kaffeebehälter, können verwendet werden, können jedoch einen Rostring hinterlassen, wenn sie im Waschbecken stehen gelassen werden. Pappbehälter, wie die Zylinder, in denen Haferflocken kommen, sollten vermieden werden. Sie können auslaufen, wenn sie durch verrottende Lebensmittel nass werden. Idealerweise sollte das Glas klein genug für eine einmalige Verwendung sein. Öffne es später nicht erneut, da dies Gerüche und potenziell Fliegen oder Fruchtfliegen entweichen lässt, es sei denn, es wurde eingefroren. (Es ist auch möglich, den Inhalt in den Müll zu kippen und dann das Slop-Glas auszuspülen und wiederzuverwenden, aber das ist unordentlich und sollte draußen gemacht werden.) Dies stoppt den Zersetzungsprozess und tötet Insekten oder Larven. Diese Methode kann entweder in Verbindung mit einem Slop-Glas verwendet werden, oder große Gegenstände, wie z.B. eine Wassermelonen-Schale, können ganz im Gefrierfach aufbewahrt werden. Es ist jedoch leicht, diese Gegenstände am Mülltag zu vergessen, daher ist ein Post-it auf dem Mülleimer eine gute Erinnerung.

### Instruction2:
Der Text beschreibt, wie man Lebensmittelreste angemessen lagert, bevor sie entsorgt werden. Glasbehälter sind ideal, während Plastiktöpfe und versiegelbare Metalldosen verwendet werden können, aber mit Vorsicht. Pappbehälter sollten vermieden werden, da sie auslaufen können. Es wird empfohlen, die Behälter klein zu wählen und sie nicht wieder zu öffnen, um Gerüche und Insekten zu verhindern. Eine zusätzliche Methode ist das Einfrieren von großen Lebensmittelresten. Ein Post-it an der Mülltonne kann helfen, daran zu denken, die Reste rechtzeitig zu entsorgen.",4.014066934585571
034_20125,"### Instruction1:
Halte ein Bündel von Schoten unter einen Strom von kühlem, fließendem Wasser. Verwende deine Fingerspitzen, um sanft den Schmutz und die Rückstände zu entfernen, die an den Schoten haften. Schüttle das überschüssige Wasser ab und tupfe die Schoten mit einem sauberen Papiertuch trocken. Wenn du viele Schoten auf einmal wäschst, ist es am einfachsten, dies in einem Sieb zu tun. Versuche nicht, die Schoten durch Einweichen zu reinigen. Das kann dazu führen, dass sie zu viel Wasser aufnehmen, ihren Geschmack verwässern und matschig werden. Ein Schneidebrett oder eine Matte ist wichtig, um deine Arbeitsplatte zu schützen, da du viele schnelle Schnitte machen wirst. Aufgrund der Art, wie die Schoten sich kräuseln, und der Tatsache, dass sie in der Größe variieren, wird empfohlen, sie einzeln zu schneiden. Schneide die Spitze der Schote direkt unter dem bulbösen weißen Hals ab. Mache dasselbe für das untere Ende des Stängels, wo es hart und holzig wird. Wirf beide Teile in den Müll oder füge sie deinem Komposthaufen hinzu. Du solltest nur den glatten, hellgrünen Schaft übrig haben. Die oberen und unteren Teile der Schote sind zäh und kauig, daher ist es am besten, sie einfach wegzuwerfen. Bewege die Klinge deines Messers mit einer sanften Hebelbewegung auf und ab entlang der Länge der Stängel und halte sie mit der freien Hand stabil. Es kann notwendig sein, besonders gekrümmte Stängel während des Schneidens zu stoppen und neu zu positionieren. Einmal geschnitten, verleihen deine Schoten herzhaften Gerichten einen aromatischen Geschmack, ähnlich wie Frühlingszwiebeln, Lauch oder Schnittlauch. Die genaue Dicke jeder Scheibe hängt von deinen Fähigkeiten im Umgang mit dem Messer und deinem vorgesehenen Verwendungszweck für die Schoten ab. Würfe eine Handvoll geschnittener Schoten in ein Wok-Gericht oder brate sie an, oder streue sie über einen Salat oder eine gefüllte Ofenkartoffel. Sie passen auch gut in Saucen und Dips wie Salsa Verde, Guacamole, Chimichurri und Pesto. Anstatt auf eine feine Scheibe abzuzielen, schneide die Stängel in 1-2 Zoll (2,5-5 cm) große Stücke, die ungefähr die gleiche Größe wie gebrochene grüne Bohnen haben. In dieser Form sind sie perfekt, um eine tiefe, herzhafte Note zu Suppen, Eintöpfen und Marinaden hinzuzufügen. Wenn du nicht vorhast, die Schoten zu essen, lass die Stängel etwas länger, damit sie leicht aus dem Topf oder der Pfanne herauszunehmen sind, wenn du mit dem Kochen fertig bist. Probiere es aus, gehackte Schoten in eine Gemüsemischung zu geben oder sie zu dämpfen und allein zu servieren. Gekocht haben sie eine knackige Textur, die der von Spargel ähnelt, mit einem milden Zwiebelgeschmack.

### Instruction2:
Der Text beschreibt, wie man Schoten (z.B. von Knoblauch) wäscht, vorbereitet und schneidet. Zuerst sollten sie unter fließendem Wasser gereinigt werden, ohne sie einzuweichen, um ihren Geschmack zu bewahren. Man schneidet die ungenießbaren Enden ab und verwendet eine sanfte Schneidetechnik, um gleichmäßige Stücke zu erzeugen. Die geschnittenen Schoten können in verschiedenen Gerichten verwendet werden, um Geschmack zu verleihen, ähnlich wie Frühlingszwiebeln oder Lauch. Sie können in Salaten, Saucen oder Eintöpfen verwendet werden und haben nach dem Kochen eine knackige Textur sowie einen milden Zwiebelgeschmack.",6.307248115539551
034_6374,"### Instruction1:
Überprüfe das Etikett und verwende das heißeste Wasser, das für das Kleidungsstück, das du behandelst, sicher ist. Wenn du das Kleidungsstück nur mit kaltem Wasser waschen darfst, verwende stattdessen kaltes Wasser, um das Kleidungsstück nicht zu verformen. Wähle eine weiße Seife, die keine Farbstoffe, Düfte, Lotionen oder andere Zusatzstoffe enthält. Du benötigst einfache, altmodische Seife. Wenn du keine einfache Seife zur Hand hast, versuche Folgendes: Ein paar Tropfen Geschirrspülmittel, ein paar Tropfen Shampoo, ein paar Tropfen Duschgel. Drücke die Seife fest auf den Fleck und reibe sie hin und her, damit die Seife in die Kleidungsfasern eindringt. Wenn du Geschirrspülmittel, Shampoo oder Duschgel verwendest, benutze deinen Finger, um die Seife in den Fleck zu reiben. Verwende den für das Kleidungsstück geeigneten Waschgang. Füge diesmal keinen Weichspüler hinzu! Sobald der Trocknungszyklus abgeschlossen ist, sollte der Fleck vollständig verschwunden sein. Wenn du weiterhin einen Weichspülerfleck siehst, wiederhole den Prozess.

### Instruction2:
Der Text beschreibt, wie man Flecken aus Kleidungsstücken entfernt. Zuerst sollte man das Etikett überprüfen und das heißeste geeignete Wasser verwenden. Für Kleidungsstücke, die nur in kaltem Wasser gewaschen werden dürfen, sollte kaltes Wasser verwendet werden. Es wird empfohlen, einfache, weiße Seife ohne Zusatzstoffe zu benutzen oder Alternativen wie Geschirrspülmittel, Shampoo oder Duschgel. Die Seife sollte auf den Fleck gedrückt und eingerieben werden. Der richtige Waschgang muss gewählt werden, und es sollte kein Weichspüler hinzugefügt werden. Nach dem Trocknen sollte der Fleck verschwunden sein, andernfalls muss der Vorgang wiederholt werden.",3.021535873413086
034_16575,"### Instruction1:
Einige schlagen vor, ein rosa Korallenarmband an Ihrem Kind anzulegen, um es vor dem bösen Blick zu schützen. Andere behaupten, dass das Tragen eines Buckeyes beim Kind den gleichen Effekt hat. In jüdischen Kulturen verwenden Eltern einen roten Faden, um sich vor dem bösen Blick zu schützen. Zum Beispiel wird er manchmal um einen Gitterstab des Kinderbettes oder um den Griff des Kinderwagens gebunden. In einigen hispanischen Kulturen tragen Babys ein Amulett aus schwarzem Jet. Oft hat es die Form einer kleinen Faust und kann mit roten und schwarzen Perlen an einer goldenen Kette gesehen werden. Wenn jemand Ihrem Kind ein Kompliment macht, können Sie versuchen, dreimal über Ihre linke Schulter zu spucken und dann dreimal Holz zu berühren (oder Ihren eigenen Kopf zu klopfen). Diese Methode wird am häufigsten in Russland angewendet. Eine sizilianische Methode des Schutzes besteht darin, Salz auf den Boden vor der Haustür oder außerhalb des Hauses zu streuen. Das Salz (mit unzähligen Körnern) soll böse Zauberer verwirren. Eine weitere Methode, die Sizilianer verwenden, ist die Urinmethode, bei der jeder im Haus in einen Eimer pinkelt. Der Urin wird dann vor dem Haus verschüttet. Viele Kulturen verwenden Augenamulette, um sich vor dem bösen Blick zu schützen. Man kann eines zum Beispiel als Halskette tragen oder als Schlüsselanhänger verwenden. In der Türkei sind diese kleinen Glücksbringer aus blauem Glas gefertigt, aber andere Kulturen verwenden andere Materialien.

### Instruction2:
Der Text beschreibt verschiedene Methoden und Bräuche aus verschiedenen Kulturen, um sich vor dem bösen Blick zu schützen. Dazu gehören das Tragen von Amuletten wie ein rosa Korallenarmband oder einen Buckeye, das Binden eines roten Fadens in jüdischen Traditionen, das Tragen von Amuletten aus schwarzem Jet in hispanischen Kulturen sowie verschiedene Rituale wie das Streuen von Salz oder die Urinmethode in Sizilien. Außerdem wird erwähnt, dass das Tragen eines Augenamulette eine gängige Praxis ist.",2.937418937683105
034_15001,"### Instruction1:
Es befindet sich oben auf der Facebook-Seite. Diese Option finden Sie unten rechts von Ihrem Profilbild. Sie befindet sich in der oberen rechten Ecke der Freundesliste. Es wird etwas wie ""Öffentlich"" oder ""Freunde"" sagen. Wenn Sie dies tun, wird sichergestellt, dass nur Sie die Personen in Ihrer Freundesliste sehen können. Dieses Feld wird auch etwas wie ""Öffentlich"" oder ""Freunde"" sagen. Es befindet sich am unteren Ende des Fensters ""Datenschutz bearbeiten"". Jetzt wird Facebook Ihre Freundesliste oder Ihre Follower-Liste nicht mehr öffentlich anzeigen, wodurch verhindert wird, dass andere Benutzer Sie als vorgeschlagenen Freund basierend auf gemeinsamen Freunden sehen können.

### Instruction2:
Der Text beschreibt, wie man die Sichtbarkeit der Freundesliste auf Facebook einschränken kann. Es wird erklärt, wo sich die entsprechende Option auf der Seite befindet und wie man sicherstellt, dass nur der Benutzer selbst die Freundesliste sehen kann. Nach der Änderung werden die Freundes- und Follower-Listen nicht mehr öffentlich angezeigt, wodurch die Sichtbarkeit als vorgeschlagener Freund für andere Benutzer eingeschränkt wird.",1.7888319492340088
034_37241,"### Instruction1:
In Weingütern werden einige Weine als ""Tafelweine"" gekennzeichnet, was bedeutet, dass sie zum Trinken gedacht sind und nicht über Jahre hinweg aufbewahrt werden sollen. Leichtere Weine, sowohl Rot- als auch Weißweine, fallen in diese Kategorie. Ein weiteres Indiz ist der Korken. Wenn er synthetisch oder ein Schraubverschluss ist, ist der Wein wahrscheinlich dafür gedacht, relativ schnell getrunken zu werden. Die meisten Weine, die Sie in Geschäften sehen, sind zum relativ schnellen Verzehr bestimmt, normalerweise innerhalb von 5 Jahren. Weiße Tafelweine sollten gekühlt werden und sind im Kühlschrank gut aufgehoben. Für diese Weine sollten Sie sie kaufen und innerhalb von ein oder zwei Monaten trinken.

### Instruction2:
Der Text beschreibt, dass Tafelweine zum sofortigen Trinken und nicht zur Lagerung gedacht sind, wobei leichtere Rot- und Weißweine in diese Kategorie fallen. Ein synthetischer Korken oder Schraubverschluss weist darauf hin, dass der Wein schnell konsumiert werden sollte. Die meisten Weine in Geschäften sind für den Verzehr innerhalb von 5 Jahren gedacht. Weiße Tafelweine sollten gekühlt werden und idealerweise innerhalb von ein bis zwei Monaten nach dem Kauf getrunken werden.",1.9906268119812007
034_9371,"### Instruction1:
Der beste Weg, um deine Facebook-Freunde und die Empfehlungsfunktion von Facebook zu aktivieren, besteht darin, deinen Beitrag als Frage zu formulieren. Wie jede gute Frage sollte sie kurz und prägnant gehalten werden. Anstatt eine Aussage wie „Ich bin am Wochenende in New York und denke, ich möchte einen Burger essen“ zu verwenden, benutze eine Frage wie „Wo kann ich in New York einen guten Burger bekommen?“ Die Empfehlungsfunktion von Facebook hat einen Algorithmus, der darauf ausgelegt ist, Statusaktualisierungen zu erkennen, die nach Empfehlungen von Freunden fragen. Während eine genaue Liste von erkannten Wörtern nicht verfügbar ist, wird die Verwendung des Wortes „Empfehlungen“ in deinem Beitrag die Funktion mit Sicherheit auslösen. Scheue dich nicht, mit der Formulierung deines Beitrags zu experimentieren; wenn es nicht funktioniert, kannst du es immer bearbeiten und „Empfehlungen“ hinzufügen. Ob es sich um eine Stadt oder ein bestimmtes Viertel handelt, du musst den Ort erwähnen, an dem du sein wirst. Dies stellt nicht nur sicher, dass dir deine Freunde geeignete Empfehlungen geben, sondern ermöglicht es auch der Empfehlungsfunktion von Facebook, die genauen Standorte der Geschäfte oder Dienstleistungen anzuzeigen, die deine Freunde vorschlagen. Stelle sicher, dass du die Art von Dienstleistung, die du suchst, in deiner Anfrage angibst. Wenn du zum Beispiel nach einem Mechaniker suchst, möchtest du möglicherweise die Art der Arbeiten spezifizieren, die erledigt werden müssen, wie einen Ölwechsel oder Karosseriearbeiten. Es könnte auch eine gute Idee sein, dein Budget anzugeben, insbesondere bei Restaurantempfehlungen. Dies stellt sicher, dass die Empfehlungen deinen Bedürfnissen entsprechen. Hier ist ein Beispiel für eine gut formulierte Anfrage: „Hallo Leute! Kennt jemand einen guten Ort für Sushi in der Innenstadt von Seattle? Suche nicht mehr als 50 Dollar für zwei Personen! Danke!“

### Instruction2:
Um Facebook-Freunde zu aktivieren, formuliere deinen Beitrag als Frage, die kurz und prägnant ist. Verwende das Wort „Empfehlungen“, um die Empfehlungsfunktion von Facebook zu aktivieren. Erwähne die Stadt oder das Viertel, in dem du bist, um geeignete Empfehlungen zu erhalten, und gib auch die gesuchte Dienstleistung an. Es kann hilfreich sein, dein Budget zu nennen, um passende Vorschläge zu erhalten. Ein Beispiel für eine gut formulierte Anfrage ist die Frage nach einem guten Sushi-Restaurant in Seattle für maximal 50 Dollar für zwei Personen.",3.4261550903320312
034_27353,"### Instruction1:
(Jeder verkauft sich für 500 Bells.) Einige werden 100-Bell-Taschen fallen lassen (und zwei werden Möbel enthalten, die verkauft werden können). Einige Bäume könnten Bienen enthalten, also sei vorsichtig. Wenn du Bienen siehst, renne in ein nahegelegenes Gebäude, sonst stechen sie dir ins Auge. (Und deine tierischen Freunde werden viel darüber reden.) Oder fange sie, um sie für jeweils 4.500 Bells zu verkaufen. Siehe Methoden unten für weitere Details. Sprich mit ihnen, wenn sie zu dir laufen (manchmal geben sie dir Möbel, die du verkaufen kannst). Lass sie für 10 % Zinsen jeden Monat angelegt. Lass sie zuerst von Blathers überprüfen und du kannst sie verkaufen, wenn sie noch nicht im Museum sind. Um dein Geld zu verdoppeln, verkaufe sie auf dem Flohmarkt. Jeden Tag gibt es einen Stein, den man schlagen kann, und Geld kommt heraus. Versuche einen anderen Stein, bis einer der Steine ein Geräusch macht und Bells herausfallen (dies passiert nur bei einem zufälligen Stein jeden Tag). Der Betrag kann variieren. Um dies zu tun, grabe einfach ein paar Löcher hinter deinem Charakter, da dein Charakter beim Schlagen des Steins zurückprallt, was zu weniger Bells führt, die aus dem Stein kommen. Schlag kontinuierlich auf den Stein, bis er ein kleines Funkeln macht. Um die maximale Menge an Bells zu erhalten, versuche, so wenige Löcher wie möglich hinter deinem Charakter zu graben und benutze eine silberne Schaufel, wenn du den Geldstein schlägst.

### Instruction2:
Der Text beschreibt, wie man in einem Spiel Bells (eine Währung) verdient. Man kann Bäume nach Bells durchsuchen, Bienen fangen oder Möbel verkaufen. Es wird empfohlen, die Bienen zu fangen, da sie viel wert sind. Zudem kann man Geld durch das Schlagen eines bestimmten Steins verdienen, wobei es wichtig ist, den richtigen Stein zu finden und eine silberne Schaufel zu verwenden, um die maximale Menge an Bells zu erhalten. Man kann auch Geld anlegen, um Zinsen zu verdienen, und Möbel auf dem Flohmarkt verkaufen, um den Gewinn zu steigern.",3.354583978652954
034_17925,"### Instruction1:
Wählen Sie einen Raum, der groß genug ist, damit sich die Spieler bequem bewegen können, während sie nach Hinweisen suchen und zusammenarbeiten. Stellen Sie außerdem sicher, dass Ihre Requisiten und Hinweise passen. Um Ihr Spiel länger und schwieriger zu gestalten, verwenden Sie zwei oder mehr nebeneinanderliegende Räume und lassen Sie die Gäste die Türen zwischen ihnen ""entsperren"", während sie im Spiel vorankommen. Die Wahl eines interessanten Settings wird Ihnen helfen, thematische Herausforderungen zu entwickeln. Es wird auch einfacher, das Escape Room-Erlebnis als vollständig zu empfinden. Sie könnten den Raum zum Beispiel in Italien während der Renaissance oder in New York während der aufregenden 1920er Jahre platzieren. Wenn Sie noch mehr Kontrolle über das Setting haben möchten, wählen Sie eine Zeit in der Zukunft, in der die Möglichkeiten grenzenlos sind! Denken Sie an ein Thema, das Ihre Gäste interessiert und fasziniert. Versuchen Sie beispielsweise, ein Thema auszuwählen, das einem Buch oder Film ähnelt, den die Gruppe bereits mag. Stellen Sie sicher, dass Sie Requisiten und Dekorationen finden und kaufen können, die zu dem von Ihnen gewählten Thema passen. Wenn das Setting beispielsweise im England des späten 19. Jahrhunderts basiert, verwenden Sie ein Sherlock-Holmes-Thema. Wenn Ihre Gäste Horrorfilme und Halloween mögen, wählen Sie ein Zombie- oder Spukhaus-Thema. Sie könnten auch ein Gefängnisausbruch-Thema in fast jeder beliebigen Zeitperiode erstellen! Ein Ziel von 30 Minuten hilft, Sie nicht zu überfordern oder zu viele Herausforderungen entwickeln zu müssen. So können Sie sich darauf konzentrieren, hochwertige Rätsel zu erstellen und Ihre Gäste während des gesamten Spiels zu unterhalten. Wenn Sie mehrere Escape Rooms erstellt haben und Ihre Gäste in der Vergangenheit bereits einige abgeschlossen haben, wird es eine Herausforderung sein, die Zeit über 30 Minuten zu verlängern, um das Interesse Ihrer Gäste aufrechtzuerhalten.

### Instruction2:
Um ein Escape Room-Spiel zu gestalten, wählen Sie einen ausreichend großen Raum, um den Spielern Bewegungsfreiheit zu geben. Verwenden Sie mehrere Räume, um die Schwierigkeit zu erhöhen, und lassen Sie die Gäste Türen ""entsperren"". Ein interessantes Setting, wie Italien in der Renaissance oder New York in den 1920er Jahren, hilft bei der Themenentwicklung. Achten Sie darauf, dass die Requisiten zum Thema passen, z.B. ein Sherlock-Holmes-Thema für das viktorianische England. Setzen Sie ein Zeitlimit von 30 Minuten, um die Spieler nicht zu überfordern und qualitativ hochwertige Rätsel zu erstellen. Wenn Ihre Gäste bereits Erfahrung mit Escape Rooms haben, können Sie die Zeit verlängern, um die Herausforderung zu erhöhen.",3.4198668003082275
034_56908,"### Instruction1:
Stelle sicher, dass du die Zutaten gründlich umrührst, während du sie erhitzt, bis sie zu einer Paste werden. Mische die Zutaten weiterhin gründlich. Nimm die Pfanne vom Herd und gib die gekochte Mischung in eine Schüssel. Lass sie mindestens 5-10 Minuten abkühlen, bis die Mischung kühl genug ist, um sie zu berühren, aber noch etwas warm. Verwende deine Hände oder ein Messer, um die Mischung in mundgerechte Bonbons zu formen. Du kannst eine runde Form, einen Zylinder, einen Würfel oder jede andere Form wählen, die du möchtest. Du solltest etwa 80 Stück machen. Verwende deine Hände, um sicherzustellen, dass jedes Stück leicht, aber gleichmäßig mit Zucker bedeckt ist. Lege jedes Bonbon in die Mitte eines Zellaquinquadrats und rolle es zu einem Zylinder oder in jede andere Form, die du magst, und tucke die Enden des Zellaquins in die Rolle. Genieße dieses leckere Bonbon zu jeder Tageszeit.

### Instruction2:
Der Text beschreibt, wie man eine Mischung zu Bonbons formt. Zuerst werden die Zutaten erhitzt und zu einer Paste gemischt. Nach dem Abkühlen wird die Mischung in etwa 80 mundgerechte Stücke geformt. Jedes Stück wird mit Zucker bestreut und in Zellaquin eingewickelt. Die Bonbons können in verschiedenen Formen hergestellt werden und sind für jeden Zeitpunkt geeignet.",2.3930184841156006
034_40897,"### Instruction1:
Das ist wichtig; wenn dein Haar zu nass ist, wird es über Nacht nicht ganz trocknen. Du kannst dein Haar anfeuchten, indem du es leicht mit etwas Wasser besprühst. Du kannst auch ein wenig Haarprodukt hinzufügen, wie Mousse, leichtes Gel oder Stylingcreme. Das hilft, die Welle besser zu halten. Sobald du das Stirnband an hast, kannst du dein Haar nicht mehr scheiteln. Es ist keine gute Idee, dein Haar nach dem Einarbeiten der Wellen zu scheiteln. Das könnte das Wellenmuster stören. Das Stirnband sollte nicht mehr als einen Zoll (2,54 Zentimeter) dick sein. Wenn du eines dieser wirklich breiten Stirnbänder hast, versuche es nach innen zu falten. Du kannst auch dein eigenes machen, indem du ein Stück Gummiband um deinen Kopf wickelst und es knotest.

### Instruction2:
Der Text beschreibt, wie man Wellen im Haar erzeugt, ohne das Wellenmuster zu stören. Es wird empfohlen, das Haar leicht zu befeuchten und ein Haarprodukt zu verwenden, um die Wellen zu fixieren. Nach dem Anbringen eines Stirnbands sollte das Haar nicht mehr gescheitelt werden, da dies das Wellenmuster beeinträchtigen könnte. Das Stirnband sollte dünn sein, und es wird vorgeschlagen, ein breites Stirnband zu falten oder selbst ein Stirnband aus Gummiband zu machen.",2.923964500427246
034_51686,"### Instruction1:
Es gibt einige Medikamente, die mit hohen Kreatininwerten in Verbindung gebracht wurden. Medikamente, die die Nieren schädigen können, stellen eine mögliche Bedrohung dar, aber einige Medikamente, die zur Behandlung von Nierenerkrankungen eingesetzt werden, können ebenfalls ein Problem verursachen. Wenn Sie bereits Nierenprobleme haben, seien Sie vorsichtig mit Medikamenten wie Ibuprofen, die bei regelmäßiger Anwendung weitere Nierenschäden verursachen können. ACE-Hemmer und Cyclosporin werden beide zur Behandlung von Nierenerkrankungen eingesetzt, können jedoch die Kreatininwerte erhöhen. Einige Nahrungsergänzungsmittel wie Vanadium können ebenfalls zu einem Anstieg der Kreatininwerte führen und sollten vermieden werden. Sprechen Sie immer mit Ihrem Arzt, bevor Sie ein Medikament absetzen. Während einige dieser Medikamente zu einem Anstieg des Kreatinins führen können, könnte das Gute immer noch das Schlechte überwiegen, je nachdem, warum diese Medikamente ursprünglich verschrieben wurden. Abhängig von der zugrunde liegenden Ursache Ihrer erhöhten Kreatininwerte und Ihrem allgemeinen Gesundheitszustand kann Ihr Arzt Ihnen raten, bestimmte Medikamente oder Ergänzungsmittel einzunehmen, um diese Werte zu senken. Die meisten Medikamente, die Kreatininwerte behandeln, behandeln auch ein zugrunde liegendes Problem, das zu einem Anstieg dieser Werte führt, sodass Ihr Arzt die zugrunde liegende Erkrankung diagnostizieren muss, bevor Sie bestimmen können, welches Medikament für Sie geeignet ist. Eine häufige Ursache für Nierenschäden und damit erhöhte Kreatininwerte ist Diabetes. Wenn Sie Diabetes haben, ist es sehr wichtig, Ihre Insulinwerte normal zu halten, um weitere Nierenschäden zu verhindern. Es gibt bestimmte Medikamente, die Sie einnehmen können, um dies zu tun. Repaglinid wird häufig zur Behandlung von Diabetes verschrieben. Die Anfangsdosis beträgt normalerweise 0,5 Milligramm, die vor jeder Mahlzeit eingenommen wird. Die maximale Dosis beträgt 4 Milligramm, ebenfalls vor einer Mahlzeit. Selbst wenn Sie eine Mahlzeit auslassen, ist es wichtig, die Medikamente zu verabreichen. Neben Diabetes ist Bluthochdruck ein weiterer Faktor, der zu Nierenschäden beitragen kann. Die Kontrolle Ihres Blutdrucks hilft ebenfalls, weitere Schäden an Ihren Nieren zu verhindern und somit Ihre Kreatininwerte zu senken. Ihr Arzt kann Benazepril und Hydrochlorothiazid verschreiben. Normale Benazepril-Dosierungen liegen im Allgemeinen zwischen 10 und 80 Milligramm pro Tag. Die übliche Dosierung von Hydrochlorothiazid liegt zwischen 12,5 und 50 Milligramm pro Tag. Personen mit Nierenerkrankungen müssen kleinere Mengen Antibiotika einnehmen als Menschen mit gesunden Nieren. Ketosteril wird häufig verschrieben, um die Kreatininwerte im Blut zu senken. Sprechen Sie mit Ihrem Arzt über dieses Medikament und ob es für Sie geeignet sein könnte. Die regelmäßige Dosis beträgt in der Regel 4 bis 8 Tabletten, die dreimal täglich zu jeder Mahlzeit eingenommen werden. Andere Medikamente zur Senkung des Kreatinins sind: Alpha-Liponsäure (Antioxidantien) kann verwendet werden, um die Nieren zu energetisieren und Toxine, einschließlich Kreatinin, zu neutralisieren. Sie können normalerweise etwa 300 mg pro Tag einnehmen. Chitosan ist ein Nahrungsergänzungsmittel zur Gewichtsregulation, das ebenfalls die Menge an Kreatinin im Blut reduzieren kann. Die Vorteile werden in der Regel erreicht, wenn Sie zwischen 1000 und 4000 mg pro Tag einnehmen.

### Instruction2:
Der Text behandelt Medikamente und Nahrungsergänzungsmittel, die mit erhöhten Kreatininwerten in Verbindung stehen und die Nierengesundheit beeinflussen können. Einige Medikamente, wie Ibuprofen, ACE-Hemmer und Cyclosporin, können die Nieren schädigen oder die Kreatininwerte erhöhen. Es wird empfohlen, bei Nierenerkrankungen vorsichtig zu sein und vor der Einnahme von Medikamenten mit einem Arzt zu sprechen. Diabetes und Bluthochdruck sind häufige Ursachen von Nierenschäden, weshalb die Kontrolle dieser Erkrankungen wichtig ist. Medikamente wie Repaglinid, Benazepril und Hydrochlorothiazid können zur Behandlung eingesetzt werden. Zudem werden Nahrungsergänzungsmittel wie Ketosteril, Alpha-Liponsäure und Chitosan erwähnt, die ebenfalls helfen können, die Kreatininwerte zu senken.",6.169235467910767
034_55984,"### Instruction1:
Je länger Sie mit Akne kämpfen, desto wahrscheinlicher ist es, dass Sie Narben bekommen. Verbessern Sie Ihre Hautreinigungsgewohnheiten, probieren Sie Hausmittel aus und ziehen Sie rezeptfreie Behandlungen gegen Akne in Betracht. Wenn keine dieser Behandlungen Ihre Akne lindert oder Sie Knoten (wie eine Zyste oder einen Abszess) haben, lassen Sie sich von einem Dermatologen untersuchen. Ein Dermatologe kann Medikamente gegen Akne verschreiben oder Ihnen Kortisoninjektionen geben. Diese Injektionen verringern die Entzündung und verkleinern Pickel. Laut Forschung kann die Behandlung von Akne während der Entzündungsphase Narbenbildung verhindern. Auch wenn es verlockend sein mag, einen großen Pickel auszudrücken, um ihn kleiner zu machen, erhöht dies die Wahrscheinlichkeit von Narben. Das Ausdrücken Ihrer Pickel drückt Bakterien weiter in Ihre Haut, was das Anschwellen und die Rötung tatsächlich verschlimmert. Das Platzen Ihrer Pickel verbreitet die Bakterien, die Ihre Akne verursachen, auf andere Poren Ihrer Haut, was Ihren Ausschlag verschlimmern kann. Studien zeigen, dass die Anwendung von topischen Retinoiden eine der besten Methoden ist, um Narben zu verhindern, die durch Akne verursacht werden. Wählen Sie ein topisches Hautpflegeprodukt, das retinoische Säure enthält, und wenden Sie es gemäß den Anweisungen des Herstellers an. Verwenden Sie das Produkt mindestens 12 Wochen, um Narbenbildung zu verhindern. Wenn möglich, wählen Sie ein Produkt, das auch Glykolsäure enthält. Studien zeigen, dass eine Kombination aus retinoischer Säure und Glykolsäure wirksamer ist als retinoische Säure allein. Wenn Sie rauchen, unternehmen Sie Schritte, um aufzuhören oder zumindest Ihren Konsum zu reduzieren. Rauchen kann Ihre Haut schädigen, und es gibt einen Zusammenhang zwischen Rauchen und beeinträchtigter Wundheilung. Rauchen lässt Ihre Haut auch schneller altern und verursacht Falten. Um Dehydration und Hautschäden vorzubeugen, sollten Sie auch Ihren Alkoholkonsum reduzieren.

### Instruction2:
Der Text gibt Ratschläge zur Behandlung von Akne und zur Vermeidung von Narbenbildung. Es wird empfohlen, die Hautreinigung zu verbessern, Hausmittel und rezeptfreie Behandlungen auszuprobieren und sich bei schweren Fällen von einem Dermatologen untersuchen zu lassen. Kortisoninjektionen und topische Retinoide werden als wirksame Behandlungen hervorgehoben. Es wird gewarnt, dass das Ausdrücken von Pickeln die Entzündung verschlimmern und die Narbenbildung erhöhen kann. Eine Kombination aus retinoischer und Glykolsäure wird als besonders effektiv zur Narbenvermeidung empfohlen. Rauchen und übermäßiger Alkoholkonsum sollten reduziert werden, um die Hautgesundheit zu fördern.",4.225887060165405
034_49783,"### Instruction1:
Im Wesentlichen müssen Sie Ihren Ofen nur auf die niedrigstmögliche Temperatur vorheizen. Die Temperatur muss sehr niedrig sein. Hohe Temperaturen würden die Minze schnell austrocknen, aber auch ein geschmackloses, aromaloses Ergebnis produzieren. Verwenden Sie keine Temperatur über 200 Grad Fahrenheit (93 Grad Celsius). Nachdem der Ofen vorgeheizt wurde und etwa fünf Minuten bei dieser Temperatur geblieben ist, schalten Sie ihn aus. Dies geschieht, damit die Minze schnell unter mild warmen Bedingungen trocknen kann, ohne in übermäßiger Hitze auszutrocknen und ihre geschmackvollen, aromatischen Öle zu verlieren. Arrangieren Sie die Minzblätter so, dass sie in einer einzigen Schicht auf dem Backblech liegen, und vermeiden Sie es, dass die Blätter sich überlappen oder berühren. Wenn die Blätter übereinander gestapelt oder berührt sind, können einige der Blätter ungleichmäßig trocknen, während andere feucht bleiben. In diesem Fall könnten Sie während des Trocknungsprozesses feststellen, dass einige Blätter verbrannt sind, während andere noch feucht sind. In ähnlicher Weise sollten Sie auch versuchen, Blätter ähnlicher Größe gleichzeitig auf einem Backblech zu trocknen. Wenn Sie Minzblätter unterschiedlicher Größen trocknen, können einige schneller austrocknen als andere. Es ist nicht erforderlich, etwas auf das Backblech zu legen, bevor Sie die Minze hinzufügen, aber wenn gewünscht, könnten Sie ein Blatt Backpapier verwenden. Verwenden Sie kein Kochspray. Legen Sie die Minze in den warmen Ofen und lassen Sie sie dort 5 bis 20 Minuten trocknen. Überprüfen Sie alle 5 Minuten, um zu sehen, ob die Blätter ausreichend trocken sind. Die Blätter sind trocken, wenn sie anfangen sich zu kräuseln und knusprig werden. Sie sollten jedoch immer noch grün sein. Häufiges Überprüfen der Minze kann helfen, zu verhindern, dass sie braun wird.

### Instruction2:
Der Text beschreibt, wie man Minze im Ofen trocknet, indem man den Ofen auf eine niedrige Temperatur vorheizt, jedoch nicht über 200 Grad Fahrenheit (93 Grad Celsius). Nach dem Vorheizen soll der Ofen ausgeschaltet werden, um die Minze schonend zu trocknen und den Verlust von Aroma zu vermeiden. Die Minzblätter sollten in einer einzigen Schicht auf dem Backblech angeordnet werden, damit sie gleichmäßig trocknen. Es ist wichtig, Blätter ähnlicher Größe zusammen zu trocknen und häufig zu überprüfen, ob sie knusprig und grün sind, um ein Verfärben zu vermeiden.",4.239118337631226
034_54993,"### Instruction1:
Wenn Ihre Symptome nach einer Änderung Ihrer Essgewohnheiten und Lebensstiländerungen nicht verringert werden, sollten Sie einen Arzt aufsuchen. Auch wenn Ihre Blähungen und/oder Bauchschmerzen von Durchfall, blutigem Stuhl, einer Veränderung der Farbe oder Häufigkeit der Stuhlbewegungen, Brustschmerzen, unbeabsichtigtem Gewichtsverlust oder starken Bauchschmerzen begleitet werden, sollten Sie einen Arzt aufsuchen. Ein Tagebuch über Ihre Symptome wird Ihnen helfen, Ihrem Arzt bei der Diagnose und Behandlung Ihrer Erkrankung. Ihr Tagebuch sollte enthalten, was Sie essen und trinken und wie oft Sie Blähungen haben. Beano und Simethicon (Gas-X, Gelusil, Mylanta, Mylicon) können bei Gas helfen. Diese Medikamente sind nicht immer wirksam, aber sie sind einen Versuch wert. Beano kann zu Ihren Bohnen und Gemüse hinzugefügt werden. Nehmen Sie es mit Ihrem ersten Bissen Nahrung ein, um wirksam zu sein. Simethicon-Produkte zersetzen Gasblasen im Darm und können bei gasbedingtem Bauchschmerz einige Linderung bringen. Gas und Blähungen können auf eine zugrunde liegende Erkrankung wie das Reizdarmsyndrom (IBS), Morbus Crohn, Divertikulitis oder eine andere Darmerkrankung hinweisen. Wenn Sie übermäßig rülpsen, könnten Sie an einer peptischen Ulkuskrankheit, gastroösophagealer Refluxkrankheit (GERD) oder Gastritis leiden. Ihr Arzt kann einige Tests vorschlagen, um die Ursache Ihrer Blähungen und/oder Bauchschmerzen festzustellen. Zu den gängigen Tests gehören Bauch-Röntgenaufnahmen, Sigmoidoskopie, eine Bariumschluckuntersuchung oder eine Koloskopie. Eine Koloskopie ermöglicht es Ihrem Arzt, Probleme im Dickdarm zu erkennen. Ein langer Schlauch wird in das Rektum eingeführt, bis er den Dickdarm erreicht. Eine Sigmoidoskopie hilft Ihrem Arzt, Ursachen für Durchfall, Bauchschmerzen und Verstopfung zu identifizieren. Ein kurzer, beleuchteter Schlauch wird in das Rektum eingeführt, um die Därme zu betrachten. Eine Bariumschluckuntersuchung wird verwendet, um die Ursachen für chronisches Rülpsen zu bestimmen. Sie würden eine Flüssigkeit (Barium) schlucken, die Ihre Organe beschichtet, damit der Arzt sie auf einem Röntgenbild sehen kann.

### Instruction2:
Wenn Änderungen der Essgewohnheiten und des Lebensstils keine Linderung bringen, sollte man einen Arzt aufsuchen, insbesondere bei begleitenden Symptomen wie Durchfall oder starken Bauchschmerzen. Ein Symptomtagebuch kann bei der Diagnose helfen, indem es Informationen über Ernährung und Gasbildung enthält. Medikamente wie Beano und Simethicon können hilfreich sein, sind aber nicht immer wirksam. Gas und Blähungen können auf ernsthafte Erkrankungen hinweisen, weshalb Tests wie Röntgenaufnahmen oder Koloskopien empfohlen werden, um die Ursachen zu identifizieren.",3.854435682296753
034_41541,"### Instruction1:
Chlor in Bleichmittel wird sofort den Stoff aus Hanf verfärben. Wenn Sie einen Fleck aus einem Hanfartikel entfernen müssen, behandeln Sie ihn punktuell mit sanfter natürlicher Seife und versuchen Sie, den farbigen Bereich nach dem Trocknen in der Sonne zu bleichen. Sonnenlicht kann bei fleckigem oder anderweitig verfärbtem Hanf helfen. Wenn Sie einen fleckigen Hanfartikel haben, waschen Sie ihn gründlich und lassen Sie ihn dann lange Zeit an der Luft in der Sonne trocknen, um den Fleck auf natürliche Weise zu ""bleichen"". Das Trocknen von Hanfartikeln bei hoher Hitze lässt sie sehr schnell schrumpfen, wenn Sie sie nass in einen sehr heißen Trockner legen. Es ist in Ordnung, den Trockner manchmal zu benutzen, aber es ist wichtig, hohe Hitze zu vermeiden und die Artikel größtenteils an der Leine zu trocknen. Im Allgemeinen trocknen die meisten Hanfartikel im Vergleich zu anderen Stoffen extrem schnell. Sie können normalerweise darauf verzichten, sich viel um das Trocknen zu kümmern, insbesondere bei hoher Hitze. Das chemische Reinigen von Hanfvorhängen, Polstern, Bezug und anderen Haushaltsgegenständen lässt die Artikel schrumpfen und ruiniert sie. Es wird normalerweise empfohlen, Stoffe, die für Haushaltsmöbel und hochwertige Kleidungsstücke verwendet werden, chemisch reinigen zu lassen, um das Risiko des Schrumpfens zu reduzieren, aber das Gegenteil gilt für Hanf. Waschen Sie Polsterungen, wie Sie Kleidung und andere oben beschriebene Artikel waschen würden.

### Instruction2:
Der Text beschreibt, wie man Flecken aus Hanfstoffen entfernt und sie richtig wäscht. Chlorhaltige Bleichmittel sind schädlich für Hanf, und bei Flecken sollte man sanfte Seife verwenden und die Artikel in der Sonne trocknen lassen, um sie auf natürliche Weise zu bleichen. Hohe Hitze beim Trocknen kann zu schnellem Schrumpfen führen, daher sollte man Hanfartikel lieber an der Luft trocknen. Im Gegensatz zu anderen Stoffen trocknen Hanfartikel schnell, und chemische Reinigung ist nicht empfehlenswert, da sie die Artikel ruinieren kann. Stattdessen sollten Hanfpolsterungen wie normale Kleidung gewaschen werden.",3.3596479892730717
034_42033,"### Instruction1:
Ihr Arzt wird wahrscheinlich einige grundlegende bildgebende Studien durchführen, um Ihre Lymphknoten zu untersuchen. Wahrscheinlich werden Sie ein Röntgenbild des Brustkorbs und ein CT-Scan sowie eine Positronen-Emissions-Tomographie machen lassen. Diese bildgebenden Tests helfen dem Arzt, nach Symptomen wie geschwollenen Lymphknoten in Ihrer Brust zu suchen, falls Sie Atemprobleme haben. Eine Brustbildgebung ist besonders wichtig, da viele häufige Formen der Hodgkin-Krankheit den Mittelbrustbereich betreffen. Wenn Ihr Arzt vermutet, dass Sie eine Anomalie in Ihrem lymphatischen System haben, wird er in der Regel eine Biopsie anordnen. Bei diesem Verfahren wird eine kleine Gewebeprobe aus Ihrem Lymphknoten entnommen und anschließend unter einem Mikroskop analysiert. Während der Analyse der Gewebeprobe wird ein Hämatopathologe im Labor nach abnormer Zellentwicklung suchen. Ein Hämatopathologe ist ein Wissenschaftler oder Arzt, der insbesondere Krankheiten des Blutes diagnostiziert. Er wird auch den Typ der abnormalen Entwicklung untersuchen, um zwischen verschiedenen Arten von Lymphomen zu unterscheiden. Sobald Sie eine vorläufige Diagnose eines Lymphoms haben, wird Ihr Arzt weitere Tests anordnen. Mit einer Kombination aus bildgebenden Verfahren sowie Blut- und Knochenmarkuntersuchungen kann Ihr Arzt besser verstehen, wo sich Ihre Krankheit befindet und wie weit sie fortgeschritten ist. Dies ermöglicht es dem Arzt, den bestmöglichen Behandlungsplan für Ihre spezifische Krankheit zu erstellen. Die Bildgebung wird an geschwollenen Lymphknoten und an allen möglicherweise betroffenen Organen durchgeführt. Blutuntersuchungen werden durchgeführt, um Ihre Blutwerte zu messen, ob krebsartige Zellen im Blut vorhanden sind und wie gut die Organe funktionieren. Ihr Knochenmark wird untersucht, um festzustellen, ob sich das Lymphom auf das Knochenmark ausgebreitet hat. Diese Tests sind möglicherweise nicht für alle Lymphompatienten erforderlich, abhängig davon, welche Art von Lymphom sie haben und wo es sich befindet. Wenn bei Ihnen eine spezifische Art von Lymphom diagnostiziert wurde, möchte Ihr Arzt möglicherweise einige spezielle Tests durchführen. Wenn Sie beispielsweise eine Masse in Ihren Hoden haben, sollte eine Bildgebung in diesem Bereich durchgeführt werden. Ein weiterer Spezialtest, den Sie möglicherweise benötigen, ist eine Koloskopie. Dies wird durchgeführt, wenn Mantelzell-Lymphom vermutet wird. Ihr Arzt kann Ihren gesamten Magen-Darm-Trakt überprüfen, wenn er vermutet, dass Sie ein MALT-Lymphom haben. Wenn Ihr Arzt vermutet, dass Sie eine Art von Lymphom haben, die mit Ihrem Zentralnervensystem verbunden ist, kann eine Lumbalpunktion erforderlich sein. Hodgkin-Lymphom kann schwer zu diagnostizieren sein. Insbesondere kann es mit anderen Arten von Lymphomen verwechselt werden. Aus diesem Grund ist es eine gute Idee, eine zweite Meinung einzuholen, wenn Sie mit dieser Diagnose konfrontiert sind. Sprechen Sie offen mit Ihrem Arzt darüber, dass Sie eine zweite Meinung einholen möchten. Er sollte verstehen, warum Sie eine zweite Meinung möchten, und möglicherweise vorschlagen können, von wem Sie diese erhalten können. Wenn es in Ihrer Nähe einen Hämatopathologen gibt, versuchen Sie, Ihre zweite Meinung von ihm zu erhalten. Egal, welche Art von Lymphom bei Ihnen diagnostiziert wurde, Sie sollten schnell mit der Behandlung beginnen. Mit schneller und gründlicher Behandlung sind einige Arten von Lymphomen heilbar, und der Verlauf vieler kann verlangsamt werden. Die Behandlung verschiedener Arten von Lymphomen unterscheidet sich jedoch, und die Wirksamkeit variiert ebenfalls. Hodgkin-Lymphom ist eine der heilbarsten Krebsformen. Die Behandlung umfasst eine Kombination aus Chemotherapie, Strahlentherapie, Stammzelltransplantation und klinischer Arzneimitteltherapie. Die Behandlung des non-Hodgkin-Lymphoms umfasst typischerweise sowohl Medikamente als auch Strahlentherapie, abhängig davon, wo sich die Krankheit spezifisch befindet. Insgesamt hat das non-Hodgkin-Lymphom nicht die gleiche Remissionsrate wie das Hodgkin-Lymphom. Es gibt jedoch Arten von non-Hodgkin-Lymphomen, die geheilt werden können, also besprechen Sie Ihre Aussichten mit Ihrem Arzt.

### Instruction2:
Der Text beschreibt den Diagnoseprozess von Lymphomen, einschließlich der bildgebenden Verfahren wie Röntgen und CT-Scans, sowie der Durchführung von Biopsien zur Analyse von Gewebeproben auf abnorme Zellentwicklung. Es wird betont, wie wichtig diese Tests sind, um die Art und den Schweregrad der Krankheit zu bestimmen, um einen geeigneten Behandlungsplan zu erstellen. Verschiedene Arten von Lymphomen erfordern unterschiedliche Tests und Behandlungen. Es wird empfohlen, eine zweite Meinung einzuholen, insbesondere bei Hodgkin-Lymphom, das schwer von anderen Lymphomen zu unterscheiden ist. Die Behandlungsmöglichkeiten variieren, wobei einige Lymphome heilbar sind, während andere nicht die gleiche Remissionsrate aufweisen.",9.029422044754028
034_17466,"### Instruction1:
Während Sattelseife auf vielen Lederschuhen großartig sein kann, kann sie bei einigen schädlich sein. Cordovan-Schuhe sollten nicht mit Sattelseife poliert oder gewaschen werden. Wenn Sie unsicher sind, ob Sie Sattelseife für Ihr Schuhwerk verwenden sollten, konsultieren Sie die Anweisungen des Herstellers. Schnee, Wasser und Salz können erheblichen Schaden an Leder verursachen. Sattelseife kann als Schutzmittel für Lederstiefel verwendet werden. Wenn Sie Ihre Stiefel kürzlich getragen haben, müssen Sie sie trocknen lassen, bevor Sie Sattelseife verwenden. Versuchen Sie nicht, Ihre Stiefel mit einer Heizung zu trocknen. Das kann zu Schäden führen. Warten Sie, bis die Stiefel trocken sind. Dies sollte etwa eine Stunde dauern. Verwenden Sie ein feuchtes Tuch, um Schmutz oder Ablagerungen von den Stiefeln zu entfernen. Nehmen Sie ein nasses Tuch und reiben Sie es in die Sattelseife, bis es zu schäumen beginnt. Sie wollen die Sattelseife nicht auf Ihre Stiefel reiben, bis sie schäumt, also fügen Sie mehr Wasser hinzu, wenn die Seife unverändert bleibt. Reiben Sie den Schaum über einen Stiefel. Während dieser Stiefel trocknet, reiben Sie den anderen. Sobald der Schaum trocken ist, wischen Sie beide Stiefel mit einem feuchten Tuch ab. Wiederholen Sie diesen Vorgang häufig, um die Stiefel geschützt zu halten, insbesondere wenn Sie sie während eines strengen Winters verwenden. Sattelseife kann auch verwendet werden, um Lederschuhe zu polieren. Eine kleine Menge auf ein nasses Tuch aufgetragen, kann Schuhe glänzend und sauber hinterlassen. Wechseln Sie in alte Kleidung und legen Sie alte Zeitungen oder Magazine auf den Boden. Verwenden Sie ein nasses Tuch mit Sattelseife, um allen Staub und Schmutz von den Schuhen zu wischen. Achten Sie besonders auf Bereiche wie Ferse und Sohle. Wenn Sie vorhaben, Ihre Schuhe zu polieren, lassen Sie sie 5 Minuten trocknen, bevor Sie mit dem Polieren beginnen.

### Instruction2:
Der Text beschreibt die richtige Anwendung von Sattelseife auf Lederschuhen und -stiefeln. Es wird darauf hingewiesen, dass Cordovan-Schuhe nicht mit Sattelseife behandelt werden sollten. Außerdem wird empfohlen, die Stiefel vor der Anwendung zu trocknen und nicht in der Nähe einer Heizung zu platzieren. Eine Anleitung zur Reinigung und Pflege der Stiefel wird gegeben, einschließlich der Verwendung eines feuchten Tuchs und der richtigen Anwendung von Sattelseife, um Schmutz zu entfernen und die Stiefel zu schützen. Schließlich wird darauf hingewiesen, dass Sattelseife auch verwendet werden kann, um Lederschuhe zum Glänzen zu bringen, und es wird empfohlen, alte Kleidung zu tragen und Zeitungen auszulegen, um den Boden zu schützen.",3.9452579021453857
034_9652,"### Instruction1:
Ein Zeichen dafür, dass Sie ein Problem mit Alkohol haben, ist, dass es begonnen hat, Bereiche Ihres Lebens wie Arbeit oder Schule, Ihre persönlichen Beziehungen oder Ihre Gesundheit zu beeinflussen. Ein Muster des Trinkens, das diese Probleme verursacht, wird als „Alkoholkonsum“ bezeichnet, und wenn es unbeaufsichtigt bleibt, kann es sich in Alkoholabhängigkeit oder Alkoholismus verwandeln. Möglichkeiten, wie Alkohol Ihr Leben beeinträchtigen kann, sind:  Die Verantwortung in der Schule, bei der Arbeit oder zu Hause nicht erfüllen können, sich unfähig fühlen, Dinge zu tun, die Ihnen Spaß machen, aufgrund von Nebenwirkungen (Kater, Blackouts usw.), auch trinken, wenn Ihre Freunde es nicht tun, oder trinken, um akzeptiert zu werden, erhöhte Gefühle von Angst oder Depression, in unsichere Situationen geraten wegen Alkohol (riskanter Sex, Fahren unter Alkoholeinfluss usw.), Entzugssymptome nach einem Rausch erleben, wie Schlaflosigkeit, Übelkeit, Erbrechen, Schwitzen, Reizbarkeit, Zittern, Angst oder Depression. Das National Institute on Alcohol Abuse and Alcoholism definiert Binge-Trinken als ein „Trinkmuster, das den Blutalkoholspiegel (BAC) auf 0,08 g/dL bringt.“ Bei Männern dauert dies normalerweise etwa 5 Getränke (8 Alkohol-Einheiten) in 2 Stunden. Bei Frauen sind es normalerweise 4 Getränke (6 Alkohol-Einheiten) in 2 Stunden. Weitere Warnzeichen für Binge-Trinken sind: Sie neigen dazu, schnell zu trinken, Sie trinken regelmäßig mehr als die Richtlinien für den moderaten Konsum (1 Getränk/2-3 Alkohol-Einheiten pro Tag für Frauen, 2 Getränke/3-4 Alkohol-Einheiten pro Tag für Männer), Sie trinken, um „betrunken“ zu werden, manchmal fühlen Sie sich unfähig, zu kontrollieren, wie viel Sie trinken, oder Sie finden es schwer, mit dem Trinken aufzuhören, sobald Sie begonnen haben, Sie trinken mehr, als Sie beabsichtigt haben, oder Sie verlieren den Überblick darüber, wie viel Sie getrunken haben, Sie haben eine Toleranz gegenüber Alkohol entwickelt, sodass Sie mehr trinken müssen als früher, um sich „beschwipst“ zu fühlen. Für viele Menschen ist Trinken eine alles oder nichts Sache: Ein Getränk ist zu viel und 20 sind nie genug. Wenn Sie versucht haben, Ihren Alkoholkonsum zu reduzieren und gescheitert sind, oder wenn Sie vermuten, dass Sie niemals „nur eines“ haben können, wäre es vielleicht besser, Ihre Bemühungen darauf zu konzentrieren, ganz aufzuhören. Alkoholmissbrauch kann zu Alkoholabhängigkeit oder Alkoholismus werden, insbesondere wenn der Missbrauch langfristig anhält. Wenn Sie gerne gesellig trinken und sich von Alkoholmissbrauch distanzieren möchten, können Sie lernen, wie Sie Ihre Beziehung zum Trinken ändern können, damit Sie bequem ein paar Gläser haben können, ohne über die Stränge zu schlagen. Egal, ob Sie denken, dass Sie Ihren Alkoholkonsum einfach reduzieren oder ihn ganz eliminieren müssen, klare Ziele für sich selbst zu setzen, kann Ihnen helfen. Halten Sie diese realistisch: Denken Sie daran, dass bedeutende Veränderungen nicht über Nacht geschehen. Es kann auch hilfreich sein, diese Ziele in Etappen zu setzen. Wenn Sie beschlossen haben, Ihren Alkoholkonsum zu reduzieren, setzen Sie sich Tage, an denen Sie trinken werden, und Tage, an denen Sie nicht trinken werden. Zum Beispiel: „Ich werde nur am Samstagabend und am Mittwochnachmittag trinken. An den anderen Tagen werde ich nicht trinken.“ Stellen Sie sicher, dass Sie auch ein Limit für die Anzahl der Getränke festlegen, die Sie haben werden. Schreiben Sie es auf eine kleine Karte und bewahren Sie sie in Ihrer Brieftasche oder Handtasche auf. Zum Beispiel: „Am Samstagabend werde ich nicht mehr als 3 Biere haben. Am Mittwochnachmittag werde ich einen Cocktail haben.“ Wenn Sie ganz mit dem Trinken aufhören möchten, setzen Sie sich eine Frist. Zum Beispiel: „Bis zum 31. Juli werde ich keinen Alkohol mehr trinken.“ Wenn Sie ein schwerer Trinker waren, seien Sie sich bewusst, dass ein sofortiger Entzug gefährliche Nebenwirkungen haben kann. Entzugssymptome sind Angst, Depression, Reizbarkeit, Müdigkeit, Übelkeit und Erbrechen, Schlaflosigkeit, Schwitzen, Zittern, Kopfschmerzen, Appetitlosigkeit, Halluzinationen, Verwirrung, Krampfanfälle, Fieber und Unruhe. „Allmähliches Abgewöhnen“ von Alkohol kann für Sie einfacher sein, während Sie auf Ihre „Alkohol-frei“ Frist hinarbeiten. Einige Studien legen nahe, dass das tägliche Trinken von wenig (nicht mehr als 1 Getränk) die Wahrscheinlichkeit eines Rausches verringern kann. Wenn Sie glauben, dass Ihr Trinken ein Problem ist, sollten Sie mit Ihrem Arzt sprechen. Ihr Arzt kann Ihnen helfen zu bestimmen, was der sicherste Weg für Sie ist, um Ihren Alkoholkonsum zu reduzieren oder ganz einzustellen. Er/sie kann Sie auch an einen Alkohol-Spezialisten, wie einen Berater oder Psychiater, überweisen, wenn Sie entscheiden, dass dies hilfreich wäre. Bevor Sie Ihren Arzt aufsuchen, stellen Sie einige Informationen zusammen: Wie oft und wie viel Sie trinken. Seien Sie ehrlich; es ist nicht die Aufgabe Ihres Arztes, Sie zu beurteilen, und er/sie kann Ihnen nicht helfen, wenn Sie nicht ehrlich über Ihre Gewohnheiten sind. Alle Symptome, die Sie erleben, wie Kopfschmerzen, Übelkeit, Depression usw. Persönliche Informationen, wie z.B. große Stressfaktoren oder Lebensereignisse (z.B. Scheidung, Beginn des Studiums, neuer Job usw.). Medikamente, Nahrungsergänzungsmittel und Vitamine, die Sie einnehmen. So unangenehm die Wahrheit auch sein mag, wenn Sie mit Ihrem Trinken kämpfen und vermuten, dass Sie aufhören müssen, ist es wichtig, dass Sie Ihren engen Freunden, Ihrer Familie und Ihren Angehörigen mitteilen, dass Sie eine Veränderung vornehmen müssen. Sich mit unterstützenden Freunden und Angehörigen zu umgeben, wird Ihnen helfen, verantwortlich zu bleiben, und ist ein guter erster Schritt, um zuzugeben, dass Sie ein Problem haben, an dem Sie arbeiten müssen. Sagen Sie Ihren trinkenden Freunden, dass Sie sich Sorgen machen, dass Ihr Spaß sich zu einem ernsteren Problem entwickelt. Betonen Sie, dass Sie niemanden beurteilen oder von jemand anderem verlangen, sein Verhalten zu ändern. Bitten Sie sie um Unterstützung und äußern Sie, dass Sie weiterhin gesellig sein möchten – Sie werden nur nicht trinken (oder nicht so viel trinken). Zum Beispiel: „Ich mag einige der Auswirkungen meines Trinkens nicht. Es stört mein Leben auf Weisen, die ich nicht möchte, also werde ich eine Weile reduzieren. Diese Entscheidung ist nur für mich. Ich möchte immer noch mit euch abhängen; ich werde einfach eine Cola anstelle eines Cocktails haben.“ Wenn andere Personen in Ihrer Familie ebenfalls Alkohol trinken, überlegen Sie, ob Alkohol in Ihrem Haus eine unüberwindbare Versuchung darstellen würde. Wenn ja, besprechen Sie Ihre Optionen mit Ihren Angehörigen. Es kann notwendig sein, Alkohol vollständig aus Ihrem Haus zu entfernen, insbesondere wenn Ihr Ziel darin besteht, ganz mit dem Trinken aufzuhören. Wenn Sie die Bedeutung dieses Problems an Ihre Angehörigen vermitteln, werden sie wahrscheinlich sehr unterstützend sein, egal was hilft. Wenn Ihr Trinken ernster erscheint, bitten Sie Ihre Freunde und Angehörigen, mit Ihnen an Orten zu sozialisieren, die keinen Alkohol servieren. Mit Freunden in einer Bar abzuhängen, wenn Sie wirklich einen Drink wollen, kann zu viel Druck sein. Wenn Sie mit der Absicht trinken, regelmäßig sehr betrunken zu werden, ist es wichtig, die Ursachen dieses Verlangens zu konfrontieren, damit Sie sich selbst heilen und Versuchungen vermeiden können. Was bringt Sie dazu, trinken zu wollen? Macht ein bestimmtes Ereignis, eine Person oder ein Gefühl Sie dazu, betrunken zu werden? Gruppenzwang ist ein häufiger Auslöser für Binge-Trinken, insbesondere bei jüngeren Menschen. Etwa 90% des von Menschen unter 21 Jahren konsumierten Alkohols geschieht beispielsweise beim Binge-Trinken. Es kann verlockend sein, zu trinken, um „dazu zu gehören“ oder um mit hart feiernden Freunden Schritt zu halten. Freunde, die kein Problem mit ihrem Trinken haben (oder nicht erkennen, dass sie ein Problem haben), können Sie unter Druck setzen, „nur einen Drink“ zu haben. Wenn Ihre Freunde weiterhin um Sie herum Binge-Trinken oder Sie dazu drängen, mit ihnen zu trinken, müssen Sie möglicherweise aufhören, sich mit ihnen zu treffen. Stress bringt viele Menschen dazu, zu trinken. Wenn Sie Schwierigkeiten haben, Alkohol zu nutzen, um den Stress im Zuhause, in Beziehungen oder bei der Arbeit zu entkommen, müssen Sie möglicherweise ernsthafte Schritte unternehmen, um sich zu entspannen und andere produktivere Wege zu finden, um diesen Stress zu kanalisieren und Ihre Emotionen zu kontrollieren, anstatt nach Alkohol zu greifen. Langeweile kann viele Menschen dazu bringen, zu trinken. Wenn Sie freitags alleine trinken, nicht weil Sie depressiv sind, sondern weil Ihnen nichts anderes einfällt, was Sie tun könnten, oder wenn Sie ständig trinken, um reguläre Aktivitäten wie den Gang zum Supermarkt aufzupeppen, wird es wichtig, Ihre Zeit mit gesünderen und produktiveren Aktivitäten zu füllen. Es mag klischeehaft klingen, aber viele dieser Fragen können schwer zu beantworten sein, wenn Sie ein regelmäßiger Trinker sind und frustri",11.603071451187134
034_37678,"### Instruction1:
Lass den Saft durch ein Sieb in eine Schüssel tropfen, damit du die Kerne leicht auffangen kannst. Dies stellt sicher, dass die Limetten aufrecht bleiben, während die Gelatine fest wird.

### Instruction2:
Der Text beschreibt, wie man Saft durch ein Sieb in eine Schüssel abtropfen lässt, um die Kerne zu entfernen. Zudem wird darauf hingewiesen, dass dies hilft, die Limetten aufrecht zu halten, während die Gelatine fest wird.",1.1054866313934326
034_32647,"### Instruction1:
Stelle sicher, dass das Verhalten deiner Katze tatsächlich bedeutet, dass sie läufig ist und nicht krank. Eine nicht kastrierte Katze in der Hitze wird viel vocalisieren, unruhig sein, sich an Menschen und Gegenständen reiben und sich auf dem Boden wälzen. Wenn du ihren unteren Rücken streichelst, wird sie darauf reagieren, indem sie ihr Becken anhebt und ihren Schwanz zur Seite bewegt. Die normale Brutzeit für Katzen liegt zwischen Frühling und Spätsommer. Sie wird wahrscheinlich in dieser Jahreszeit läufig. Entscheide, ob deine Katze läufig oder krank ist. Wenn sie unruhig wirkt, sich aber nicht an allem reibt und ihren Schwanz nicht zur Seite hebt, könnte sie Schmerzen haben. Nimm sie zum Tierarzt, um herauszufinden, was los ist. Wenn sie läufig ist, wird deine Katze in der Gegenwart von Katern noch erregter. Lass sie auf keinen Fall nach draußen und schließe alle Fenster und verriegle alle Türen, einschließlich Katzenklappen. Um sie ruhig zu halten (und zu verhindern, dass sie schwanger wird), musst du sie von allen Katern fernhalten. Isolation schützt sie ebenfalls — sie könnte versuchen, dein Zuhause zu verlassen, wenn sie einen Kater draußen wahrnimmt. Wenn du einen Kater im selben Haus hast, finde einen Freund oder miete einen Katzensitter, der ihn für ein paar Wochen aufnimmt. Wenn die beiden Katzen im selben Bereich bleiben, werden sie beide wild agieren und wahrscheinlich paaren. Wenn Kater durch ein Fenster sichtbar sind, decke das Fenster mit Vorhängen oder einem Stück Karton ab. Obwohl Erfolg nicht garantiert ist, finden einige Menschen, dass es hilft, der Katze ein Wärmepack oder ein warmes, feuchtes Handtuch zum Sitzen zu geben, um sie ruhig und entspannt zu halten. Ein mikrowellengeeignetes Wärmepack ist wahrscheinlich die einfachste Option, da du es schnell wieder aufwärmen kannst, sobald die Katze wieder unruhig wird. Ein elektrisches Heizkissen/-decke ist ebenfalls eine gute Wahl. Katzen reagieren sehr unterschiedlich auf Katzenminze. Einige entspannen sich und beruhigen sich, wenn sie Katzenminze erhalten, andere hingegen werden energetisch und aggressiv. Wenn du nicht weißt, wie deine Katze auf Katzenminze reagiert, solltest du diese Methode vermeiden. Sie könnte die Situation noch verschlimmern. Beachte, dass dies nur eine vorübergehende Lösung ist, aber es könnte dir ein oder zwei Stunden Ruhe verschaffen. Es gibt viele pflanzliche Heilmittel auf dem Markt, die dazu gedacht sind, Katzen zu beruhigen. Einige Katzenbesitzer berichten von Erfolgen, aber es gibt kein einzelnes Mittel, das bei jeder Katze funktioniert. Außerdem könnte es sein, dass deine Katze auf keines dieser Produkte reagiert. Kaufe eine Sammlung kleiner Proben und probiere mehrere verschiedene Heilmittel aus. Sobald du ein Produkt gefunden hast, das bei deiner Katze wirkt, kaufe es in größeren Mengen. Befolge die Anweisungen auf den Etiketten. Diese könnten dir sagen, dass du das Heilmittel ins Wasser der Katze geben, ein paar Tropfen ins Fell der Katze einreiben oder als Lufterfrischer verwenden sollst. Verwende keine Produkte, die für Menschen gedacht sind, da sie wahrscheinlich höhere Dosierungen verwenden. Feliway ist ein synthetisches Katzenpheromon, das eine beruhigende, entspannende Wirkung auf Katzen hat. Es dauert ein paar Wochen der Exposition, um Katzen zu beruhigen, daher ist es keine sofortige Lösung. Wenn du weißt, dass deine Katze nicht kastriert ist, könntest du in Erwägung ziehen, den Feliway-Diffusor zu Beginn der Brutzeit (Frühling) einzustecken. So wird das Feliway bereits in ihrem System aufgebaut sein, wenn sie in die Hitze kommt. Katzen markieren oft mit Urin, um Kater anzulocken, wenn sie läufig sind. Wenn du ihre Katzentoilette immer sauber hältst, könntest du sie ermutigen, diese zu benutzen, anstatt dein Zuhause zu markieren. Wenn sie trotzdem markiert, reinige und desinfiziere den Bereich sofort. Wenn der Uringeruch bleibt, wird sie dazu verleitet, es weiter zu tun. Verwende keine Reinigungsmittel mit Ammoniak. Ammoniak ist auch natürlich im Urin enthalten, und der Geruch wird sie ermutigen, diesen Ort erneut zu markieren. Mit deiner Katze zu spielen kann sie vorübergehend ablenken, aber oft wird sie direkt nach dem Spielen wieder anfangen zu jaulen. Streicheln, Kratzen oder Bürsten ihres unteren Rückens kann effektiver sein, wenn deine Katze bereits ruhig genug ist, um dies zuzulassen.

### Instruction2:
Der Text beschreibt, wie man erkennt, ob eine Katze läufig ist oder krank, und gibt Ratschläge, wie man mit einer läufigen Katze umgeht. Es wird empfohlen, die Katze drinnen zu halten, um ungewollte Paarungen zu vermeiden und ihre Sicherheit zu gewährleisten. Es wird empfohlen, einen Kater aus dem Haus zu entfernen und verschiedene Methoden auszuprobieren, um die Katze zu beruhigen, wie Wärmepacks oder spezielle Produkte wie Feliway. Außerdem wird betont, wie wichtig es ist, die Katzentoilette sauber zu halten, um das Markieren im Haus zu verhindern.",6.309478044509888
034_11272,"### Instruction1:
Verschiedene Booster funktionieren unterschiedlich. Die Verwendung einzelner Booster unabhängig ist sehr einfach. Siehe Teil 1, um mehr über die verschiedenen Booster zu erfahren und wie sie in deinem Spiel verwendet werden können. Um das Beste aus deinen Boostern herauszuholen, kannst du sie mischen und kombinieren, um großartige Ergebnisse zu erzielen. Booster können kombiniert werden, wenn sie nebeneinander stehen. Alle Vor-Spiel-Booster und generierten Spezialbonbons können kombiniert werden. Um mehr über die Kombination grundlegender Booster zu erfahren, siehe Teil 4. Die in Schritt 2 genannten Booster sind die gebräuchlicheren Booster und Spezialbonbons, die verfügbar sind. Sie können in fast allen Leveln des Spiels verwendet werden. Die Kokosnussräder und die Quallen sind die anderen Booster, aber sie sind nur in bestimmten Leveln verfügbar. Kokosnussräder sind nur in Zutatenleveln verfügbar, und Quallen sind nur in Gelee-Levels verfügbar. Wenn sie verfügbar sind, können sie auch mit jedem anderen Booster aus Schritt 2 gemischt und kombiniert werden. Stelle sie nebeneinander und sieh dir die großartigen Ergebnisse an, die du erzielen kannst.

### Instruction2:
Der Text beschreibt die Funktionsweise verschiedener Booster in einem Spiel. Es wird erklärt, dass Booster unabhängig verwendet werden können und dass die Kombination von Boostern zu besseren Ergebnissen führt. Bestimmte Booster sind nur in bestimmten Levels verfügbar, wie Kokosnussräder in Zutatenleveln und Quallen in Gelee-Levels. Spieler können diese Booster nebeneinander platzieren, um ihre Effekte zu kombinieren und die Spielleistung zu verbessern.",2.255443811416626
034_21318,"### Instruction1:
Gib eine beliebige Menge gesalzener oder ungesalzener Butter in eine Pfanne und lasse sie vollständig schmelzen. Koche sie nicht zu lange, da sie sonst bräunen wird. Die Feststoffe steigen an die Oberfläche. Gieße die Butter nach dem Schmelzen durch ein sauberes Geschirrtuch oder ein feuchtes Käsetuch. Lass die Flüssigkeit durch das Tuch in eine Schüssel laufen.

### Instruction2:
Die Anleitung beschreibt, wie man Butter schmilzt und von den Feststoffen trennt. Man soll die Butter in einer Pfanne schmelzen, darauf achten, dass sie nicht bräunt, und sie dann durch ein Tuch in eine Schüssel abseihen.",1.530647039413452
034_8769,"### Instruction1:
Wenn Ihr Haarausfall ein dauerhaftes Problem ist, müssen Sie die Ursache Ihres Haarausfalls bestimmen. Aus diesem Grund wird dringend empfohlen, eine umfassende Untersuchung durch einen Arzt durchführen zu lassen. Es gibt viele Krankheiten, bei denen Haarausfall ein Symptom sein kann, und es ist entscheidend, dass Sie versuchen, die Ursache des Haarausfalls zu finden. Es gibt jedoch eine Reihe von Ansätzen, die Ihre Situation helfen können, bevor Sie eine Diagnose erhalten. Die Hauptmedikamentenbehandlung für Haarausfall bei Männern sind die 5-alpha-Reduktase-Hemmer Proscar und Propecia. Die 5-alpha-Reduktase-Hemmer helfen, die Aktivität schädlicher Hormone auf die Haarfollikel zu blockieren. Ein weiteres Medikament, das das Haarwachstum erhöht, ist Minoxidil. Minoxidil ist im Allgemeinen weniger effektiv als Finasterid, kann jedoch direkt auf die Haarausfallbereiche aufgetragen werden. Der Haarausfall bei Frauen wurde lange ignoriert, obwohl Frauen bis zu 40% aller Personen mit Haarausfall ausmachen. Die 5-alpha-Reduktase-Hemmer werden bei Frauen nicht häufig eingesetzt, da sie potenziell nachteilige Auswirkungen auf die weiblichen Hormone haben. 2% Minoxidil wird häufiger verschrieben, da es auf die Haarausfallbereiche aufgetragen werden kann, weniger Nebenwirkungen hat und besser für Frauen wirkt. Andere Medikamente sind Aldactone, Tagamet und Cyproteronacetat. Bei Frauen kann eine Hormonersatztherapie hilfreich sein. Sie müssen vorsichtig sein, wenn Sie schwanger sind, während Sie diese Medikamente einnehmen, da sie Geburtsschäden verursachen können.

### Instruction2:
Der Text behandelt das Thema Haarausfall und betont die Wichtigkeit, die Ursache dafür zu bestimmen, indem man einen Arzt konsultiert. Es werden verschiedene Behandlungsansätze für Männer und Frauen beschrieben, einschließlich der Verwendung von 5-alpha-Reduktase-Hemmern wie Proscar und Propecia sowie Minoxidil, welches direkt auf die betroffenen Stellen aufgetragen werden kann. Während Männer oft mit diesen Medikamenten behandelt werden, ist die Behandlung von Haarausfall bei Frauen komplizierter, da bestimmte Medikamente negative Auswirkungen auf weibliche Hormone haben können. Es wird auch darauf hingewiesen, dass Hormonersatztherapie für Frauen hilfreich sein kann, wobei Schwangere vorsichtig sein müssen, da Medikamente Geburtsschäden verursachen können.",4.345366954803467
034_25560,"### Instruction1:
Du könntest unwissentlich geopathischem Stress ausgesetzt sein. Es könnte eine Störung unter deinem Bett, deinem Esstisch, deiner Badewanne oder deinem Lieblingssessel geben. Wenn du einen möglichen Problembereich identifiziert hast, reorganisiere deine Möbel, um zu vermeiden, dass du zu viel Zeit über oder in der Nähe des Punktes verbringst. Es kann sein, dass die Störung ein großes Gebiet abdeckt. Wenn du dein Bett oder andere Möbel nicht von den Stresslinien wegbewegen kannst, musst du andere Optionen in Betracht ziehen, wie Werkzeuge, um die Störung zu neutralisieren oder dein eigenes Energiefeld zu stärken. Die traditionelle chinesische Kunst des Feng Shui untersucht die Wechselwirkungen zwischen Menschen und ihrer Umgebung. Weiter gedacht, kann Feng Shui dir ermöglichen, diese wechselnden Energien zu beeinflussen, um dein Leben zu verbessern. Finde mehr über seine Prinzipien heraus und wende sie in deinem Wohnraum an. Obwohl die Idee keine wissenschaftliche Grundlage hat, glauben einige Menschen, dass Feng Shui speziell geopathischen Stress adressieren kann. Dies liegt daran, dass sie die Resonanz der Erde als die vereinigende Kraft zwischen dem Chi des Himmels (virtuell) und dem Chi der Erde (tatsächlich) sehen. Die Schumann-Resonanz, so denken sie, lässt Feng Shui-Mittel besser wirken. Eine beliebte und einfache Methode ist es, Metallstäbe an strategischen Punkten in deinem Zuhause oder überall dort, wo du eine geopathische Störung vermutest, zu platzieren, um den verzerrten Energiefluss zu blockieren oder zu neutralisieren. Diese Punkte sollten durch Wünschelruten überprüft werden. Um die Methode zum Laufen zu bringen, musst du auch den Fluss der Erdlinien kennen. Die Stäbe können aus Kupfer, Messing oder Stahl bestehen. Einige Menschen glauben auch, dass sie andere Objekte verwenden können, um den Fluss der Energie der Erde umzuleiten und Störungen zu beheben. Diese Methode, die „Erdakupunktur“ genannt wird, umfasst das Platzieren von Dingen wie Blättern, Kristallen, Blumen oder Muscheln an strategischen Punkten. Einige Menschen glauben, dass Eichenbäume auf mysteriöse Weise eine natürliche Widerstandskraft gegen geopathischen Stress entwickelt haben. Insbesondere wird angenommen, dass die Rinde der Korkeiche als Barriere wirksam ist. Versuche beispielsweise, Korkplatten unter deinem betroffenen Bett zu platzieren, um das geopathische Chaos zu absorbieren. Du solltest in der Lage sein, dies selbst zu tun. Sei dir bewusst, dass eine Korkbarriere keine dauerhafte Lösung ist. Du hast nur eine Barriere geschaffen. Die grundlegende energetische Störung ist immer noch vorhanden und muss gelöst werden. Kaufe einen neuen Kristall, um dich zu schützen. Einige Menschen fühlen stark über die heilenden und schützenden Eigenschaften von Kristallen, die, so sagen sie, dich vor geopathischen Stressoren schützen, aber auch durch Energieresonanzen in deinem eigenen Körper und negative Ionen dein Immunsystem stimulieren und toxische Energien in nützliche umwandeln können. Quarz oder Schungit-Kristalle sind großartig. Amethyst, Zeolith und Turmalin sind hervorragend darin, negative Ionen aus der Feuchtigkeit in der Luft zu erzeugen. Stelle sicher, dass du deinen Kristall jederzeit trägst. Die Welt ist voller Quellen elektromagnetischer Verschmutzung, die geopathischen Stress verstärken können. Hochspannungsleitungen, Satellitenschüsseln, Strommasten oder Sicherungen senden alle hoch- und niederfrequente Energie aus, die den geopathischen Stress erhöhen kann, ebenso wie alltägliche Gegenstände wie Mikrowellen, Handys und WLAN-Router. Minimiere deine Exposition gegenüber solchen Geräten. Zum Beispiel, schaffe unnötige Geräte ab. Wenn das nicht möglich ist, halte sie unplugged, wenn sie nicht in Gebrauch sind.

### Instruction2:
Der Text beschreibt, wie man sich vor geopathischem Stress schützen kann, der durch Störungen im Boden verursacht wird. Es wird empfohlen, Möbel umzustellen, um über diesen Punkten zu verbringen. Wenn das nicht möglich ist, können Werkzeuge zur Neutralisierung oder zur Stärkung des eigenen Energiefeldes verwendet werden. Feng Shui wird erwähnt als eine Methode, um die Wechselwirkung zwischen Menschen und ihrer Umgebung zu beeinflussen. Zudem werden Methoden wie das Platzieren von Metallstäben oder Kristallen als Mittel zur Bekämpfung geopathischen Stresses genannt. Es wird auch darauf hingewiesen, dass elektromagnetische Strahlung von Geräten wie Mikrowellen und Handys den Stress verstärken kann und dass man die Verwendung solcher Geräte minimieren sollte.",5.730285167694092
034_19448,"### Instruction1:
Ein Grund, warum Ihr Telefon möglicherweise nicht eingeschaltet wird, ist, dass der Akku leer sein könnte. Schließen Sie Ihr Telefon an das Netzteil an, das Sie mit Ihrem Telefon erhalten haben. Das LG Klapptelefon verwendet die Taste zum Beenden des Anrufs, um das Telefon ein- und auszuschalten. Öffnen Sie das Klapptelefon und drücken Sie dann die Taste ""Beenden/Strom"", bis der Bildschirm eingeschaltet wird. Um das Telefon auszuschalten, drücken und halten Sie die Taste ""Beenden/Strom"", bis der Bildschirm ausgeschaltet wird.

### Instruction2:
Der Text beschreibt, wie man ein LG Klapptelefon einschaltet und ausschaltet. Wenn das Telefon nicht angeht, könnte der Akku leer sein, und es sollte an ein Ladegerät angeschlossen werden. Um das Telefon einzuschalten, öffnet man es und hält die End-/Power-Taste gedrückt, bis der Bildschirm angeht. Zum Ausschalten wird die gleiche Taste gedrückt gehalten, bis der Bildschirm sich ausschaltet.",1.650686264038086
034_57857,"### Instruction1:
In einem Freizeitspiel wirf eine Münze oder mache einen „Lag“-Test, um zu bestimmen, wer bricht und die Kugeln aufstellt. Um den Lag durchzuführen, positioniere 1 Ball auf jeder Seite des Tisches und lasse jede Person zur anderen Endpolsterung schießen. Die Person, deren Ball die Polsterung trifft und am nächsten zu dem Punkt zurückspringt, von dem aus sie geschossen hat, entscheidet, wer bricht. In einem professionellen Spiel bricht der Spieler mit dem niedrigsten offiziellen Rang in der Liga immer zuerst. Wenn möglich, kann ein Spieler, der nicht spielt, die Kugeln aufstellen und als Schiedsrichter für das Spiel fungieren. Die meisten Billardtische sind mit einem „Fußpunkt“ in der Mitte eines Endes des Tisches markiert, etwa auf halbem Weg zwischen den Ecken und den Seitenlöchern. Der Fußpunkt ist der Punkt, der am weitesten vom Ende des Tisches entfernt ist, an dem die Spieler während des Stoßes stehen. Wenn der Tisch keinen markierten Fußpunkt hat, benutze die Markierungen am Rand des Tisches, um zu bestimmen, wo er wäre. Der Punkt sollte auf der Mittellinie des Tisches ruhen, wenn du an einem kurzen Ende stehst. Der Punkt wird mit der 2. Markierung am Rand des Tisches zwischen den Ecken und den Seitenlöchern ausgerichtet. Der Rack ist ein gleichseitiges Dreieck, daher ist es egal, welchen Punkt du über dem Fußpunkt platzierst. Stelle sicher, dass du den schwarz-weißen Punkt siehst, der die Oberseite des Inneren des Dreiecks berührt. Dieser Punkt wird als „Spitze“ des Racks bezeichnet. Stelle sicher, dass die Mitte des Balls, der in die Spitze des Racks gelegt wird, genau in der Mitte des Punktes ist. Es gibt andere Rack-Formen, wie das Diamant-Rack, aber diese werden nicht für 8-Ball-Pool verwendet. Sobald du die Spitze über dem Fußpunkt positioniert hast, stelle sicher, dass die Unterseite des Dreiecks gerade ist. Die Ecken des Racks sollten gleich weit von den Ecklöchern auf ihrer Seite des Tisches entfernt sein. Wenn die Basis schief ist, kann dies dazu führen, dass eine der Seiten des Racks eine größere Wahrscheinlichkeit hat, in ein Loch zu fallen.

### Instruction2:
Der Text beschreibt die Regeln und Verfahren für das Aufstellen der Kugeln und das Brechen in einem Billardspiel. Für Freizeitspiele wird ein Münzwurf oder ein Lag-Test verwendet, um zu entscheiden, wer bricht. In professionellen Spielen bricht der Spieler mit dem niedrigsten Rang zuerst. Der Fußpunkt ist wichtig für die Positionierung der Kugeln und sollte auf der Mittellinie des Tisches liegen. Der Rack wird als gleichseitiges Dreieck auf dem Fußpunkt platziert, wobei die Ecken gleich weit von den Taschen entfernt sein müssen. Es wird darauf hingewiesen, dass eine schiefe Basis des Racks die Wahrscheinlichkeit erhöhen kann, dass Kugeln in die Taschen fallen.",4.054991006851196
034_29761,"### Instruction1:
C-Code muss von einem Programm kompiliert werden, das den Code in Signale umwandelt, die die Maschine verstehen kann. Compiler sind in der Regel kostenlos, und verschiedene Compiler sind für unterschiedliche Betriebssysteme verfügbar. Für Windows versuche Microsoft Visual Studio Express oder MinGW. Für Mac ist XCode einer der besten C-Compiler. Für Linux ist gcc eine der beliebtesten Optionen. C ist eine der älteren Programmiersprachen und kann sehr leistungsfähig sein. Es wurde für Unix-Betriebssysteme entwickelt, ist aber für fast alle Betriebssysteme portiert und erweitert worden. Die moderne Version von C ist C++. C besteht im Wesentlichen aus Funktionen, und in diesen Funktionen kannst du Variablen, bedingte Anweisungen und Schleifen verwenden, um Daten zu speichern und zu manipulieren. Sieh dir das (sehr) einfache Programm unten an, um eine gute Vorstellung davon zu bekommen, wie einige der verschiedenen Aspekte der Sprache zusammenarbeiten und um ein Gefühl dafür zu bekommen, wie Programme funktionieren. 
```c
#include <stdio.h>  
int main()  
{     
    printf(""Hello, World!\n"");     
    getchar();     
    return 0; 
}
```
Der Befehl #include erfolgt vor dem Start des Programms und lädt Bibliotheken, die die benötigten Funktionen enthalten. In diesem Beispiel ermöglicht uns stdio.h die Verwendung der Funktionen printf() und getchar(). Der Befehl int main() teilt dem Compiler mit, dass das Programm die Funktion namens ""main"" ausführt und dass es eine Ganzzahl zurückgeben wird, wenn es fertig ist. Alle C-Programme führen eine ""main""-Funktion aus. Die {} zeigen an, dass alles, was sich darin befindet, Teil der Funktion ist. In diesem Fall bedeuten sie, dass alles innerhalb Teil der ""main""-Funktion ist. Die printf()-Funktion gibt den Inhalt der Klammern auf dem Bildschirm des Benutzers aus. Die Anführungszeichen stellen sicher, dass der String innerhalb wörtlich gedruckt wird. Die \n-Sequenz teilt dem Compiler mit, den Cursor in die nächste Zeile zu bewegen. Das ; kennzeichnet das Ende einer Zeile. Die meisten Zeilen C-Code müssen mit einem Semikolon enden. Der Befehl getchar() sagt dem Compiler, dass er auf eine Tasteneingabe warten soll, bevor er weitermacht. Dies ist nützlich, da viele Compiler das Programm ausführen und das Fenster sofort schließen. Dies verhindert, dass das Programm beendet wird, bis eine Taste gedrückt wird. Der Befehl return 0 zeigt das Ende der Funktion an. Beachte, dass die ""main""-Funktion eine int-Funktion ist. Das bedeutet, dass eine Ganzzahl zurückgegeben werden muss, sobald das Programm beendet ist. Eine ""0"" zeigt an, dass das Programm korrekt ausgeführt wurde; jede andere Zahl bedeutet, dass das Programm auf einen Fehler gestoßen ist. Gib den Code in deinen Code-Editor ein und speichere ihn als ""*.c""-Datei. Kompiliere ihn in deinem Compiler, typischerweise, indem du auf die Schaltfläche Erstellen oder Ausführen klickst. Kommentare sind Teil des Codes, die nicht kompiliert werden, dir aber helfen, zu erklären, was passiert. Dies ist nützlich, um dich selbst daran zu erinnern, wofür dein Code gedacht ist, und um anderen Entwicklern zu helfen, die möglicherweise deinen Code betrachten. Um in C zu kommentieren, platziere /* am Anfang des Kommentars und */ am Ende. Kommentiere alle bis auf die grundlegendsten Teile deines Codes. Kommentare können verwendet werden, um Teile deines Codes schnell zu entfernen, ohne sie zu löschen. Schließe einfach den Code, den du ausschließen möchtest, mit Kommentar-Tags ein und kompiliere dann. Wenn du den Code wieder hinzufügen möchtest, entferne die Tags.

### Instruction2:
Der Text beschreibt, wie C-Code kompiliert wird und welche Compiler für verschiedene Betriebssysteme verfügbar sind. C ist eine ältere, leistungsstarke Programmiersprache, die ursprünglich für Unix entwickelt wurde. Der Text erklärt die Struktur eines einfachen C-Programms, einschließlich der Verwendung der `#include`-Direktive, der `main`-Funktion und der grundlegenden Ein- und Ausgabefunktionen wie `printf()` und `getchar()`. Außerdem wird erklärt, wie Kommentare im Code verwendet werden können, um Erklärungen hinzuzufügen oder Teile des Codes vorübergehend auszublenden, ohne sie zu löschen.",5.58804726600647
034_29771,"### Instruction1:
Flirten hängt oft von der richtigen Körpersprache ab. Wenn du deinem Freund signalisieren möchtest, dass du eine Beziehung möchtest, arbeite daran, mit deinem Körper zu flirten, wenn ihr zusammen seid. Wenn er ebenfalls zu dir hingezogen ist, kann dies romantische Gefühle entwickeln helfen. Lehne deinen Körper in seine Richtung, wenn ihr zusammen Mittag essen, einen Film schauen oder andere gemeinsame Zeiten verbringt. Sieh ihm direkt in die Augen, zwinker mit den Wimpern und lächle! Es mag seltsam klingen, aber das ist eine Form des Flirtens, die Aufmerksamkeit erregt! Versuche, deinen Körper so zu positionieren wie seinen, wenn ihr zusammen sitzt. Lege deine Hände und Füße in die gleiche Position wie seine Hände und Füße. Wenn ihr Kaffee trinkt, nimm einen Schluck, wenn er es tut. Übernimm einige seiner Ausdrücke. Wenn er zum Beispiel dazu neigt zu sagen: ""Wow, das ist interessant"", benutze diesen Satz gelegentlich. Mach es nicht zu offensichtlich. Er könnte denken, dass du ihn verspotten willst! Imitiere gelegentlich seine Gesten, aber kopiere nicht alles, was er tut. Anziehend zu sein, hilft sicherlich, dass jemand dich in einem romantischeren Sinne bemerkt. Wenn du mit ihm abhängst, kleide dich am besten. Trage deine schmeichelhaftesten Kleider und wenn du Make-up trägst, benutze etwas davon. Gut auszusehen kann definitiv helfen, romantische Aufmerksamkeit zu erregen. Trage Kleidung, die dir ein gutes Gefühl gibt und in der du dich wohlfühlst. Du musst nicht versuchen, wie jemand anderes auszusehen. Wenn du an deinem Selbstbewusstsein mangelt, ist es weniger wahrscheinlich, dass du für andere attraktiv erscheinst. Ein starkes Gefühl dafür, wer du bist, wird deinem Freund helfen, dich zu bemerken. Stimme nicht einfach dem zu, was er sieht, lächle und nicke. Zeige, wer du bist, während du flirtest! Denke darüber nach, wie du dich selbst als Person siehst. Siehst du dich als intelligent, lustig, spontan, ernsthaft, fleißig? Egal wie du dich siehst, arbeite daran, diese Seite für ihn zu zeigen. Wenn du zum Beispiel ein Filmfan bist, zögere nicht, dein Wissen zu teilen, während ihr zusammen abhängt und Filme schaut.

### Instruction2:
Der Text beschreibt, wie man durch Körpersprache und Flirten romantische Gefühle bei einem Freund wecken kann. Es wird empfohlen, sich körperlich an ihn zu lehnen, Blickkontakt herzustellen und lächeln. Auch das Nachahmen seiner Gesten und Ausdrücke kann helfen, eine Verbindung aufzubauen. Darüber hinaus wird betont, wie wichtig es ist, sich gut zu kleiden und Selbstbewusstsein auszustrahlen, um attraktiv zu wirken. Schließlich wird geraten, authentisch zu sein und die eigenen Interessen zu zeigen, um dem Freund zu imponieren.",5.3458757400512695
034_58092,"### Instruction1:
Verwenden Sie die US Volkszählung online auf Ancestry.com. Beginnen Sie mit den jüngsten Vorfahren: Finden Sie deren Namen in jeder Volkszählung und arbeiten Sie rückwärts in die Vergangenheit. Die Online-V Volkszählungen sind indiziert, sodass Sie, wenn Sie den Namen und das Geburtsdatum eingeben, die richtige Person zusammen mit anderen Möglichkeiten finden können. Während Sie den Stammbaum aufbauen, notieren Sie die Details, die andere Bereiche zur Suche vorschlagen – z.B. den Beruf einer Person. Wenn Ihr Familienmitglied in der Volkszählung nicht erscheint, versuchen Sie, die Suche zu bearbeiten. Fügen Sie Wörter hinzu oder entfernen Sie sie, um die Ergebnisse zu klären. Suchen Sie nach dem Mädchennamen sowie dem verheirateten Namen weiblicher Vorfahren. Die Volkszählungsunterlagen können ein Heiratsdatum bestätigen oder vorschlagen. Seien Sie sich bewusst, dass sich die Schreibweise von Namen geändert haben kann. Einige Vorfahren konnten vielleicht nicht gut lesen oder schreiben, und sie haben möglicherweise ungewöhnliche Schreibweisen verwendet. Alte Volkszählungen können anzeigen, ob eine Person lesen konnte oder nicht. Überprüfen Sie nach der Volkszählungsgeschichte alle Aufzeichnungen. Es kann hilfreich sein, die Aufzeichnungen auf Heirats- und Scheidungs- oder Einwanderungs- oder Militärunterlagen einzugrenzen. Suchen Sie in jeder Volkszählungskategorie, die Ihre Vorfahren enthalten könnte. Versuchen Sie auch Steuer- und Wählerlisten. Wenn Ihre Vorfahren aus einem anderen Land kamen, müssen Sie möglicherweise nach ihren Einwanderungs- und Einbürgerungsunterlagen suchen. Einbürgerungsunterlagen bestehen aus zwei Teilen: den Unterlagen und dem endgültigen Antrag. Es sei denn, Sie haben das zweite Dokument, können Sie sich nicht sicher sein, dass sie eingebürgert wurden. Sie könnten mehrere Jahre zwischen den beiden gewartet haben, und das endgültige Dokument könnte in einem anderen Gerichtshaus sein – sogar in einem anderen Teil des Landes. Verwenden Sie die Volkszählung, um nachzuvollziehen, wo Ihre Vorfahren lebten, und suchen Sie in diesen Orten nach Einbürgerungsunterlagen. Konsultieren Sie die Passagierlisten von Schiffen. Wenn Ihre Vorfahren über das Meer eingewandert sind, können Sie möglicherweise genau herausfinden, wann, wenn Sie ihren Namen finden. Wenn Sie wissen, wo Ihre Vorfahren geheiratet haben, gehen Sie zu diesem Ort (Kirche, Gerichtshaus usw.) und fragen Sie nach Zugang zu ihren Unterlagen. Heiratsurkunden enthalten häufig die Namen der Eltern der Braut und des Bräutigams. Dies kann ein nützlicher Hinweis sein, um auf den richtigen Weg zu gelangen. Überprüfen Sie, ob der Ort für andere Vorfahren verwendet wurde, und suchen Sie auch deren Unterlagen. Wenn Sie wissen, wo Ihre verstorbenen Verwandten begraben oder geehrt werden, besuchen Sie den Friedhof persönlich. Suchen Sie nach Hinweisen: Geburts- und Sterbedaten, Namen, die nicht mit Ihren Aufzeichnungen übereinstimmen, oder andere Verwandte, die in der Nähe begraben sind. Scheuen Sie sich nicht, zu entlegenen Friedhöfen zu reisen, wenn Ihre Vorfahren an verschiedenen Orten lebten und starben. Es könnte wertvoll sein, Ihre Abstammung physisch nachzuvollziehen, indem Sie es zu einer Reise machen. Wenn die Kirche Ihrer Vorfahren Kinder taufte, sehen Sie sich die Taufunterlagen an. Wenn Sie das genaue Geburtsdatum eines Vorfahren nicht wissen, kann die Taufe Ihnen helfen, ungefähr zu bestimmen, wann ein bestimmtes Familienmitglied geboren wurde. Die meisten Taufen erfolgen kurz nach der Geburt. Sie sollten auch in der Lage sein, Heirats- und Sterbeurkunden in den Kirchenarchiven zu finden. Kirchenunterlagen sind nicht immer vollständig. Wenn die Kirche weit von Ihnen entfernt ist, rufen Sie an, bevor Sie reisen.

### Instruction2:
Die Anleitung beschreibt, wie man über die US Volkszählung auf Ancestry.com genealogische Nachforschungen anstellt. Man sollte mit den jüngsten Vorfahren beginnen und die Volkszählungsdaten nutzen, um rückwärts in der Familiengeschichte zu forschen. Es wird empfohlen, die Namen und Geburtsdaten einzugeben, um die richtigen Personen zu finden, und auch andere Unterlagen wie Heirats-, Scheidungs- oder Einwanderungsdokumente zu berücksichtigen. Der Text hebt hervor, dass auch die Schreibweise von Namen variieren kann und dass es wichtig ist, die Aufzeichnungen gründlich zu überprüfen. Zudem wird geraten, die Kirchenunterlagen sowie Tauf- und Beerdigungsinformationen zu konsultieren, um mehr über die Vorfahren zu erfahren. Es wird auch empfohlen, bei Bedarf zu den Orten zu reisen, an denen Vorfahren lebten oder geheiratet haben, um die entsprechenden Dokumente zu finden.",6.197165250778198
034_7927,"### Instruction1:
Wenn Sie dazu aufgefordert werden, melden Sie sich bei dem Google-Konto an, in dem Sie Avery Label Merge installiert haben. Wenn Sie bereits eine Adressliste in Google Sheets haben, folgen Sie dieser Methode, um sicherzustellen, dass das Format korrekt ist. Es ist das erste große Feld in der oberen linken Ecke der Seite. Dies erstellt ein neues leeres Spreadsheet. Dies sind die Namen der Art von Daten in jeder Spalte. Avery Label Merge benötigt eine Kopfzeile an der Spitze jeder Spalte. Wenn Sie beispielsweise möchten, dass Ihre Etiketten den Namen, die Adresse, die Stadt, den Bundesstaat und die Postleitzahl eines US-Bewohners enthalten, können Sie A1 NAME, B1 STRASSE, C1 STADT, D1 BUNDESSTAAT und E1 POSTLEITZAHL nennen. Um dies zu tun, klicken Sie auf ""Unbenanntes Dokument"" in der oberen linken Ecke der Daten und geben Sie einen Namen ein (z. B. Adressen). Google Sheets speichert Ihre Daten automatisch.

### Instruction2:
Der Text beschreibt die Schritte zum Einloggen in ein Google-Konto für die Verwendung von Avery Label Merge und erstellt eine Adressliste in Google Sheets. Er erläutert, dass eine Kopfzeile für jede Spalte erforderlich ist, um die Daten korrekt zu formatieren. Beispiele für Spaltenüberschriften wie NAME, STRASSE, STADT, BUNDESSTAAT und POSTLEITZAHL werden gegeben. Außerdem wird darauf hingewiesen, dass Google Sheets die Daten automatisch speichert.",3.109344959259033
034_34806,"### Instruction1:
Ihr Thema wird Ihnen eher glauben, wenn Sie selbstbewusst über das sprechen, was Sie sagen. Versuchen Sie, nicht zu stottern oder nervös zu werden, selbst wenn Sie in etwas falsch liegen. Denken Sie daran, dass Sie derjenige mit den übernatürlichen Kräften sind. Ihr Thema hat Glück, in Ihrer magischen Präsenz zu sein! Wann immer Sie eine falsche Behauptung aufstellen, sagen Sie etwas wie: „Sind Sie sich sicher, dass das für Sie nichts bedeutet? Vielleicht hat sich die Bedeutung Ihnen noch nicht offenbart.“ Diese Technik, bekannt als „Fischen“, ermöglicht es Ihnen, Dinge über Ihr Thema zu erfahren, die Sie später in Ihrer Lesung verwenden können. Sie fischen nach Informationen, bis Ihr Thema anbeißt, indem es eine Ihrer Aussagen bestätigt. Zum Beispiel könnten Sie sagen: „Ich bekomme Visionen von einer Halskette, ich frage mich warum?“ Wenn Ihr Thema nicht reagiert, machen Sie weiter und versuchen Sie es erneut. „Ich sehe ein verschwommenes Bild eines weißen Hauses, was könnte das bedeuten?“ Wenn Ihr Thema einsteigt und Ihnen erzählt, dass ihre Großmutter in einem weißen Haus gelebt hat, nutzen Sie das als Ausgangspunkt für Ihre Lesung. Wenn Sie während der Lesung einen Nerv treffen und Ihr Thema viel über eine bestimmte Person oder ein bestimmtes Ereignis reden möchte, lassen Sie sie. Unterbrechen Sie sie nicht. Ihr Thema zu sprechen ist unbezahlbar, da sie Dinge über sich selbst offenbaren, die Sie später nutzen können, um Ihre übernatürlichen Fähigkeiten zu demonstrieren. Verwenden Sie diese Merkmale, um Dinge über sie abzuleiten, die Sie in Ihrer Lesung verwenden können. Vermeiden Sie jedoch alles Offensichtliche, das Ihr Thema bemerken würde, wie „lesen“, dass ihre Lieblingsband Metallica ist, während sie direkt vor Ihnen ein Metallica-Shirt tragen. Machen Sie sich keine Sorgen, wenn Ihre Ableitungen falsch sind, machen Sie einfach mit der Lesung weiter. Wenn Ihr Thema beispielsweise viel auf ihrem Platz fidget und eine Halskette mit einem Herzanhänger trägt, könnten Sie während der Lesung irgendwann sagen: „Ich spüre, dass Sie eine ängstliche Person sind, aber diese Ängstlichkeit verschwindet, wenn Sie bei Ihrer wahren Liebe sind.“ Dadurch wird das Risiko, falsch zu liegen, minimiert. Ihr Thema wird die harte Arbeit leisten, indem es die allgemeinen Aussagen an ihr Leben anpasst. Vermeiden Sie alles zu Spezifische, es sei denn, Sie verwenden Informationen, die Sie zuvor von Ihrem Thema gesammelt haben. Zum Beispiel könnten Sie etwas sagen wie: „Als Kind fühlten Sie sich manchmal unglücklich und als ob niemand Sie verstand.“ Diese Aussage könnte auf jeden zutreffen (die meisten Menschen erleben irgendwann in ihrem Leben Unglück oder Missverständnis als Kind), hat aber den Anschein, spezifisch zu sein. Viele Themen kommen mit bereits belastenden Problemen oder Wünschen in eine Lesung. Wenn Ihr Thema eifrig ist, etwas zu besprechen, oder Sie bemerken, dass es ein Thema ständig wiederholt, lenken Sie die Lesung in diese Richtung. Ihr Thema wird eher bereit sein, Ihnen zu glauben, wenn Sie ihnen sagen, was sie hören möchten. Wenn das Thema beispielsweise ständig ihren Ex erwähnt, könnten Sie sagen: „Sie haben nicht vor langer Zeit Herzschmerz erlebt, und es fällt Ihnen schwer, weiterzumachen. Ihre frühere Beziehung belastet Ihre Seele.“

### Instruction2:
Der Text gibt Tipps, wie man bei einer spirituellen Lesung Vertrauen und Glaubwürdigkeit aufbauen kann. Es wird empfohlen, selbstbewusst zu sprechen und Techniken wie „Fischen“ zu verwenden, um Informationen über das Thema zu sammeln. Man sollte auf die Reaktionen des Themas achten und die Lesung in die Richtung lenken, die für das Thema relevant ist. Allgemeine Aussagen sind vorzuziehen, um das Risiko von Fehlern zu minimieren, während man spezifische Informationen aus vorhergehenden Gesprächen verwenden sollte. Letztlich geht es darum, eine Verbindung herzustellen und das Thema dazu zu bringen, offen über sich selbst zu sprechen, um die eigene Glaubwürdigkeit zu stärken.",4.879297494888306
034_39065,"### Instruction1:
Rasierer sind dafür ausgelegt, relativ kurze Haare zu rasieren und verstopfen schnell und werden stumpf, wenn sie auf langem Haar angewendet werden. Um es zu trimmen, ziehe das Haar sanft von deinem Körper weg und schneide es dann mit kleinen, scharfen Scheren, vorzugsweise mit Haarschneidemaschinen, zusammen mit einigen, die mit Sicherheitsvorrichtungen ausgestattet sind, zurück. Alternativ kannst du einen elektrischen Scherentrimmer ohne rotierende Köpfe verwenden. Ziele auf Haare, die kürzer als 1/4"" (0,6 cm) sind. Wenn du neu im Rasieren des Schambehaarung bist, möchtest du vielleicht dein Haar ein paar Tage kurz lassen, da dies dir hilft, dich an das Gefühl zu gewöhnen, dort nackt zu sein. Es ist auch in Ordnung, deine Haare mit Scheren oder kleinen Haarschneidemaschinen zu trimmen, aber manche Menschen werden nervös, wenn sie solche Gegenstände in der Nähe eines so empfindlichen Körperteils haben. Wenn du dich mit der Verwendung dieser nicht wohlfühlst, probiere elektrische Rasierer. Sie sind speziell dafür ausgelegt, diese Art von Haaren zu rasieren, ohne zu nah zu kommen und deine Haut zu verletzen. Dies macht das grobe Schambehaarung viel einfacher zu rasieren. Es mag wie ein unnötiger Schritt erscheinen, aber es macht den etwas langwierigen Prozess viel überschaubarer. Wenn du keine Zeit für eine heiße Dusche oder ein Bad hast, lasse einfach ein Waschlappen unter warmem Wasser laufen und lege ihn auf deinen Bereich und lasse ihn etwa fünf Minuten lang liegen. Es ist wichtig, sowohl vor als auch nach dem Rasieren zu peelen, da dies hilft, alle Haare richtig nach außen auszurichten, während die abgestorbene Haut entfernt wird, was eine gründlichere Rasur ermöglicht und die Wahrscheinlichkeit verringert, dass der Rasierer einfängt und dich kratzt. Verwende unparfümierte Rasierschaum, -creme oder -gel, um deine Schambehaarung einzuschäumen. Es wird empfohlen, Rasierschaum oder -creme zu verwenden, die für das Rasieren von Schambehaarung anstelle von Gesichtshaaren entwickelt wurde. Teste die Rasierschaum immer an einem anderen Teil deines Körpers, bevor du ihn auf deine Schambehaarung aufträgst, da einige Menschen allergische Reaktionen auf bestimmte Produkte haben. Nur weil ein Produkt für Frauen vermarktet wird, bedeutet das nicht, dass es nur von den Damen genutzt werden kann. Rasierschaum für Frauen ist in der Regel sanfter als für Männer. Darüber hinaus ist Rasierschaum für Männer oft parfümiert, was zu Reizungen und schmerzhaften Stichen führen kann.

### Instruction2:
Der Text beschreibt, wie man sicher und effektiv Schambehaarung rasiert. Rasierer sind nicht für langes Haar geeignet, daher wird empfohlen, die Haare vorher mit Scheren oder Haarschneidemaschinen zu trimmen. Für Neulinge im Rasieren wird geraten, die Haare zunächst kurz zu halten, um sich an das Gefühl der Nacktheit zu gewöhnen. Elektrische Rasierer sind eine gute Alternative, um Verletzungen zu vermeiden. Eine Vorbereitung mit einem warmen Waschlappen und das Peelen der Haut sind wichtig, um eine gründliche Rasur zu gewährleisten und Hautirritationen zu minimieren. Es wird empfohlen, unparfümierte Rasierschaum oder -creme zu verwenden, die speziell für Schambehaarung geeignet ist, und vor der Anwendung auf Allergien zu testen.",4.546152591705322
034_3217,"### Instruction1:
Wenn Sie darauf abzielen, ein gesünderes Leben zu führen, geht es nicht darum, jedes ungesunde Essen zu vermeiden oder jeden Tag Sport zu treiben. Es geht um Mäßigung, die für Sie funktioniert. Viele Gesundheitsprofis empfehlen eine allgemeine Regel, die als 80/20-Regel bekannt ist. Das bedeutet, dass Sie 80% der Zeit gesunde Aktivitäten oder Dinge wählen, die ein gesünderes Leben fördern. 20% der Zeit können Sie etwas wählen, das ein wenig weniger gesund ist (wie zum Beispiel länger schlafen anstelle Ihres morgendlichen Trainings oder ein zusätzliches Glas Wein). Wenn Sie Ihre Ziele für ein gesünderes Leben verfolgen, stellen Sie sicher, dass Sie Leckereien und Spaß einbeziehen, die möglicherweise nicht unbedingt als „gesund“ angesehen werden. Diese Dinge unterstützen Ihre mentale und emotionale Gesundheit. Alle Gesundheitsprofis empfehlen, das Rauchen oder die Verwendung anderer Tabakprodukte einzustellen. Diese sind mit einer Vielzahl von Gesundheitsproblemen und Krankheiten verbunden, die von Lungenerkrankungen bis zu Nierenversagen reichen. Versuchen Sie, so schnell wie möglich mit dem Rauchen aufzuhören. Plötzlich aufzuhören ist schwieriger und kann mehr Nebenwirkungen mit sich bringen, aber es ist der schnellste Weg, um zu verhindern, dass Sie Ihrem Körper schaden. Wenn Sie Schwierigkeiten haben, aufzuhören, suchen Sie Ihren Arzt um Hilfe. Er kann Ihnen möglicherweise ein Medikament verschreiben oder Sie an ein Programm zur Raucherentwöhnung überweisen. Stress ist eine schwer zu kontrollierende Emotion, die Ihre Gesundheit stark beeinträchtigen kann. Chronischer Stress ist sehr häufig und kann Ihren Fortschritt in Richtung eines gesünderen Lebens beeinträchtigen. Stress kann eine Vielzahl von gesundheitsbezogenen Nebenwirkungen verursachen, darunter: Kopfschmerzen, Depressionen, Müdigkeit, erhöhtes Risiko für Herzinfarkte und Typ-2-Diabetes, Sodbrennen und verringerte Immunität. Engagieren Sie sich in anderen Verhaltensweisen, um sich zu beruhigen, Stress und Angst abzubauen. Probieren Sie: Meditation, Yoga, leichte Bewegung, Musik hören, mit einem Freund sprechen oder eine heiße Dusche oder ein Bad nehmen. Diese Gesundheitsprofis können Ihnen direkte Anleitungen geben, wie Sie Ihren Stress, einen hektischen Lebensstil und andere Lebenssituationen besser bewältigen können. Sie sollten mit Ihrem Hausarzt über einen örtlichen Therapeuten oder jemanden sprechen, den er Ihnen empfehlen kann. Eine Therapie ist nicht nur für Menschen mit einer signifikanten psychischen Erkrankung wie Depressionen reserviert. Viele Studien haben gezeigt, dass Menschen jeden Alters und Hintergrunds von einem Therapeuten oder Lebenscoach profitieren können. Mehr Schlaf zu bekommen hilft Ihnen, sich ausgeruhter zu fühlen und bereit zu sein, den Tag am Morgen zu beginnen. Es gibt Ihrem Körper mehr Zeit, sich selbst zu regenerieren! In dieser Zeit repariert sich Ihr Körper auf zellulärer Ebene. Es wird empfohlen, jede Nacht zwischen 7 und 9 Stunden Schlaf zu bekommen. Um Ihnen einen erholsamen Schlaf zu ermöglichen, sollten Sie kurz vor dem Schlafengehen keinen Sport treiben, alle Elektronik ausschalten, alle Lichter und Geräuschquellen abstellen. Dies hilft Ihnen, den besten Schlaf zu bekommen. Ignorieren Sie chronische Schlafprobleme nicht. Wenn Sie nicht genug Schlaf bekommen, nicht gut schlafen oder sich nicht ausgeruht fühlen, sollten Sie einen Termin bei Ihrem Arzt vereinbaren, um zu prüfen, ob er Ihnen bei diesem Problem helfen kann.

### Instruction2:
Der Text gibt Ratschläge für ein gesünderes Leben und betont die Bedeutung von Mäßigung, anstatt jede ungesunde Wahl zu vermeiden. Die 80/20-Regel wird empfohlen, wobei 80% der Zeit gesunde Entscheidungen getroffen werden sollten, während 20% auch weniger gesunde Optionen zulässig sind. Es wird empfohlen, das Rauchen aufzugeben, da es gesundheitliche Risiken birgt, und Stressbewältigungsstrategien wie Meditation und Bewegung zu nutzen. Der Text ermutigt auch, bei Schlafproblemen einen Arzt aufzusuchen, um eine geeignete Behandlung zu finden. Schlaf ist wichtig für die körperliche Regeneration, und es wird empfohlen, 7 bis 9 Stunden Schlaf pro Nacht zu bekommen.",5.571352481842041
034_27176,"### Instruction1:
Die besten Bilderbücher sind einfach, aber irgendwie tiefgründig in den Geschichten, die sie erzählen. Denke an die Bücher von Dr. Seuss; sie hatten immer sehr einfache Erzählungen, aber die verwendeten Ideen hatten viel Gewicht. Denke an ein hohes Konzept, das etwas beinhaltet, das eine breite Altersgruppe anspricht. Selbst wenn du in Versuchung gerätst, versuche, die Geschichte nicht in eine Morallehre zu verwandeln. Sehr wenige Leser werden wirklich daran interessiert sein, eine verschleierte Lektion in Etikette oder Verhalten zu lesen. Wenn du mehr ein Illustrator als ein Geschichtenerzähler bist, kannst du immer eine bestehende Geschichte illustrieren. Es gibt unzählige Bilderbücher auf dem Markt, die auf klassischen Märchen basieren. Inspiration für Geschichten kann gefunden werden, indem man in Medien eintaucht. Filme, Musik und Bücher sind allesamt willkommene Vorlagen für deine eigenen Geschichten. Die meisten Geschichten benötigen interessante Charaktere, um die Handlung zu bevölkern. Nachdem du etwas Zeit damit verbracht hast, einen Plot zu entwickeln, sollten die Charaktere relativ natürlich kommen. Während du eine grundlegende Vorstellung von der Rolle jedes Charakters in der Geschichte haben solltest, ist es wichtig, ihnen jeweils eine persönliche Note zu geben. Die besten Charaktere sind leicht vorstellbar, als hätten sie ein eigenes Leben außerhalb der Grenzen der Erzählung. Während du Charaktere entwirfst, solltest du auch darüber nachdenken, wie sie in deinen Illustrationen aussehen werden. Visuell eintönige Charaktere mit einem reichen psychologischen Profil sind wahrscheinlich nicht für ein Bilderbuch geeignet. Tiere sind in Kinderbilderbüchern sehr beliebt. Tiere haben eine universelle Anziehungskraft, und sie zu vermenschlichen, um menschliche Rollen zu füllen, macht sie für einige Leser weniger anstößig. Allgemein gesagt, sind Tiere auch interessanter zu zeichnen. Verwende einen Textverarbeiter, um die Geschichte nach deinem Ermessen zu schreiben und sie in einen klaren Anfang, Mittelteil und Ende zu unterteilen. In dieser Phase des Schreibens musst du dir keine Sorgen um die richtige Wortwahl machen. Du versuchst nur, die Ideen in einen grundlegenden Rahmen zu bringen. Von dort aus kannst du den Stil eines Schriftstellers hinzufügen und dein Wortspiel verbessern. Halte deinen Wortzähler bei etwa 500 Wörtern. Alles darüber hinaus wird schwierig in das Buch zu passen und wird von den Illustrationen ablenken. Es ist am besten, taktisch und effizient mit deiner Wortwahl umzugehen. Mit deiner gesamten Erzählung geschrieben, musst du sie in so viele Seiten unterteilen, wie du für die Geschichte in deinem Buch hast. Füge mindestens eine Aktion pro Bild hinzu; anywhere von einem bis vier Sätzen pro Seite sollte großartig sein. Es wird viel einfacher sein, deine Arbeit jetzt zu bearbeiten, da sie in kleinere Abschnitte unterteilt ist. Konzentriere dich auf einen Abschnitt nach dem anderen und verwandle die Vorlage, die du hast, in stilvolles und formales Schreiben. Während die Einzelheiten wirklich je nach deinem Ton als Schriftsteller und dem Thema variieren werden, ist es normalerweise entscheidend, prägnant und poetisch zu bleiben für Bilderbücher. Verwende einfache, effektive Sprache, die den Illustrationen, die du einfügen wirst, zugute kommt. Einfache Reime sind hilfreich, aber baue dein Schreiben nicht speziell um sie herum auf. Ein mittelmäßiger Reim ist schlimmer als kein Reim überhaupt. Alliteration ist ein einfacher Trick und lässt das Schreiben melodischer klingen.

### Instruction2:
Der Text behandelt, wie man ein erfolgreiches Bilderbuch erstellt. Er betont die Wichtigkeit einfacher, aber bedeutungsvoller Geschichten, die ein breites Publikum ansprechen, ohne in moralische Lehren abzudriften. Illustratoren wird geraten, bestehende Geschichten zu verwenden oder von klassischen Märchen inspiriert zu werden. Charaktere sollten interessant und lebendig sein, und Tiere sind eine beliebte Wahl wegen ihrer universellen Anziehungskraft. Der Schreibprozess wird beschrieben, indem man die Geschichte in einen klaren Anfang, Mittelteil und Ende unterteilt. Der Text empfiehlt, sich auf eine Wortanzahl von etwa 500 Wörtern zu beschränken und die Arbeit in kleinere Abschnitte zu unterteilen, um das Bearbeiten zu erleichtern. Schließlich werden Tipps für einen prägnanten und stilvollen Schreibstil gegeben, der die Illustrationen ergänzt.",5.293845653533936
034_5396,"### Instruction1:
Gehe in den Webbrowser deines Computers zu https://support.apple.com/en-us/ht204217. Dies ist die Website, auf der Apple verschiedene iPod-Modelle auflistet. Klicke oben auf der Seite auf die iPod-Option, die mit deinem iPod-Modell übereinstimmt. Dies bringt dich zur neuesten Generation deines ausgewählten iPods. Wenn du dir nicht sicher bist, welches iPod-Modell du hast, scrolle nach unten, bis du einen iPod siehst, der deinem ähnelt. Scrolle durch die verschiedenen Generationen von iPods, bis du ein Modell findest, das deinem ähnelt. Unter der Überschrift der Modellgeneration siehst du eine Liste der im iPod enthaltenen Funktionen. Wenn die auf der Website aufgelisteten Funktionen mit den Funktionen deines iPods übereinstimmen, hast du die Generation deines iPods gefunden. Wenn die Funktionen unter der aktuellen Generation nicht mit deinem iPod übereinstimmen, scrolle eine Generation nach unten und wiederhole den Vorgang. Wenn du die Generation deines iPods anhand der visuellen Darstellungen auf der Apple-Website nicht herausfinden kannst – oder wenn du einfach die Generation deines iPods überprüfen möchtest – mache Folgendes: Finde die Modellnummer deines iPods (der fünfstellige Code neben ""Modell"" auf der Rückseite deines iPods). Drücke Ctrl+F (Windows) oder ⌘ Command+F (Mac), um das ""Suchen""-Fenster auf der Apple-Website zu öffnen. Gib die Modellnummer deines iPods ein. Finde die Überschrift der Generation über der Nummer.

### Instruction2:
Um die Generation deines iPods zu bestimmen, besuche die Apple-Website und wähle die iPod-Option aus, die deinem Modell entspricht. Vergleiche die aufgelisteten Funktionen des Modells mit den Funktionen deines iPods. Wenn sie übereinstimmen, hast du die Generation gefunden. Andernfalls scrolle zur nächsten Generation und wiederhole den Vorgang. Wenn du die Generation nicht visuell bestimmen kannst, finde die Modellnummer auf der Rückseite deines iPods und verwende die Suchfunktion auf der Website, um die Generation zu ermitteln.",3.114701509475708
034_16434,"### Instruction1:
Bevor du dich vollständig entscheidest, einen Freund zu haben, frage deine Eltern nach ihren Regeln für dich in Bezug auf das Dating. Sie könnten vorschlagen, dass du wartest, bis du in der High School bist, oder sogar bis nach dem Abschluss der High School. Wenn sie möchten, dass du dich auf die Schule oder andere Dinge konzentrierst, könntest du nicht in der Lage sein, zu entscheiden, ob du jetzt einen Freund haben kannst. Wenn du mit deinen Eltern sprichst, stelle sicher, dass du nach der Ausgangssperre fragst, ob du mit deinem Freund fahren kannst, ob du zuerst in Gruppen ausgehen solltest oder ob sie spezielle Regeln für dich haben. Einige gute Fragen, die du deinen Eltern stellen könntest, sind: ""Wann hast du angefangen zu daten?"" und ""Wünschst du, du hättest gewartet, um mit dem Dating zu beginnen?"" Deine Eltern haben dein Bestes im Sinn, daher solltest du versuchen, ihre Wünsche zu respektieren, auch wenn du nicht mit ihnen übereinstimmst. Um sie zu überzeugen, könnte es helfen, wenn du einen bestimmten Jungen, den du daten möchtest, mitbringst, damit er deine Eltern trifft. Deine Eltern haben möglicherweise eine bessere Vorstellung von deinem Reifegrad. Und ihnen zuzuhören ist eine großartige Möglichkeit, um ihnen zu beweisen, dass du reif genug bist, um erwachsene Entscheidungen zu treffen. Es kann leicht sein, sich im Nervenkitzel des Datings und beim Hören von den Partnern deiner Freunde zu verlieren und selbst einen zu wollen. Denk daran, dass nur weil alle etwas tun, es nicht bedeutet, dass es die beste Idee ist. Wenn deine Freunde noch nicht daten, wegen der Regeln ihrer Eltern oder alle weiterhin in Gruppen zusammen abhängen, musst du vielleicht noch nicht alleine mit einem Jungen Zeit verbringen. Frage deine Freunde, ob du mit ihnen und ihrem Partner abhängen kannst, um eine Vorstellung davon zu bekommen, wie es ist, in deinem Alter zu daten. Aber wenn deine Freunde glücklich mit Partnern zusammen sind, könntest du auf dem gleichen Reifegrad wie sie sein und mit einem Freund umgehen können. Achte nur darauf, dass du die Entscheidung für dich selbst und nicht für deine Freunde triffst. Sei vorsichtig. Nur weil deine Freunde möglicherweise alle Freunde/Freundinnen haben, bedeutet das nicht, dass du einen haben musst. Du könntest alt genug sein, aber fühle dich nicht gedrängt, einfach das Angebot eines Jungen für ein Date anzunehmen, nur weil du einen Freund möchtest. Finde ein älteres verheiratetes Paar oder ein Paar, das schon lange zusammen ist. Frage nach ihrer Liebesgeschichte und wie sie sich kennengelernt haben. Das Hören von Erfahrungen anderer Paare kann dir helfen zu entscheiden, ob du warten möchtest, bis dich jemand Besonderes fragt, oder ob du bereit bist, sofort einzusteigen. Möglicherweise stellst du fest, dass du auf jemanden Warten möchtest, der dich umwirbt, oder du hast diese Person vielleicht bereits gefunden. Ältere Paare haben mehr Erfahrung in einer Beziehung. Sie werden eine bessere Quelle für Ratschläge sein, nicht dein Freund, der jede Woche einen anderen Freund hat. Stelle Fragen wie: ""Wann hast du deinen Ehepartner kennengelernt?"" oder ""Denkst du, dass Verkuppelung besser ist als Dating?"" oder ""Was für Dates habt ihr gemacht?""

### Instruction2:
Der Text behandelt die Überlegungen eines Jugendlichen, bevor er sich entscheidet, einen Freund zu haben. Es wird empfohlen, zuerst mit den Eltern zu sprechen und ihre Regeln zu respektieren, da sie das Beste für ihr Kind wollen. Fragen zu Ausgehzeiten, Fahrten mit dem Freund und Gruppendates werden angesprochen. Der Text rät auch dazu, Erfahrungen älterer Paare zu hören, um eine fundierte Entscheidung zu treffen. Es wird betont, dass man sich nicht von Freunden unter Druck setzen lassen sollte und dass man die Entscheidung, einen Freund zu haben, für sich selbst treffen sollte.",4.928541421890259
034_56095,"### Instruction1:
Sobald du die oben genannten Schritte abgeschlossen hast, hast du ein paar Dates gehabt und hast das Gefühl, dass es gut läuft, ist es eine gute Idee, ehrlich über deine Gefühle zu sein. Während es Zeit brauchen kann, sich zu verlieben, kannst du schnell starke Gefühle entwickeln, um ernster zu daten, was natürlich dazu führen könnte, dass ihr Freund und Freundin werdet. Es mag ein wenig beängstigend sein, aber es könnte sich lohnen, denn in einer großartigen Beziehung zu sein, kann zu einem glücklicheren und erfüllteren Leben beitragen. Sobald du die ersten Phasen, einander kennenzulernen, überwunden hast, sei ehrlich über deine Gefühle. Wenn deine Gefühle tiefer werden, ist es völlig in Ordnung, diese Informationen zu teilen. Eine Beziehung ist eine Straße mit zwei Richtungen, und es ist wichtig, ihm wirklich zuzuhören, anstatt nur darüber zu sprechen, wie du dich fühlst. Nimm aktiv am Zuhören teil, was der Prozess ist, ihm zuzuhören, damit du wirklich hörst, was er sagt, anstatt zuzuhören, um einfach zu antworten, um deinen eigenen Vorteil zu wahren. Wenn du deine Gefühle teilst und er nicht dasselbe empfindet, sei nicht verärgert oder mach dir Sorgen darüber. Wenn jemand deine Gefühle nicht erwidert, bedeutet das nicht, dass du eine schlechte Person bist oder nicht gut genug bist, es bedeutet nur, dass ihr nicht kompatibel seid. Nicht alle Beziehungen sind gesunde Beziehungen. Es ist wichtig, auf Anzeichen zu achten, die du während der Anfangsphasen deiner Beziehung sehen könntest. Probleme wie unkontrollierbare Wut oder missbräuchliche Kommunikation sind Dinge, auf die du achten solltest, denn sie gehören nicht zu einer gesunden Beziehung. Stelle ihn deinen engen Freunden und deiner Familie vor, wenn du dich dabei wohlfühlst. Manchmal bemerken sie potenzielle Probleme, die du nicht sehen kannst. Wenn du ihn magst, aber kleinere Bedenken hast, ist es völlig in Ordnung, ein Gespräch mit ihm über deine Bedenken zu führen, damit sie gelöst werden können, bevor du mit der Beziehung fortfährst.

### Instruction2:
Der Text ermutigt dazu, ehrlich über Gefühle in einer Beziehung zu sprechen, insbesondere nach einigen Dates, wenn die Dinge gut laufen. Es wird betont, dass es normal ist, Zeit zu brauchen, um sich zu verlieben, und dass starke Gefühle für eine ernsthafte Beziehung schnell entstehen können. Kommunikation ist wichtig, ebenso wie aktives Zuhören. Wenn Gefühle nicht erwidert werden, sollte man sich nicht entmutigen lassen, da das nicht die eigene Wertigkeit mindert. Es wird auch auf die Bedeutung gesunder Beziehungen hingewiesen, indem man auf Warnzeichen achtet und gegebenenfalls Freunde und Familie um Rat bittet. Offene Gespräche über Bedenken sind wichtig, um Probleme frühzeitig zu klären.",3.818594217300415
034_21826,"### Instruction1:
Die Größe Ihres Personals variiert je nach Größe Ihres Hotels. Für ein kleines Bed & Breakfast könnten Sie die Unterkunft mit nur wenigen Helfern betreiben. Hotels mit mehreren Zimmern, auch kleine wie Ihres, benötigen in der Regel ein Team von Mitarbeitern, um einen reibungslosen Betrieb sicherzustellen. Bei der Suche nach Personal sollten Sie mindestens die folgenden Positionen in Betracht ziehen. Reinigungskräfte. Sauberkeit sollte Ihre oberste Priorität beim Betrieb Ihres Hotels sein. Ein schmutziges Hotel wird schnell einen schlechten Ruf bekommen und Kunden werden nicht kommen. Je nach Größe Ihres Hotels benötigen Sie möglicherweise nur eine Reinigungskraft oder ein Team. Eine Reinigungskraft kann normalerweise etwa 10-15 Zimmer pro Tag abdecken, also denken Sie daran, wenn Sie einstellen. Empfangspersonal. Auch kleine Hotels müssen in der Regel jederzeit jemanden an der Rezeption haben. Sie könnten dies selbst während einiger Stunden tun, aber Sie benötigen ein Team, um die Rezeption 24 Stunden am Tag zu besetzen. Ein Wartungsarbeiter. Ein oder zwei Wartungsarbeiter sollten für ein kleines Hotel ausreichend sein. Sie müssen allgemeine Arbeiter sein, die eine Vielzahl von Aufgaben erledigen können: Sanitär, Malerei, Reparaturarbeiten, Elektrik usw. So können Sie Ihre Wartungsarbeiter mit kleineren Aufgaben betrauen, und wenn sie etwas nicht erledigen können, können Sie einen Fachmann beauftragen, um eine umfassende Arbeit zu leisten. Ein Koch. Wenn Sie planen, Essen in Ihrem Hotel anzubieten, benötigen Sie mindestens einen Koch. Kleinere Hotels bieten möglicherweise nur Frühstück an, sodass Sie den Koch nur für ein paar Stunden am Tag benötigen. Interviewen Sie alle Ihre potenziellen Mitarbeiter gründlich und sprechen Sie auch mit deren Referenzen. Sie sollten auch Hintergrundüberprüfungen durchführen. Denken Sie daran, dass Ihre Mitarbeiter Zugang zu den Zimmern und persönlichen Gegenständen Ihrer Gäste haben werden. Sie sollten sicherstellen, dass alle Ihre Mitarbeiter vertrauenswürdig sind, bevor Sie ihnen diesen Zugang gewähren. Sie sollten spezifische Systeme einrichten, die alle Ihre Mitarbeiter befolgen sollen. Auf diese Weise können Sie ein konsistentes Serviceniveau für Ihre Gäste garantieren. Lassen Sie alle Mitarbeiter dieses Handbuch im Rahmen ihrer Schulung lesen. Legen Sie im Handbuch genau dar, was Sie von jedem Mitarbeiter erwarten. Betonen Sie, dass alle Gäste freundlich behandelt werden sollen. Ohne guten Service werden Ihre Kunden nicht zurückkommen, und Ihr Geschäft wird scheitern. Geben Sie auch an, welche Arten von Aktivitäten auf dem Gelände verboten sind, und erläutern Sie, wann eine Kündigung eine mögliche Folge ist. Wöchentliche oder monatliche Besprechungen helfen Ihnen, ein gutes Verhältnis zu Ihrem Personal zu pflegen. Sie sollten diese Besprechungen nutzen, um Ihrem Personal mitzuteilen, ob es etwas gibt, was es verbessern kann, und um Vorschläge zu erfragen, wie dies geschehen kann. Stellen Sie auch sicher, dass Sie gute Arbeit loben, damit sich Ihre Mitarbeiter wie Teil eines Teams fühlen. Hören Sie aufmerksam zu, wenn Vorschläge gemacht werden - auch wenn Sie der Eigentümer sind, haben Ihre Mitarbeiter Erfahrungen im Hotel, die Sie möglicherweise nicht haben, und sie sind in einer guten Position, um Änderungen vorzuschlagen. Sagen Sie Ihrem Personal, dass es Sie jederzeit ansprechen kann, um über Probleme oder Bedenken zu sprechen, und hören Sie zu, wenn dies geschieht. Sie sollten oft auf dem Hotelgelände sein und eine aktive Rolle im Management spielen. Dies wird das Personal mit Ihnen vertraut machen, und sie werden eher bereit sein, sich zu öffnen. Wenn Sie nie in der Nähe sind, werden Sie distanziert erscheinen, und Ihr Personal könnte sich unwohl fühlen, offen mit Ihnen zu sprechen.

### Instruction2:
Der Text beschreibt die personalen Anforderungen und Managementstrategien für den Betrieb eines Hotels. Die Größe des Personals hängt von der Größe des Hotels ab, wobei für kleine Hotels Positionen wie Reinigungskräfte, Empfangsmitarbeiter, Wartungsarbeiter und Köche notwendig sind. Sauberkeit ist entscheidend für den guten Ruf des Hotels. Es wird empfohlen, gründliche Interviews und Hintergrundüberprüfungen für potenzielle Mitarbeiter durchzuführen, da sie Zugang zu Gästezimmern haben. Ein Handbuch für Mitarbeiter sollte klare Erwartungen und Verhaltensregeln festlegen, um einen konsistenten Service zu gewährleisten. Wöchentliche Meetings werden empfohlen, um Feedback zu geben und die Beziehung zum Personal zu stärken. Der Eigentümer sollte aktiv im Hotel präsent sein, um ein offenes und kooperatives Arbeitsumfeld zu fördern.",5.3023681640625
034_13333,"### Instruction1:
Während du versucht sein könntest, deinen Lebensstil komplett zu überarbeiten, ist es nicht notwendig, große Veränderungen vorzunehmen, um im Moment zu leben. Beginne damit, neue Gewohnheiten nacheinander einzuüben. Sobald du das Gefühl hast, eine Gewohnheit gemeistert zu haben, füge etwas Neues hinzu. Versuche beispielsweise nicht sofort, 20 Minuten pro Tag zu meditieren, sondern starte mit drei Minuten pro Tag. Erhöhe die Zeit, sobald du dich mit der Meditation wohler fühlst. Geh zur Arbeit, während dein Handy in deiner Tasche ist. Texten oder telefonieren solltest du nur im Notfall. Achtsamkeit kann auch Teil deiner täglichen Routine sein. Du kannst Achtsamkeit in deinen Alltag integrieren, indem du bewusst die sensorischen Details von etwas, das du tust, wahrnimmst. Konzentriere dich auf den Anblick, den Klang, den Geruch und das Gefühl deiner täglichen Aktivitäten. Wenn du beispielsweise das nächste Mal deine Zähne putzt, achte auf den Geruch deiner Zahnpasta, das Geräusch der Bürste gegen deine Zähne und das Gefühl. Es ist normal, dass dein Geist abschweift, aber um im Moment zu leben, musst du deinen Fokus auf die Gegenwart richten. Wenn du bemerkst, dass dein Geist abschweift, lenke ihn sanft wieder auf die Gegenwart. Akzeptiere, dass dein Geist abschweift, ohne dich dafür zu verurteilen. Sei nicht verärgert, wenn dein Geist manchmal abschweift; das ist normal. Akzeptiere einfach, dass du dir eine kleine mentale Auszeit genommen hast, und richte deinen Fokus wieder auf die Gegenwart. Es kann schwierig sein, achtsam zu sein, wenn du sehr beschäftigt bist. Ein Achtsamkeitshinweis, wie ein Band um dein Handgelenk, ein Stiftstrich auf deiner Hand oder eine Münze in deinem Schuh, kann dir helfen, achtsam zu bleiben. Wenn du den Hinweis bemerkst, nimm dir einen Moment Zeit, um deine Umgebung wahrzunehmen. Du kannst auch etwas Externes wie das Zubereiten einer Tasse Tee, einen Blick in den Spiegel oder das Ausziehen deiner Schuhe nach der Arbeit als Hinweis verwenden. Nach einer Weile kannst du den Hinweis ignorieren, weil du dich daran gewöhnt hast. Wenn das passiert, ändere deinen Hinweis in etwas Neues. Möglicherweise lebst du nicht im Moment, weil du zu fest in deiner Routine verankert bist. Eine Möglichkeit, bewusster zu werden, besteht darin, deine Routine zu ändern. Du kannst etwas so Einfaches tun wie die Art und Weise zu ändern, wie du zur Arbeit fährst, wie du dich vorstellst oder eine Lieblingsgeschichte anpasst. Eine kleine Veränderung in einer deiner Routinen kann ausreichen, um dich deiner Umgebung bewusster zu machen. Versuche, einen anderen Weg für deinen Abendspaziergang zu nehmen oder ein neues Ritual zu deiner Schlafenszeit-Routine hinzuzufügen. Meditation ist eine großartige Möglichkeit, dein Gehirn zu trainieren, im Moment zu leben. Während du meditierst, übst du, deine Gedanken zu bemerken und sie einfach vorbeiziehen zu lassen. Das Erlernen der Meditation braucht Zeit, Übung und Anleitung, also ist es am besten, einen Meditationskurs in deiner Nähe zu finden. Wenn in deiner Nähe keine Kurse verfügbar sind, kannst du auch CDs kaufen, die dir helfen, die Meditation zu lernen. Um mit der Meditation zu beginnen, finde einen ruhigen Ort und mach es dir bequem. Du kannst entweder auf einem Stuhl oder auf einem Kissen auf dem Boden mit gekreuzten Beinen sitzen. Schließe deine Augen und konzentriere dich auf dein Atmen. Während du dich auf dein Atmen konzentrierst, versuche, dich nicht von deinen Gedanken ablenken zu lassen. Lass sie einfach geschehen und vorbeigehen. Ohne die Augen zu öffnen, beobachte die Welt um dich herum. Achte auch darauf, wie du dich fühlst. Was hörst du? Was riechst du? Wie fühlst du dich? körperlich? emotional? Stelle einen sanften Timer auf deinem Handy ein, damit du weißt, wann du aufhören sollst. Du kannst damit beginnen, für 5 Minuten zu meditieren und dich von dort aus zu steigern. Stelle sicher, dass die Menschen, mit denen du zusammenlebst, wissen, dass du meditieren wirst, und bitte sie, dich nicht zu stören.

### Instruction2:
Der Text beschreibt, wie man im Moment leben kann, ohne große Veränderungen vorzunehmen. Man sollte neue Gewohnheiten schrittweise einführen, z. B. mit kurzer Meditation beginnen und diese dann verlängern. Achtsamkeit kann in den Alltag integriert werden, indem man die Sinneseindrücke der täglichen Aktivitäten bewusst wahrnimmt. Es wird empfohlen, einen Achtsamkeitshinweis zu verwenden, um an die Gegenwart erinnert zu werden, und gegebenenfalls die Routine zu verändern, um bewusster zu werden. Meditation wird als effektive Methode hervorgehoben, um im Moment zu leben, und es wird geraten, sich einen ruhigen Ort zu suchen und auf das Atmen zu konzentrieren, während man lernt, Gedanken einfach vorbeiziehen zu lassen.",6.75148344039917
034_29702,"### Instruction1:
Wenn du und dein Hund bereits eine vertrauensvolle Beziehung aufgebaut haben, dann bist du auf dem besten Weg, den Bauch deines Hundes mit Leichtigkeit zu streicheln. Wenn dein Hund dir jedoch noch nicht vollständig vertraut, gibt es einige Dinge, die du tun kannst, um sein Vertrauen zu gewinnen. Sei ruhig, wenn du dich ihm näherst. Wenn dein Hund sich dir noch nicht geöffnet hat, wird es ihm helfen zu sehen, dass du nicht bedrohlich bist und dass er dir vertrauen kann, wenn du ruhig bleibst. Nähere dich ihm von der Seite, anstatt direkt von vorne auf ihn zuzugehen; ihn von vorne anzusprechen könnte einschüchternd für ihn sein. Wenn du seine Seite erreichst, knie dich hin oder setze dich in die gleiche Richtung, in die er schaut. Mach keinen direkten Blickkontakt, da direkter Blickkontakt als Bedrohung wahrgenommen werden kann. Wenn er sich wohler fühlt, wenn du in seiner Nähe bist, kannst du dich neben ihn setzen und ihn sanft streicheln. Mit ruhigen und beruhigenden Tönen mit ihm zu sprechen wird die Angst reduzieren, die er haben könnte, wenn du ihn berührst. Wenn dein Hund sich nicht von selbst auf den Rücken rollt, möchte er wahrscheinlich nicht, dass sein Bauch gestreichelt wird. Es ist sehr wichtig, dass du deinen Hund niemals zwForced, sich auf die Seite zu legen; das könnte ihn ängstlich und verärgert machen. Respektiere seinen Wunsch, nicht am Bauch gestreichelt zu werden. Bevor du den Bauch deines Hundes streichelst, beginne damit, seine Brust zu streicheln. Wenn er knurrt oder schnauft, wenn du ihn zu streicheln beginnst, höre sofort auf. Er gibt dir ein sehr starkes Zeichen, dass er nicht gestreichelt werden möchte. Das Knurren und Schnaufen kann auch Anzeichen von Aggression sein. Eine Reihe von Dingen, wie Schmerzen oder Verhaltensstörungen, könnte die Aggression verursachen. Dein Tierarzt kann verschiedene medizinische und Verhaltensuntersuchungen durchführen, um die Ursache der Aggression festzustellen. Wenn dein Hund keine Anzeichen von Unbehagen zeigt, wenn du ihn anfängst zu streicheln, mache weiter mit dem Streicheln seiner Brust. Du kannst sogar deine Finger durch sein Fell ziehen, um ihm mehr Komfort zu geben. Wenn dein Hund sich daran gewöhnt hat, dass du seine Brust streichelst, bewege deine Hand nach unten zu seinem Bauch, um damit zu beginnen, ihn zu streicheln. Bis jetzt sollte er sehr entspannt sein. Verwende langsame und schwingende Bewegungen. Mit ruhigen und beruhigenden Tönen mit ihm zu sprechen wird helfen, ihn entspannt zu halten. Dein Hund könnte anfangen, sein Hinterbein zu bewegen, wenn du seinen Bauch streichelst. Entgegen der Meinung vieler Menschen ist dies kein Zeichen dafür, dass du die kitzlige Stelle deines Hundes getroffen hast. Sein Beinbewegung ist tatsächlich eine unwillkürliche Reaktion, die als Kratzreflex bezeichnet wird. Der Kratzreflex tritt auf, wenn Nerven, die mit dem Rückenmark deines Hundes verbunden sind, unter der Haut aktiviert werden. Dein Hund wird sein Bein automatisch bewegen, weil sein Körper die Nervenaktivierung als Reiz auf der Haut wahrnimmt. Wenn du siehst, dass das Bein deines Hundes automatisch anfängt zu zappeln, höre auf, ihn in diesem Bereich seines Bauches zu streicheln und gehe zu einem anderen Bereich über. Wenn dein Hund den Bauchrubbel genießt, aber dann aufsteht und weggeht, lässt er dich wissen, dass er nicht mehr gestreichelt werden möchte. Dies ist ganz normales Verhalten, also gibt es keinen Grund zur Besorgnis. Wenn du fühlst, dass sein Körper sich anspannt, während du seinen Bauch streichelst, aber sich entspannt, nachdem du aufgehört hast, gibt er dir ein weiteres Zeichen, dass jetzt nicht der richtige Zeitpunkt für einen Bauchrubbel ist.

### Instruction2:
Um das Vertrauen deines Hundes zu gewinnen, nähere dich ihm ruhig von der Seite und vermeide direkten Blickkontakt. Beginne mit dem Streicheln seiner Brust und achte darauf, seine Reaktionen zu beobachten. Wenn dein Hund sich nicht auf den Rücken rollt oder Anzeichen von Unbehagen zeigt, respektiere dies und streichele ihn nicht am Bauch. Wenn er entspannt ist, kannst du vorsichtig seinen Bauch streicheln, wobei du langsame Bewegungen machst. Achte auf den Kratzreflex und wechsle den Bereich, wenn sein Bein zu zucken beginnt. Wenn dein Hund weggeht, ist das ein Zeichen, dass er nicht mehr gestreichelt werden möchte. Respektiere seine Wünsche und sei aufmerksam auf seine Signale.",6.025022983551025
034_53457,"### Instruction1:
Menschen, die Suizid versuchen, leiden eher unter einer schweren psychischen Erkrankung wie Depression oder Angstzuständen. Wisse, dass es Hilfe für dich gibt. Wenn deine suizidalen Gefühle durch ein bestimmtes Ereignis ausgelöst wurden, wie den Schmerz, verlassen worden zu sein, Arbeitsplatzverlust oder die Behinderung, denke daran, dass diese Art von situativer Depression dennoch durch eine Behandlung geholfen werden kann. Wenn du religiös bist und Zugang zu einem spirituellen Führer hast, versuche, mit ihm/ihr zu sprechen. Einige Menschen ziehen es vor, mit gläubigen Menschen zu sprechen als mit jemandem, der hauptsächlich in Psychologie ausgebildet ist. Diejenigen, die zum religiösen Dienst berufen sind, sind darin ausgebildet, Menschen in Krisen zu helfen, einschließlich Personen in Verzweiflung, die suizidal sein könnten. Wenn du an so etwas glaubst, kann ein spiritueller Führer dir helfen, den Schmerz zu lindern, indem er dir eine neue Perspektive bietet und dir einige Dinge zum Nachdenken gibt. Es gibt Unterstützunggruppen, sowohl online als auch in deiner Gemeinde, wo du Trost finden kannst, indem du mit anderen Menschen sprichst, die suizidale Gedanken haben oder Suizid versucht haben. Um eine Unterstützunggruppe zu finden, kannst du deinen Psychologen nach Informationen über Gruppentreffen fragen oder online nach Gruppen in deiner Nähe suchen. Das Wichtigste, an das du denken solltest, ist, dass du egal aus welchem Grund du dich so fühlst, nicht allein bist. Wende dich an Menschen, die für dich da sind und verstehen, wie es sich anfühlt, und helfen wollen. Wenn du einen guten Platz zum Starten suchst, versuche, dich mit einem der folgenden Dienste in Verbindung zu setzen: Rufe die National Suicide Prevention Lifeline unter 1-800-273-8255 (1-800-799-4TTY) an. Wenn du schwul, lesbisch, bisexuell oder trans* bist, rufe 1-888-THE-GLNH (1-888-843-4564) an. Wenn du ein Veteran bist, rufe 800-273-TALK und drücke 1. Wenn du ein Teenager bist, rufe die Covenant House Nine Line unter 1-800-999-9999 an. Sende eine anonyme E-Mail an das Samaritans-Suizidpräventionszentrum. Rufe einen Psychotherapeuten an. Schau in deinem Telefonbuch nach einer Liste von Personen in deiner Umgebung. Du kannst auch hier einen finden: http://locator.apa.org/. Sage ihm, wie du dich fühlst und dass du seine/ihre Hilfe benötigst. Bitte deinen Freund, dich an deine positiven Eigenschaften und Stärken zu erinnern oder über schöne Zeiten zu sprechen, die du hattest. Wähle einen Freund, von dem du denkst, dass er vertrauenswürdig ist. Mit untreuen Freunden über deine Situation zu sprechen, wird es nur schlimmer machen, da untreue Freunde nicht für dich da sein werden. Vermeide es, alleine zu sein. Stelle sicher, dass Freunde und Familie dich nicht aus den Augen lassen. Wenn du niemanden hast, der auf dich aufpasst, melde dich in einer Notaufnahme, um sicherzustellen, dass du nicht allein bist. Wenn du Teil einer Unterstützunggruppe bist, stütze dich auf andere Mitglieder deiner Gruppe für zusätzliche Unterstützung von Menschen, die wirklich verstehen, was du durchmachst und dir helfen können.

### Instruction2:
Der Text spricht über die Unterstützung von Menschen, die suizidale Gedanken haben oder Suizid versucht haben. Er betont, dass solche Gefühle oft mit ernsthaften psychischen Erkrankungen verbunden sind, wie Depressionen oder Angstzuständen, und dass es Hilfe gibt. Menschen wird geraten, mit einem spirituellen Führer zu sprechen oder Unterstützung in Gruppen zu suchen, in denen sie mit Gleichgesinnten kommunizieren können. Es werden verschiedene Hilfsdienste aufgeführt, die kontaktiert werden können, um Unterstützung zu erhalten. Der Text ermutigt dazu, sich an vertrauenswürdige Freunde oder Fachleute zu wenden und nicht allein zu bleiben.",5.054799556732178
034_10279,"### Instruction1:
Wenn du das Gefühl hast, dass es Zeit ist, bewerte dein Fitnesslevel neu. Wenn du dein Ziel für den Gewichtsverlust bereits erreicht hast, kannst du entscheiden, ob du noch mehr Gewicht verlieren oder stattdessen über Muskeldefinition nachdenken möchtest. Wenn dein Ziel war, 250 Pfund (110 kg) zu drücken, arbeite weiter und setze dir ein neues Ziel, 275 Pfund (125 kg) zu drücken. Deine erweiterten Ziele müssen sich nicht nur auf das Fitnessstudio beschränken. Hast du diesen einen Wanderweg seit deinem Beginn ohne Unterbrechung und mit Leichtigkeit bewältigt? Zeit für die schwierigere Strecke. Oder verlängere die Zeit, die du mit dem Training verbringst. Anstatt zweimal pro Woche für 20 Minuten zu trainieren, beginne damit, viermal pro Woche für 30 Minuten zu trainieren. Als weitere Alternative, wenn du mit dem Aussehen deines Körpers und der Menge an Muskeltonus, die du gewonnen hast, zufrieden bist, kannst du dir ein neues Ziel setzen, um deine aktuelle Stärke und Erscheinung zu erhalten. Vielleicht beinhaltet dein Trainingsprogramm verschiedene Aktivitäten, wie Gehen, Radfahren oder Rudern. Wenn du mehr Abwechslung möchtest, hör nicht dort auf. Mach einen Wochenendausflug mit deiner Familie oder verbringe einen Abend mit Gesellschaftstanz. Während du Aktivitäten erkundest, wirst du wahrscheinlich etwas finden, das dir gefällt. Wenn du das Gefühl hast, dass Swingtanzen überraschend angenehm war? Großartig! Das ist eine weitere Stunde pro Woche, in der du aktiv bleibst. Wenn du dieselbe 5 km Strecke fünf Tage die Woche läufst, geh nach draußen. Finde einen neuen Wanderweg, beginne abends zu laufen oder steig auf 7 km. Wenn das nicht genug ist, probiere eine ganz neue Aktivität aus. Bist du ein Yoga-Fan? Probiere Pilates. Hast du schon immer mit Kickboxen geliebäugelt? Mach es einfach. Während du Fortschritte machst, wirst du feststellen, dass dein Training einfach zu leicht ist. Es kann verlockend sein, damit zufrieden zu sein, aber fordere dich heraus. Zum Beispiel ist es klug, mit 2 Trainingseinheiten pro Woche zu beginnen. Nach 6 Monaten in diesem Tempo füge eine dritte Trainingseinheit pro Woche hinzu. Dann, einen Monat später, füge eine vierte und fünfte hinzu. Du kannst auch verschiedene Arten von Workouts abwechseln. Zum Beispiel gehe am Dienstag und Donnerstag ins Fitnessstudio und laufe ein paar Meilen am Montag und Mittwoch.

### Instruction2:
Der Text beschreibt, wie man seine Fitnessziele neu bewerten und anpassen kann, nachdem man ein ursprüngliches Ziel erreicht hat. Er ermutigt dazu, neue Herausforderungen zu suchen, sei es durch Gewichtsverlust, Muskeldefinition oder die Erhöhung der Trainingsfrequenz und -dauer. Der Leser wird motiviert, Abwechslung in seine Aktivitäten zu bringen, sei es durch unterschiedliche Sportarten oder neue Wege, um aktiv zu sein. Es wird auch empfohlen, schrittweise die Intensität des Trainings zu erhöhen und unterschiedliche Trainingsarten zu kombinieren, um die Fitnessroutine weiter zu verbessern.",4.569561243057251
034_10991,"### Instruction1:
Du solltest deine Zähne mindestens einmal täglich in Verbindung mit deinem regelmäßigen Zähneputzen mit Zahnseide reinigen. Zahnseide ist eine großartige Methode, um Zahnstein und Plaque zu entfernen, die das Zähneputzen manchmal nicht schafft. Du benötigst die richtige Länge von Zahnseide, um deine Zähne richtig zu reinigen. Eine angemessene Länge von Zahnseide ist die, die von deiner Hand bis zu deiner Schulter reicht. Sobald du diese Länge hast, wickelst du die Enden um deine Mittelfinger. Die Zahnseide sollte zwischen deinen Händen reichen, nachdem sie um deine Mittelfinger gewickelt wurde. Nachdem du die Zahnseide um deine Mittelfinger gewickelt hast, kannst du beginnen, sie zwischen deinen Zähnen zu bewegen. Befolge diese detaillierten Schritte, um das Beste aus deiner Zahnseide herauszuholen: Schiebe die Zahnseide zwischen deine Zähne. Biege die Zahnseide in eine „C“-Form. Bewege die Zahnseide vollständig auf und ab am Zahn, um Plaque oder Zahnstein zu entfernen. Biege die „C“-Form in die andere Richtung und bewege die Zahnseide erneut vollständig auf und ab am Zahn. Mache so weiter, bis du zwischen jedem Zahn Zahnseide verwendet hast. Nachdem du deine Zähne mit Zahnseide gereinigt hast, solltest du sie putzen und dann mit einer Mundspülung abschließen. Dies kann helfen, alle verbliebenen Partikel von Plaque oder Zahnstein zu entfernen, die während des Zahnseidegebrauchs gelockert wurden. Spüle die Mundspülung etwa dreißig Sekunden lang, bevor du sie ausspuckst. Du kannst die Mundspülung mit Wasser verdünnen, wenn sie zu stark ist. Putze gründlich und erreiche alle deine Zähne und nimm dir mindestens zwei Minuten Zeit.

### Instruction2:
Der Text gibt Anweisungen zur richtigen Verwendung von Zahnseide, um Zähne effektiv zu reinigen. Zunächst sollte man Zahnseide einmal täglich verwenden, um Plaque und Zahnstein zu entfernen, die das Zähneputzen möglicherweise nicht vollständig beseitigt. Es wird empfohlen, die Zahnseide von der Hand bis zur Schulter zu messen und sie um die Mittelfinger zu wickeln. Der Artikel beschreibt dann den Prozess des Zahnseidegebrauchs, indem die Zahnseide in eine „C“-Form gebogen und zwischen den Zähnen hin und her bewegt wird. Nach dem Zahnseidegebrauch sollte man die Zähne putzen und mit Mundspülung abschließen, um verbleibende Partikel zu entfernen.",3.8546855449676514
034_27362,"### Instruction1:
Für schwere Fälle von Achillessehnenentzündungen sollten Sie einen Physiotherapeuten konsultieren, um ein Stärkungsprogramm zu erstellen, das auf Ihre individuelle Verletzung zugeschnitten ist. Ein Physiotherapeut wird wahrscheinlich mit einfacheren Übungen beginnen und zu solchen übergehen, die eine größere Dehnung auf die Sehne ausüben. Selbst bei milden Fällen, in denen ein Physiotherapeut nicht notwendig ist, sollte man bedenken, dass sanfte Stärkungs- und Dehnungsoptionen immer empfohlen werden, wenn man eine Sehne heilt. Um diese Übung auszuführen, setzen Sie sich auf einen Stuhl mit Ihrer Ferse auf dem Boden. Beugen Sie sich nach unten und ziehen Sie Ihren großen Zeh nach oben und zu sich. Halten Sie die Position zunächst etwa fünfzehn Sekunden, steigern Sie jedoch allmählich die Zeit auf dreißig Sekunden. Sie können diese Übung bis zu vier Wiederholungen auf einmal und fünfmal am Tag durchführen. Um diese Übung auszuführen, setzen Sie sich auf den Boden oder eine Matte mit ausgestreckten Beinen und geraden Knien. Legen Sie ein Handtuch um Ihren Fuß am verletzten Bein, sodass es gerade unter Ihren Zehen hindurchgeht. Ziehen Sie mit beiden Händen am Handtuch, um Ihren Fuß zu Ihnen zu ziehen. Halten Sie die Position für 15-30 Sekunden. Sie können diese Übung bis zu vier Wiederholungen auf einmal und fünfmal pro Tag durchführen. Diese grundlegende Übung ist großartig, um die Wadenmuskeln und Ihre Achillessehne zu dehnen. Stellen Sie einen Fuß hinter sich mit der Ferse flach auf dem Boden. Lehnen Sie sich mit beiden Händen gegen eine Wand und verlagern Sie Ihr Gewicht auf Ihr gebeugtes, vorderes Bein. Drücken Sie langsam Ihre Hüften zur Wand, während Sie Ihren hinteren Fuß auf dem Boden halten. Halten Sie die Position zehn Sekunden lang. Sie werden ein starkes Ziehen in der Wade Ihres hinteren Beins spüren. Sie können diese Übung bis zu zwanzig Mal an jedem Fuß täglich wiederholen. Weitere Anweisungen für diese Wadenstreckübung finden Sie unter: Wie man die Waden dehnt. Fersenabfälle sind exzentrische Übungen, was bedeutet, dass sie einen Muskel straffen, während er sich verlängert, was sie großartig zum Dehnen macht. Um dies auszuführen, stehen Sie mit der Vorderseite beider Füße auf einer Treppe und heben dann Ihre Fersen an, bevor Sie sie so weit wie möglich absenken. Da der hintere Teil Ihrer Füße von der Treppe hängt, sollten Sie in der Lage sein, sie weiter abzusenken als den Rest Ihrer Füße. Führen Sie diese Übung langsam und kontrolliert für zwanzig Wiederholungen durch. Wenn Sie Kraft aufbauen, können Sie beginnen, Gewichte zu halten, um die Stärkung der Übung zu erhöhen. Sie können auch einseitige Fersenabfälle durchführen, die im Grunde dieselbe Übung sind, jedoch nur auf einem Bein. Beginnen Sie immer mit bilateralen Fersenabfällen und konsultieren Sie Ihren Physiotherapeuten, bevor Sie einseitige Fersenabfälle versuchen, da sie potenziell weitere Schäden an der Sehne verursachen können. Sie können mehrere Schritte in Bezug auf Übungen unternehmen, um eine erneute Verletzung der Sehne zu verhindern (oder sie überhaupt zu verletzen). Sie sollten: Langsam beginnen und das Aktivitätsniveau allmählich im Hinblick auf Übungen und Sport erhöhen Täglich dehnen Sich auf Wadenmuskelübungen konzentrieren Abwechselnd zwischen hoch- und niedrigbelastenden Übungen

### Instruction2:
Der Text beschreibt, wie man bei Achillessehnenentzündungen vorgehen sollte, einschließlich der Konsultation eines Physiotherapeuten für ein individuelles Stärkungsprogramm. Es werden verschiedene Übungen vorgestellt, die zur Dehnung und Stärkung der Achillessehne und der Wadenmuskulatur beitragen, darunter das Anheben des großen Zehs, das Dehnen mit einem Handtuch und Fersenabfälle. Empfehlungen zur Vermeidung weiterer Verletzungen beinhalten, langsam zu beginnen, täglich zu dehnen und Übungen mit unterschiedlichen Intensitäten abwechselnd durchzuführen.",4.747560739517212
034_44013,"### Instruction1:
Wenn die Frage aus mehreren Auswahlmöglichkeiten besteht, wähle die Antwort, die am längsten und spezifischsten ist. Dies ist oft die richtige Antwort. Wenn die Frage zum Beispiel eine kurze, vage Antwort für einige der Optionen bietet und dann eine längere, detailliertere Antwort für eine der Optionen, ist die längere Antwort wahrscheinlich korrekt. Manchmal sind lange und übermäßig detaillierte Antworten absichtlich so formuliert, um dich zu täuschen und zu glauben, dass es die beste Antwort ist. Nutze dein bestes Urteilsvermögen, um zu bestimmen, ob die Antwort am besten zur Frage passt. Die richtige Antwort ist oft grammatikalisch korrekt, wenn sie zusammen mit der Frage gelesen wird und/oder eine ähnliche Sprache mit der Frage teilt. Lies die Frage und dann jede der Antworten, um zu sehen, welche Antwort korrekt klingt. Wenn die Frage zum Beispiel die Vergangenheitsform verwendet und nur eine der Antworten in der Vergangenheitsform geschrieben ist, dann könnte dies die richtige Antwort sein. Ebenso, wenn die Frage bestimmte Begriffe enthält, die auch in einer Antwort vorkommen, könnte dies die richtige Antwort sein. Wenn du versuchst, die richtige numerische Antwort zu finden, wähle eine Zahl in der Mitte der bereitgestellten Zahlenoptionen. Wenn die möglichen Antworten also 1, 3, 12 und 26 sind, dann ist 12 eine gute Schätzung, weil es ungefähr in der Mitte zwischen 1 und 26 liegt. Wenn du dir unsicher bist, wähle C oder B bei Multiple-Choice-Fragen. C ist die häufigste Antwort bei Multiple-Choice-Prüfungen, und B ist die zweithäufigste Antwort. Wähle C, wenn du dir nicht sicher bist, welche Antwort du wählen sollst, und wähle B, wenn C falsch erscheint. Wenn du auf eine Frage stößt, bei der du keine Ahnung hast, was die richtige Antwort sein könnte, wähle C. Wenn du jedoch denkst, dass C falsch ist, aber nicht entscheiden kannst, welche der anderen Antworten richtig sein könnte, wähle B. ""Keine der oben genannten"" ist selten die richtige Antwort, aber ""alle oben genannten"" ist oft korrekt. Diese Regel kann dir helfen, deine Auswahl einzugrenzen, wenn du dir nicht sicher bist, wie du eine Frage beantworten sollst. Wenn du dir also über die Antwort auf eine Frage unsicher bist und ""alle oben genannten"" eine Option ist, dann wähle sie. Wenn ""keine der oben genannten"" angeboten wird, kannst du das als mögliche richtige Antwort ausschließen und dich auf deine anderen Optionen konzentrieren.

### Instruction2:
Die Passage gibt Strategien zur Beantwortung von Multiple-Choice-Fragen. Es wird empfohlen, längere und spezifischere Antworten zu wählen, da diese oft korrekt sind. Wenn die Frage in der Vergangenheitsform formuliert ist, sollte die Antwort ebenfalls in der Vergangenheitsform sein. Bei numerischen Antworten ist es ratsam, eine Zahl in der Mitte der Optionen zu wählen. Bei Unsicherheit sollte man C oder B wählen, wobei C die häufigste Wahl ist. Die Passage hebt hervor, dass ""alle oben genannten"" oft richtig ist, während ""keine der oben genannten"" selten zutrifft. Diese Regeln helfen dabei, die Auswahlmöglichkeiten einzugrenzen, wenn man sich unsicher ist.",3.9166667461395264
034_57116,"### Instruction1:
Schmerzen im Kiefer werden oft durch Zähneknirschen, auch bekannt als Bruxismus, oder durch Verspannungen der Muskeln rund um den Kiefer während des Schlafs verursacht. Eine Bissschiene, die Sie von Ihrem Zahnarzt erhalten können, ist ein abnehmbares Schutzgerät, das die Oberfläche der Zähne und des Zahnfleisches während des Schlafs abdeckt. Das Tragen einer Bissschiene in der Nacht kann helfen, diese Verspannungen zu verringern und damit die Schmerzen im Kiefer zu lindern. Symptome von Bruxismus können abgeflachte, flache, lockere oder abgebrochene Zähne, abgenutzter Zahnschmelz, erhöhte Zahnsensibilität, Kopfschmerzen, die in den Schläfen auftreten, Schmerzen, die wie Ohrenschmerzen sind, und Eindrücke auf Ihrer Zunge umfassen. Es wird nicht einfach sein, aber das Training Ihres Gehirns, um Verhaltensweisen zu stoppen, die Ihre Kieferprobleme verschlimmern, kann helfen, die Schmerzen zu lindern. Achten Sie beispielsweise darauf, wann Sie Ihren Kiefer zusammenbeißen. Sie können Ihr Gehirn trainieren, um zu erkennen, wann Sie Ihren Kiefer zusammenbeißen, indem Sie auf die Spannungen achten, wenn Sie bestimmte Aktivitäten ausführen. Überprüfen Sie Ihren Kiefer auf Verspannungen, wenn Sie durch eine Tür gehen, ein Browserfenster schließen oder zur Toilette gehen. Wählen Sie Handlungen, von denen Sie wissen, dass Sie sie täglich mehrmals ausführen. Ihren Mund zu weit zu öffnen kann auch dazu führen, dass Ihr Kiefer aus der Position springt. Um dies zu verhindern, halten Sie Ihren Mund so oft wie möglich geschlossen, wenn Sie gähnen, sprechen oder essen. Sie sollten auch versuchen, sich von Lebensmitteln fernzuhalten, die übermäßiges Kauen erfordern. Zu viel Kauen kann Schmerzen im Kiefer verursachen. Im Allgemeinen sollten Sie von Dingen wie Kaugummi, Sonnenblumenkernen, zähem Süßigkeiten und Eiswürfeln Abstand nehmen. Dehnen und Massieren Ihres Kiefers kann helfen, Schmerzen zu lindern und die Muskeln zu entspannen. Beginnen Sie damit, Ihren Kiefer einmal täglich vor dem Schlafengehen zu massieren. Wenn Sie mehr Schmerzen als gewöhnlich haben, fügen Sie eine zweite Sitzung am Morgen hinzu, bis die Schmerzen nachgelassen haben, und kehren Sie dann zur Massage nur einmal täglich zurück. Um Ihren Kiefer zu massieren, legen Sie Ihre Fingerspitzen auf Ihren Unterkiefer und bewegen Sie sie nach oben, während Sie auf die Haut drücken. Sobald Ihre Finger Ihre Kopfhaut erreichen, entfernen Sie sie und beginnen Sie die Bewegung erneut vom Unterkiefer. Tun Sie dies etwa 2 Minuten lang. Die meisten Kieferschmerzen verschwinden von selbst oder durch Selbstmassage und Dehnen. Wenn Sie jedoch anhaltende, starke Schmerzen haben, sollten Sie professionelle Hilfe in Anspruch nehmen. Sie sollten auch einen Fachmann aufsuchen, wenn Sie Schwierigkeiten beim Schlucken von Nahrung haben oder wenn es schmerzt, Ihren Kiefer zu öffnen und zu schließen. Ihr Zahnarzt oder Arzt kann sowohl TMJ diagnostizieren als auch Sie darüber informieren, welche Behandlung für Ihre Situation am besten geeignet ist. Wenn Ihr Kiefer in einer offenen oder geschlossenen Position blockiert ist, sollten Sie ins Krankenhaus oder in die Notaufnahme gehen, um Hilfe zu erhalten. Um einen blockierten Kiefer zu behandeln, wird der Arzt Sie auf ein angenehmes Niveau sedieren und dann den Kiefer manipulieren, bis er in die richtige Position zurückkehrt.

### Instruction2:
Der Text behandelt Kieferschmerzen, die häufig durch Zähneknirschen oder Muskelverspannungen verursacht werden. Das Tragen einer Bissschiene kann helfen, die Schmerzen zu lindern. Zu den Symptomen gehören abgeflachte Zähne, Zahnsensibilität und Kopfschmerzen. Es wird empfohlen, das Verhalten zu beobachten und den Kiefer nicht zusammenzubeißen oder zu weit zu öffnen. Auch eine Massage und Dehnung des Kiefers können hilfreich sein. Bei anhaltenden oder starken Schmerzen sollte professionelle Hilfe in Anspruch genommen werden.",5.2431464195251465
034_42262,"### Instruction1:
Neugeborene Meerschweinchen können gestresst werden, wenn sie von ihren Müttern getrennt sind, und sie sind viel empfindlicher. Sie frieren auch leicht, daher solltest du sie in einem warmen Bereich untersuchen und möglichst schnell sein. Es kann äußerst schwierig sein, das Geschlecht eines sehr jungen Meerschweinchens zu bestimmen. Du kannst warten, bis das Meerschweinchen 2-3 Wochen alt ist, um es zu bestimmen, da es dann einfacher ist, das Geschlecht zu erkennen. Da männliche Tiere jedoch mit 3 Wochen von ihren Müttern und Schwestern getrennt werden müssen, ist es entscheidend, sie bis zu diesem Zeitpunkt zu bestimmen. Andernfalls können sie ihre Mütter und Schwestern schwängern. Mach dir keine Sorgen über den Umgang mit jungen Meerschweinchen. Ihre Mutter wird sie nicht zurückweisen, und frühzeitiger Umgang kann helfen, sie weniger ängstlich gegenüber Menschen zu machen. Meerschweinchen können Krankheiten tragen, die Menschen infizieren, und sie können durch Dinge an deinen Händen (Handdesinfektionsmittel, Lotion usw.) betroffen sein. Daher ist es wichtig, deine Hände oft zu waschen. Mach dir keine Sorgen über das Tragen von Handschuhen. Sehr wenige menschliche Krankheiten können auf Meerschweinchen übertragen werden, und sie tragen wenig dazu bei, die Ausbreitung von Krankheiten von Tier zu Tier zu verhindern. Meerschweinchen sind oft empfindlich, wenn sie hochgehoben und längere Zeit festgehalten werden. Lege ein weiches, sauberes Handtuch auf eine niedrige, stabile Fläche, wie einen niedrigen Tisch oder den Boden, um dein Meerschweinchen zu schützen und ihm Komfort zu bieten. Meerschweinchen erschrecken leicht und kämpfen oft, wenn sie Angst haben. Vermeide es, dein Meerschweinchen zu erschrecken, indem du es sanft, aber fest um die Brust und Schultern hältst. Lege das Meerschweinchen auf den Rücken oder das Hinterteil, sodass der Bauch und der Genitalbereich dir zugewandt sind, und halte den Rücken des Meerschweinchens mit einer Hand. Das erleichtert dir die Untersuchung der Genitalien. Meerschweinchen mögen es nicht, lange auf dem Rücken zu liegen. Versuche, die Untersuchung schnell und effizient durchzuführen. Du möchtest vielleicht jemanden bitten, dir zu helfen, das Meerschweinchen während der Untersuchung festzuhalten, um den Prozess zu beschleunigen. Gib deinem Meerschweinchen währenddessen einen Leckerbissen. Das macht die Arbeit einfacher und reduziert die Angst.

### Instruction2:
Neugeborene Meerschweinchen sind empfindlich und können Stress empfinden, wenn sie von ihrer Mutter getrennt sind. Sie frieren schnell, daher sollte die Untersuchung in einem warmen Bereich erfolgen. Das Geschlecht kann schwierig zu bestimmen sein, bis die Tiere 2-3 Wochen alt sind, wobei eine frühzeitige Trennung der Männchen von weiblichen Tieren wichtig ist, um ungewollte Fortpflanzung zu vermeiden. Der Umgang mit jungen Meerschweinchen ist unproblematisch und kann ihre Angst vor Menschen verringern. Hygiene ist wichtig, da Meerschweinchen Krankheiten übertragen können. Bei der Untersuchung sollte das Tier sanft gehalten werden, um Stress zu minimieren, und eine schnelle, effiziente Handhabung ist ratsam. Ein Leckerbissen kann ebenfalls helfen, die Tiere zu beruhigen.",5.00778865814209
034_11752,"### Instruction1:
In einer einfachen Substitutionschiffre kannst du Buchstabenwerten andere Buchstaben zuweisen. Zum Beispiel könnte A C entsprechen und F könnte J entsprechen. Stelle sicher, dass du keine einfachen Kombinationen wie A = B oder A = Z wählst. Diese werden leicht geknackt. Mache Decoder-Ringe. Die Decoder-Ringe, die du vor Jahren in einer Schachtel Müsli bekommen hast, können nützlich sein, aber du kannst auch deine eigenen herstellen, wenn du möchtest. Schreibe deine Buchstaben von A bis Z in einen großen Kreis. Schreibe dann die substituierten Buchstaben in den großen Kreis, um ihren eigenen kleineren Kreis zu bilden. Jetzt hast du einen Schlüssel für deine Chiffre. Randomisiere die Chiffre. Sobald du deine Schlüssel hast und auch deine Freunde ihre haben, kannst du beide Ringe aus dem Papier ausschneiden. Drehe den kleineren Ring innerhalb des größeren äußeren Rings, um neue Substitutionen zu erstellen. Wenn du deine Notiz weitergibst, schreibe, was A entspricht, und der Leser weiß, wo er seine Ringe einstellen soll. Um eine etwas kompliziertere Substitutionschiffre zu erstellen, kannst du deine eigenen einfachen Symbole erstellen, die für Buchstaben stehen. Je mehr jedes Symbol anders aussieht als der Buchstabe, den es darstellt, desto schwieriger wird der Code zu knacken sein. Stelle sicher, dass jedes Symbol ebenfalls einfach und schnell zu zeichnen ist. Erstelle einen Schlüssel für deine neue Sprache. Mache einen Hauptschlüssel, der zeigt, welcher Buchstabe mit welchem Symbol übereinstimmt. Während du übst, in deiner neuen Schrift zu schreiben, wirst du mit den Symbolen vertrauter, aber du wirst anfangs einen Schlüssel benötigen, um dir zu merken, welches welches ist. Teile den Schlüssel mit Freunden. Deine Sprache wird nicht viel nützen, wenn nur du die Notizen lesen kannst, die du weitergibst! Teile den Schlüssel mit deinen Freunden und rate ihnen, ihn sicher aufzubewahren, damit ihn sonst niemand findet und die Symbole lernt. Schreibe deine Nachrichten in der neuen Sprache. Übe die Symbole, bis du sie so schnell lesen und schreiben kannst wie deine Muttersprache. Es wird eine Weile dauern, aber du wirst die Symbole im Laufe der Zeit gut kennenlernen. Zum Beispiel, tausche A mit (α) Alpha, B mit (β) Beta, C mit (Χ) Chi usw. aus dem griechischen Alphabet. Verwende ähnliche Zeichen für fehlende Buchstaben. Einige fremde Alphabete enthalten möglicherweise nicht alle Buchstaben in deiner Sprache. Griechisch hat kein Y, aber es gibt ein visuell ähnliches Upsilon (Y in Großbuchstaben), also könntest du das stattdessen verwenden. Stelle sicher, dass dein Leser weiß, dass du einige Buchstaben durch andere ersetzt, die nicht in der Sprache enthalten sind. Teste einige Beispiele. Zum Beispiel: ""See you tonight"" wird zu ""ΣΕΕ ΤΗΟΥ ΤΟΝΙΓΗΤ"", wobei ""you"" durch ""thou"" ersetzt wird, weil Griechisch kein Zeichen für ""Y"" hat. Zahlen fallen in Nachrichten mit viel Text oft auf, also versuche, einen besseren Weg zu finden, sie in deiner Chiffre zu verbergen. Zum Beispiel könntest du die ""8"" in ""See you tonight, 8 o'clock"" durch ""√(128/2)"" ersetzen. Die 8 wird durch eine einfache Mathematik ersetzt: die Quadratwurzel von (128/2=64)=8. Es ist relativ einfach, einen Substitutionscode zu knacken, weil du immer noch deine Muttersprache verwendest und nur die Buchstaben durch andere Buchstaben oder Symbole austauschst. Wörter wie ""und"", ""du"" und ""der"", die häufig in deinen Nachrichten vorkommen, können gefunden und verwendet werden, um Teile eines Schlüssels zusammenzusetzen. Häufige Buchstaben wie E, T und A helfen ebenfalls den Codeknackern, deine Nachricht zu entschlüsseln.

### Instruction2:
Der Text beschreibt, wie man eine einfache Substitutionschiffre erstellt, indem man Buchstabenwerte anderen Buchstaben zuweist. Es wird darauf hingewiesen, keine einfachen Kombinationen zu verwenden, um die Sicherheit zu erhöhen. Man kann Decoder-Ringe verwenden, um Substitutionen zu erstellen, und es wird empfohlen, auch eigene Symbole für Buchstaben zu entwerfen, um den Code zu erschweren. Es ist wichtig, einen Schlüssel für die neuen Symbole zu erstellen und diesen mit Freunden zu teilen, um die Nachrichten verständlich zu machen. Übung ist nötig, um die Symbole schnell lesen und schreiben zu können. Zudem wird auf die Möglichkeit hingewiesen, Zahlen in den Nachrichten zu verstecken, um die Entschlüsselung zu erschweren.",5.520578622817993
034_48345,"### Instruction1:
Eine schwangere Frau sollte täglich 2,6 Mikrogramm Vitamin B12 zu sich nehmen. Der Nachteil von Vitamin B12 ist, dass es nur in tierischen Lebensmitteln vorkommt. Daher sind die meisten Vegetarier in diesem wichtigen Nährstoff mangelhaft. Man kann jedoch genügend davon über Nahrungsergänzungsmittel und angereicherte Lebensmittel bekommen. Mögliche Quellen für dieses Vitamin sind Sojadrinks und angereicherte Frühstücksflocken wie Cornflakes. Vitamin B12 ist im Körper wichtig, da es zusammen mit Folsäure bei der fetalen Entwicklung hilft und an der Bildung roter Blutkörperchen beteiligt ist, da der Blutbedarf für das Baby und die Mutter steigt. Die Mutter wird ermutigt, auf Anzeichen eines Vitamin-B12-Mangels wie blasse Haut, blutendes Zahnfleisch und Schwäche zu achten. DHA ist für die normale Entwicklung des Gehirns und des Sehvermögens des Babys unerlässlich. Diese Hormone sind äußerst wichtig für das fetale Wachstum. Obwohl die Hauptquellen für DHA (und Jod) Meeresfrüchte sind, kann man auch Nahrungsergänzungsmittel verwenden, um sie in die vegane Ernährung aufzunehmen. DHA ist auch in pflanzlichen Lebensmitteln wie Leinsamen, Walnüssen, Mandeln, Rapsöl und Sojabohnen enthalten. Vegane DHA-Nahrungsergänzungsmittel aus Mikroalgen sind ebenfalls in Reformhäusern erhältlich. Außerdem sind die meisten Folsäure-Präparate heutzutage mit DHA angereichert. Man kann solche Ergänzungen wählen, um sicherzustellen, dass man genug DHA bekommt. Jod ist notwendig für die Produktion von Schilddrüsenhormonen. Ein Jodmangel kann zu einer Hypothyreose bei dir und dem Baby führen. Dies kann auch zu fetalen Anomalien oder Behinderungen führen. Wiederum ist die Hauptquelle Meeresfrüchte, aber man kann es auch durch Gewürze und Ergänzungen erhalten. Achte darauf, jodiertes Salz zum Würzen und Kochen zu verwenden, um einen Jodmangel zu vermeiden. Der empfohlene Salzkonsum beträgt jedoch 2300 mg – das sind nur ein Teelöffel! Zu viel kann deinen Blutdruck erhöhen. Übertreibe es nicht.

### Instruction2:
Schwangere Frauen sollten täglich 2,6 Mikrogramm Vitamin B12 einnehmen, das hauptsächlich in tierischen Lebensmitteln vorkommt, wodurch Vegetarier oft einen Mangel erleiden. Angereicherte Lebensmittel und Nahrungsergänzungsmittel können helfen, diesen Mangel auszugleichen. Vitamin B12 unterstützt die fetale Entwicklung und die Bildung roter Blutkörperchen. Anzeichen eines Mangels sind blasse Haut und Schwäche. DHA ist wichtig für die Gehirnentwicklung des Babys und kann durch pflanzliche Quellen wie Leinsamen und Nahrungsergänzungsmittel aus Mikroalgen zugeführt werden. Jod ist ebenfalls notwendig für Schilddrüsenhormone, und der Mangel kann zu gesundheitlichen Problemen führen. Jod ist vor allem in Meeresfrüchten enthalten, kann aber auch über Gewürze und jodiertes Salz aufgenommen werden. Es ist wichtig, die Salzaufnahme im Auge zu behalten, um Bluthochdruck zu vermeiden.",3.935462236404419
034_14500,"### Instruction1:
Beurteile den Biss, um zu evaluieren, wie schwerwiegend der Zustand des Opfers ist. Überprüfe Anzeichen wie Blutergüsse, durchstochene Haut, Blutung und Gegenstände, die in der Wunde stecken. Je schwerwiegender die Blutergüsse oder die Blutung aussehen, desto schlimmer ist der Biss. Ein Biss, der nur geringe Kratzer und Reizungen der Haut zeigt, ist wahrscheinlich nicht ernsthaft. Er sollte mit Seife und warmem Wasser gereinigt und während der Heilung überwacht werden, benötigt jedoch wahrscheinlich keine medizinische Aufmerksamkeit. Ein schwerer Biss, der zusätzliche Aufmerksamkeit benötigt, zeigt entweder schnelle starke Blutergüsse auf ungebrochener Haut, starke oder unkontrollierbare Blutungen auf gebrochener Haut, mehrere Einstiche in die Haut oder einen Gegenstand wie einen Zahn, der in der Haut steckt. Versuche, wenn möglich, schnell die Art des Tieres zu identifizieren, das den Biss verursacht hat. Natürlich giftige Reptilien, Amphibien und Spinnentiere können möglicherweise entgiftet oder nicht entgiftet sein, und Hunde mit starken Kiefern wie Pitbulls und Rottweilern können größere unmittelbare Verletzungen verursachen. Wenn das Haustier nicht deins war, frage den Besitzer, um welche Art von Tier es sich handelte, bis hin zur Spezies oder Rasse. Wenn du nicht weißt, ob eine bestimmte Art von exotischem Haustier giftig ist, suche schnell online oder rufe eine örtliche Tierarztpraxis an, um weitere Informationen zu erhalten. Ein wenig Blutung ist bei vielen Haustierbissen üblich, aber schnelle oder unkontrollierbare Blutungen können schnell problematisch werden. Schau dir die Bissstelle an, um zu sehen, ob Blut langsam aus der Verletzung tritt oder ob es einen schnellen Fluss oder starke Blutstöße gibt. Unabhängig davon, wie viel Blut verloren geht, versuche, den Blutfluss zu stoppen, indem du die Verletzung erhöhst und Druck auf die Wunde ausübst, wenn möglich. Verwende medizinische Mullbinden oder ein Handtuch, um zu verhindern, dass das Blut andere kontaminiert. Wenn du Blutverlust bemerkst, ist es wichtig, schnell zu handeln, um den Verlust zu verlangsamen und medizinische Hilfe in Anspruch zu nehmen. Nachdem du die Blutung unter Kontrolle hast, musst du sofort einen Arzt aufsuchen. Wenn du die Blutung innerhalb von 10 Minuten nicht stoppen kannst, rufe 911 an. Ein Verlust von nur 15 Prozent des Blutes einer Person kann negative Nebenwirkungen haben. Ein Haustierbiss, der die Haut durchbricht, verursacht wahrscheinlich eine Art von Unbehagen. Extreme Schmerzen können jedoch auf Probleme unter der Oberfläche hinweisen, wie z.B. Blutungen oder einen gebrochenen Knochen. Überprüfe beim Bissopfer, ob es ein identifizierbares Unbehagen unter der gebrochenen Haut spürt. Du kannst auch die Schmerzlevels testen, indem du sehr sanften Druck auf den betroffenen Bereich ausübst. Wenn das Bissopfer extrem auf eine normale Berührung reagiert, kann das auf ein Trauma unter der Haut hinweisen. Wenn der Biss mit einer anderen Kraft einherging, z.B. dass das Haustier die Person zu Boden gestoßen oder gegen eine Wand gedrängt hat, suche nach anderen möglichen Verletzungen wie schweren Blutergüssen, einer Gehirnerschütterung oder anderen Brüchen und Rissen in der Haut. Auch wenn der Biss nicht ernst ist, können begleitende Verletzungen es sein. Zusätzliche Verletzungen sind insbesondere häufig, wenn ein größeres Tier wie ein großer Hund ein Kind oder eine bereits verletzte Person beißt. Anzeichen für zusätzliches Trauma können Schmerzen oder Schwellungen an einem Punkt des Aufpralls, gebrochene Haut und/oder Blutungen oder starke Blutergüsse im betroffenen Bereich sein. Wenn du Anzeichen von körperlichem Trauma bemerkst, warte nicht ab, um zu sehen, ob weitere Probleme auftreten. Suche medizinische Hilfe in einer Klinik oder Notaufnahme. Lass die Ärzte alles wissen, was du über den Biss weißt, einschließlich der Art des Tieres, das ihn verursacht hat, wann es passiert ist und welche Schmerzen oder Symptome das Bissopfer berichtet hat. Du solltest eine Notfallbehandlung in Anspruch nehmen, wenn: der Biss von einem schweren Angriff stammt. es starke Blutungen gibt. es Verletzungen im Gesicht, an den Augen oder am Kopf gibt. der Biss von einem streunenden Haustier oder einem Haushund stammt, der keinen oder möglicherweise keinen Schutz gegen Tollwut erhalten hat.

### Instruction2:
Der Text gibt Anweisungen zur Beurteilung und Behandlung von Tierbissen. Zuerst sollte man die Schwere des Bisses durch Anzeichen wie Blutergüsse, Blutungen und Hautverletzungen bewerten. Leichte Bisse benötigen oft keine medizinische Hilfe, während schwere Bisse sofortige Aufmerksamkeit erfordern. Man sollte versuchen, das Tier zu identifizieren, das den Biss verursacht hat, und sich über eventuell giftige Tiere informieren. Bei Blutungen sollte der Blutfluss gestoppt werden, und bei ernsthaften Symptomen ist es wichtig, schnell einen Arzt aufzusuchen. Zusätzlich wird darauf hingewiesen, dass extreme Schmerzen auf ernsthafte innere Verletzungen hinweisen können, und dass bei größeren Tieren besondere Vorsicht geboten ist, insbesondere wenn sie Kinder oder verletzte Personen beißen.",7.110105991363525
034_30301,"### Instruction1:
Dörfer können in den Ebenen, Wüsten und Savannenbiomen gefunden werden. Das Dorf muss mindestens 2 Dorfbewohner haben. Sei geduldig. Dörfer sind nicht immer leicht zu finden. Möglicherweise musst du eine Weile erkunden, bevor du eines findest. Benutze die Karte, die du zu Beginn des Spiels erhältst, um deinen Standort im Auge zu behalten. Du kannst auch Zombie-Dorfbewohner heilen, indem du zuerst einen Spritztrank der Schwäche wirfst und ihnen dann einen goldenen Apfel gibst. Achte darauf, dass sie bis zur vollständigen Verwandlung nicht dem Sonnenlicht ausgesetzt werden, sonst verbrennen sie. Dorfbewohner paaren sich, solange die Gesamtbevölkerung der Dorfbewohner weniger als 35 % der Anzahl der gültigen Türen (abgerundet) in einem Dorf beträgt. Eine gültige Tür ist jede Tür, bei der eine Seite zu einem Raum mit Dach führt, während die andere Seite nach draußen führt. Um die Anzahl der Türen in deinem Dorf zu erhöhen, kannst du eine einzelne Struktur mit mehreren Türen bauen. Dorfbewohner lieben es, Pflanzen anzubauen. Die meisten Dörfer haben bereits ein paar Gärten gebaut. Du kannst mehr bauen, um die Dorfbewohner eher bereit zu machen, sich fortzupflanzen. Um Gärten zu bauen, finde einen gut beleuchteten Bereich, grabe einen Graben neben den Erdblöcken und fülle den Graben mit Wasser. Verwende dann eine Hacke, um die Erdblöcke zu bestellen. Du kannst Samen oder Gemüse in die Erdblöcke pflanzen oder die Dorfbewohner es selbst machen lassen. Du kannst auch Essen zu den Dorfbewohnern werfen. Dorfbewohner werden bereit zu paaren, wenn sie entweder 3 Brote, 12 Karotten oder 12 Kartoffeln in ihrem Inventar haben. Um Brot herzustellen, wähle einen Werkbank und lege drei Weizenhalme in eine beliebige Reihe des 3x3-Rasters. Ziehe das Brot in dein Inventar. Der Handel mit Dorfbewohnern ist der wichtigste Weg, um sie bereit zu machen, sich fortzupflanzen. Verschiedene Dorfbewohner haben unterschiedliche Gegenstände, die sie bereit sind, im Austausch gegen einen anderen Gegenstand zu handeln. Du musst die Gegenstände, die der Dorfbewohner möchte, in deinem Inventar haben, um mit ihnen zu handeln. Der Handel mit dem gleichen Dorfbewohner mehrere Male schaltet neue Gegenstände frei, die der Dorfbewohner handeln kann. Handle mit dem Dorfbewohner, bis ein neuer Handel erscheint, um ihn bereit zu machen. Danach haben nachfolgende Handelsaktionen eine 1 zu 5 Chance, den Dorfbewohner wieder bereit zu machen. Grüne Partikel erscheinen, wenn ein Dorfbewohner durch Handel bereit geworden ist. Bereit zu machen, bedeutet nicht automatisch, dass der Dorfbewohner einen Partner sucht. Zwei Dorfbewohner, die bereit sind, sich zu paaren, müssen sich in der Nähe befinden. Nachdem sie sich gepaart haben, sind die Dorfbewohner nicht mehr bereit und müssen wieder bereit gemacht werden.

### Instruction2:
Der Text beschreibt, wie man Dörfer in verschiedenen Biomen findet und die Dorfbewohner dazu bringt, sich fortzupflanzen. Um Dörfer zu finden, sind Geduld und die Nutzung der Karte erforderlich. Es wird erklärt, wie man Zombie-Dorfbewohner heilt und wie viele Dorfbewohner nötig sind, um sich fortzupflanzen. Es wird betont, dass Gärten den Dorfbewohnern helfen, sich fortzupflanzen, und wie man diese Gärten anlegt. Außerdem wird erläutert, wie Dorfbewohner durch das Handeln bereit gemacht werden können, sich fortzupflanzen, und dass sie sich nur paaren, wenn sie in der Nähe sind. Nach dem Paaren müssen sie erneut bereit gemacht werden, um sich wieder fortzupflanzen.",5.020239591598511
034_23954,"### Instruction1:
Das Erwachsenwerden als Teenager ist harte Arbeit. Während dein Körper viele Veränderungen durchläuft, verkabeln Hormone deinen Körper (und deine Emotionen!), sodass du Unabhängigkeit und sozialen Status wünschst. Das bedeutet, dass du Dinge für dich selbst tun möchtest und nicht möchtest, dass dir jemand sagt, was du tun sollst. Es bedeutet auch, dass du versuchst herauszufinden, wie du „dazupassst“, wo du hingehörst und wie du einzigartig unter deinen Freunden bist. Im Laufe des Monats ändern sich deine Hormonspiegel. Überraschenderweise passiert das auch bei Jungen, jedoch in geringerem Maße. Manchmal bemerken Mädchen eine Woche, die sie launisch macht. Beginne, deine Periode zu verfolgen, um herauszufinden, ob es mit PMS (prämenstruelles Syndrom) zusammenhängt. PMS tritt etwa eine Woche vor deiner Periode auf und kann Veränderungen im Essverlangen, Stimmungsschwankungen, Gewicht und deinem Sexualverlangen umfassen. Verwende einen Kalender oder eine Smartphone-App, die dafür entwickelt wurde, deine Periode zu verfolgen. Du solltest am ersten Tag deiner Periode mit dem Tracking beginnen. Das kann dir Hinweise geben, ob deine Stimmungsschwankungen mit deiner Periode übereinstimmen. Reduziere Salz, Koffein und Zucker, um die Symptome von PMS zu lindern. Das kann eine Trennung von einem besten Freund oder Freund, der Verlust eines Familienmitglieds oder Haustiers oder das Opfer von Gewalt oder Missbrauch sein. Wenn du starke Stimmungsschwankungen nach einem schwierigen oder traumatischen Ereignis bemerkt hast, können sie ein Gefühl von überwältigendem Stress anzeigen. Finde heraus, ob du das Ereignis alleine verarbeiten kannst oder ob du jemanden (wie einen vertrauenswürdigen Erwachsenen oder Therapeuten) um Hilfe bitten musst. Wenn du Trauma oder Missbrauch erlebt hast, benötigst du unbedingt die Unterstützung eines Fachmanns, um das Trauma zu verarbeiten.

### Instruction2:
Der Text beschreibt die Herausforderungen des Erwachsenwerdens als Teenager, insbesondere die hormonellen Veränderungen, die Unabhängigkeit und soziale Integration betreffen. Mädchen erleben oft Stimmungsschwankungen, die mit dem Menstruationszyklus verbunden sein können, insbesondere im Zusammenhang mit PMS. Es wird empfohlen, den Zyklus zu verfolgen, um Veränderungen in der Stimmung zu erkennen und mögliche Symptome zu lindern, indem Salz, Koffein und Zucker reduziert werden. Der Text hebt auch hervor, dass traumatische Ereignisse zu starken Stimmungsschwankungen führen können und dass professionelle Hilfe notwendig sein kann, um mit solchen Erfahrungen umzugehen.",3.3314366340637207
034_38532,"### Instruction1:
(Nebrä 4:15) Verbringe einige Momente mit Selbstreflexion, um deine persönlichen Versuchungen zu identifizieren. Wenn es dir schwerfällt, genau zu definieren, was deine Versuchungen sind, beginne damit, die Dinge in deinem Leben zu bestimmen, die dich traurig machen, und versuche dann, einen Denkprozess oder eine Gewohnheit zu finden, die zu diesen Dingen führt. Angenommen, du bist in einer festen Beziehung mit einer Frau, die du liebst, aber du fühlst häufig intensive Schuld, weil du mit anderen Frauen flirtest. Durchsuche dein Herz. Frag dich: ""Was denke oder tue ich, das mich dazu bringt, so zu handeln?"" Nach einiger Reflexion könntest du zum Beispiel feststellen, dass du dir Sorgen machst, ob du noch attraktiv bist. Die Quelle deiner Versuchung in diesem Fall ist dein Gefühl der Unsicherheit. Dein Ziel im Kampf gegen Versuchungen sollte berücksichtigen, dass du als Mensch nicht perfekt bist. Setze dir kein unerreichbares Ziel wie ""Ich werde nie wieder sündigen."" Wenn du das tust, setzt du dich selbst der Enttäuschung aus. Erkenne, dass du unvermeidlich wieder sündigen wirst (und wieder und wieder). Setze dir ein realistisches Ziel, das dies berücksichtigt. Zum Beispiel, wenn du die Gesangsaufführungen deines Kindes vernachlässigt hast, um Abende zu Hause vor dem Fernseher zu verbringen, könntest du dir das Ziel setzen, keine Gesangsaufführung mehr zu verpassen (außer in Notfällen) und deine Zeit, die du jede Woche vor dem Fernseher verbringst, um vier Stunden zu reduzieren. Dieses Ziel liegt gut in deiner Reichweite. Bei einigen sehr schweren Sünden ist es absolut notwendig, ein Null-Toleranz-Ziel zu setzen – zum Beispiel solltest du offensichtlich niemals Mord oder eheliche Untreue begehen. Diese Sünden können irreparable Schäden im Leben anderer verursachen. Du bist aus einem Grund mit freiem Willen gesegnet. Verschwende deine Gelegenheit nicht, entschieden gegen deine persönliche Versuchung zu handeln, indem du der Versuchung der Untätigkeit nachgibst! Steh auf und handle jetzt. Mach es dir zum Ziel, in Zukunft nicht nachzugeben. Der schwierigste Teil, deine Versuchung zu überwinden, kann der Anfang sein. Sabotiere deine Reise nicht, bevor sie begonnen hat, indem du dir sagst, dass du es nicht kannst. Laut dem Christentum haben wir mit dem Tod Jesu Autorität über die Kräfte des Bösen erhalten. (Markus 16:17) Fürchte dich niemals vor den Kräften des Bösen in deinem eigenen Leben oder laufe vor ihnen weg. Mit harter Arbeit und aufrichtiger Glauben ist nichts außerhalb deiner Reichweite. Das eine, was du an dir nicht ändern kannst, ist deine Vergangenheit. Lass dich nicht von Bedauern über Sünden, die in der Vergangenheit geschehen sind, überwältigen. Der einzige richtige Weg ist nach vorne, zur Gerechtigkeit. Wenn deine Vergangenheit von Sünde geprägt ist, erkenne deine Fehler an, ohne übermäßige Schuld zu empfinden. Baue auf deinen vergangenen Fehlern auf. Strebe danach, deine alten Fehler nie wieder zu machen. Selbst wenn du rückfällig wirst, wirst du Fortschritte weg von deiner sündigen Vergangenheit gemacht haben. Wenn du es noch nicht getan hast, bitte Gott aufrichtig um Vergebung. Gott ist unendlich in seiner Fähigkeit zu vergeben. In seinen Augen ist es, als hättest du nie gesündigt, sobald du vergeben bist: Islam: ""Wer Böses tut oder sich selbst Unrecht antut und dann Allahs Vergebung sucht, wird gewiss Allah, den Allverzeihenden, den Allbarmherzigen, finden."" (Koran 4:110) Islam: ""Abu Qatadah berichtete: Der Prophet, Frieden und Segen seien auf ihm, sagte: 'Wahrlich, ihr werdet nichts für Allah, den Allmächtigen, aufgeben, es sei denn, dass Allah es durch etwas Besseres ersetzt.'"" (Musnad Aḥmad 22565, Grad: Sahih) ""Und ihre Sünden und Ungerechtigkeiten werde ich nicht mehr gedenken."" (Hebräer 10:17)

### Instruction2:
Der Text ermutigt zur Selbstreflexion, um persönliche Versuchungen zu erkennen und zu verstehen, woher sie kommen. Er betont, dass man sich realistische Ziele setzen sollte, um Versuchungen zu bekämpfen, anstatt unerreichbare Perfektion anzustreben. Er erklärt, dass Sünden unvermeidlich sind, und es wichtig ist, aus der Vergangenheit zu lernen, ohne sich von Schuldgefühlen überwältigen zu lassen. Der Text verweist auch auf den Glauben, dass Gott unendlich verzeihen kann, und dass man aktiv gegen Versuchungen handeln sollte, ohne in Untätigkeit zu verfallen.",6.784978866577148
034_4068,"### Instruction1:
Es kann wirklich hilfreich sein zu wissen, was man mit seinen Enkeln tun kann, wenn sie ankommen. Wenn du einen Ausflug machen möchtest, solltest du vielleicht bestimmte Kleidung vorschlagen und sogar um finanzielle Unterstützung bitten, bevor die Enkel ankommen. Es ist auch eine gute Idee, die Öffnungszeiten, Sitzungszeiten und Fahrpläne zu überprüfen, um sicherzustellen, dass alles im Voraus organisiert ist. Wenn du deinen Plan für den Tag machst, solltest du auch Zeit für Ruhe und Entspannung einplanen. Du möchtest nicht, dass dein Enkelkind zu müde wird. Versuche, etwas mit deinen Enkeln zu machen, das ihre Eltern normalerweise nicht mit ihnen tun würden. Nimm sie mit in einen neuen Teil der Stadt, den sie noch nicht gesehen haben, oder lehre sie etwas, das ihre Eltern nicht wissen, egal ob es Aquarellmalerei oder Schmuckherstellung ist. Das macht eure gemeinsame Zeit besonders und unvergesslich. Das stimmt — mach manchmal keine Pläne. Lass deine Enkelkinder sehen, was du normalerweise im Haus machst, und lerne durch Zuschauen. Oft werden sie genug Interesse haben, um dir zu helfen und dabei faszinierende Gespräche mit dir zu führen. Schätze diese Zeiten, denn sie sind das Wesen der generationsübergreifenden Bindung. Sie könnten daran interessiert sein, dir beim Kochen zuzusehen, im Garten zu helfen, mit dir deinen Hund spazieren zu führen oder sogar deine Lieblingsfernsehsendung anzusehen. Deine Enkelkinder werden an das Leben in ihrem eigenen Haushalt gewöhnt sein und werden von der Art und Weise, wie du dein Leben führst, von Natur aus interessiert sein. Setze dich nicht zu sehr unter Druck, ihnen einen unterhaltsamen Tag zu bereiten; das wird ganz natürlich geschehen. Dennoch ist es gut, eine Backup-Aktivität zu haben, wie einen Film zu schauen oder einen Kuchen zu backen, falls dein Enkelkind unruhig wird und wirklich etwas tun möchte. Teile deine Erfahrungen durch Geschichten darüber, was du getan und gesehen hast. Hab keine Angst, die ""Seltsamkeiten"" der Vergangenheit zu teilen. Für ihre Ohren mag es jetzt seltsam sein, aber in der Zukunft werden sie deine Vergangenheit als ebenso besonders wie ihre eigene ansehen, und in gewisser Weise werden sie dich und die Menschheit besser verstehen, weil du geteilt hast, wie das Leben war, als du aufgewachsen bist. Du bist das beste Zeugnis dessen, was passiert ist, also teile es großzügig mit ihnen. Erzähle ihnen von deinem Leben und deinen Erfahrungen und wie sie deine Sichtweise geprägt haben. Lass sie wissen, wie sehr sich die Welt verändert hat, seit du darin aufgewachsen bist, was du beruflich gemacht hast und welche wichtigen Fähigkeiten sie für ein erfolgreiches Leben benötigen. Gib alle Lebenslektionen weiter, die du gelernt hast, von wie man eine glückliche Ehe führt bis hin zu wie man sein Zuhause verwaltet. Du musst diese Informationen nicht auf einmal geben, sonst werden deine Enkel nicht zuhören; stattdessen teile diese Informationen nach und nach und sorge dafür, dass sie haften bleiben. Sag ihnen, dass sie dir Fragen zu deinem Leben oder deiner Vergangenheit stellen können, die sie neugierig machen. Das Gespräch muss nicht einseitig sein. Obwohl deine Enkelkinder vielleicht nicht super interessiert an den Details ihrer Familiengeschichte sind, solltest du darauf bestehen, ihnen von ihrer Familiengeschichte zu erzählen, damit sie ein stärkeres Gefühl dafür haben, wer sie sind. Setze sie mit einem Album hin und zeige ihnen, wer wer in der Familienlinie ist. Zeige nicht nur auf, sondern erwecke die Menschen zum Leben, indem du Anekdoten und erinnerungswürdige Geschichten über jede Person in deiner Familie erzählst, damit sich deine Enkel auch für sie interessieren, obwohl sie längst verstorben sind. Du kannst sogar einen Schritt weiter gehen und es aufschreiben. Gib deinen Enkeln ein Familienarchiv, das sie für alle Zeiten schätzen können. Wiederum haben jüngere Kinder möglicherweise noch nicht die Geduld oder das Interesse, sich um ihre Familiengeschichte zu kümmern. Du kannst versuchen, diese Informationen in dein Alltagsgespräch und deine Aktivitäten einzuschleusen, damit sie die Wahrheit in kleinen, verdaulichen Häppchen lernen. Deine Beziehung zu deinem Enkelkind muss nicht einseitig sein. Die Zeiten ändern sich schnell, und eine Sache, die du tun kannst, um dein Enkelkind besonders zu fühlen, ist, ihn oder sie zu bitten, dir zu erklären, was in der Welt vor sich geht, von den neuesten Trends in der Musik bis hin zu Facebook oder Twitter. Wenn du technikaffin bist, kannst du deine Enkelkinder bitten, dir etwas über Mode oder darüber zu erzählen, worüber ihre Freunde heutzutage sprechen. Zeige echtes Interesse an ihrer Welt und sie werden sich dir öffnen. Menschen lieben es, Lehrer zu sein, und deine Enkel werden sich noch mehr freuen, Zeit mit dir zu verbringen, wenn sie wissen, dass sie wichtiges Wissen mit dir teilen werden. Stelle sicher, dass du ihnen für das Lehren von etwas dankst. Zeige, dass du ihre Hilfe schätzt. Eine Sache, die du tun kannst, ist, sicherzustellen, dass du bei den wichtigen Momenten im Leben deines Enkels da bist, von Geburtstagsfeiern bis zu Grundschulabschlüssen. Auch wenn du nicht immer da sein kannst, besonders wenn du weit weg wohnst, solltest du darauf achten, bei den wichtigen Momenten, wann immer du kannst, anwesend zu sein. Deine Enkelkinder werden sich an diese großen Momente in ihrem Leben erinnern, und es wird für sie wichtig sein, sich an deine Anwesenheit in diesen Zeiten zu erinnern. Deine Enkel werden sich an dich wenden, um Liebe und Unterstützung zu erhalten, nicht um Kritik. Gib ihnen Liebe und Unterstützung an ihren großen Tagen und zeige ihnen, wie stolz du auf sie bist, auch wenn du die Dinge anders gemacht hättest. Das ist etwas, das du schon vor der Geburt deines Enkels im Hinterkopf behalten solltest. Du bist nicht da, um eine nie endende Quelle der Kinderbetreuung zu bieten, und es ist wichtig, von Anfang an Grenzen zu setzen. Mach klar, dass du deine Kinder und Enkel liebst und dass es viele Gelegenheiten für Besuche gibt, aber mache auch klar, wann es nicht in Ordnung ist, die Enkel regelmäßig über Nacht zu haben oder abzugeben. Auf diese Weise kannst du die Zeit, die du mit deinen Enkeln verbringst, zu hundert Prozent genießen, ohne Groll oder Erschöpfung zu empfinden. Gehe nicht davon aus, dass du ein ständiger Babysitter sein wirst und auf Abruf sein musst, sobald das Baby geboren wird. Du kannst die Zeit, die du verbringen möchtest, geben, aber plane im Voraus, wie viel Hilfe du leisten wirst, anstatt „bereit zu sein“. Wenn du nicht das Gefühl hast, dass du gezwungen oder unter Druck gesetzt wirst, Zeit mit deinem Enkelkind zu verbringen, wird deine Beziehung dafür viel stärker sein.

### Instruction2:
Der Text gibt Ratschläge für Großeltern, wie sie die Zeit mit ihren Enkeln sinnvoll gestalten können. Es wird empfohlen, Ausflüge zu planen, Kleidung vorzuschlagen und die Öffnungszeiten zu überprüfen. Es ist wichtig, Zeit für Ruhe einzuplanen und Aktivitäten zu wählen, die die Eltern nicht anbieten, um besondere Erinnerungen zu schaffen. Großeltern sollten Geschichten aus ihrem Leben teilen, um eine stärkere Verbindung zu ihren Enkeln herzustellen und deren Interesse an ihrer Familiengeschichte zu wecken. Zudem sollten sie offen für das Wissen der Enkel über die moderne Welt sein und zeigen, dass sie ihre Hilfsbereitschaft schätzen. Es wird betont, dass Großeltern nicht als ständige Babysitter fungieren sollten und dass klare Grenzen gesetzt werden müssen, um eine gesunde Beziehung zu fördern.",9.15742564201355
034_46023,"### Instruction1:
Wenn du die geehrte Person wirklich ablenken möchtest, bitte sie, sich mit dir zu treffen, um die Überraschungsparty für jemand anderen zu planen. Das funktioniert großartig, wenn du nicht viel Zeit hast, um die Person von der Party abzulenken. Du könntest die geehrte Person zum Veranstaltungsort einladen und sie in einen Raum bringen, der nicht dekoriert ist. Wenn du bereit bist, sie zu überraschen, führe sie in den Partyraum. Zum Beispiel, wenn die Party bei dir zu Hause ist, dekoriere die Hauptzimmer und bitte die geehrte Person, dich hinten im Haus zu treffen. Wenn du bereit bist, kannst du sie in den Partyraum führen. Wenn du der Aufpasser bist und Spaß mit der geehrten Person hast, musst du sie irgendwann zur Überraschungsgeburtstagsparty bringen. Du kannst ihnen sagen, dass du zufällig etwas Wichtiges zu Hause ""vergessen"" hast und zurückgehen musst, um es zu holen. Diese Taktik funktioniert nur, wenn die Party bei dir oder der geehrten Person zu Hause ist. Wenn die Party an einem Veranstaltungsort (wie einem Restaurant oder Park) stattfindet, triff dich mit der geehrten Person. Nachdem du etwas Zeit mit der geehrten Person verbracht hast, frage sie, ob sie nichts dagegen hätte, kurz irgendwohin zu gehen. Bring die geehrte Person zum Veranstaltungsort der Überraschungsparty. Zum Beispiel könntest du zusammen einen Kaffee trinken gehen. Nach einer Weile sage: ""Vor ein paar Tagen habe ich meine Jacke im Restaurant die Straße runter vergessen. Würde es dir etwas ausmachen, wenn wir kurz vorbeischauen und ich sie hole?"" Wenn du der Aufpasser bist, schreibe dem Gastgeber der Party 10 Minuten, bevor du die geehrte Person zur Party bringst. Wenn du denkst, dass du das nicht heimlich machen kannst, sage dem Gastgeber, dass er einen Gast am Eingang postieren soll, um die anderen Gäste zu informieren, dass die geehrte Person ankommt. Eine frühzeitige Benachrichtigung ist besonders wichtig, wenn du Ballons ablassen, Konfetti werfen oder Glitzer explodieren lassen möchtest. Du willst die Überraschung nicht für einen anderen Gast verschwenden, anstatt für die geehrte Person.

### Instruction2:
Um eine Überraschungsparty zu planen, kannst du die geehrte Person ablenken, indem du sie bittest, eine andere Überraschungsparty zu planen. Lade sie zu einem nicht dekorierten Raum ein und führe sie dann in den dekorierten Partyraum. Wenn die Party bei dir oder der geehrten Person zu Hause stattfindet, kannst du eine Ausrede verwenden, um sie zurück nach Hause zu bringen. Wenn die Party an einem anderen Ort ist, frage die geehrte Person, ob sie einen kurzen Auftrag erledigen möchte, und bringe sie dann zur Überraschungsparty. Informiere den Gastgeber rechtzeitig über die Ankunft der geehrten Person, um sicherzustellen, dass die Überraschung nicht für einen anderen Gast verloren geht.",4.568421125411987
034_46430,"### Instruction1:
Wenn du etwas passiver bist, als du es gerne hättest, kommt es wahrscheinlich häufig vor, dass du Ja sagst, wenn du wirklich Nein sagen möchtest. Dies kann inneren Stress und viel Groll gegenüber der anderen Person erzeugen. Um dies zu vermeiden, ist es wichtig, zuerst herauszufinden, was du tun möchtest und was nicht. Wenn dich jemand um etwas bittet, frage dich selbst, ob es wirklich etwas ist, das du tun möchtest. Wenn du dir selbst sagst, dass es nicht so schlimm sein wird, halte an und frage dich erneut, ob es etwas ist, das du wirklich tun möchtest. Wenn du es tun möchtest, musst du dich nicht überzeugen. Das hilft dir, emotional zentriert zu bleiben. Dies ist wichtig, damit du ruhig sprichst. Atme durch die Nase ein und fühle, wie die Luft in deinen Bauch gelangt. Lass dann die Luft durch deinen Mund entweichen. Dieser tiefe Atemzug erinnert dich daran, ruhig zu bleiben. Wenn du das Gespräch persönlich führst, versuche, nicht zu offensichtlich zu sein, wenn du tief durchatmest. Zuerst mag es ein wenig unangenehm erscheinen, weil du es gewohnt bist, immer Ja zu sagen. Es ist jedoch wichtig, Grenzen zu setzen. Durchsetzungsvermögen hat viele Vorteile, wie zum Beispiel: Größeres Selbstvertrauen, mehr Respekt von anderen, besseres Selbstwertgefühl, verbesserte Entscheidungsfindung, höhere Arbeitszufriedenheit, bessere Beziehungen. Wenn andere an deine Zustimmung gewöhnt sind, könnten sie Widerstand zeigen, wenn du anfängst, Nein zu sagen. Es ist jedoch wichtig, dass du standhaft bleibst. Halte deine „Nein“-Aussage jedes Mal um ein oder zwei Worte kürzer, wenn die Person versucht, darauf zu bestehen. Zum Beispiel könntest du sagen, dass du das nicht tun kannst. Dann könntest du sagen, dass es für dich unmöglich ist, das zu tun. Wenn die Person weiterhin besteht, ist es an der Zeit, sehr direkt einfach Nein zu sagen. Offensichtlich respektiert die andere Person deine Grenzen nicht, und es hat keinen Sinn, weiterhin im Kreis zu laufen. Es ist an der Zeit, einfach Nein zu sagen. Manchmal kann es schwierig sein, „Nein“ auf so direkte Weise zu sagen. Wenn es beispielsweise eine Priorität ist, deinen Job zu behalten, solltest du deinem Vorgesetzten wahrscheinlich nicht einfach „Nein“ sagen und weggehen. Wenn du in einem Dilemma bist und einfach „Nein“ nicht möglich ist, versuche stattdessen, Alternativen anzubieten. Zum Beispiel könntest du Folgendes sagen: „Kann ich stattdessen eine andere Idee vorschlagen?“ „Gibt es jemanden anderen, der das tun kann?“ (Du kannst erklären, warum es für dich schwierig wäre, der Bitte nachzukommen.) Wenn die Person nicht offen für andere Optionen ist, kann es hilfreich sein, deine Bedenken mit ihr zu besprechen. Du könntest sagen, dass du ihre Bitte verstehst, jedoch ernsthafte Vorbehalte hast und deine Bedenken besprechen. Du könntest weiterhin auf Widerstand stoßen, auch wenn du klar gemacht hast, dass du der Bitte nicht nachkommen kannst. An diesem Punkt ist es wahrscheinlich ein guter Zeitpunkt, das Gespräch zu beenden, damit die Situation nicht eskaliert. Du könntest sagen, dass du gehen musst oder dass dein Ehepartner auf dich wartet, und dann weggehen. Wenn du das Gespräch am Telefon führst, könntest du sagen, dass es ein großartiges Gespräch war, aber dass du gehen musst. Wenn du ein Gespräch mit einem Vorgesetzten hast, möchtest du vielleicht sagen, dass du über die Aufgabe Bescheid weißt, aber dass du sie einfach nicht erledigen kannst.

### Instruction2:
Der Text beschreibt, wie man lernt, in sozialen Situationen assertiver zu sein, insbesondere wenn es darum geht, Nein zu sagen. Es wird betont, dass es wichtig ist, persönliche Grenzen zu setzen, um inneren Stress zu vermeiden. Um dies zu erreichen, soll man sich bewusst machen, was man will und was nicht, und tief durchatmen, um ruhig zu bleiben. Der Text gibt auch Ratschläge, wie man Widerstand begegnen kann, und ermutigt dazu, Alternativen anzubieten, wenn man nicht direkt Nein sagen kann. Letztendlich wird empfohlen, das Gespräch zu beenden, wenn die andere Person die Grenzen nicht respektiert.",5.656081199645996
034_47927,"### Instruction1:
Dies ist der häufigste Grund, warum Schüler die Schule schwänzen. Wenn du dich wirklich unwohl fühlst oder glaubst, krank zu sein, sag es deinen Eltern und bitte darum, zu Hause zu bleiben. Viele Schulen verlangen, dass du zu Hause bleibst, wenn du eine Krankheit oder einen anderen Zustand hast, der ansteckend sein könnte. Zu Hause zu bleiben ermöglicht es dir, dich zu erholen und verhindert auch die Verbreitung von Krankheiten in der Schule. Allgemein solltest du zu Hause bleiben, wenn du Fieber, Schüttelfrost, Erbrechen, Durchfall, Übelkeit, Halsschmerzen, Schluckbeschwerden, Ausschlag, ungewöhnliche Wunden, ungewöhnliche Flecken, Ohrenschmerzen, mäßige bis starke Kopfschmerzen, mäßige Muskelbeschwerden, Muskelschmerzen, Keuchen, Atembeschwerden, rote oder brennende Augen oder Kopfläuse hast. Du solltest auch zu Hause bleiben, wenn du hustest, niesen musst oder eine verstopfte Nase hast. Bleibe zu Hause, bis du 24 Stunden ohne Symptome und ohne Medikamente bist, wenn möglich. Wenn du kürzlich einen Familienangehörigen, Freund oder eine andere Person, zu der du eine enge Beziehung hattest, verloren hast, ist deine Trauer ein legitimer Grund, nicht zur Schule zu gehen. Sei ehrlich zu deinen Eltern, wie sehr dich der Verlust getroffen hat. Wenn die Tragödie dich betroffen hat, aber deine Eltern nicht, könntest du befürchten, dass sie dein Leid nicht verstehen. Trauer ist jedoch ein universelles Gefühl, und die meisten Menschen können sich zumindest genug damit identifizieren, um einer trauernden Person Zeit zu geben, damit umzugehen. Verstehe, dass deine anfängliche Trauerzeit notwendigerweise ein Ende haben muss. Intensive Trauer kann lange anhalten, und du kannst möglicherweise nichts dagegen unternehmen. Wenn du jedoch nach ein paar Tagen bis zu einer Woche nicht in der Lage bist, zur Schule zu gehen, solltest du in Betracht ziehen, mit einem Berater zu sprechen, um dir zu helfen, mit deinem Kummer umzugehen. Wenn du das Opfer eines Mobbings oder einer Gruppe von Mobbern in der Schule bist, sprich mit deinen Eltern oder gesetzlichen Vertretern darüber. Erkläre, wie schwierig das Schulleben aufgrund des Mobbings geworden ist, und bitte darum, ein oder zwei Tage frei zu nehmen, während die Probleme geklärt werden. Viele Schüler machen den Fehler, über ihr Mobbing zu schweigen. Du könntest befürchten, schwach zu erscheinen, als „Petze“ bezeichnet zu werden oder die Dinge schlimmer zu machen, indem du darüber sprichst. Nichts wird jemals besser, wenn du keine Schritte unternimmst, um das Mobbing zu beenden, und während deiner Jugendjahre ist es eine der effektivsten Maßnahmen, Hilfe von Eltern, Lehrern und anderen Erwachsenen in deinem Leben zu suchen, um das Mobbing zu stoppen. Mobbing kann langfristige Auswirkungen wie Angst, Depressionen und Schlaflosigkeit haben. Kümmere dich um dein zukünftiges Ich, indem du über Mobbing sprichst, wenn es passiert. Sag deiner Mutter oder deinem Vater, dass du einen besonderen Tag mit ihnen verbringen möchtest, und bitte sie, sich von der Arbeit krank zu melden. Dieser Plan könnte besonders gut funktionieren, wenn du bald deinen Abschluss machst und zum College ziehst oder wenn es ein leichter Arbeitstag für dich und deinen Eltern ist (z.B. wenn du keine Tests oder Aufgaben hast und dein Elternteil keine dringenden Fristen hat). Es ist wichtig, mit deinen Eltern über Stress und Angst zu sprechen. Während Erwachsene gelegentlich vergessen, wie stressig das Schulleben sein kann, ist die Wahrheit, dass es wirklich hart sein kann. Wenn du mit gewöhnlichem schulbezogenen Stress umgehst, könnte es für dich vorteilhafter sein, durchzuhalten. Wenn Stress, Angst und Depression jedoch ernstere Probleme werden, lass es deinen Eltern oder gesetzlichen Vertretern wissen und bitte um einen freien Tag. Wenn du vermutest, dass du ein ernsthaftes psychisches Gesundheitsproblem hast, wie Depressionen oder eine Angststörung, bitte deine Eltern, einen Termin bei deinem Arzt zu vereinbaren. Dies kann deinen Eltern die Schwere deines Stresses verdeutlichen, und wenn du tatsächlich eine Erkrankung hast, kann ein Arztbesuch helfen, die Störung unter Kontrolle zu bringen. Im Falle eines massiven Schneesturms, von großen Überschwemmungen oder anderen Umständen, die das Reisen zur Schule gefährlich machen, könnte dein Schulsystem den Tag über schließen. Wenn die Bedingungen jedoch gefährlich sind und die Schule nicht schließt, solltest du in Betracht ziehen, zu Hause zu bleiben. In der Regel kann dein Elternteil oder gesetzlicher Vertreter helfen zu bestimmen, ob die Bedingungen ernst genug sind, um zu Hause zu bleiben, sodass du hier möglicherweise nicht viel Überzeugungsarbeit leisten musst. Wenn deine Eltern aufgrund des Wetters von der Arbeit zu Hause bleiben, sind sie wahrscheinlich auch offener für die Idee, dich von der Schule fernzuhalten. Ein Familienurlaub oder ein Besuch von einem Verwandten, der weit weg wohnt, könnte dir einen Grund geben, von der Schule abwesend zu sein, aber du solltest vermeiden, aus solchen Gründen zu oft die Schule zu schwänzen. Überlege, was du verpassen könntest, wenn du zur Schule gehst, im Vergleich zu dem, was du verpassen könntest, wenn du zu Hause bleibst, und arbeite mit deinen Eltern zusammen, um zu entscheiden, ob zu Hause bleiben eine gültige Option ist. Beachte, dass viele Schulen solche Gründe nicht als gültige Entschuldigungen akzeptieren. Wenn dies bei deiner Schule der Fall ist, musst du deinen Eltern mitteilen, damit sie der Schule mitteilen können, dass du abwesend sein wirst, ohne einen Grund anzugeben. In der Regel sollte dein Elternteil oder gesetzlicher Vertreter einen Brief für dich schreiben, wenn du im Voraus weißt, dass du von der Schule zu Hause bleiben wirst, damit deine Lehrer Zeit haben, Aufgaben für dich vorzubereiten, die du während deiner Abwesenheit nachholen kannst.

### Instruction2:
Der Text beschreibt die verschiedenen Gründe, aus denen Schüler möglicherweise nicht zur Schule gehen sollten, darunter Krankheit, Trauer und Mobbing. Wenn Schüler sich unwohl fühlen oder Symptome wie Fieber oder Schmerzen zeigen, sollten sie ihren Eltern Bescheid geben und zu Hause bleiben, um sich zu erholen und die Verbreitung von Krankheiten zu vermeiden. Der Text betont auch die Bedeutung, mit den Eltern über Trauer zu sprechen, insbesondere nach dem Verlust eines geliebten Menschen, und die Notwendigkeit, sich bei schwerem Mobbing Unterstützung zu holen. Es wird empfohlen, offen mit den Eltern über Stress und psychische Gesundheit zu kommunizieren und gegebenenfalls einen Arzt aufzusuchen. Am Ende wird erwähnt, dass Schüler bei ungünstigen Wetterbedingungen oder besonderen Anlässen wie Familienbesuchen zu Hause bleiben können, wobei sie dabei die Schulrichtlinien beachten sollten.",7.912041902542114
034_38348,"### Instruction1:
Beim Aufstellen deines Zeltes ist es wichtig, eine Barriere zwischen dem Boden und dem Zeltboden zu schaffen, um es vor Feuchtigkeit zu schützen. Eine hochwertige Kunststoff- oder Vinylplane sollte jedes Zelt begleiten. Falte die Plane in die relative Form des Zeltes, aber etwas kleiner. Du möchtest nicht, dass irgendein Teil der Plane über den Rand des Zeltes hinausragt, da sie sonst bei Regen Wasser darunter sammeln könnte. Klappe die längeren Kanten um und stecke sie unter das Zelt.

### Instruction2:
Um dein Zelt richtig aufzubauen, solltest du eine Plane verwenden, um den Zeltboden vor Feuchtigkeit zu schützen. Die Plane sollte etwas kleiner als das Zelt gefaltet werden, damit sie nicht über den Rand hinausragt und Wasser sammeln kann. Die längeren Kanten der Plane sollten unter das Zelt gesteckt werden.",2.0447916984558105
034_47838,"### Instruction1:
Um zu beginnen, benötigen die meisten einen B.A. in Erziehung mit einem gewissen Fokus auf Gesundheit, während andere mehr Freiheit bei der Wahl des Hauptfachs bieten. Fast alle Bundesstaaten haben Anforderungen an die berufliche Weiterbildung, die du in deinen ersten Jahren als Lehrer erfüllen musst. Alle Bundesstaaten haben unterschiedliche Anforderungen, also mach dich mit dem vertraut, was dein Bundesstaat verlangt. Lerne hart für diese Prüfungen - sie sind es, die dir erlauben werden, ein zertifizierter Lehrer zu werden. Verschaffe dir ein Bild davon, was verschiedene Schulbezirke wollen. Da Gesundheitserzieher typischerweise auch andere Fächer unterrichten, bestimme, ob du bereit bist, dich auf diese Stellen zu bewerben. Deine Fähigkeit, sofort nach der Zertifizierung einen Job zu bekommen, hängt vom Bundesstaat oder der Region ab, in der du lebst. Die meisten Bundesstaaten verlangen einen typischen Lebenslauf – stelle sicher, dass deiner stark ist. Einige größere Bezirke könnten auch zusätzliche Essayfragen verlangen, die sich mit deiner Lehrphilosophie oder deinem Wunsch, Lehrer zu werden, befassen. Das Vertretungslehren kann dir ermöglichen, eine Vielzahl von Erfahrungen zu sammeln, während du weiterhin nach Vollzeitstellen suchst. Nimm Kontakt zu Lehrern in verschiedenen Bezirken auf, während du die Jobsuche durchführst.

### Instruction2:
Der Text beschreibt die Anforderungen und Schritte, die notwendig sind, um Lehrer zu werden, insbesondere im Bereich Gesundheit. Dazu gehört ein Bachelor-Abschluss in Erziehung mit einem Fokus auf Gesundheit, die Erfüllung der beruflichen Weiterbildungsvorgaben, das Bestehen von Prüfungen für die Lehrzertifizierung und das Verständnis der Anforderungen verschiedener Schulbezirke. Es wird empfohlen, einen starken Lebenslauf zu haben und sich auf mögliche Essayfragen vorzubereiten. Außerdem kann Vertretungslehren wertvolle Erfahrungen bieten und das Knüpfen von Kontakten mit Lehrern in unterschiedlichen Bezirken kann bei der Jobsuche helfen.",3.415648937225342
034_44705,"### Instruction1:
Um Probleme zu beheben, die nicht mit Verstopfung zusammenhängen, wie Magnesium- und Kalziummangel, suchen Sie nach Magnesiumcitrat-Kapseln oder -Tabletten, auf denen „Nahrungsergänzungsmittel“ auf dem Etikett steht und die zwischen 200 und 500 Milligramm pro Einheit enthalten. Vermeiden Sie Produkte, die weit über oder unter diesen Mengen liegen, da die Dosierungsempfehlungen für Magnesiumcitrat in der Regel bei etwa 400 mg liegen. Lesen Sie die Rückseite der Verpackung Ihres Nahrungsergänzungsmittels, um zu sehen, wie groß eine Dosis sein sollte und wie oft Sie sie einnehmen sollten. Einige Marken geben eine gesamte Dosis in einer Pille an, während andere sie auf zwei oder drei aufteilen. Überprüfen Sie vor der Einnahme des Ergänzungsmittels alle Warnhinweise auf der Verpackung. Sprechen Sie bei Bedarf mit Ihrem Arzt. Wenn Sie schwanger sind oder stillen, vermeiden Sie die Einnahme von Nahrungsergänzungsmitteln, es sei denn, ein Arzt hat es verschrieben. Ihr Körper kann Magnesiumcitrat extrem schnell aufnehmen. Das ist großartig, um die Vorteile jeder Kapsel oder Tablette zu genießen, aber es kann Sie dehydrieren, wenn Sie nicht vorsichtig sind. Stellen Sie sicher, dass Sie jede Dosis mit einem Glas Wasser von 240 ml (8 Flüssigunzen) einnehmen und bei Bedarf im Laufe des Tages mehr trinken. Obwohl sie nicht als Abführmittel vermarktet werden, können Nahrungsergänzungsmittel mit Magnesiumcitrat möglicherweise Stuhlgang, Blähungen, Übelkeit, Bauchschmerzen und Durchfall verursachen. Um die Wahrscheinlichkeit zu minimieren, dass dies geschieht, nehmen Sie Ihre Dosis mit Nahrung ein. Wenn möglich, nehmen Sie das Ergänzungsmittel während einer Mahlzeit ein.

### Instruction2:
Um Magnesium- und Kalziummangel zu beheben, sollten Sie nach Magnesiumcitrat-Kapseln oder -Tabletten suchen, die 200 bis 500 mg pro Einheit enthalten. Achten Sie darauf, die Dosierungsempfehlungen auf der Verpackung zu lesen. Nehmen Sie das Ergänzungsmittel mit einem Glas Wasser ein und trinken Sie während des Tages ausreichend, um Dehydrierung zu vermeiden. Seien Sie vorsichtig, da Magnesiumcitrat einige Nebenwirkungen wie Stuhlgang, Blähungen und Bauchschmerzen verursachen kann. Um dies zu minimieren, nehmen Sie das Ergänzungsmittel mit Nahrung ein. Bei Schwangerschaft oder Stillzeit sollten Nahrungsergänzungsmittel nur nach Rücksprache mit einem Arzt eingenommen werden.",3.4838483333587646
034_52895,"### Instruction1:
Lehnst du dich oft auf deine Eltern für viele verschiedene Gefallen oder bist du meistens unabhängig? Deine Eltern sind eher bereit, dir zu geben, was du willst, wenn du einen guten Ruf für Selbstständigkeit hast. Wenn du bereits mehrmals nach Geld gefragt hast, ständig ihre Autos ausleihst und nicht viel im Haushalt hilfst, sind sie vielleicht nicht in der Stimmung, dir Geld zu geben. Wenn du das Gefühl hast, dass dein Ruf ein wenig wackelig ist, bemühe dich, ihn zu verbessern, bevor du fragst. Wenn du zu Hause lebst, könntest du ihnen das Abendessen kochen, ihr Auto waschen und andere Aufgaben im Haushalt erledigen. Wenn du nicht zu Hause lebst, finde andere Möglichkeiten, um ihre Tage von afar zu erhellen. Sei reaktionsschnell, wenn sie anrufen, und lass sie in dein Leben. Du möchtest nicht nach Monaten plötzlich anrufen, nur um nach Geld zu fragen. Wenn dein Grund gut durchdacht und konkret ist, werden deine Eltern eher reagieren. Denke genau darüber nach, wofür du das Geld benötigst und warum. Bereite dich darauf vor, einen Fall für dich selbst zu machen, der deine Eltern dazu bringt, gerne bereit zu sein, dir das Geld zu leihen. Zum Beispiel, nehmen wir an, du möchtest das Geld für einen neuen Computer. Deine Eltern werden eher bereit sein, dir Geld dafür zu geben, wenn du ihnen sagst, dass es dir hilft, in deinem neuen Job besser abzuschneiden oder in der Schule besser abzuschneiden, anstatt einfach nur zu sagen, dass du einen Computer möchtest. Wenn du das Geld für eine grundlegende Notwendigkeit wie die Mietzahlung oder Lebensmittel benötigst, sei ehrlich, warum du in dieser Situation bist. Deine Situation wird wahrscheinlich an den Gefühlen deiner Eltern rühren und sie werden eher bereit sein, dir zu helfen. Du könntest weiter kommen, wenn du dir eine Möglichkeit überlegst, um zumindest einen Teil dessen zu bezahlen, was du benötigst. Spare so viel wie möglich von der Gesamtsumme, die du benötigst, damit du deine Eltern bitten kannst, dir bei dem Rest zu helfen. Sie werden sehen, dass du hart arbeitest, um das zu bezahlen, was du kannst, und könnten eher bereit sein, dir zu helfen. Recherchiere den Preis von dem, was du benötigst, und komme mit einer genauen Zahl, die du deinen Eltern mitteilen kannst. Stelle sicher, dass du den Gesamtbetrag, um den du bittest, genau angeben kannst, damit deine Eltern nicht das Gefühl haben, dass du sie ausnutzt. Wenn du offen und ehrlich bist, könnten sie sogar ein wenig zusätzlich geben. Wenn du um ein Darlehen bittest und kein Geschenk, werden deine Eltern eher bereit sein, dir das Geld zu leihen, wenn du einen klaren Plan für die Rückzahlung hast. Berechne die Zeit, die du benötigen würdest, um das Geld zu sparen, damit du ihnen ein voraussichtliches Fälligkeitsdatum geben kannst. Egal, ob es in einem Monat oder in einem Jahr ist, deine Eltern werden es wissen wollen. Du könntest anbieten, einen Zahlungsplan aufzustellen und deine Eltern in Raten zurückzuzahlen. So musst du nicht alles auf einmal bezahlen, und es könnte sich einfacher anfühlen, das Geld rechtzeitig zurückzugeben. Wenn du nicht vorhast, es zurückzuzahlen, sage ihnen nicht, dass du es tun wirst. Es ist besser, ehrlich über deine Absichten zu sein. Wenn du jemals wieder Geld brauchst, möchtest du, dass deine Eltern sich daran erinnern, dass du es beim letzten Mal zurückgezahlt hast.

### Instruction2:
Der Text behandelt, wie man seinen Eltern um Geld bittet, während man ein Gleichgewicht zwischen Abhängigkeit und Selbstständigkeit wahrt. Es wird empfohlen, einen guten Ruf für Selbstständigkeit zu haben, bevor man um Geld bittet. Vorschläge umfassen, im Haushalt zu helfen, um ihren Gefallen zu gewinnen, und sich vorzustellen, wofür das Geld benötigt wird. Es wird geraten, offen über die eigene finanzielle Situation zu sein und einen klaren Plan für die Rückzahlung vorzulegen. Ein ehrlicher Ansatz und das Angebot, in Raten zurückzuzahlen, können die Wahrscheinlichkeit erhöhen, dass die Eltern bereit sind, zu helfen.",5.486947059631348
034_5006,"### Instruction1:
Bei der Zen-Meditation liegt ein großer Teil des Fokus auf dem Atem. Es ist wichtig, durch die Nase zu atmen. Nasale Atemzüge schaffen ein kühlendes und wärmendes Gefühl, wenn du ein- und ausatmest. Dies kann es erleichtern, dem Rhythmus deines Atems während der Meditation zu folgen. Wenn du mit der Meditation beginnst, achte so viel wie möglich auf deinen Atem. Achte auf den natürlichen Ein- und Ausrhythmus, das Geräusch deines Atems und die warmen und kalten Empfindungen, die die Luft beim Durchströmen deiner Lungen erzeugt. Strebe danach, dir während deiner Meditationssitzungen so bewusst wie möglich über deinen Atem zu sein. Das mag einfach klingen, aber es ist sehr schwierig, den Geist zu beruhigen. Lass dich nicht entmutigen, wenn du anfangs Schwierigkeiten hast, dich auf deinen Atem zu konzentrieren. Meditation erfordert, wie alles andere auch, Übung. Du kannst deine Augen offen lassen, halb geschlossen oder ganz schließen. Einige Menschen finden es hilfreich, ihre Augen auf einen einzigen Punkt im Raum zu richten. Andere ziehen es vor, die Augen zu schließen. Dies ist eine Frage der persönlichen Vorliebe. Entscheide, was du mit deinen Augen tun möchtest, basierend darauf, was sich für dich am natürlichsten und beruhigendsten anfühlt. Dies wird einige Versuche und Fehler erfordern. Ändere, was du mit deinen Augen tust, wenn du abgelenkt oder unwohl fühlst. Wenn zum Beispiel deine Augen tränen, während du dich auf einen einzigen Punkt im Raum konzentrierst, schließe deine Augen. Sieh, ob dir das hilft, dich besser auf deinen Atem zu konzentrieren. Es ist natürlich, dass dein Geist wandert, wenn du in Stille sitzt. Wenn du mit der Meditation beginnst, wirst du feststellen, dass du an andere Dinge denkst. Du wirst anfangen, über Erledigungen nachzudenken, die du machen musst, oder über Dinge, die früher am Tag passiert sind. Wenn du das bemerkst, lenke dein Denken sanft wieder auf deinen Atem. Stelle dich auf das natürliche Kommen und Gehen deines Atems und die Empfindungen, die sie erzeugen, ein. Es kann helfen, deine Atemzüge zu zählen, um den Fokus zurückzugewinnen. Zen-Meditation erfordert etwas Mühe. Wenn du versuchst, zu lange zu meditieren, bevor du bereit bist, wirst du feststellen, dass du dich nicht auf deinen Atem konzentrieren kannst. Beginne mit nur zwei Minuten Meditation auf einmal. Wenn du dich beim Meditieren wohler fühlst, kannst du diese Zeit erhöhen.

### Instruction2:
Der Text beschreibt die Praxis der Zen-Meditation, bei der der Fokus auf dem Atem liegt. Es wird empfohlen, durch die Nase zu atmen, um ein besseres Gefühl für den Atemrhythmus zu bekommen. Der Leser wird ermutigt, während der Meditation auf den Atem und die damit verbundenen Empfindungen zu achten, auch wenn es anfangs schwierig sein kann, den Geist zu beruhigen. Es wird darauf hingewiesen, dass die Augen offen oder geschlossen bleiben können, je nach persönlicher Präferenz, und dass es wichtig ist, den Blick zu ändern, wenn Ablenkungen auftreten. Der Text ermutigt dazu, sanft zu den Atemzügen zurückzukehren, wenn der Geist abschweift, und empfiehlt, mit kurzen Meditationszeiten zu beginnen und diese allmählich zu verlängern.",5.866209983825684
034_37728,"### Instruction1:
Bevor du irgendwelche Hausmittel zur Behandlung von Warzen verwendest, stelle sicher, dass die Hauterkrankung, die du für Warzen hältst, tatsächlich Plantar- oder Mosaikwarzen sind. Eine genaue Diagnose kann dir helfen, den besten Pflegeplan zu entwickeln und sicherzustellen, dass du deine Haut nicht mit unnötigen Behandlungen schädigst. Ein Arzt wird die Warzen durch Untersuchung diagnostizieren. Plantarwarzen verschwinden oft von selbst ohne Behandlung. Wenn deine Mosaikwarzen nicht schmerzhaft sind, ziehe in Betracht, sie ohne Behandlung heilen zu lassen. Mosaikwarzen, die an den Füßen auftreten, sind oft sehr schmerzhaft und du möchtest sie vielleicht so schnell wie möglich behandeln. Der einzige Weg, um sicherzustellen, dass du keine Rückfälle mit Mosaikwarzen hast, ist, sicherzustellen, dass sie vollständig entfernt werden. Wenn du dich entscheidest, deine Warze nicht zu behandeln, ist es wichtig, zu verstehen, dass du sie auf andere Menschen übertragen kannst. Plantarwarzen sind sehr ansteckend. Salicylsäure, die oft in Akne-Medikamenten vorkommt, ist eine rezeptfreie Behandlung, die auf eine Warze aufgetragen werden kann, um sie zu behandeln. Salicylsäure gibt es in verschiedenen Formen wie Gelen, Flüssigkeiten oder sogar Pflastern. Du kannst Salicylsäurebehandlungen für Plantarwarzen in den meisten Apotheken und vielen Lebensmittelgeschäften erhalten. Trage Salicylsäure jeden Tag nach dem Einweichen deines Fußes auf, um die Warzen zu erweichen. Die Behandlung sollte dir keine Schmerzen bereiten. Salicylsäurebehandlungen können Wochen dauern, um zu wirken und die Warzen zu entfernen. Verwende Salicylsäure nur auf deiner Haut. Wenn du sie in die Augen, die Nase oder den Mund bekommst, spüle sie sofort mit Wasser ab. Salicylsäure ist keine gute Behandlungsoption für Menschen mit Neuropathie, da die Taubheit es erschwert, Gewebeschäden zu erkennen. Obwohl Ärzte sich nicht sicher sind, warum dieses Hausmittel funktioniert, kann das Abdecken deiner Warzen mit Klebeband helfen, Mosaikwarzen zu behandeln und zu entfernen. Zwischen den Behandlungen solltest du die toten Schichten der Warze mit einer Fußfeile abtragen. Trage das Klebeband direkt über die Warze und lasse es dort für sechs Tage. Wenn du das Klebeband entfernst, feile die toten Warzenschichten mit einer Fußfeile oder einem Bimsstein ab, den du in jeder Apotheke bekommen kannst. Setze die Warze nach dem Abfeilen der toten Hautschichten für 12 Stunden der Luft aus. Trage danach erneut das Klebeband auf. Setze diese Behandlung mit Klebeband und Abfeilen fort, bis die Warze vollständig verschwunden ist. Kryotherapie, oder die Verwendung einer Kältebehandlung, kann ebenfalls effektiv Warzen behandeln und entfernen. Dieses rezeptfreie Medikament kann schmerzhaft sein und birgt andere Gefahren. Du kannst Kältebehandlungen in den meisten Apotheken oder einigen Lebensmittelgeschäften kaufen. Kühlen ist eine sichere Behandlung für Warzen, wenn es gemäß den Anweisungen auf der Verpackung verwendet wird. Es gibt ein minimales Risiko, obwohl Kältebehandlungen Schmerzen verursachen können. Kältebehandlungen können brennbar sein und sollten nicht in der Nähe von Feuer, Flammen, Wärmequellen wie Lockenstäben oder brennenden Zigaretten verwendet werden. Kältebehandlungen sind nicht ideal für die Behandlung von Warzen bei Kindern, da der Prozess zu schmerzhaft sein kann. Das Entfernen der toten oder sterbenden Haut von einer Warze kann helfen, sie schneller heilen zu lassen, insbesondere wenn du dich entscheidest, auf andere Behandlungen zu verzichten. Verwende einen Bimsstein, eine Feile oder eine Fußfeile, um sanft die Schichten der toten oder sterbenden Haut von einer Warze zu entfernen. Es ist wichtig, dass du die Haut um eine Warze oder darüber sanft abfeilst. Wenn du dies nicht tust, könntest du deine Haut schädigen und möglicherweise die Warzen auf andere Teile des betroffenen Bereichs übertragen. Mahle 4-5 Vitamin-C-Tabletten und mache eine Paste, die du auf die Warzen aufträgst. Diese sehr saure Mischung kann helfen, die Warzen aufzulösen und das Virus zu bekämpfen, das Warzen verursacht. Du kannst Vitamin-C-Tabletten in den meisten Apotheken und Reformhäusern kaufen. Mische die gemahlenen Tabletten mit destilliertem Wasser und tupfe die Paste auf deine Warzen. Bedecke den Bereich mit einem Verband oder Klebeband. Weiche einen Wattebausch oder Verband in Essig ein und wende ihn mit einem Pflaster oder elastischem Tape auf deine Haut an. Die tägliche Anwendung dieser Behandlung kann helfen, deine Warze aufzulösen. Du kannst jede Art von Essig verwenden, obwohl viele Quellen empfehlen, Apfelessig zu verwenden. Lasse die Kompresse täglich ein bis zwei Stunden einwirken. Eine der besten Möglichkeiten, Warzen zu behandeln, ist, sie gar nicht erst zu bekommen. Es gibt mehrere Möglichkeiten, um die Ausbreitung des Virus zu verhindern, von der richtigen Schuhwahl bis hin zum Nicht-Pickeln an Warzen. Vermeide direkten Kontakt mit deinen Plantarwarzen so weit wie möglich und wasche dir die Hände, nachdem du Behandlungen angewendet hast. Reinige und trockne deine Füße und wechsle täglich deine Schuhe und Socken. Trage Schuhe oder Sandalen an Orten wie Schwimmbädern oder Fitnessstudios, wo das Risiko, Warzen zu bekommen, hoch ist. Picker nicht an deinen Warzen, da dies das Virus verbreiten kann, das sie verursacht. Falls deine Mosaikwarzen nicht heilen oder sich mit Hausbehandlungen verschlimmern, konsultiere deinen Arzt. Du benötigst möglicherweise eine stärkere Behandlung, wie einen Laserprozess, um die Warzen vollständig zu entfernen.

### Instruction2:
Der Text gibt Anleitungen zur Behandlung von Warzen und betont die Bedeutung einer genauen Diagnose, um sicherzustellen, dass es sich um Plantar- oder Mosaikwarzen handelt. Es werden verschiedene Behandlungsmethoden beschrieben, darunter die Anwendung von Salicylsäure, das Abdecken mit Klebeband und Kryotherapie. Es wird empfohlen, tote Hautschichten zu entfernen, und es werden Hausmittel wie eine Mischung aus Vitamin C und Essig vorgeschlagen. Präventionsmaßnahmen werden ebenfalls erwähnt, um die Ausbreitung des Virus zu verhindern. Bei schwereren Fällen sollte ein Arzt konsultiert werden.",7.335387468338013
034_51765,"### Instruction1:
Dies ist ein wichtiger Schritt, wenn nicht offensichtlich ist, warum das Kind verärgert ist. Selbst wenn du es weißt, kann es für sie nützlich sein, ihre Erfahrungen in eigenen Worten auszudrücken. Sich auszudrücken kann ihnen helfen, ihre Emotionen zu verarbeiten und ein emotionales Bewusstsein zu entwickeln. Das Benennen und Diskutieren ihrer Emotionen wird ihnen helfen, diese in Zukunft klarer zu erkennen. Für kleine Kinder, die ihre Gefühle nicht kommunizieren können, können Eltern sagen oder widerspiegeln, wie sich das Kind fühlt: „Du siehst verärgert aus.“ „Du scheinst frustriert zu sein.“ „Also sind deine Gefühle verletzt.“ Das Kind kann dann entweder die widerspiegelnden Emotionen bestätigen oder ablehnen. Auf diese Weise bringen die Eltern dem Kind bei, Emotionen zu identifizieren und richtig zu benennen, und das Kind erkennt und benennt seine Emotionen. Es ist wichtig, das Kind zu spiegeln, besonders in den frühen Lebensjahren. Das Anerkennen der Emotionen des Kindes hilft ihm, ein selbstbewusstes Selbstwertgefühl zu entwickeln. Wenn dein Sohn/deine Tochter zum Beispiel wütend ist, kannst du sagen: „Ich sehe, dass du gerade wütend bist. Ich weiß, wie es ist, wütend zu sein. Es ist in Ordnung, wütend zu sein.“ Wenn sie zu klein sind, um ihre Erfahrungen zu beschreiben, kann es bereits eine kraftvolle Form des Spiegelns sein, einfach nur da zu sein und darauf zu achten, was sie tun. Dem Kind zuzuhören, ist einer der besten Wege, um zu erreichen, dass sie dir auch zuhören. Es hilft ihnen auch, sich verstanden und geschätzt zu fühlen. Befolge diese Schritte, um ein guter Zuhörer zu sein: Sei verfügbar. Etabliere eine offene Beziehung, in der sie mit dir sprechen können, wann immer sie das Bedürfnis haben. Dies könnte so einfach sein wie sie zu ermutigen, wenn sie dir von ihrem Leben erzählen. Spiegle, was sie sagen. Wenn sie dir erzählen, wie sie sich fühlen, formuliere es um und frage, ob du es richtig verstanden hast. Vermeide es, voreilige Schlüsse zu ziehen. Wenn du das Kind dabei erwischst, etwas Falsches zu tun, lass es sich erklären, bevor du antwortest. Stelle Fragen zu ihrem Denken und versuche zu verstehen. Du möchtest die Gefühle des Kindes anerkennen, aber das bedeutet nicht, dass sie die Kontrolle über dich haben müssen. Es ist wichtig, konsistent und bestimmt auf die hohen Emotionen des Kindes zu reagieren. Dies gibt ihnen ein Gefühl von Stabilität und Ordnung in einer manchmal beängstigenden Welt. Wenn du eine Grenze setzt oder das Kind davon abhältst, etwas zu tun, ist es eine gute Praxis, ihnen zu erklären, warum du tust, was du tust. Dies wird sie dazu bringen, gutes Entscheidungsverhalten zu modellieren und eine respektvollere Umgebung zwischen euch zu schaffen. Sie in den Entscheidungsprozess einzubeziehen, ist eine gute Möglichkeit, ihnen persönliche Verantwortung und klares Denken näherzubringen. Stelle sicher, dass du dies an ihr Alter und die jeweilige Situation anpasst. Behalte jedoch das „letzte Wort“ in deiner eigenen Hand. Autoritative Erziehung ist im Allgemeinen der beste Ansatz. Diese Art der Erziehung beinhaltet eine gewisse Flexibilität, ohne zu viel Macht abzugeben.

### Instruction2:
Der Text beschreibt, wie wichtig es ist, die Emotionen von Kindern zu erkennen und zu reflektieren, um ihnen zu helfen, ihre Gefühle zu verstehen und auszudrücken. Eltern sollten in der Lage sein, die Emotionen ihrer Kinder zu benennen und zu bestätigen, was dem Kind hilft, emotionale Intelligenz zu entwickeln. Es wird empfohlen, eine offene Beziehung zu pflegen, in der Kinder sich wohl fühlen, ihre Gefühle zu teilen. Zudem sollten Eltern beim Umgang mit starken Emotionen konsistent und bestimmt sein, um Stabilität zu bieten. Das Einbeziehen von Kindern in Entscheidungsprozesse fördert Verantwortungsbewusstsein und klares Denken, während autoritative Erziehung als der effektivste Ansatz betrachtet wird.",4.945180892944336
034_18653,"### Instruction1:
Tippe auf das Chrome-App-Symbol, das wie eine rote, gelbe, grüne und blaue Kugel aussieht. Es befindet sich in der oberen rechten Ecke des Bildschirms. Ein Dropdown-Menü wird erscheinen. Möglicherweise musst du auf einer offenen Seite nach unten scrollen, damit die Menüschaltfläche erscheint. Es liegt nahe dem unteren Ende des Dropdown-Menüs. Du findest dies in der Mitte der Seite. Es ist nahe dem unteren Ende der Seite. Es wird grau werden. Dies bedeutet, dass Pop-ups deaktiviert sind und somit in deinem Chrome-Browser auf Android blockiert werden. Beachte, dass einige milde Pop-ups weiterhin erscheinen können.

### Instruction2:
Um Pop-ups im Chrome-Browser auf Android zu deaktivieren, tippe auf das Chrome-Symbol in der oberen rechten Ecke des Bildschirms. Ein Dropdown-Menü erscheint, möglicherweise musst du nach unten scrollen, um die Menüoptionen zu sehen. Wenn du die Einstellung zur Deaktivierung der Pop-ups findest, wird sie grau angezeigt, was bedeutet, dass Pop-ups blockiert sind. Beachte jedoch, dass einige weniger störende Pop-ups weiterhin sichtbar sein können.",1.741448163986206
034_25607,"### Instruction1:
Stelle die Bratpfanne in den Ofen und röste bei hoher Temperatur eine halbe Stunde. Dies wird eine köstliche Kruste um das Lammbein erzeugen. Röste eine weitere Stunde bei dieser niedrigeren Temperatur, um sicherzustellen, dass das Fleisch vollständig durchgegart ist. Verwende ein Fleischthermometer, um die Innentemperatur des Lamms zu überprüfen und zu bestimmen, ob es fertig ist. Ein Lammbein schmeckt am besten, wenn es zwischen medium rare und medium well gegart ist. Für medium rare Lammbein nimm die Schüssel aus dem Ofen, wenn die Innentemperatur zwischen 145 und 150 Grad Fahrenheit erreicht ist. Für medium oder medium well Lammbein nimm die Schüssel aus dem Ofen, wenn die Innentemperatur zwischen 150 und 155 Grad Fahrenheit erreicht ist. Decke die Backform mit Aluminiumfolie ab und lasse das Lamm ruhen. Dies gibt den Säften Zeit, sich wieder in das Fleisch zu ziehen, was ein saftiges, zartes Gericht ergibt. Nach 15 Minuten kannst du das Lamm aufschneiden.

### Instruction2:
Der Text beschreibt, wie man ein Lammbein richtig zubereitet. Zuerst wird empfohlen, das Lammbein bei hoher Temperatur für eine halbe Stunde zu rösten, um eine Kruste zu erzeugen, gefolgt von einer weiteren Stunde bei niedrigerer Temperatur. Ein Fleischthermometer sollte verwendet werden, um die Innentemperatur zu überprüfen, wobei idealerweise zwischen 145 und 155 Grad Fahrenheit angestrebt wird, je nach gewünschtem Gargrad. Nach dem Garen sollte das Lamm ruhen, damit es saftig bleibt, bevor es aufgeschnitten wird.",2.568286418914795
034_46362,"### Instruction1:
Sobald du deine Augenbrauen geformt hast, trage Augenbrauenwachs auf, um den Rest deiner Locken zu glätten. Dies wird die Form fixieren und die Locken glätten. Wenn du Wachs als Mittel zur Entfernung überschüssiger Haare anstelle von Zangen verwendest, kann es schmerzhaft sein und empfindliche Haut reizen. Wenn du dir nicht sicher bist, wie deine Haut reagieren wird, und Zeit hast, nutze professionelle Wachsdienste. Trage Augenbrauengel über das Wachs auf, um deine lockigen Augenbrauen in der geraden Position zu fixieren. Die Wachsbasis ermöglicht es dem Gel, daran zu haften, während es deine Augenbrauen an Ort und Stelle hält. Verwende einen Augenbrauenstift oder Pinsel, um das Gel über deine Augenbrauen aufzutragen, aber vermeide es, das Gel auf die Spitzen deiner Augenbrauen zu bringen. Bedecke den Bereich 15 Minuten lang mit einem speziellen absorbierenden Augenbrauenfilm und einem Handtuch, überprüfe jedoch alle paar Minuten, um sicherzustellen, dass die Haare in die richtige Richtung liegen. Wische überschüssiges Produkt vom Pinsel ab, bevor du es aufträgst. Nach 15 Minuten entferne den Film und das Handtuch und benutze ein trockenes Wattestäbchen, um unschönes Gel zu entfernen. Augenbrauenpomade funktioniert genauso gut wie Gel. Genau wie Haarprodukte halten Augenbrauengel und Pomade deine Haare an Ort und Stelle, bieten jedoch unterschiedliche Looks. Augenbrauengel kann deine Augenbrauen hart und knusprig aussehen und sich anfühlen, während Pomade das nicht tut. Verwende Massageöl, Kokosnussöl oder sogar Olivenöl, um deine Augenbrauen weiter zu glätten. Massiere in eine Richtung, anstatt kreisförmig, um die Glätte zu erhalten. Verwende deine Fingerspitzen und wiederhole dies jede Nacht vor dem Schlafengehen. Entferne das Öl jeden Morgen von deinem Gesicht, indem du dein Gesicht mit heißem Wasser wäschst und deine Augenbrauen mit einem Handtuch trocken tupfst. Achte darauf, nicht zu reiben, sondern zu tupfen, um die Glätte zu behalten. Verwende die Borsten und Chemikalien in klarem Mascara, um deine Augenbrauen zu formen und an Ort und Stelle zu halten. Mascara, die den gleichen Farbton wie deine Augenbrauen hat, kann etwaige Stellen ausfüllen, wenn du einen volleren Look anstrebst. Verwende kleine, haareähnliche Striche beim Auftragen der Farbe. Augenbrauenstifte, die die gleiche Farbe wie dein Haar oder dunkler sind, erzeugen einen unnatürlichen, festen Look. Gib deinen Augenbrauen Dimension, indem du eine hellere Farbe verwendest. Verwende deinen Augenbrauenstift nicht dort, wo keine Haare sind. Dies kann unerwünschte Aufmerksamkeit auf einen ungünstigen Look lenken. Informiere dich, da diese Kits für einen bestimmten Look ausgestattet sind. Die speziell gestalteten Geräte dürfen nur für diesen speziellen Look verwendet werden, also stelle sicher, dass es die Investition wert ist.

### Instruction2:
Der Text beschreibt, wie man Augenbrauen formt und pflegt. Zuerst wird empfohlen, Augenbrauenwachs aufzutragen, um die Form zu fixieren und Locken zu glätten. Bei der Verwendung von Wachs zur Haarentfernung wird auf mögliche Schmerzen und Hautirritationen hingewiesen. Es wird geraten, professionelle Wachsdienste in Anspruch zu nehmen, wenn man unsicher ist. Danach sollte Augenbrauengel aufgetragen werden, um die Form zu fixieren, gefolgt von einer 15-minütigen Abdeckung mit einem speziellen Film und einem Handtuch. Der Text gibt Anweisungen zur Anwendung von Augenbrauenpomade und zur Pflege der Augenbrauen mit Ölen. Schließlich werden Tipps zur Verwendung von Mascara und Augenbrauenstiften gegeben, um ein natürliches Aussehen zu erzielen und unerwünschte Aufmerksamkeit zu vermeiden. Es wird empfohlen, sich über spezielle Kits zu informieren, bevor man investiert.",5.173072099685669
034_54369,"### Instruction1:
Breite ein sauberes Handtuch aus und setze deine Katze in die Mitte. Ziehe eine Seite hoch und über den Rücken deiner Katze und um ihre Seite, indem du das freie Ende unter ihren Füßen versteckst. Ziehe die andere Seite des Handtuchs in die entgegengesetzte Richtung auf ähnliche Weise über. An diesem Punkt sollte deine Katze wie ein Burrito eingerollt sein. Wenn du alleine bist, halte deine Katze eng an deinen Körper, wobei ihr Kopf in die entgegengesetzte Richtung deiner dominanten Hand zeigt. Sprich während des gesamten Vorgangs in einer ruhigen Stimme mit ihr. Versuche dies während des gesamten Verfahrens zu tun, da es hilft, die Katze zu beruhigen. Hebe den Schwanz der Katze an und führe vorsichtig die Spitze der Einlauf-Spritze oder des Fütterungsschlauchs, der an einer 20-cc-Spritze befestigt ist, 5 bis 7,6 cm in das Rektum ein. Oder du könntest bis zum Widerstand durch harte Fäkalien einführen. Drücke nicht zu fest mit dem Schlauch oder der Flüssigkeit, da dies zu rektalen Verletzungen oder Rissen führen könnte, was ernsthafte medizinische Komplikationen nach sich ziehen kann. Wenn du Mineralöl verwenden möchtest, gib langsam 15-20 ml in das Rektum. Wenn du warmes Wasser verwenden möchtest, verabreiche langsam 50-75 ml. Wenn du ein Feline Pet-Ema ® Enema verwenden möchtest, gib zuerst 6 ml in einem Tempo von etwa 1 ml alle 3 Sekunden ein. Nach 1 Stunde verabreiche weitere 6 ml des Einlaufs und folge dem gleichen Verfahren wie bei der ersten Verabreichung. Lege deine Handfläche unter den Bauch zwischen den Beinen deiner Katze und drücke sanft, bis du die verhärteten Fäkalien spürst. Massiere diesen Bereich mit einer sanften Kneifbewegung mit deinem Daumen und den restlichen Fingern. Bei einigen Katzen werden die Fäkalien schnell nach 5 bis 10 Minuten ausgeschieden. Bei anderen Katzen mit sehr hartem Stuhl kann es 1 bis 2 Stunden dauern, bis der weichere Stuhl ausgeschieden wird. Du kannst den Einlauf nach 1-2 Stunden wiederholen, wenn kein Stuhlgang erfolgt. Wenn der zweite Einlauf nicht wirksam ist, kontaktiere deinen Tierarzt. Du kannst ein paar kleine Streifen oder Flecken von hellrotem Blut bemerken, das ist in Ordnung. Aber wenn du große Mengen Blut oder kontinuierliche rektale Blutungen siehst, könnte deine Katze eine Verletzung im Rektum haben. Sieh sofort einen Tierarzt. Achte darauf, deine Katze ein paar Stunden im Auge zu behalten. Einläufe können manchmal Erbrechen und Durchfall verursachen. Deine Katze könnte schwer dehydriert werden, daher könnte die Verabreichung von Flüssigkeiten notwendig werden.

### Instruction2:
Der Text beschreibt das Verfahren zur Verabreichung eines Einlaufs bei einer Katze. Zuerst wird die Katze in ein Handtuch gewickelt, um sie zu beruhigen und zu halten. Dann wird die Spitze einer Spritze vorsichtig in das Rektum eingeführt, wobei darauf geachtet wird, Verletzungen zu vermeiden. Je nach verwendetem Mittel (Mineralöl oder warmes Wasser) wird eine bestimmte Menge in das Rektum gegeben. Nach der Verabreichung wird der Bauch massiert, um die Fäkalien auszutreiben. Es wird erklärt, dass bei Schwierigkeiten ein zweiter Einlauf in 1-2 Stunden wiederholt werden kann und dass bei Anzeichen von Blut oder anhaltenden Problemen ein Tierarzt aufgesucht werden sollte. Es wird auch darauf hingewiesen, dass der Zustand der Katze nach dem Einlauf überwacht werden sollte, da Nebenwirkungen wie Erbrechen und Durchfall auftreten können.",6.767556190490723
034_46906,"### Instruction1:
Wenn du daran interessiert bist, mehr Zeit miteinander zu verbringen, plane dies! Das wird in der Regel ziemlich offensichtlich sein, aber auch wenn nicht, zögere nicht, das Angebot zu machen. Eine der einfachsten und sichersten Möglichkeiten, einen neuen Freund einzuladen, sich wieder zu treffen, ist, sie zu einer Gruppenveranstaltung in der kommenden Woche einzuladen. Wenn du weißt, dass du zu einem bestimmten Zeitpunkt und Ort an einer Veranstaltung teilnimmst und andere willkommen sind, erwähne es und ermutige sie, ebenfalls teilzunehmen. Wenn du kürzlich jemanden getroffen hast, mit dem du dich gut verstehst und Pläne gemacht hast, euch wiederzusehen, denke an etwas, worüber ihr sprechen könnt. Es gibt wenige verlässliche Möglichkeiten, eigene Gesprächsthemen zu finden. Zum Beispiel: Überlege, was für eure Pläne relevant sein könnte. Wenn du zu einem Sportereignis gehst, lies die neuesten Nachrichten über das spielende Team. Denke über aktuelle Ereignisse nach, sowohl lokal als auch global. Die unterschiedlichen Weltanschauungen der Menschen bieten oft bunte Interpretationen von Dingen, die anderswo in der Welt geschehen sind. Denke an saisonale Gesprächsthemen. Wenn Halloween bevorsteht, frage deinen neuen Freund, als was er sich verkleiden möchte oder was sein bestes Kostüm war. Probiere einen alten Klassiker: „Was ist das nächste, worauf du dich freust?“ Denk daran, Nachfragen zu stellen, wie „Was hast du dort vor?“ Frag nach Personen, die ihr beide kennt, wie ihrer Familie oder einem gemeinsamen Freund. Wenn du jemanden bewunderst, gibt es wahrscheinlich einen guten Grund für diese positiven Gefühle. Das sind wahrscheinlich die Gründe, warum du die Anwesenheit einer Person in deinem Leben schätzen kannst. Wer auch immer sie sind, sie werden sich sicherlich von dem unterscheiden, was du zuerst erwartet hast. Das ist teilweise der Grund, warum es so Spaß macht, neue Menschen kennenzulernen. Erkenne, dass jeder neue Mensch, den du triffst, dein Verständnis von Menschen im Allgemeinen prägen wird. Niemand ist genau wie jemand anders, und das sollte auch nicht so sein! Vergleiche neue Freunde nicht mit anderen Freunden, die du in der Vergangenheit hattest. Konzentriere dich auf die Eigenschaften, die jeder deiner Freunde hat, die sie zu dem machen, was sie sind. Schätze, wie ihre Individualität zu deinem Verständnis der Welt beiträgt. Es ist unglaublich bedeutungsvoll, wenn wir uns an die Gespräche erinnern, die wir miteinander hatten, und in der Lage sind, genau dort fortzufahren, wo wir aufgehört haben – sowohl wörtlich als auch metaphorisch, wenn es darum geht, eine neue Freundschaft zu entwickeln. Wenn du weißt, dass du in Zukunft mit deinem Freund sprechen wirst, notiere dir die Themen, über die ihr gesprochen habt. Sei bereit, sie in der Zukunft wieder anzusprechen. Schau dir etwas an, das sie erwähnt haben, wie eine bestimmte Band, und überlege, was du mit ihren Beobachtungen übereinstimmen oder hinzufügen kannst. Achte darauf, dies beim nächsten Mal, wenn du sie siehst, zu erwähnen. Das wird ihnen zeigen, dass du echtes Interesse an ihnen hast und dass du dein Wort hältst. Zeige ihnen, dass du dich darauf freust, sie wiederzusehen, indem du einen positiven Moment aus eurem früheren Gespräch erinnerst.

### Instruction2:
Der Text ermutigt dazu, neue Freundschaften zu fördern, indem man Zeit miteinander plant und einlädt. Es wird empfohlen, Gruppenveranstaltungen zu nutzen, um neue Freunde zu treffen. Zudem sollte man Gesprächsthemen vorbereiten, die für gemeinsame Interessen relevant sind, um die Interaktion zu fördern. Es ist wichtig, die Individualität der neuen Freunde zu schätzen und sie nicht mit früheren Freunden zu vergleichen. Der Text hebt hervor, wie bedeutungsvoll es ist, Gespräche zu führen und diese in Zukunft fortzusetzen, um das Interesse und die Verbindung zu zeigen.",6.729801416397095
034_31697,"### Instruction1:
Manchmal denken wir, dass wir jemanden lieben wollen, aber wenn wir diese Person wirklich kennenlernen, entdecken wir, dass sie nicht die Person ist, die wir verfolgen wollen. Bevor du all deine Energie darauf verwendest, dass dich jemand liebt, stelle sicher, dass du diese Person wirklich magst – sowohl das Aussehen als auch das Verhalten und den Umgang mit anderen. Überlege, ob du neben der Person im Unterricht oder im Restaurant sitzen kannst. Frage sie nach Interessen und Zielen. Was hast du in deinem letzten Urlaub gemacht? Was machst du gerne zum Spaß? Welche Orte möchtest du am liebsten besuchen? Welche Art von Musik magst du? Was ist dein Lieblingsessen? Mit den Menschen, die dein Schwarm mag, abzuhängen, kann aufschlussreich sein. Achte darauf, wie dein Schwarm diese Menschen behandelt. Überlege, ob du gerne so behandelt werden würdest. Wenn nicht, solltest du keine Beziehung zu dieser Person anstreben. Du solltest auch etwas Zeit investieren, um dein Interesse wirklich kennenzulernen. Versuche, zuerst in einer großen Gruppe mit deinem Schwarm abzuhängen, bevor ihr zu viel Zeit allein miteinander verbringt. So kannst du deinen Schwarm langsam kennenlernen und sehen, wie er oder sie in verschiedenen Situationen handelt. Nach einer Weile wirst du den wahren Charakter deines Schwarms erkennen und dann kannst du entscheiden, ob du die Person immer noch magst. Es ist auch wichtig, Zeit allein mit deinem Schwarm zu verbringen. Dies hilft dir zu sehen, wie er oder sie interagiert, wenn ihr nur zu zweit seid. Selbst wenn dein Schwarm dich nur als Freund sieht, kann das der Beginn einer engeren Beziehung sein. Andererseits könnte die Zeit allein mit deinem Schwarm auch der Beginn einer romantischen Beziehung sein. Einige gute Dinge, die du frühzeitig mit deinem Schwarm unternehmen kannst, sind: Wandern, Klettern, Essen gehen, im Tierheim ehrenamtlich arbeiten, ein Museum besuchen, Bowling spielen, sich auf einen Kaffee treffen.

### Instruction2:
Der Text beschreibt, wie wichtig es ist, eine Person wirklich kennenzulernen, bevor man versucht, eine romantische Beziehung zu ihr aufzubauen. Er rät dazu, sich auf das Aussehen und Verhalten der Person zu konzentrieren und Fragen zu Interessen und Zielen zu stellen. Es wird empfohlen, auch Zeit in einer Gruppe zu verbringen, um den Charakter der Person besser zu verstehen und zu beobachten, wie sie andere behandelt. Zeit allein zu verbringen ist ebenfalls wichtig, um die Dynamik zwischen beiden zu erkunden. Der Text gibt zudem einige Vorschläge für Aktivitäten, die man mit seinem Schwarm unternehmen kann.",3.934861421585083
034_57454,"### Instruction1:
Normalerweise haben Menschen im Laufe ihres Tages Kontakt zu verschiedenen Personen, seien es Arbeitskollegen, Mitarbeiter in Cafés, Postangestellte oder vorbeigehende Nachbarn. Um sich abzukapseln, hör auf, mit diesen verschiedenen Menschen zu sprechen. Beende das Telefonieren oder das Öffnen deiner Tür für Besucher. Vollständige Isolation kann schwierig sein, wenn du weiterhin zur Arbeit gehen und mit Kollegen und Vorgesetzten kommunizieren musst. Dies wird etwas einfacher, wenn du alleine lebst. Du kannst dein Zuhause als Zufluchtsort nutzen, um dich zu isolieren. Entferne dich aus dem Leben deiner Freunde, indem du keine Zeit mehr mit ihnen verbringst. Du kannst einen von mehreren Ansätzen wählen, um dies zu erreichen. Diese Ansätze können sein: Rücksichtslos: Du kannst die Menschen rücksichtslos ausschließen, indem du ihnen sagst, dass du nicht mehr abhängen möchtest. Du wirst wahrscheinlich als gemein und unhöflich wahrgenommen werden. Ehrlich: Bei diesem Ansatz kannst du ehrlich sein, indem du deinen Freunden sagst, dass du dabei bist, dich von der Gesellschaft abzuschotten. Erwarten Sie Widerstand von Menschen, die sich um dich kümmern. Vermeidung: Du kannst einfach aufhören, mit den Menschen in deinem Leben zu sprechen. Vermeide ihre Anrufe und vermeide es, Augenkontakt herzustellen, wenn sie mit dir sprechen. Passiv: Lehne Einladungen ab und lass deine Freunde es leid werden, dich zu fragen, ob du dich treffen möchtest. Es ist gesund für dich, negative Menschen aus deinem Leben zu entfernen. Diese Menschen können dein Wachstum und deine Stabilität einschränken. Setze Grenzen für dein eigenes Wohlbefinden, indem du dich weigerst, diese Menschen in deinem Leben zu haben. Es liegt an dir, ob du den Menschen in deinem Leben sagst, dass du vorhast, dich von ihnen abzuschotten. Aber wenn du in einer Beziehung bist, kann es sein, dass dein Partner verletzt, wütend oder verwirrt über deine Entscheidung ist. In den meisten Fällen schuldest du es deinem Partner, zu erklären, warum du dich isolierst. Sei mit deinen Lieben mitfühlend. Es kann verheerend für Eltern sein, wenn ein Kind sich von ihnen abschottet. Sie können dieselben Gefühle erleben, die mit dem Tod eines Kindes verbunden sind. Wenn du Verantwortung hast, wie z.B. für Kinder zu sorgen, wird nicht empfohlen, dich von der Gesellschaft abzukapseln. Du musst eine gute, stabile und gesunde Betreuung für deine Kinder bieten. Wenn du Kinder hast, um die du dich kümmerst, ist dies wahrscheinlich nicht der beste Zeitpunkt, um dich von der Gesellschaft abzuschotten.

### Instruction2:
Der Text beschreibt, wie man sich von anderen Menschen isolieren kann, indem man den Kontakt zu ihnen abbricht. Dies kann auf verschiedene Arten geschehen: rücksichtslos, ehrlich, vermeidend oder passiv. Es wird betont, dass vollständige Isolation schwierig sein kann, insbesondere wenn man berufliche Verpflichtungen hat oder Kinder betreut. Es ist wichtig, Grenzen für das eigene Wohlbefinden zu setzen, aber auch verständnisvoll mit den Gefühlen anderer umzugehen, insbesondere in Beziehungen.",4.004352569580078
034_1448,"### Instruction1:
Dies wird dich bewusster für deine Beziehungen machen und dich dazu bringen, ehrlich zu bewerten, ob du versuchst, sie zu kontrollieren oder nicht. Deine Liste könnte kurz sein. Zum Beispiel könntest du nur mit einem geliebten Menschen oder romantischen Partner kontrollierend sein. Du könntest auch feststellen, dass deine Liste lang ist und Familie, Freunde und Partner umfasst. Finde jemanden, der nicht auf deiner Liste steht und den du respektierst. Sage ihnen, dass du dir Sorgen machst, kontrollierend zu sein, und Hilfe benötigst. Du möchtest vielleicht auch eine Selbsthilfegruppe finden. Es kann hilfreich sein, mit Menschen zu sprechen, die nicht mit deiner Situation vertraut sind. Treffen bieten regelmäßige Unterstützung, die dir helfen kann, deine Probleme und deinen Fortschritt neu zu bewerten. Wenn du eine kontrollierende Person bist, ist es sehr einfach, nur an dich selbst und deine Bedürfnisse zu denken. Mach eine Pause davon und tue etwas für andere. Engagiere dich ehrenamtlich, hilf einem Nachbarn oder besuche Familie, die du nicht oft siehst. Aus deiner Komfortzone herauszukommen und jemand anderem zu helfen, kann dich glücklicher, dankbarer und wertgeschätzt fühlen lassen. Das wird anfangs wirklich schwer sein, aber es wird anderen zeigen, dass du versuchst, dich zu ändern. Du könntest sogar feststellen, dass die Leute anfangen, nach deiner Meinung zu fragen. In diesem Fall biete sie an, ohne zu erwarten, dass sie auf deinen Rat hören. Bis dahin, mische dich nicht ein und leite andere nicht. Ebenso solltest du dich davon abhalten, ständig andere zu mikromanagen. Auch das wird anfangs schwierig sein, aber du wirst feststellen, dass andere später empfänglicher für deine Anliegen sind. Es gibt mehrere Möglichkeiten, dies zu tun. Nicht Ratschläge zu geben, Anweisungen zu erteilen oder Befehle zu erteilen, ist das Offensichtlichste. Du kannst auch lernen, Dinge vorzuschlagen oder deine Meinung zu äußern, wenn du gefragt wirst, aber es ist wichtig, nicht um die Ergebnisse zu kümmern. Lass die Dinge geschehen, geh mit dem Fluss und erkenne, dass du nicht mehr versuchst, alles zu kontrollieren. Fühle dich nicht schuldig, wenn du einfach die Dinge geschehen lässt. Ersetze diese Sorge durch eine neue Fähigkeit oder Aktivität. Entspannen oder anderen zu helfen, wird dir helfen, dich zu lösen.

### Instruction2:
Der Text beschreibt, wie man sich seiner kontrollierenden Verhaltensweisen in Beziehungen bewusst werden kann. Er schlägt vor, eine Liste von Personen zu erstellen, mit denen man kontrollierend ist, und Hilfe von jemandem zu suchen, dem man vertraut. Unterstützungsgruppen können hilfreich sein, um regelmäßige Rückmeldungen zu erhalten. Es wird empfohlen, altruistische Aktivitäten zu übernehmen, um den Fokus von sich selbst zu nehmen und Beziehungen zu verbessern. Der Text betont die Wichtigkeit, nicht zu mikromanagen oder ständig Ratschläge zu erteilen, und ermutigt dazu, sich von den Ergebnissen zu lösen und einfach die Dinge geschehen zu lassen.",4.653315305709839
034_19713,"### Instruction1:
Sie benötigen eine Art Gehege, um Ihre Babymouse unterzubringen. In der ersten Nacht können Sie mit einem Schuhkarton beginnen, der ein Küchentuch enthält. Wenn Sie jedoch planen, diese Maus zu Ihrem Haustier zu machen, benötigen Sie etwas Permanenteres. Im Allgemeinen sollten Sie für Ihre erste Maus einen Kubikfuß (30,4 cm³) Platz bieten und zusätzlich 0,5 Kubikfuß (15,24 cm³) Platz für jede weitere Maus im selben Käfig. Sie müssen auch den Käfig einmal pro Woche reinigen. Sie können eines der folgenden Dinge in Ihrem örtlichen Tiergeschäft kaufen: Glas-Aquarium, Metallkäfig, Plastikkäfig. Wenn Ihre Maus in der Wildnis wäre, würde sie sich mit ihrer Mutter und ihren Geschwistern zusammenkuscheln. In Ihrem Zuhause müssen Sie sicherstellen, dass Ihre Babymouse warm bleibt. Streuen Sie Holzspäne auf den Boden ihres Käfigs. Halten Sie den Käfig vom Boden in Ihrem Zuhause fern. Halten Sie die Temperatur in Ihrem Zuhause bei etwa 21 Grad Celsius (70 Grad F). Platzieren Sie eine Wärmequelle in einem Teil des Käfigs. Verwenden Sie eine mit Handtüchern umwickelte Wärmflasche oder legen Sie ein Heizkissen unter eine Hälfte des Käfigs. Stellen Sie sicher, dass die Maus sich zurückziehen kann, wenn es ihr zu warm wird. Mäuse brauchen viel Bewegung, sie benötigen Dinge zum Nagen und verlangen nach mentaler Stimulation. Während Ihre Maus beginnt, den Käfig zu erkunden, sollten Sie einige der folgenden Gegenstände zur Verfügung stellen: Spielzeug zum Trainieren, wie ein Mäuserad oder kleine Bälle mit Glocken darin (normalerweise als Katzenspielzeug verkauft). Kauspielzeug, wie Papierhandtuchrollen oder Eierkartons. Suchspielzeug oder Futterversteckspielzeug (für Vögel und/oder Nagetiere entwickelt).

### Instruction2:
Um Ihre Babymouse zu halten, benötigen Sie ein Gehege, das mindestens einen Kubikfuß Platz für die erste Maus und 0,5 Kubikfuß für jede weitere Maus bietet. Ein Schuhkarton kann zunächst reichen, aber für ein dauerhaftes Zuhause sollten Sie einen Käfig aus Glas, Metall oder Kunststoff kaufen. Achten Sie darauf, dass die Maus warm bleibt, indem Sie Holzspäne im Käfig verwenden und eine Wärmequelle bereitstellen. Es ist wichtig, den Käfig wöchentlich zu reinigen und der Maus Spielzeug für Bewegung und mentale Stimulation zur Verfügung zu stellen.",3.3479042053222656
034_21371,"### Instruction1:
Ein HDMI-Anschluss sieht aus wie ein dünner, breiter Schlitz mit einer leicht verjüngten Basis. HDMI-Anschlüsse befinden sich typischerweise auf der Rück- oder der Seite Ihres Fernsehbildschirms. Beachten Sie auch die Nummer neben dem HDMI-Anschluss, da dies der Eingangskanal ist, den Sie verwenden müssen, um Ihren Chromecast zu nutzen. Wenn Ihr Fernseher keinen HDMI-Anschluss hat, können Sie einen HDMI-zu-RCA-Adapter kaufen, der in die roten, weißen und gelben Anschlüsse auf der Rück- oder Seite Ihres Fernsehers eingesteckt wird. Das Kabel des Chromecast wird direkt in den HDMI-Anschluss Ihres Fernsehers eingesteckt. Der HDMI-Stecker passt nur auf eine Weise, also zwingen Sie ihn nicht, wenn er nicht passt. Stecken Sie ein Ende des Kabels in das Chromecast-Gerät und das andere Ende in einen USB-Anschluss Ihres Fernsehers. Wenn Ihr Fernseher keinen USB-Anschluss hat, müssen Sie einen Netzadapter mit dem USB-Kabel verwenden, um ihn in eine Steckdose zu stecken. Wenn Sie die 4K-Version des Chromecast anschließen, müssen Sie eine Steckdose verwenden, da der USB-Anschluss dieses Modells nicht mit Strom versorgt werden kann. Drücken Sie die Einschalttaste Ihres Fernsehers. Dies variiert von Fernseher zu Fernseher, besteht aber typischerweise darin, die Eingabetaste Ihres Fernsehers (oder der Fernbedienung) zu drücken, bis Sie die Eingangsnummer erreichen, die neben dem HDMI-Anschluss Ihres Fernsehers steht. Hier sollten Sie den Chromecast-Einrichtungsbildschirm sehen. Die Google Home-App ist kostenlos im iPhone App Store und im Android Google Play Store verfügbar. Tippen Sie auf die Google Home-App, die wie eine rote, grüne, gelbe und blaue Umrisslinie eines Hauses aussieht. Dies bringt Sie zur Google Home-Startseite. Sie befindet sich in der oberen rechten Ecke des Bildschirms Ihres Handys. Bei iPhone müssen Sie zuerst auf „Ohne Bluetooth verwenden“ tippen und dann „Einrichtung überspringen“, um zur Startseite der Google Home-App zu gelangen. Sobald dies geschehen ist, sollten Sie eine Bestätigungsnachricht auf Ihrem Telefon sehen. Dies beginnt den Einrichtungsprozess für den Chromecast. Stellen Sie sicher, dass der Code auf dem Fernseher mit dem Code auf Ihrem Telefon übereinstimmt, und tippen Sie dann auf Ja (iPhone) oder I SEE IT (Android). Es befindet sich in der unteren rechten Ecke des Bildschirms. Sie können auf diesem Bildschirm auch Ihren Chromecast benennen, bevor Sie auf Weiter tippen. Tippen Sie auf Netzwerk auswählen, dann auf ein Netzwerk und geben Sie das Passwort ein. Stellen Sie sicher, dass dies dasselbe Netzwerk ist, mit dem Ihr Telefon oder Tablet derzeit verbunden ist. Möglicherweise haben Sie die Möglichkeit, ein Update zu bestätigen oder sich mit Ihrem Google-Konto anzumelden. Sobald Ihr Chromecast eingerichtet ist, können Sie Elemente wie Apps und Filme auf Ihrem Telefon auswählen, um sie über den Chromecast auf Ihrem Fernseher abzuspielen.

### Instruction2:
Der Text beschreibt, wie man einen Chromecast an einen Fernseher anschließt und einrichtet. Zuerst wird erklärt, wie der HDMI-Anschluss aussieht und wo er sich am Fernseher befindet. Es wird darauf hingewiesen, dass man bei fehlendem HDMI-Anschluss einen Adapter verwenden kann. Der Anschluss des Chromecast erfolgt über den HDMI-Stecker und gegebenenfalls einen USB-Anschluss. Der Text beschreibt auch, wie man den Fernseher einschaltet und den richtigen Eingang auswählt, um den Chromecast einzurichten. Anschließend wird die Verwendung der Google Home-App zur Einrichtung des Chromecast erläutert, einschließlich der Schritte zur Bestätigung eines Codes und zur Auswahl eines Netzwerks. Nach der Einrichtung kann der Chromecast verwendet werden, um Inhalte vom Telefon auf den Fernseher zu streamen.",4.671296834945679
034_57754,"### Instruction1:
Neue Beziehungen können dazu führen, dass Sie Ihr Selbstverständnis erweitern, weil Sie sich an eine andere Person anpassen. Nach einer Trennung kann es jedoch schwierig sein, Ihre einzigartige Identität wiederzugewinnen und Ihren Alltag zu verstehen. Arbeiten Sie also daran, sich neu zu definieren, und feiern Sie Ihre Individualität und Einzigartigkeit. Einige Menschen empfinden nach dem Ende einer Beziehung ein Gefühl von Freiheit, nutzen Sie dieses Gefühl zu Ihrem Vorteil und erkunden Sie neue Aktivitäten. Erkunden Sie Aktivitäten, die Ihnen zuvor gefallen haben, aber für die Sie zu beschäftigt waren. Lassen Sie sich einen neuen Haarschnitt oder Stil machen. Viele Menschen finden, dass Trennungen, obwohl schmerzhaft und schwierig, letztendlich positive Ergebnisse bringen. Die Identifizierung einiger positiver Ergebnisse der Trennung kann Ihnen helfen, weniger traurig oder wütend zu fühlen. Vielleicht hat die Trennung Ihnen geholfen, sich mehr auf die Schule, die Arbeit oder andere Verpflichtungen zu konzentrieren. Einige Menschen empfinden, dass Trennungen ihnen mehr Freiheit ermöglichen. Sie könnten auch persönliche positive Ergebnisse aus der Trennung gewonnen haben, wie mehr Selbstvertrauen, Selbstständigkeit und Selbstakzeptanz. Neben Umwelt- und persönlichen Ergebnissen könnten Sie auch bessere Kommunikationsfähigkeiten während der Beziehung erlangt und wertvolle Beziehungskompetenzen gelernt haben (z.B. zu lernen, wenn man im Unrecht ist, es zuzugeben). Einige Trennungen erfolgen aufgrund mangelnder Zufriedenheit in der Beziehung, unzureichender persönlicher Investitionen oder der Wahrnehmung von Alternativen (Mentalität „Es gibt viele Fische im Meer“). Menschen sind eher geneigt, sich zu trennen, wenn sie ein starkes soziales Unterstützungssystem außerhalb der Beziehung haben. Zum Beispiel können Personen eher eine Trennung in Betracht ziehen, wenn sie unzufrieden oder nicht respektiert werden. Versuchen Sie, Dinge zu identifizieren, die Sie besser hätten machen können, aber machen Sie sich nicht zu viele Vorwürfe. Betrachten Sie die Beziehung als Wachstumschance, die Ihnen hilft, zukünftige Beziehungen zu navigieren. Versuchen Sie, zu reflektieren (logisch zu denken), anstatt zu grübeln (in negatives Denken verwickelt zu werden).

### Instruction2:
Der Text beschreibt, wie neue Beziehungen das Selbstverständnis erweitern können, jedoch nach einer Trennung Schwierigkeiten mit der Identität und dem Alltag auftreten können. Es wird empfohlen, sich neu zu definieren und Aktivitäten zu erkunden, die man gerne macht. Trennungen können trotz anfänglicher Schmerzen positive Veränderungen bringen, wie mehr Selbstvertrauen und persönliche Freiheit. Außerdem wird darauf hingewiesen, dass einige Trennungen aufgrund von Unzufriedenheit oder mangelnder Wertschätzung stattfinden. Es wird empfohlen, die Beziehung als Lernchance zu betrachten und sich auf zukünftige Beziehungen vorzubereiten, indem man reflektiert und nicht in negativem Denken gefangen bleibt.",3.346932888031006
034_8530,"### Instruction1:
Tägliches Trockenstauben hält Ihren vorgefertigten Fußboden in bestem Zustand. Ein Mop mit einem Mikrofaser-Moppkopf ist wahrscheinlich das einfachste Werkzeug dafür. Da vorgefertigte Holzböden durch abrasive Besenborsten zerkratzt werden können, wird ein Mikrofaser-Mopp dem täglichen Fegen empfohlen. Wenn Sie lieber einen Besen verwenden, stellen Sie sicher, dass die Borsten extrem weich sind. Ein tägliches Abstauben sollte für die meisten Bereiche ausreichen. Wenn Sie es mit einem extrem stark frequentierten Bereich zu tun haben, möchten Sie möglicherweise täglich einen zusätzlichen Durchgang machen. Selbst wenn Sie Ihren Boden jeden Tag mit einem Mikrofaser-Mopp trocken abstauben, wird sich Schmutz und Schutt schließlich in Ecken und Falten ablagern. Bekämpfen Sie dies mit einer wöchentlichen Staubsitzung. Verwenden Sie immer ein Zubehör mit Naturborsten, um Kratzer und Schäden zu vermeiden. Fahren Sie über den gesamten Boden und achten Sie besonders auf Ecken und Falten. Vermeiden Sie die Verwendung von aufrechten Staubsaugern mit Schrubberstangen, um Schäden zu vermeiden. Leichter Schmutz und Schmutz können mit einem feuchten Mopp gereinigt werden, ohne dass zusätzlicher Bodenreiniger erforderlich ist. Wringen Sie den Mopkopf gründlich aus und führen Sie ihn dann über den Boden, um Schmutz und Schutt zu entfernen. Stellen Sie sicher, dass nach dem feuchten Wischen kein stehendes Wasser auf dem Boden bleibt. Wenn Sie Pfützen sehen, wischen Sie diese sofort mit einem sauberen Handtuch auf. Bei erheblichem Schmutz möchten Sie möglicherweise einen Bodenreiniger zusammen mit dem feuchten Mopp verwenden. Ihr Bodenhersteller stellt Ihnen die geeignetsten Reiniger und Produkte zur Verfügung. Befolgen Sie die Anweisungen Ihres Produkts, um eine Reinigungslösung herzustellen, tauchen Sie Ihren Mop hinein und wringen Sie ihn gründlich aus. Führen Sie ihn über die Oberfläche des Bodens, wobei Sie sich auf die schmutzigsten Bereiche und die Ecken konzentrieren. Vorgefertigte Holzböden variieren von Hersteller zu Hersteller. Ein Reiniger, der auf einer Oberfläche gut funktioniert, kann auf einer anderen Schäden verursachen. Sprechen Sie mit Ihrem Bodenhersteller über die besten Optionen für Ihren Boden. Vermeiden Sie die Verwendung von Produkten mit Ammoniak und Ölsäften auf vorgefertigtem Holz. Diese können für das Holzfinish schädlich sein und Rückstände hinterlassen, die zusätzlichen Staub und Schmutz anziehen.

### Instruction2:
Der Text gibt Anweisungen zur Pflege von vorgefertigten Holzböden. Tägliches Trockenstauben mit einem Mikrofaser-Mopp wird empfohlen, da abrasive Borsten Kratzer verursachen können. Für stark frequentierte Bereiche sollte zusätzlich täglich gereinigt werden. Wöchentliche Staubsitzungen mit einem Staubsauger mit Naturborsten sind notwendig, um Schmutz in Ecken zu entfernen. Leichte Verschmutzungen können mit einem feuchten Mopp ohne zusätzlichen Reiniger beseitigt werden, wobei darauf geachtet werden muss, dass kein Wasser zurückbleibt. Bei stärkerem Schmutz kann ein geeigneter Bodenreiniger verwendet werden, wobei die Anweisungen des Herstellers zu beachten sind. Es wird geraten, Produkte mit Ammoniak und Öl zu vermeiden, da sie das Holzfinish schädigen können.",4.187565326690674
034_36610,"### Instruction1:
Diese Reaktionen belohnen den Hund mit Aufmerksamkeit und sollten vermieden werden. Schreien ist ebenfalls ineffektiv. Stattdessen sollte man das Bellen komplett ignorieren. Dem Hund zu sagen, er solle „ruhig“ sein, könnte kontraproduktiv sein. In einigen Fällen kann es effektiv und harmlos sein, den Hund mit einer Sprühflasche voll Wasser zu bespritzen, um ihn aus dem Bellen zu erschrecken. Einige Hunde sehen dies jedoch eher als Spiel denn als Ablenkung, daher musst du herausfinden, ob es für deinen Hund funktioniert. Es ist wichtig, das Belohnen von Verhaltensweisen, die du eliminieren möchtest, zu vermeiden, da dies diese Verhaltensweisen nur verstärkt. Wenn dein Hund zum Beispiel bellt, um Aufmerksamkeit zu bekommen, und du darauf reagierst, indem du ihm Aufmerksamkeit gibst, hast du ihn gerade für die Handlung belohnt, die du entfernen möchtest! Ignoriere deinen Hund, wenn er um Aufmerksamkeit bellt. Das kann schwierig sein, ähnlich wie ein weinendes Baby zu ignorieren, aber um Verwirrung zu vermeiden, ist es wichtig, ihm keine Aufmerksamkeit zu schenken, wenn er sie verlangt. Belohne die Aufmerksamkeit des Hundes nicht mit Blicken, Streicheln oder Reden. Wenn möglich, wende ihm den Rücken zu. Das signalisiert, dass du dieses Verhalten nicht magst. Irgendwann wird der Hund ruhig. Wenn dein Hund aufhört zu bellen, lobe ihn und gib ihm Leckerlis. Wenn er das System zu verstehen beginnt, fordere ihn auf, länger ruhig zu bleiben, bevor du ihn belohnst. Wenn dein Hund nicht beißt, kann es hilfreich sein, den Mund des Hundes zu schließen, wenn sie unangemessen bellt. Das ist eine physische Bestätigung, dass du das Verhalten des Hundes nicht billigen. Es gibt Leinen und Halfter, die es dir ermöglichen, den Mund sanft zu schließen, während du spazieren gehst. Wenn möglich, entferne deinen Hund von allem, was das Bellen auslöst. Schließe Jalousien oder Vorhänge, wenn dein Hund bei vorbeigehenden Menschen bellt. Setze deinen Hund allein in einen Raum, wenn sie bei Gästen bellt. Territorialbellen kann oft durch eine Veränderung dessen, was dein Hund sehen kann, angegangen werden. Das Installieren eines Holzzauns anstelle eines Maschendrahtzauns oder das Abdecken deiner Fenster mit einem undurchsichtigen Film (der trotzdem Licht durchlässt) kann helfen, einen territorialen Hund ruhig zu halten. Wenn dein Hund bei unbekannten Geräuschen erschrickt, spiele eine Geräuschmaschine oder lasse einen Ventilator laufen, während du nicht zu Hause bist. Dies kann helfen, deinen Hund von den anderen Geräuschen, die sie hört, abzulenken. Wenn dein Hund bellt, wann immer sie andere Hunde oder Menschen sieht, bekommt sie vielleicht nicht genug Sozialisierung. Modelle gutes Verhalten im Hundepark, beim Spazierengehen und wenn du mit Menschen interagierst. Dies kann helfen, territorialen Hunden zu zeigen, dass sie nicht überall bellen müssen, um ihr Territorium zu schützen. Du kannst deinen Hund auch in eine „Hunde-Kita“ bringen, wo sie mit anderen Hunden spielen und gutes Hundeverhalten lernen kann.

### Instruction2:
Der Text beschreibt Strategien zur Verhaltenskorrektur bei Hunden, die übermäßiges Bellen zeigen. Es wird empfohlen, auf Bellen nicht zu reagieren, da dies dem Hund Aufmerksamkeit gibt, die er sucht. Schreien und das Sagen „ruhig“ sind ebenfalls nicht effektiv. Stattdessen sollte man das Bellen ignorieren und den Hund belohnen, wenn er still ist. Physische Methoden wie das Schließen des Hundemauls können hilfreich sein. Es wird auch empfohlen, Umgebungsfaktoren zu verändern, die das Bellen auslösen, wie das Schließen von Vorhängen oder das Installieren von Zäunen. Zudem wird betont, dass ausreichende Sozialisierung wichtig ist, um territoriales Bellen zu reduzieren.",5.142584323883057
034_52771,"### Instruction1:
Wenn du zu ängstlich bist, um deinen Schwarm persönlich nach einem Date zu fragen, kannst du dies auch elektronisch tun. Wenn du seine Nummer hast, ruf ihn an oder schreibe ihm eine Nachricht und frage, ob er gerne ausgehen würde. Du kannst ihn auch per DM oder E-Mail kontaktieren, wenn du seine E-Mail-Adresse oder Informationen zu sozialen Medien hast. Du könntest etwas sagen wie: „Hey Trevor, wie geht's dir? Ich wollte wissen, ob du am Samstagabend mit mir ausgehen möchtest?“ Wenn du nervös über seine Antwort bist, mach etwas anderes, wie zum Beispiel eine Show für etwa 30 Minuten anzusehen, um dich zu beruhigen, und schau dann auf dein Telefon. Wenn du es vorziehst, nicht per Text zu fragen, übe, ihn vor dem Spiegel um ein Date zu bitten, um dein Selbstvertrauen zu stärken. Denke dabei daran, wie du aussiehst und was deine Gesten oder Gesichtsausdrücke vermitteln. Wenn sie Nervosität ausdrücken, übe weiter, bis sie es nicht mehr tun. Stelle eine motivierende Playlist deiner Lieblingssongs zusammen. Höre sie am Morgen, während du dich anziehst, im Auto auf dem Weg zur Arbeit oder zur Schule und wann immer du tagsüber etwas freie Zeit hast, bevor du ihn siehst. Das wird dich in eine gute Stimmung versetzen, was das Fragen einfacher und angenehmer macht.

### Instruction2:
Um deinen Schwarm elektronisch nach einem Date zu fragen, kannst du ihn anrufen, eine Nachricht senden oder eine E-Mail schreiben. Formuliere deine Anfrage freundlich, z. B. indem du fragst, ob er am Samstagabend mit dir ausgehen möchte. Wenn du nervös bist, lenke dich ab, bis du seine Antwort siehst. Übe das Fragen vor dem Spiegel, um dein Selbstvertrauen zu stärken und achte auf deine Körpersprache. Erstelle eine Playlist mit motivierenden Songs, um deine Stimmung zu heben, bevor du ihn triffst, was das Fragen erleichtert.",2.7403576374053955
034_50875,"### Instruction1:
Wenn das Pferd sich von einer Verletzung erholt, konsultiere immer einen Tierarzt, bevor du einen Trainingsplan aufstellst. Das Pferd benötigt wahrscheinlich eine Zeit der Stallruhe und kann möglicherweise einige Zeit lang nichts Anstrengenderes als einen sanften Spaziergang an der Führleine bewältigen. Longieren, also das Arbeiten mit dem Pferd vom Boden aus mit einer langen Leine, ist eine großartige Möglichkeit, ein nicht trainiertes Pferd sanft zu bewegen. Es kann auch dazu beitragen, das Pferd wieder an deine Befehle und Körpersprache zu gewöhnen und wird besonders für untrainierte Pferde empfohlen. Wenn das Pferd nur leicht außer Form ist und bereits daran gewöhnt ist, geritten zu werden, kannst du stattdessen die folgenden Schritte beim Reiten des Pferdes befolgen. Longieren wird auch als Longe bezeichnet. Führe das Pferd etwa 10–20 Minuten täglich. Gehe mit dem Pferd vorwärts, dann drehe in Kreisen und Achtfiguren, aber gib dem Pferd Raum, um bei den Wendungen eine weite Kurve zu machen. Wenn das Pferd untrainiert ist oder sich unkooperativ verhält, konzentriere dich zuerst auf das Training des Pferdes. Sobald es auf deine Befehle reagiert, erhöhe die Geschwindigkeit auf einen schnellen Schritt (aber nicht auf einen Trab), um die Vorteile der Übung zu steigern. Variiere die Richtung, in die du gehst, und die Wendungen, die du machst, damit das Pferd sich daran gewöhnt, deinen Anweisungen zu folgen, anstatt in ein gewohnheitsmäßiges Muster zu verfallen. Trab zum ersten Mal nach einer Woche mit Gehübungen. Beginne deine Trainingseinheit mit 5–10 Minuten Gehen, gefolgt von 5–10 Minuten Traben. Das Pferd sollte nach dem Trab etwas hecheln, aber nicht nach Luft schnappen, husten oder übermäßig schwitzen. Einige nicht trainierte Pferde können längere Trabstrecken bewältigen, aber behalte sie genau im Auge, um Verletzungen zu vermeiden. Finde eine Basislinie für die Menge an Traben, die dein Pferd ohne große Anstrengung durchhalten kann, aber beginne immer mit Gehen und halte deine anfänglichen Trainingseinheiten auf maximal dreißig Minuten. Nach jedem Trab, steige ab (wenn zutreffend) und führe das Pferd sanft mindestens 15 Minuten lang. Du kannst das Pferd stattdessen auch in einem Paddock selbst herumlaufen lassen. Der wichtige Teil ist, das Pferd nicht in seinen Stall zurückzubringen, bis es sich von der Übung mit dieser entspannten Bewegung abgekühlt hat. Traben ist ausgezeichnet für den Muskelaufbau, aber geduldige, allmähliche Steigerungen sind der sicherste und effektivste Weg, das Pferd langfristig fit zu bekommen. Erhöhe alle zwei oder drei Trainingseinheiten die Menge des Trabbens um ein oder zwei Minuten. Ein erheblich außer Form befindliches Pferd benötigt oft vier Wochen oder mehr an Training, bevor Verbesserungen sichtbar werden. Sei geduldig und konzentriere dich auf die langfristigen Vorteile. Sobald das Pferd 15 Minuten Gehen, gefolgt von 15 Minuten Traben, problemlos bewältigen kann, fahre mit dem nächsten Abschnitt fort. Für den nächsten Abschnitt musst du beginnen, das Pferd zu reiten, falls du das noch nicht getan hast.

### Instruction2:
Der Text beschreibt, wie man ein Pferd, das sich von einer Verletzung erholt, sicher und effektiv trainiert. Zunächst ist es wichtig, einen Tierarzt zu konsultieren und das Pferd eine Zeit lang ruhen zu lassen. Danach sollten sanfte Übungen, wie das Longieren oder Gehen, durchgeführt werden, um das Pferd wieder an Bewegung zu gewöhnen. Die Schritte umfassen tägliche Spaziergänge, das Einführen von Trab-Übungen und schrittweise Steigerungen der Intensität. Es wird empfohlen, das Training allmählich zu steigern und auf die Reaktionen des Pferdes zu achten, um Verletzungen zu vermeiden. Geduld ist wichtig, da signifikante Fortschritte mehrere Wochen in Anspruch nehmen können.",5.100041627883911
034_12375,"### Instruction1:
Verwenden Sie kein Tuch oder Pflaster, da diese etwas von der Tinte aufnehmen und sie schneller verblassen können. Verwenden Sie in der ersten Woche der Heilung keine Salben oder Lotionen, da diese das Tattoo verstopfen und es einem Infektionsrisiko aussetzen können. Lassen Sie die Folie 1-3 Stunden, jedoch nicht länger als 6 Stunden, auf der Haut. Entfernen Sie die anfängliche Folie und waschen Sie den Bereich sanft mit warmem Wasser und geruchloser Seife. Reiben Sie nicht und waschen Sie das Tattoo nur mit sauberen Händen. Tauchen Sie Ihr Tattoo nicht ein und halten Sie es nicht unter heißem Wasser. Es wird unangenehm sein und die Tinte aus Ihrer Haut herausziehen. Vermeiden Sie es, am Tattoo zu zupfen, da dies dazu führen könnte, dass etwas von der Tinte herausblutet, was zu unsauberen Linien und sogar Narben führen kann. Nachdem die Schwellung zurückgegangen ist und die Haut zu schorfen beginnt, wechseln Sie zu einer einfachen, geruchlosen Lotion. Die meisten Fachleute empfehlen Lubriderm oder Aquaphor. Halten Sie die Schichten dünn. Ihre Haut muss atmen, damit sie richtig heilen kann. Befeuchten Sie Ihr Tattoo je nach Größe 3-5 Mal am Tag. Wenn Ihre Haut trocken aussieht, verwenden Sie eine kleine Menge Lotion. Seien Sie in der ersten Woche oder so achtsam mit Ihrem Tattoo. Es wird schorfig und Sie müssen zusätzliche Pflege aufwenden, um es sauber zu halten. Neben dem Waschen und der Befeuchtung müssen Sie bestimmte Aktivitäten vermeiden. Halten Sie Ihr Tattoo von direkter Sonneneinstrahlung fern, da dies dazu führen kann, dass die Tinte verblasst. Es wird auch wie ein schlimmer Sonnenbrand brennen. Vermeiden Sie Wasseransammlungen wie Bäder, Whirlpools, Schwimmbäder, Seen, Ozeane usw. Diese sind voller Bakterien, was zu Infektionen führen kann. Vermeiden Sie jede Aktivität, die hohen Kontakt oder übermäßiges Schwitzen verursacht, wie Sport. Tragen Sie lockere Kleidung, damit Ihr Tattoo atmen kann. Enganliegende Kleidung verhindert dies. Achten Sie auf Rötungen oder übermäßige Schorfbildung um Ihr Tattoo sowie auf Ausfluss oder Schwellungen. Dies sind alles Anzeichen einer möglichen Infektion. Sie können das Infektionsrisiko minimieren, indem Sie Ihre Utensilien sauber halten und sich um Ihr Tattoo kümmern. Es ist jedoch möglich, dass Ihr Tattoo sich infizieren könnte. Wenn Sie vermuten, dass Ihr Tattoo infiziert ist, konsultieren Sie Ihren Arzt.

### Instruction2:
Der Text beschreibt die Pflege eines neuen Tattoos während der Heilungsphase. Es wird geraten, kein Tuch oder Pflaster zu verwenden und in der ersten Woche keine Salben oder Lotionen aufzutragen, um Infektionen zu vermeiden. Nach dem Entfernen der Folie sollte das Tattoo sanft mit warmem Wasser und geruchloser Seife gewaschen werden. Es ist wichtig, das Tattoo trocken zu halten und nicht am Tattoo zu zupfen, um bleibende Schäden zu vermeiden. Nach der Schwellung sollte eine geruchlose Lotion verwendet werden, und das Tattoo muss regelmäßig befeuchtet werden. Aktivitäten wie Sonnenbaden, Schwimmen und intensives Training sollten vermieden werden, um das Risiko einer Infektion zu minimieren. Anzeichen einer Infektion wie Rötungen oder Schwellungen sollten ernst genommen werden, und im Zweifelsfall sollte ein Arzt konsultiert werden.",4.979109764099121
034_26555,"### Instruction1:
Passen Sie Ihr Eispack an, indem Sie das Material und die Abmessungen auswählen. Für eine einfache Option wählen Sie eine alte, saubere Socke; Kissenbezüge und andere Materialtaschen sind ebenfalls gute Optionen, vorausgesetzt, das Material ist eng gestrickt und die Seiten sind geschlossen. Sie können auch Material kaufen und selbst etwas nähen. Ein Vorteil beim Herstellen eines Reis-Eisbeutels ist, dass Sie ihn auch als feuchte Wärmepackung verwenden können, indem Sie ihn ein bis drei Minuten lang in der Mikrowelle erhitzen. Füllen Sie den Bezug Ihres Eisbeutels mit rohem Reis. Füllen Sie ihn etwa zu ¾ voll, damit die Füllung gleichmäßig verteilt wird, wenn sie auf die Haut aufgetragen wird, während sie ihre Dichte beibehält. Fügen Sie, wenn gewünscht, ein paar Tropfen ätherisches Öl hinzu (z.B. Lavendelöl, um die Entspannung zu fördern). Sie können bei Bedarf auch getrocknete Bohnen anstelle von Reis verwenden. Nähen Sie das Ende des Eisbeutels zu. Stellen Sie sicher, dass alle Kanten fest geschlossen sind und dass es keine kleinen Löcher im Material gibt, durch die der Reis herausfallen könnte. Frieren Sie den Eisbeutel für zwei bis drei Stunden ein oder bis er kalt ist.

### Instruction2:
Der Text beschreibt, wie man ein individuelles Eispack herstellt. Man kann einen alten, sauberen Socken oder andere eng gestrickte Materialien verwenden und sie mit rohem Reis füllen, um ein Eispack zu erstellen, das auch als Wärmepack genutzt werden kann. Es wird empfohlen, das Eispack mit ätherischem Öl zu verfeinern und sicherzustellen, dass es gut verschlossen ist, bevor man es für zwei bis drei Stunden in den Gefrierschrank legt.",2.652617692947388
034_46034,"### Instruction1:
Das ist weniger formell und lässig als traditionelle Geschäftsvorschriften. Leider ist es oft schlecht definiert und kann von einem Unternehmen zum anderen stark variieren. Zum Beispiel wird ein Unternehmen mit Hawaii-Print-Hemden mit Kragen in Ordnung sein, während ein anderes es trotz des Kragens als zu lässig empfindet. Im Allgemeinen werden jedoch die folgenden Kleidungsstücke normalerweise nicht gern gesehen: Jeans: insbesondere solche mit Rissen, Flecken, Patches oder Verzierungen wie Nieten. (Obwohl eine detailliertere Diskussion über Blue Jeans am Arbeitsplatz unten steht). Tanktops: insbesondere Spaghetti-Träger-Stile. Shorts: Manchmal sind maßgeschneiderte Stile akzeptabel – wie solche, die Voll-Längen-Khakis ähneln, aber kürzer sind. Sportliche Stile sind normalerweise nicht in Ordnung. Informelle T-Shirts: In der Regel sind T-Shirts im Polo-Stil mit Kragen oder solche mit Formung akzeptabel. Wenn Zweifel bestehen, sollte man keine grafischen Bilder auf seinen T-Shirts tragen. Hemden sollten normalerweise keine Elemente haben, die kontrovers oder inakzeptabel sein könnten – wie Verweise auf Alkohol, Sex oder Gewalt. Vermeide originelle T-Shirts (wie solche mit Cartoonfiguren), da dies unreif wirken kann. Mini-Röcke: Röcke sollten nicht höher als etwa zwei Zoll über dem Knie sein. Tiefer Ausschnitt: Achte darauf, dass dein V-Ausschnitt nicht zu viel zeigt oder deine Bluse zu tief geknöpft ist. Halte es sauber und ordentlich. Komme niemals mit schmutziger, fleckiger, gerissener oder zerknitterter Kleidung zur Arbeit (die einzige Ausnahme für zerknitterte Kleidung könnte sein, wenn es Teil des Looks ist, wie bei einem Seersucker-Hemd oder einem knitterigen Baumwollrock). Für Männer und Frauen besteht Business-Casual typischerweise aus einem sauberen, gebügelten Hemd mit Knöpfen und einer neutralen (wie khaki) Hose. Suche nach Stilen wie: Polo-Hemden: Dieses Hemd mit Kragen ist die klassische Wahl für ""Büro-Lässig"" sowohl für Männer als auch für Frauen. In der Regel ist es in einfarbig oder gestreift erhältlich. Manchmal ist es auch mit geometrischen Mustern erhältlich. Oxford-Hemd: Dies ist auch in formeller Büro Kleidung akzeptabel - ein gut geschnittenes Hemd sieht immer gut aus, egal ob mit Khakis oder einem Business-Anzug. Maßgeschneidertes T-Shirt: Einige Arbeitsplätze sind mit T-Shirts in Ordnung, solange sie keine informellen T-Shirts sind. Zum Beispiel ein T-Shirt mit einem klassischen Rundhals- oder Crew-Ausschnitt bei einer Frau. Produkthemden. In einem Büro-casual Arbeitsplatz sind oft Hemden, die dir von deinem Unternehmen gegeben wurden oder Produkte, die dein Unternehmen verkauft, akzeptabel. Zum Beispiel, wenn du in einem Unternehmen arbeitest, das Outdoor-Ausrüstung verkauft, kann es akzeptabel sein, die Hemden deines Unternehmens zu tragen. Aber sei vorsichtig – nur weil dein Unternehmen Tanktops verkauft, heißt das nicht, dass es in Ordnung ist, Tanktops zu deinem Buchhaltungsjob zu tragen! Finde ein paar schwarze, marineblaue, khakifarbene oder braune Hosen. In ""Büro-Lässig"" sind die Hosen normalerweise aus Baumwolle und können eine etwas ""entspanntere"" Passform haben als die in formellen Büros. Frauen können Röcke in der oben genannten Farbpalette tragen. Vermeide Muster, wenn du dir nicht sicher bist, was professionell aussieht. Es gibt großartige, klassische Muster wie Nadelstreifen, die auf Hosen großartig aussehen, aber es ist leicht, einen Fehler zu machen. Vermeide generell das Tragen von weißen Hosen oder einem weißen Rock. Während diese Teile völlig angemessen sind, können sie leicht Flecken bekommen... wenn du deinen Tee verschüttest, hast du Pech. Ein gemusterter Rock kann für Frauen angemessen sein. Probiere ein kleines Blumen- oder geometrisches Muster. Es wird unweigerlich kühl werden, also stelle sicher, dass du die richtigen Teile für kaltes Wetter hast. Männer können einen Cardigan, Pullover oder Sportjacke über ihrem Hemd tragen, um einen eleganten Look zu erzielen. Frauen können geschichtete Pullover, Cardigans und strukturierte Jacken und Blazer tragen, um einen guten Effekt zu erzielen. Wenn gewünscht/erforderlich, kann ein Pashmina- oder Kaschmirschal für zusätzliche Wärme und Stil getragen werden. Kleider sind manchmal in einem Business-Casual-Umfeld angemessen, solange sie ein paar grundlegende Richtlinien befolgen. Kleider sollten knielang oder länger sein, keine Haut unterhalb des Schlüsselbeins zeigen und die Schultern größtenteils bedecken. Kleine Muster und einfarbige Farben funktionieren am besten und können zur visuellen Auflockerung accessoriert werden. Werfe einen Cardigan oder eine passende Jacke für Schichten in kühlerem Wetter darüber. Business-Casual-Büros variieren stark in der Schuhwahl, abhängig von der Art der Umgebung. Einige gute Richtlinien: Geschlossene Schuhe. Sandalen sind in der Regel ein No-Go. Flip-Flops sind definitiv ein ""Nein"". Frauen können flache Schuhe oder Absätze tragen, aber sie müssen in gutem Zustand und von guter Qualität sein. Im Allgemeinen halte dich an neutralfarbene Schuhe und vermeide auffällige Muster. Sei vorsichtig mit wirklich, wirklich lässigen Schuhen. Selbst wenn sie geschlossen sind, gehören einige Schuhe normalerweise nicht in ein professionelles Umfeld. Zum Beispiel sind hohe Converse-Sneaker am besten für Teenager geeignet. Der klassische ""Croc""-Schuh ist für die meisten professionellen Arbeitsplätze viel zu lässig.

### Instruction2:
Der Text beschreibt, was in einem Business-Casual-Umfeld als angemessene Kleidung betrachtet wird und was vermieden werden sollte. Es wird darauf hingewiesen, dass es von Unternehmen zu Unternehmen Unterschiede gibt, was als akzeptabel gilt. Bestimmte Kleidungsstücke wie Jeans mit Rissen, Tanktops, informelle T-Shirts und Mini-Röcke sind allgemein unerwünscht. Die bevorzugte Kleidung umfasst saubere, gebügelte Hemden, Hosen in neutralen Farben und ordentliche Schuhe. Frauen können Röcke und Kleider tragen, solange sie den Richtlinien entsprechen. Es wird auch empfohlen, auf Muster zu achten und sich für klassische Stile zu entscheiden. Der Text schließt mit Hinweisen zur Schuhwahl und der Bedeutung, einen professionellen Eindruck zu hinterlassen.",7.68468427658081
034_57132,"### Instruction1:
Die meisten Bambusarten benötigen konstante Bewässerung, aber Sie sollten die Wurzeln des Bambus nicht längere Zeit im Überwasser stehen lassen. Bambussamen und junge Triebe sollten während mildem und trockenem Wetter täglich gegossen werden. Nachdem Bambuspflanzen in Ihrem Garten etabliert sind, sollten Sie sie während mildem Wetter zweimal pro Woche und bei heißem oder windigem Wetter drei- bis viermal pro Woche gießen. Organische Mulche helfen, das Wachstum des Bambus in Schach zu halten und können den Bambus vor potenziellen Bedrohungen schützen. Grasschnitt ist einer der besten Mulche für Bambus, da er reich an Stickstoff und Silizium ist. Kompost und Heu können ebenfalls gut funktionieren, ebenso wie viele andere Arten von organischem und unbehandeltem Mulch. Bambus ist eine Pflanzenart für warmes Wetter, daher sollten Sie im Winter besondere Vorsichtsmaßnahmen treffen, um zu verhindern, dass die Wurzeln der Pflanze vollständig einfrieren. Tragen Sie eine extra dicke Schicht Mulch auf, um die Wurzelsysteme während der frostigen Temperaturen zu schützen. Wenn kalte, raue Winde ein Problem darstellen, müssen Sie möglicherweise eine temporäre Barriere bauen, um Ihren Bambus zu schützen. Wenn Ihr Bambus trocken aussieht oder eine silberne Farbe annimmt, könnte dies ein Hinweis auf Kälteschäden sein. Organische Dünger werden oft empfohlen, und Stickstoff fördert ein stärkeres, grüneres Pflanzenwachstum, daher ist ein Dünger mit relativ hohem Stickstoffgehalt normalerweise am besten. Düngen Sie einmal im frühen Frühling und einmal im Sommer. Dieser Zeitplan entspricht den Hauptwachstumszeiten des Bambus. Wenn Sie einen organischen und milden Bambus verwenden, können Sie den Dünger monatlich im Frühling, Sommer und frühen Herbst anwenden. Während Bambus sich ausbreitet, müssen Sie ihn möglicherweise ausdünnen, um zu verhindern, dass sich die Stängel gegenseitig bedrängen und die Nährstoffversorgung unterbrechen. Wenn Sie verhindern möchten, dass sich laufender Bambus ausbreitet und keine Barriere installiert haben, die dies tun kann, müssen Sie neue Triebe sofort auf Bodenhöhe abschneiden, sobald sie in Bereichen erscheinen, in denen Sie den Bambus nicht haben möchten. Entfernen Sie einmal im Jahr alte, unattraktive Bambuszweige. Schneiden Sie sie zurück, bis sie ordentlich aussehen. Wenn Sie Bambus direkt über einem Knoten schneiden, kann er nachwachsen. Bambus ist gegen die meisten Schädlinge und Krankheiten resistent, daher müssen Sie Pestizide und Fungizide nur anwenden, nachdem ein Problem aufgetreten ist. Einige Bambusarten können von Schildläusen, roten Spinnmilben und Rost betroffen sein. Da erwachsener Bambus jedoch ziemlich robust ist, sind Milben normalerweise nur ein Problem für neue Triebe. Wenn Sie vermuten, dass Schädlinge oder Pilze eine Bedrohung für Ihren Bambus darstellen, setzen Sie neue Pflanzen in Quarantäne und sprühen Sie sie vor dem Umpflanzen mit einem Mittel gegen Milben oder Fungiziden ein. Frische Bambustriebe können als Nahrungsmittel verwendet werden, sodass Sie, wenn Sie sie in Ihre Ernährung aufnehmen möchten, junge Triebe innerhalb der ersten paar Monate ernten sollten. Bambus ist am besten, wenn er frisch ist, aber Sie können ihn auch einkochen oder einfrieren, um ihn langfristig zu lagern. Frischer Bambus hat eine knackige Textur und einen süßen Geschmack. Bambus ist eine gute Faserquelle und hat in etwa die gleichen ernährungsphysiologischen Vorteile wie eine Zwiebel.

### Instruction2:
Der Text beschreibt die Pflege und den Anbau von Bambus. Er erfordert regelmäßiges Gießen, besonders während des Wachstums, und eine Schicht organischen Mulchs, um ihn zu schützen. Im Winter sollten besondere Vorkehrungen getroffen werden, um die Wurzeln vor Frost zu schützen. Der Einsatz von Dünger, insbesondere mit hohem Stickstoffgehalt, wird empfohlen, um das Wachstum zu fördern. Es wird auch darauf hingewiesen, dass Bambus resistent gegen viele Schädlinge ist, aber bei Bedarf behandelt werden sollte. Frische Bambussprossen können geerntet und konsumiert werden, da sie nahrhaft sind.",5.627568483352661
034_25673,"### Instruction1:
Eine Green Card gibt Ihnen eine dauerhafte Aufenthaltsgenehmigung in Amerika, während ein Visum vorübergehend ist. Die meisten Menschen erhalten jedoch zuerst das Arbeitsvisum, ziehen nach Amerika und beantragen nach einiger Zeit eine Green Card. Sie möchten vielleicht einen Anwalt engagieren, um Ihnen bei der Navigation durch die verschiedenen Visa zu helfen, oder Sie vertrauen auf Ihre Personalabteilung des Unternehmens. Das H1B-Visum für Fachkräfte ist für Einwanderer gedacht, die in einem spezialisierten Bereich arbeiten möchten. Fragen Sie das Unternehmen, bei dem Sie sich bewerben, ob es Sie für ein H1B sponsern wird. Viele Unternehmen werden das tun. Sie müssen etwa 25.000 US-Dollar an Anwaltskosten zahlen, aber wenn Sie gefragt sind, könnte es sich für sie lohnen. Wenn Sie unsicher sind, können Sie sie fragen, ob sie Sie nach 6 Monaten sponsern werden, wenn alles gut läuft. Das H2B-Visum für vorübergehend beschäftigte Fachkräfte oder Unqualifizierte wird für Einwanderer bereitgestellt, die Stellen suchen, die nicht landwirtschaftlicher Natur sind, aber vorübergehend sind. Das L1-Visum für interne Unternehmensübertragungen ist für Einwanderer gedacht, die bei einem Unternehmen arbeiten, das in Amerika tätig ist. Der Mitarbeiter muss auch Teil des Managements sein oder eine spezialisierte Fähigkeit bieten. Wenn Sie für ein großes Unternehmen mit Büros in den USA arbeiten, fragen Sie Personen im Büro in den USA darüber. Berufsbezogene Präferenzvisa sind für Einwanderer gedacht, die bereits beschäftigt sind, da dieses Visum vom Arbeitgeber beantragt werden muss. Länder, die sehr freundlich mit den USA sind, haben typischerweise bessere Regelungen. Das E3-Visum ist für Bürger Australiens gedacht, die in Amerika in einer spezialisierten Funktion beschäftigt sind. Kanadische und mexikanische Staatsbürger können ein TN-Visum beantragen. Besondere Anweisungen für Kanadier finden Sie hier. Unternehmer sollten die Wahl zwischen L1 oder E-Visum zur Gründung eines neuen Unternehmens in den USA prüfen. E2-Visa sind bekannt, da sie es Ihnen ermöglichen, ein Visum zu erhalten, indem Sie einfach Geld in ein US-Unternehmen investieren, beachten Sie jedoch, dass es keinen Weg zu einer Green Card gibt.

### Instruction2:
Der Text beschreibt die Unterschiede zwischen einer Green Card und verschiedenen Visa für Einwanderer in die USA. Eine Green Card bietet dauerhaften Aufenthalt, während Visa in der Regel vorübergehend sind. Die meisten Einwanderer erhalten zunächst ein Arbeitsvisum, wie das H1B-Visum für Fachkräfte, das von Unternehmen gesponsert werden kann. Es gibt auch das H2B-Visum für vorübergehend beschäftigte Arbeitskräfte und das L1-Visum für interne Unternehmensübertragungen. Es wird empfohlen, rechtliche Unterstützung in Anspruch zu nehmen oder die Personalabteilung zu konsultieren. Außerdem wird erwähnt, dass bestimmte Visa wie das E2-Visum den Erwerb eines Visums durch Investitionen ermöglichen, jedoch keinen direkten Weg zur Green Card bieten.",4.4514899253845215
034_21469,"### Instruction1:
Wenn Ihr Welpe Hüftdysplasie hat, können Sie möglicherweise bereits im Alter von 5 bis 10 Monaten Anzeichen dieser Erkrankung bemerken. Insbesondere könnten Sie feststellen, dass sich Ihr Welpe schwerer bewegt als andere Welpen. Es könnte: Kürzere Schritte machen oder weniger Schwung haben Seine Hinterbeine zusammenhalten und seine Vorderbeine mehr benutzen, sodass es mit den Hinterbeinen hüpfen kann, ähnlich wie ein Kaninchen Während das Spielen für Ihren Welpen in Ordnung sein kann, sollten Sie dennoch darauf achten, wie es sich nach dem Spielen ausruht. Ein Welpe mit Hüftdysplasie wird eher länger liegen bleiben und könnte den Anschein erwecken, dass er nicht aufstehen möchte, nachdem er sich ausgeruht hat. Dies liegt daran, dass seine Hüften beim Ausruhen nach der Aktivität steif werden. Wenn Ihr Welpe Hüftdysplasie hat, wird er wahrscheinlich vermeiden, auf Sofas, Ihren Schoß usw. zu springen. Dies liegt daran, dass seine Hinterbeine nicht so stark sind wie seine Vorderbeine, und es könnte schmerzhaft sein, genügend Kraft auf seine Hinterbeine auszuüben, um auf Dinge zu springen. Klopfen Sie neben sich auf das Sofa. Wenn Ihr Welpe den Anschein hat, dass er aufspringen möchte, aber nicht tut, oder es versucht und dann vor Schmerz jammert, könnte er Hüftdysplasie haben. Wie bereits erwähnt, haben Welpen und junge Hunde, die Hüftdysplasie haben, mehr Schwierigkeiten, sich zu bewegen als andere Hunde. Dies könnte dazu führen, dass Ihr Hund einen unsicheren Gang entwickelt, der als: Wackeln, Zickzacklaufen, häufiges Umkippen beschrieben werden könnte. Welpen und junge Hunde mit Hüftdysplasie neigen dazu, mit ihren Hinterbeinen leicht nach vorne zu stehen, damit ihre Vorderbeine mehr von ihrem Gewicht tragen können. Dies kann dazu führen, dass ihre Vorderarme viel besser entwickelt sind als ihre Hinterbeine. Wenn Ihr Welpe steht: Überprüfen Sie, ob seine Hinterbeine leicht nach vorne gedrückt sind. Fühlen Sie seine Vorderarme, die muskulös sein können, im Vergleich zu seinen Hinterbeinen, die knochig sein könnten.

### Instruction2:
Der Text beschreibt die Anzeichen und Symptome von Hüftdysplasie bei Welpen, die bereits im Alter von 5 bis 10 Monaten sichtbar sein können. Betroffene Welpen haben oft Schwierigkeiten beim Bewegen, zeigen abweichende Bewegungsmuster und neigen dazu, länger zu liegen. Sie vermeiden es, auf Möbel zu springen, da ihre Hinterbeine schwächer sind. Zudem kann sich ihr Gang unsicher gestalten, was sich durch Wackeln und Zickzacklaufen äußern kann. Der Text rät, auf die Körperhaltung und die Muskulatur der Vorder- und Hinterbeine zu achten, um die Erkrankung bei Welpen zu erkennen.",3.892118215560913
034_52008,"### Instruction1:
Wie bei den meisten persönlichen Informationen ist es nicht immer angemessen, etwas Intimes mit einer Person zu teilen, die man nicht lange kennt. Jungs sind in dieser Lebensphase nicht immer super reif, und wenn es ihn schüchtern, verwirrt oder unwohl macht, weiß er vielleicht nicht, wie er reagieren soll. Wenn du schon eine Weile zusammen bist und das Gefühl hast, ihn gut zu kennen, möchtest du vielleicht beiläufig darauf ansprechen. Du musst kein großes Ding daraus machen, denn es ist wirklich kein großes Ding! Denk darüber nach, wie er in der Vergangenheit auf andere potenziell peinliche Momente reagiert hat. Hat er überreagiert, dich in Verlegenheit gebracht oder es all seinen Freunden erzählt? Wenn ja, solltest du vielleicht warten. Hat es Auswirkungen auf eure Beziehung? Halten dich deine Krämpfe davon ab, mit ihm auszugehen? Hast du extreme Stimmungsschwankungen und schnappst ihn an? Wenn ja, kann es eine gute Idee sein, ihn einzuweihen, damit er weiß, dass es nichts Persönliches ist. Wenn es eure Beziehung nicht wirklich beeinflusst, liegt es ganz bei dir, ob du es ihm sagen möchtest oder nicht. Wenn du es privat halten möchtest, ist das völlig in Ordnung. Wenn du offen damit umgehen möchtest, dann mach das. Es ist wahrscheinlich, dass er keine Ahnung hat, wovon du sprichst, und das Missverständnis könnte die Dinge unnötig peinlich machen. Wenn du dich entscheidest, es ihm zu sagen, verwende klare Worte, aber stelle sicher, dass er weiß, dass es etwas Persönliches ist, das du ihm erzählen möchtest. Sag etwas wie: „Ich weiß, dass ich diese Woche launisch war. Ich habe gerade meine Periode, und manchmal macht mich das ein wenig sensibel. Ich wollte dir nur sagen, was bei mir los ist – ich würde es wirklich schätzen, wenn du es niemandem sonst erwähnen würdest.“ Perioden können für Jungs ziemlich mysteriös und einschüchternd sein, und er könnte einfach erröten und sagen: „Oh. Ähm. Okay.“ und es nie wieder ansprechen. Es ist jedoch nicht cool, wenn er sich über dich lustig macht oder sagt, es sei ekelhaft, aber du solltest das nicht persönlich nehmen – es ist sein Problem, dass er sich wie ein unreifer kleiner Junge verhält. An dir ist absolut nichts falsch oder ekelhaft wegen deiner Periode – tatsächlich bedeutet es, dass du vollkommen gesund bist. Du kannst ihm freundlich anbieten, ihm zu erklären, was es wirklich bedeutet und dass fast jede Frau auf dem Planeten sie hat – sogar der Popstar, den er super heiß findet, und die Sprecherin, die ihr beide bewundert. Wenn er wirklich unhöflich ist, kannst du ihm gerne verbal die Leviten lesen. Sag ihm, dass das Bekommen deiner Periode bedeutet, dass du eine Frau bist, und du dir nicht sicher bist, ob du mit so einem kleinen Jungen ausgehen kannst. Oder sag ihm, dass du deine Periode nicht wirklich hattest, es ist nur eine Ausrede, um nicht mit ihm zusammenzukommen.

### Instruction2:
Der Text behandelt die Sensibilität und den Umgang mit dem Thema Menstruation in einer Beziehung. Es wird empfohlen, intime Informationen nur mit Personen zu teilen, die man gut kennt, da Jungens in dieser Lebensphase oft unreif sind. Wenn du schon länger mit jemandem zusammen bist und das Gefühl hast, ihn gut zu kennen, kannst du das Thema leicht ansprechen, ohne es zu überdramatisieren. Es ist wichtig, darauf zu achten, wie der Partner in der Vergangenheit auf peinliche Situationen reagiert hat. Wenn die Menstruation deine Beziehung beeinflusst, könnte es sinnvoll sein, ehrlich zu sein. Der Text ermutigt dazu, offen über die Menstruation zu sprechen, da sie ein Zeichen für Gesundheit ist und viele Frauen betroffen sind. Im Falle von Unhöflichkeit seitens des Partners wird geraten, klarzustellen, dass es nicht in Ordnung ist und das Verhalten reifere Reaktionen erfordert.",5.567558288574219
034_32966,"### Instruction1:
Jetzt ist die eigentliche App bereit. Überprüfen Sie sie mit einer App-Test-App (es gibt Apps zum Überprüfen von Apps). Sie können sie entweder direkt über Ihr iTunes- oder Google Play-Entwicklerkonto veröffentlichen oder sie an die Seite senden, die Sie zum Erstellen verwendet haben. Warten Sie nun und erzeugen Sie Interesse an Ihrer App. Der Marketingprozess, den Sie von der Vorproduktion über die Forschung begonnen haben und der mit einem Blog und sozialen Medien fortgesetzt wird, gewinnt nun an Schwung. Erstellen Sie eine Microsite für Ihre App. Verwenden Sie Werbevideos. Bewerben Sie sich in sozialen Medien. Führen Sie einen Wettbewerb oder andere Marketingtaktiken durch, um Aufmerksamkeit zu erlangen. Sie sollten auch ein Geschäftsmodell haben.

### Instruction2:
Die Passage beschreibt die Schritte zur Veröffentlichung und Vermarktung einer App. Nachdem die App entwickelt wurde, sollte sie getestet und dann über die entsprechenden Plattformen veröffentlicht werden. Es wird empfohlen, Interesse an der App zu wecken, indem man Marketingstrategien wie Microsites, Werbevideos und Wettbewerbe nutzt. Der gesamte Marketingprozess sollte durch Blogbeiträge und soziale Medien unterstützt werden, und es ist wichtig, ein Geschäftsmodell zu haben.",2.1034955978393555
034_45731,"### Instruction1:
Wenn du dich wirklich festgefahren fühlst, wenn du dich hinsetzt, um zu schreiben, versuche eine Wortassoziationsübung, um deine Vorstellungskraft zu aktivieren. Öffne ein Wörterbuch, wähle ein Wort zufällig aus und schreibe alles auf, was dir zu diesem Thema einfällt. Dies kann eine gute Möglichkeit sein, dich aufzuwärmen, bevor du mit dem Schreiben beginnst, und du könntest sogar eine Ideen für eine Geschichte finden, während du die Liste der Wörter durchgehst, die du gesammelt hast. Wähle etwas wie „Freiheit“ und schreibe alles auf, was dich an Freiheit erinnert, wie Vögel, Fliegen oder offener Himmel. Wenn du einen Bericht schreibst, mache eine Wortassoziation zum Thema, über das du schreiben möchtest. Dies kann dir helfen, den Fokus deiner Arbeit einzugrenzen, bevor du mit der Recherche beginnst. Zum Beispiel, wenn dir aufgetragen wird, über Abraham Lincoln zu schreiben, könntest du Wörter wie „Zylinderhut“, „Pfennig“, „Lincoln-Denkmal“, „Attentat“, „John Wilkes Booth“, „Gettysburg Address“, „Emanzipationsproklamation“ und „Lincoln-Douglas-Debatten“ aufschreiben. Dann könntest du den Bereich wählen, der dich am meisten interessiert, als dein Thema, um Ideen zu generieren. Freies Schreiben hilft dir, Wörter auf die Seite zu bringen, unabhängig vom Thema oder der Absicht des Textes. Wähle ein Thema, öffne eine leere Seite und schreibe. Mach dir keine Sorgen darüber, was du schreibst, konzentriere dich einfach darauf, die Seite zu füllen. Du kannst später zu deinem Schreiben zurückkommen und es erweitern oder dies nur tun, um die Gedanken für dein nächstes Stück in Gang zu bringen. Schreibe eine Erzählung oder freie Assoziationen. Du kannst für einen bestimmten Zeitraum schreiben oder bis du eine bestimmte Anzahl von Seiten gefüllt hast. Das liegt ganz bei dir. Zum Beispiel könntest du wählen, über Tiger zu schreiben. Schreibe alles auf, was dir zu Tigern einfällt, wie zum Beispiel, als du sie im Zoo gesehen hast, als du 5 warst, oder wie es wäre, ein Tiger im Dschungel zu sein. Du könntest dies für einen Blogbeitrag über Tiger verwenden oder einfach, um Ideen für deinen neuen Roman zu bekommen. Musik kann dir helfen, dich zu konzentrieren, und sie kann auch deine Kreativität inspirieren, sodass du neue Ideen entwickeln kannst. Schalte deine Lieblingsmusik ein oder probiere ein neues Genre aus, wie Folk, Klassik oder Instrumentalmusik. Denke dann über dein Schreiben nach, während du die Musik hörst, und schreibe alle Ideen auf, die dir in den Sinn kommen. Wenn du feststellst, dass die Musik dir hilft, dich zu konzentrieren, solltest du sie vielleicht auch während des Schreibens hören. Verwende Kopfhörer für ein intimeres Hörerlebnis oder drehe die Lautstärke an deinen Lautsprechern zu Hause auf. Schreibanregungen helfen dir, dich zu fokussieren, wenn dir Ideen fehlen. Suche online oder frage einen Lehrer nach einer Liste von Schreibanregungen, und wähle dann eine aus, die dich interessiert. Schreibe die Anregung auf, stelle einen Timer auf 30 Minuten und schreibe alles auf, was dir in dieser Zeit einfällt. Wenn die 30 Minuten um sind, gehe zurück und poliere, was du geschrieben hast. Du kannst gerne deinen Timer auf kürzere oder längere Zeitintervalle einstellen. Nutze diese Anregungen, um ein Gedicht, eine Kurzgeschichte, einen Artikel – alles, was dich inspiriert – zu schreiben. Ideen für Schreibanregungen könnten „Der beste Tag meines Lebens war…“ oder „Schreibe über die Farbe Schwarz“ sein. Wenn du versuchst, etwas zu finden, worüber du schreiben kannst, ist es oft eine gute Idee, mit etwas zu beginnen, das dir bereits vertraut ist. Zum Beispiel, je nach deinen Hobbys, könntest du über Sport, Kunst, Tiere, Reisen, Medizin, Autos, Menschen oder alles andere schreiben, was dich anspricht. Die Dinge, die du bereits liebst, können Inspiration sein, egal, ob du Fiktion, einen Bericht, einen Blogbeitrag oder etwas anderes schreibst! Für eine fiktive Geschichte könntest du dir vorstellen, einen Tag mit deinem Lieblingssporthelden zu verbringen, und das dann in eine Geschichte umwandeln. Wenn du einen Blogbeitrag schreiben möchtest, erweitere dein Lieblingsrezept. Beschreibe die Zutaten, die du verwendest, gib spezifische Anweisungen, einschließlich der Kochzeit und Temperatur, und erzähle den Lesern, warum du das Gericht magst. Für ein Sachstück schreibe einen biografischen Bericht über eine Rucksackreise, die du unternommen hast, oder sprich über die Geschichte eines Gemäldes, das du wirklich liebst. Über vergangene Erfahrungen zu schreiben, ist ein großartiger Weg, um Inspiration zu finden. Da es sich um etwas handelt, das du tatsächlich erlebt hast, bist du die beste Person, um über all die Ereignisse, Emotionen und Hintergrundgeschichten zu schreiben, die mit dieser Erfahrung verbunden sind. Nimm dir etwas Zeit, um den Anlass in deinem Kopf erneut zu erleben, und versuche dann, die Geschichte so zu erzählen, dass sie ein lebendiges Bild von dem, was du durchgemacht hast, malt. Zum Beispiel könntest du über eine Zeit schreiben, als du dich niedergeschlagen gefühlt hast, und dann tat einer deiner Freunde plötzlich etwas wirklich Nettes für dich. Du könntest auch über etwas Trauriges schreiben, wie eine Zeit, in der du etwas, das du wirklich wolltest, nicht bekommen hast, oder den Verlust eines geliebten Menschen. Um dem Stück Tiefe zu verleihen, versuche jedoch, eine Lektion einzufügen, die du aus der Erfahrung gelernt hast, wie dankbar zu sein für das, was du hast, oder die Bedeutung, Zeit mit den Menschen zu verbringen, die wir lieben, solange sie noch bei uns sind. Statt aus deiner Perspektive oder der Perspektive eines anderen Menschen zu schreiben, versuche, die Perspektive eines Tieres, Insekts oder Objekts einzunehmen. Denke darüber nach, was sie denken, fühlen, hören oder sagen würden, und benutze dies als Inspiration für die Richtung deines Stücks. Zum Beispiel könntest du eine Liebesgeschichte schreiben, aber aus der Perspektive eines Haushaltsgegenstands, wie einem Tacker oder einer Reißzwecke. Versuche, die Geschichte eines persönlichen Meilensteins, wie deinem ersten Schultag, aus der Perspektive deines Haustieres zu erzählen.

### Instruction2:
Der Text gibt verschiedene Strategien, um das Schreiben zu fördern, insbesondere wenn man sich festgefahren fühlt. Er schlägt vor, eine Wortassoziationsübung zu machen, um Ideen zu sammeln, und nennt Beispiele dafür, wie man Themen eingrenzen kann. Freies Schreiben und das Hören von Musik werden ebenfalls empfohlen, um kreative Blockaden zu überwinden. Schreibanregungen können genutzt werden, um den Fokus zu finden und verschiedene Schreibformate wie Gedichte oder Artikel zu erkunden. Der Text ermutigt dazu, persönliche Erfahrungen als Inspirationsquelle zu nutzen und alternative Perspektiven einzunehmen, um die Kreativität zu steigern.",10.578067064285278
034_53465,"### Instruction1:
Dehnen ist ein wichtiger Teil fast jeder Trainingsroutine. Laufen ist da keine Ausnahme. Wenn du dich dehnst, wärmst du die Muskeln in deinem Körper auf und bereitest sie auf die harte Arbeit vor, die du gleich verrichten wirst. Eine gute Dehnübung nennt sich „der Storch“. Stehe aufrecht. Hebe einen Fuß hinter dir in Richtung Gesäß. Halte ihn sanft mit einer Hand fest (du kannst dich mit der anderen Hand an einer Wand abstützen, wenn nötig). Setze leichten Druck auf dein Bein, bis du eine Dehnung in deinen Oberschenkelmuskeln (Quadrizeps) spürst. Halte dies 30 Sekunden lang, dann wiederhole es mit dem anderen Bein. Bevor du läufst, beschleunige deinen Herzschlag und bringe dein Blut in Schwung, indem du zwei Minuten joggst. Du wirst einen kleinen Energieschub bekommen, und es wird dir leichter fallen, dich auf schnelles Laufen zu konzentrieren. Solange dein Aufwärmen nicht zu intensiv ist, wirst du nicht zu müde sein, um dein Bestes beim Laufen zu geben. Für die meisten Läufer ist es am besten, jeden Tag oder jeden zweiten Tag zu laufen. Der Schlüssel hier ist Konsistenz. Um langfristige Ergebnisse zu sehen, musst du dir an deinen Trainingsplan halten und die Schwierigkeit im Laufe der Zeit langsam steigern. Wenn du aufhörst oder es versäumst, dich herauszufordern, kann deine Leistung stagnieren oder sogar abnehmen. Nimm dir jeden Tag 10 Minuten für ein Intervalltraining. Während du läufst, folge diesem Muster: sprint für 10 Sekunden, ruhe dann 1 Minute lang, indem du joggst. Wiederhole dies 10 Minuten lang. Um dich herauszufordern, füge jede Woche ein paar Sekunden zu deiner Sprintzeit hinzu und verkürze deine Pausen. Im Laufe der Zeit wirst du schneller und länger laufen können. Versuche, mit einem Freund zu konkurrieren, der etwas schneller ist als du. Das wird dir die Motivation des Gewinnens geben und es wird viel herausfordernder sein, als alleine oder mit jemandem zu laufen, der langsamer ist als du. Laufe nicht mit jemandem, der viel schneller ist als du, sonst könntest du in Erwägung ziehen, aufzugeben.

### Instruction2:
Der Text beschreibt die Bedeutung des Dehnens als Teil einer Laufroutine und gibt Anweisungen zur Durchführung von Dehnübungen, insbesondere der Übung ""der Storch"". Es wird empfohlen, sich vor dem Laufen mit leichtem Joggen aufzuwärmen und die Herzfrequenz zu erhöhen. Regelmäßiges Laufen und konsequentes Training sind entscheidend für langfristige Ergebnisse. Der Text schlägt vor, Intervalltraining durchzuführen und die Intensität im Laufe der Zeit zu steigern. Schließlich wird empfohlen, mit einem Freund zu laufen, der einen etwas übertrifft, um die Motivation zu erhöhen.",3.6787424087524414
034_27542,"### Instruction1:
Der Tropfenverschluss (auch bekannt als Regenschutz) ist der obere Teil des Rahmens der Sturmtür. Eine Seite ist mit einem flauschigen Stoffstreifen ausgekleidet, der verhindert, dass Wasser hinter die Sturmtür eindringt. Zentriere den Tropfenverschluss entlang der Oberseite der Türöffnung und drücke ihn fest gegen die Ziegelverkleidung. Verwende einen Bleistift, um zu markieren, wo die Schrauben platziert werden sollen, setze dann den Tropfenverschluss ab und benutze deinen Akkuschrauber, um die Löcher vorzubohren. Positioniere den Tropfenverschluss erneut und setze eine Schraube an der Scharnierseite der Tür ein. Lass die anderen Löcher vorerst ungeschraubt – du kannst den Tropfenverschluss vollständig sichern, sobald die Sturmtür installiert ist. Hinweis: Die Hersteller einiger Sturmtürmodelle empfehlen, den Tropfenverschluss erst nach der Installation der Sturmtür anzubringen. Falls dies der Fall ist, solltest du mit der Installation des Tropfenverschlusses vorerst warten – folge immer den Anweisungen des Herstellers. Der z-bar an der Scharnierseite ist ein Aluminiumteil, das an der Scharnierseite der Sturmtür befestigt wird. Um ihn anzubringen, lege den Türrahmen auf die Seite, wobei die Scharnierseite nach oben zeigt. Nimm die z-bar an der Scharnierseite und richte sie entlang der Seite der Tür aus. Lass 1/8 Zoll (0,3 cm) der z-bar über die Oberseite der Tür ragen – dies stellt sicher, dass die Oberseite der Tür beim Schließen den Tropfenverschluss freigibt. Verwende deinen Bohrer, um die Scharniere der z-bar in den Rahmen der Sturmtür zu schrauben. Sobald sie angebracht ist, wird die z-bar an der Scharnierseite normalerweise über den unteren Teil des Türrahmens hinausragen. Dieser Überschuss muss entfernt werden, um sicherzustellen, dass der Türrahmen in die Öffnung passt. Nimm dein Maßband und messe die Höhe der Türöffnung vom Schwellenbereich bis zur Unterseite des Tropfenverschlusses. Verwende diese Messung, um den entsprechenden Punkt an der z-bar an der Scharnierseite mit einem Bleistift zu markieren, und benutze dann deine Handsäge, um die Stange auf die Länge zu schneiden. Hebe die Sturmtür an und setze sie in die Türöffnung ein, wobei du sicherstellst, dass die Oberseite der z-bar an der Scharnierseite bündig mit dem Tropfenverschluss abschließt. Wenn du möchtest, kannst du eine Wasserwaage verwenden, um sicherzustellen, dass die Tür lotrecht ist. Verwende deinen Bohrer, um das oberste Scharnier mit einer Schraube zu sichern. Stelle sicher, dass die Tür gerade in der Öffnung sitzt, und öffne und schließe sie ein paar Mal, um sicherzustellen, dass sie frei schwingt. Sobald du mit der Position der Tür zufrieden bist, sichere die verbleibenden Scharniere mit dem Bohrer und den Schrauben. Nimm die z-bar an der Verriegelungsseite und halte sie gegen die Ziegelverkleidung an der Verriegelungsseite. Wenn die flauschige Dichtungsstreifen nach außen zeigt, ist die z-bar richtig herum. Wenn sie nach innen zeigt, ist die z-bar verkehrt herum und du musst sie umdrehen. Verwende ein Stück Klebeband, um das obere Ende der Stange zu markieren. Setze die z-bar für einen Moment beiseite und benutze dein Maßband, um die Länge der Türöffnung vom Schwellenbereich bis zur Unterseite des Tropfenverschlusses zu messen. Verwende diese Messung, um die Unterseite der z-bar auf die Größe zuzuschneiden, indem du eine Handsäge verwendest. Drücke die z-bar an der Verriegelungsseite gegen die Verriegelungsseite der Türöffnung und stelle sicher, dass die Oberseite der Stange gegen die Unterseite des Tropfenverschlusses gedrückt wird. Schließe die Sturmtür und benutze dein Maßband, um sicherzustellen, dass du einen konstanten Abstand von 3/16 Zoll zwischen der z-bar an der Verriegelungsseite und der Sturmtür hast. Halte die Tür geschlossen, bohre ein Pilotloch in die Oberseite der z-bar an der Verriegelungsseite und sichere es mit einer Schraube. Wiederhole dies an der Unterseite und in der Mitte der z-bar. An diesem Punkt kannst du auch den Tropfenverschluss endgültig sichern.

### Instruction2:
Der Text beschreibt die Installation eines Tropfenverschlusses und einer z-bar an der Sturmtür. Der Tropfenverschluss, der oben am Türrahmen sitzt, verhindert das Eindringen von Wasser und muss korrekt ausgerichtet und vorgebohrt werden. Danach wird die z-bar an der Scharnierseite der Tür angebracht, wobei darauf geachtet werden muss, dass sie richtig positioniert und eventuell zugeschnitten wird, um in die Türöffnung zu passen. Die Tür sollte nach der Montage der Scharniere getestet werden, um sicherzustellen, dass sie richtig schließt und schwingt. Schließlich wird die z-bar an der Verriegelungsseite montiert, wobei die genaue Positionierung wichtig ist, um die Dichtheit zu gewährleisten.",6.112543344497681
034_23381,"### Instruction1:
Drücken Sie die ""Power""-Taste, wenn Ihr Drucker sich nicht automatisch wieder einschaltet. Ihr HP Photosmart-Drucker wird nun zurückgesetzt.

### Instruction2:
Wenn der HP Photosmart-Drucker sich nicht von selbst einschaltet, drücken Sie die ""Power""-Taste, um ihn zurückzusetzen.",0.9119279384613036
034_7367,"### Instruction1:
Konzentriere dich auf die Dinge, die du an dir magst, um dich daran zu erinnern, dass es mehr an dir gibt als die negativen Gedanken, auf die deine innere Stimme fokussiert ist. Gratuliere dir selbst zu deinen Erfolgen, ohne sie zu qualifizieren. Menschen mit höherem Selbstwertgefühl sind in der Lage zu akzeptieren, dass sie positive Eigenschaften haben, auch wenn sie nicht perfekt sind. Hänge deine Liste an einem sichtbaren Ort auf, wie zum Beispiel deinem Badezimmerspiegel, und schaue sie dir täglich an. Du kannst sie erweitern, während deine innere Stimme positiver wird. Schreibe deine Erfolge, Komplimente, die dir andere machen, und gute Gedanken über dich selbst auf. Während die negativen Gedanken vielleicht nicht ganz verschwinden, wird es dein allgemeines Selbstwertgefühl verbessern, mehr Zeit mit den positiven Gedanken zu verbringen. Journaling kann ein kraftvolles Werkzeug sein, um deinen inneren Dialog zu überwachen und dein Selbstwertgefühl zu verbessern. Versuche, dein Positivitäts-Journal darauf auszurichten, deine normalen negativen inneren Gedanken zu widersprechen. Wenn du dir selbst wehtust, weil du dich nicht zu etwas geäußert hast, schreibe sicher die Zeiten auf, in denen du dich geäußert hast. Du kannst dir Ziele setzen, um dich selbst zu verbessern, ohne Perfektion in jedem Lebensbereich zu erwarten. Deine Ziele sollten klar und spezifisch sein, aber auch etwas „Spielraum“ für Unvollkommenheit zulassen. Anstatt „Ich werde immer gegen Menschen sprechen, die Diskriminierung und Hass verbreiten“, könnte dein Ziel lauten: „Ich werde mein Bestes tun, um ruhig den Ideen anderer, die Diskriminierung und Hass verbreiten, entgegenzuwirken.“ Anstelle von „Ich werde nie wieder Zucker essen und 30 Pfund abnehmen“, könnte dein Ziel sein: „Ich werde versuchen, einen gesünderen Lebensstil mit besseren Essgewohnheiten und mehr Bewegung zu führen.“ Denke daran, dass du, wie jeder andere auch, Mensch bist. Du musst nicht perfekt sein, um ein hohes Selbstwertgefühl zu haben. Wenn du dich so akzeptieren kannst, wie du bist, auch wenn du versuchst, dich in einigen Bereichen zu verbessern, wirst du ein viel höheres Selbstwertgefühl haben. Erstelle ein Mantra für dich selbst, wie „das ist in Ordnung, ich bin trotzdem großartig.“ Wenn du zum Beispiel die Beherrschung verloren hast und im Park deinen Sohn angeschrien hast, kannst du dir sagen: „Ich bin nicht perfekt, und ich werde daran arbeiten, meine Emotionen unter Kontrolle zu halten. Ich werde mich bei meinem Kind entschuldigen, weil ich geschrien habe, und ihm erklären, warum ich verärgert wurde. Es ist in Ordnung, ich bin trotzdem eine großartige Mama.“ Wenn du das Gefühl hast, dass du dein Selbstwertgefühl nicht alleine verbessern kannst oder wenn du sehr aufgebracht bist, wenn du die Wurzeln deines niedrigen Selbstwertgefühls erkundest, möchtest du vielleicht einen Therapeuten aufsuchen, der dir helfen kann, die Wurzeln deiner Selbstwertprobleme zu identifizieren und damit umzugehen. Die kognitive Verhaltenstherapie (KVT) ist ein Ansatz, der deine automatischen negativen Gedanken über dich selbst anspricht und dir beibringt, wie du deine Emotionen auf gesunde Weise bewältigen kannst. Für komplexere Selbstwertprobleme könnte eine tiefere psychodynamische Therapie eine bessere Option sein, um mit den Wurzeln deiner Probleme umzugehen. Viele Menschen beginnen, sich besser zu fühlen, wenn sie zu einer Sache beitragen, die über ihre eigenen Bedürfnisse hinausgeht. Freiwilligenarbeit für eine gemeinnützige Organisation hilft sowohl dem Freiwilligen als auch den Empfängern der Wohltätigkeit: ein echtes Win-Win! Finde eine Organisation, die sich mit einer Sache beschäftigt, für die du leidenschaftlich bist. Freiwillige irgendwo mit einem Freund oder einer Gruppe von Freunden; das hilft der Organisation (viele Hände machen leichte Arbeit) und die Erfahrung könnte angenehmer sein.

### Instruction2:
Der Text ermutigt dazu, sich auf positive Aspekte des Selbst zu konzentrieren, um das Selbstwertgefühl zu steigern. Dazu gehört, Erfolge und Komplimente festzuhalten und täglich zu reflektieren. Das Journaling wird als nützlich beschrieben, um negative Gedanken zu überwinden und Ziele zu setzen, ohne Perfektion zu erwarten. Es wird empfohlen, ein Mantra zu entwickeln, um sich selbst zu akzeptieren und sich bei Rückschlägen nicht zu hart zu bewerten. Der Text schlägt vor, bei Schwierigkeiten einen Therapeuten aufzusuchen und betont, dass Freiwilligenarbeit das eigene Selbstwertgefühl fördern kann.",6.0703065395355225
034_2892,"### Instruction1:
Wenn der Schmerz durch einen eingeklemmten Nerv stark ist, kann Ihr Arzt empfehlen, Schmerzmittel einzunehmen. Es kann empfohlen werden, rezeptfreie Schmerzmittel zu nehmen, oder es können stärkere verschreibungspflichtige Schmerzmittel verordnet werden. Schmerzmittel wirken, indem sie die Schmerzsignale im Gehirn blockieren und stören. Wenn das Schmerzsignal das Gehirn nicht erreicht, kann der Schmerz nicht interpretiert und gefühlt werden. Beispiele für rezeptfreie Schmerzmittel sind Paracetamol und Acetaminophen. Beispiele für verschreibungspflichtige Schmerzmittel sind Codein und Tramadol. NSAIDs (nichtsteroidale entzündungshemmende Medikamente) wirken, indem sie bestimmte Körperchemikalien blockieren, die dazu führen, dass ein verletzter Bereich entzündet wird. Beispiele für NSAIDs sind Ibuprofen, Naproxen und Aspirin. NSAIDs sollten jedoch in den ersten 48 Stunden nach einer Verletzung nicht eingenommen werden, da sie die Heilung verzögern können. In den ersten 48 Stunden ist Entzündung eines der Kompensationsmechanismen des Körpers auf die Verletzung. NSAIDs können den Magen reizen, daher sollten sie immer mit Mahlzeiten eingenommen werden. Steroidinjektionen können helfen, Entzündungen und Schwellungen zu reduzieren, wodurch eingeklemmte Nerven, die durch Entzündungen verursacht werden, heilen und sich erholen können. Steroidinjektionen müssen von einem Arzt verschrieben und verabreicht werden. Die Steroide werden entweder injiziert oder über eine IV verabreicht. In einigen Fällen wird Ihr Arzt empfehlen, eine Schiene oder einen Verband auf der betroffenen Hüfte zu tragen. Eine Schiene oder ein Verband schränkt die Bewegung ein und ermöglicht es den Muskeln, sich auszuruhen, wodurch der eingeklemmte Nerv entlastet und die Heilung gefördert wird. Wenn alle vorherigen Behandlungsmaßnahmen fehlschlagen, kann ein chirurgischer Eingriff notwendig sein, um den Druck und die Kompression der Nerven zu lindern.

### Instruction2:
Der Text behandelt die Behandlung von Schmerzen durch eingeklemmte Nerven. Bei starken Schmerzen kann der Arzt Schmerzmittel empfehlen, entweder rezeptfrei oder verschreibungspflichtig. Schmerzmittel blockieren Schmerzsignale im Gehirn, während NSAIDs Entzündungen reduzieren, allerdings nicht in den ersten 48 Stunden nach einer Verletzung eingenommen werden sollten. Steroidinjektionen können ebenfalls helfen, Entzündungen zu verringern. In einigen Fällen kann das Tragen einer Schiene oder eines Verbandes empfohlen werden, um die Heilung zu unterstützen. Wenn andere Behandlungen nicht wirken, kann eine Operation notwendig sein.",3.321262121200561
034_43901,"### Instruction1:
Obwohl Sie am Strand von Wasser umgeben sind, können Sie leicht dehydriert werden, insbesondere wenn es sonnig ist. Stellen Sie sicher, dass Sie genug Wasser einpacken, um für Ihre Reise auszureichen, und versuchen Sie, es regelmäßig zu trinken. Das Letzte, was Sie wollen, ist, dass Sie dehydriert werden, während Sie im Ozean schwimmen. Bringen Sie einen Kühler mit, um Ihre Getränke kühl zu halten. Versuchen Sie auch, nicht zu viel Alkohol zu trinken, ohne Wasser zu trinken. Wenn Sie am Strand Alkohol trinken möchten, stellen Sie sicher, dass Sie genug Wasser trinken und ausreichend essen, um die Auswirkungen des Alkohols auszugleichen. Schwimmen im Ozean, während Sie angetrunken oder betrunken sind, kann sehr gefährlich sein. Überprüfen Sie die Regeln des örtlichen Strandes, bevor Sie Getränke mitbringen. Einige Strände haben möglicherweise keine Vorschriften für das, was Sie mitbringen können, aber viele verbieten ihren Gästen, Glasflaschen mitzubringen. Wenn Sie stundenlang ohne Sonnencreme am Strand verbringen, werden Sie höchstwahrscheinlich einen Sonnenbrand bekommen. Stellen Sie sicher, dass Sie Sonnencreme auftragen, bevor Sie zum Strand gehen, und packen Sie auch etwas ein, um es regelmäßig im Laufe des Tages aufzutragen. Wasser und Sand sind große Reflektoren, die die Sonnenstrahlen reflektieren und Ihre Chance auf einen Sonnenbrand erhöhen. Tragen Sie mehr Sonnencreme auf, als Sie denken würden, nur um auf der sicheren Seite zu sein. Versuchen Sie, eine wasserfeste Sonnencreme zu verwenden, damit sie im Wasser nicht abgewaschen wird. Zielen Sie auf eine Sonnencreme mit einem Lichtschutzfaktor von 30 oder höher mit Breitbandschutz ab, der die Haut vor UVA- und UVB-Strahlen schützt. Tragen Sie Ihre Sonnencreme mindestens dreißig Minuten bevor Sie in die Sonne gehen auf und dann alle zwei bis drei Stunden, während Sie draußen sind. Vergessen Sie nicht, Sonnencreme auf alle sonnenexponierten Bereiche aufzutragen. Verwenden Sie Lippenbalsam mit Lichtschutzfaktor und versuchen Sie, Sonnencreme auf Ihre Ohren und Kopfhaut aufzutragen, wenn möglich. Selbst wenn Sie ein T-Shirt im Wasser tragen, tragen Sie Sonnencreme auf Ihren Körper auf. Wenn Sie eine Weile am Strand sein werden, kann es eine gute Idee sein, ein Mittagessen oder Snacks einzupacken, um im Laufe des Tages zu essen. Einige Strände, besonders die überfüllten, haben Verkaufsstände oder Verkäufer, die Lebensmittel verkaufen, aber viele Strände haben das nicht. Es ist wichtig, sicherzustellen, dass Sie während Ihres Aufenthalts am Strand genug essen und trinken. Obwohl es keine Beweise dafür gibt, dass Sport nach dem Essen Krämpfe verursachen kann, sollten Sie wahrscheinlich zwanzig oder dreißig Minuten warten, bevor Sie wieder ins Wasser gehen, nachdem Sie gegessen haben. Dies liegt hauptsächlich daran, dass das Essen einer vollen Mahlzeit und dann intensives Training Übelkeit verursachen kann, und das ist kein gutes Gefühl, wenn Sie schwimmen. Wenn Sie nur im Wasser planschen wollen, machen Sie sich keine Sorgen darüber, wann Sie gegessen haben. Wenn Sie jedoch kräftig weit im Ozean schwimmen möchten, kann es klug sein, zu warten, bis Ihr Essen verdaut ist. Nachdem Sie einen Tag am Strand verbracht haben und Sand in Ihrem Badeanzug ist, möchten Sie möglicherweise nicht in Ihrem Auto sitzen. Daher ist es immer praktisch, einen Wechsel der Kleidung einzupacken. An einem Strand gibt es normalerweise Duschen und Toiletten, also besuchen Sie eine Dusche, um den Sand abzuwaschen und sich umzuziehen, bevor Sie in Ihr Auto steigen. Wenn Sie längere Zeit am Strand verbringen, möchten Sie vielleicht etwas Zeit haben, um in der Sonne zu entspannen. Packen Sie einen Strandstuhl und einen großen Sonnenschirm ein, damit Sie im Schatten bleiben können, wenn Sie nicht schwimmen. Nutzen Sie diese Zeit, um eine weitere Schicht Sonnencreme aufzutragen und sich mit Wasser zu versorgen. Denken Sie daran, dass auch Ihre Augen unter Sonnenschäden leiden können. Also tragen Sie Sonnenbrillen, wenn Sie sich in Ihrem Stuhl oder auf Ihrem Handtuch entspannen. Vielleicht möchten Sie die ganze Zeit schwimmen, aber es ist wahrscheinlich, dass Sie auch etwas Zeit auf dem Sand und in der Sonne verbringen möchten. Packen Sie Dinge ein, die Sie tun können, wenn Sie nicht im Wasser sind, wie ein Buch lesen, auf Ihrem iPad spielen oder einen Football werfen. Sie können auch Spielzeug mitbringen, um eine Sandburg zu bauen, wenn Sie Kinder mit zum Strand nehmen. Außerdem können Sie Dinge für den Spaß im Wasser einpacken, wie Schnorchel und Flossen, Schwimmbrillen, Boogie Boards und alles andere, um Ihre Zeit angenehmer zu gestalten. Dies ist besonders hilfreich, wenn Sie Kinder oder Babys mit zum Strand bringen. Kinder können sich mit Muscheln oder Steinen am Strand verletzen oder von einer Qualle gestochen werden. In jedem Fall ist es praktisch, ein Erste-Hilfe-Set bereit zu haben, falls etwas passiert.

### Instruction2:
Der Text gibt wichtige Tipps für einen Tag am Strand, insbesondere zur Vermeidung von Dehydrierung und Sonnenbrand. Es wird empfohlen, ausreichend Wasser und Snacks mitzunehmen, Alkohol in Maßen zu konsumieren und regelmäßig Sonnencreme mit hohem Lichtschutzfaktor aufzutragen. Es ist wichtig, sich über die Regeln des Strandes zu informieren, insbesondere hinsichtlich der mitgebrachten Getränke. Der Text rät auch dazu, nach dem Essen eine Pause einzulegen, bevor man schwimmen geht, und sich bei der Rückkehr zum Auto zu duschen und umzuziehen. Für Entspannung und Aktivitäten am Strand werden Empfehlungen für Stühle, Sonnenschirme und verschiedene Spiele gegeben. Ein Erste-Hilfe-Set sollte ebenfalls für den Fall von Verletzungen bereitgehalten werden.",8.193942546844482
034_31473,"### Instruction1:
Das Beste an ""Ich-Zeit"" ist, dass es keine Unterbrechungen geben wird. Holen Sie Ihre Schulaufgaben nach, lernen Sie für einen bevorstehenden Test, reinigen Sie Ihr Zimmer, bringen Sie Ihre Finanzen in Ordnung usw. Nutzen Sie diese Zeit zu Ihrem Vorteil. Ein Zimmer umorganisieren kann viel Spaß machen. Sobald alles sauber ist, stellen Sie die Möbel um, um dem Raum ein neues Aussehen zu verleihen. Hängen Sie neue Dekorationen auf, um frischen Wind hereinzubringen. Erstellen Sie ein neues farblich codiertes Ablagesystem, um Ihre Unterlagen zu organisieren, oder machen Sie einen Kalender und füllen Sie ihn mit all Ihren Plänen für die nächsten Monate. Wenn Sie sich die Zeit nehmen, eine Fähigkeit zu üben, während Sie allein sind, könnten Sie ziemlich gut darin werden. Liegt irgendwo im Haus eine Gitarre oder ein Klavier, das selten gespielt wird? Nutzen Sie es! Versuchen Sie sich an Logikspielen und Puzzles. Es gibt viele Möglichkeiten online und eine Vielzahl von Logik-Puzzle-Apps für Smartphones. Oder Sie könnten es etwas retro mit einem Rubik's Cube versuchen und sich zum Genie arbeiten. Lernen Sie eine Fähigkeit, die Sie schon immer entwickeln wollten, oder finden Sie ein Thema, das Sie interessiert, und nehmen Sie einen Kurs darüber. Viele kostenlose und kostengünstige Kurse sind online sowie in vielen Gemeindezentren verfügbar. Kostenlose Kurse erfordern oft keine Hausaufgaben oder Prüfungen, also wenn Ihnen der Bewertungsaspekt eines Kurses nicht gefällt, nehmen Sie einen, bei dem Sie sich darüber keine Gedanken machen müssen. Holen Sie Telefonate zu Ihren Verwandten und Freunden nach, die an anderen Orten leben. Schreiben Sie ihnen eine E-Mail oder SMS, wenn Sie keinen Anruf tätigen möchten. Allein zu sein, ist eine großartige Gelegenheit, sich wieder mit Menschen zu verbinden, von denen Sie den Kontakt verloren haben. Zeit für sich selbst, fern von anderen Ablenkungen, ermöglicht es Ihnen, langsamer zu werden und nach innen zu schauen – das gibt Ihnen die perfekte Chance, ruhig zu reflektieren. Denken Sie über Entscheidungen nach, die Sie in letzter Zeit beschäftigt haben. Was sind die Vor- und Nachteile der Optionen, die Ihnen bevorstehen? Schreiben Sie sie auf, wenn Ihnen das hilft, Ihre Gedanken zu sortieren. Lassen Sie Ihrer Fantasie freien Lauf. Gehen Sie an einen anderen Ort in Ihrem Kopf und stellen Sie sich eine andere Welt vor. Lassen Sie sich träumen. Vielleicht kommen Sie sogar auf eine großartige neue Idee für eine Geschichte oder einen Blogbeitrag. Meditieren Sie. Sitzen Sie still, schließen Sie die Augen und achten Sie auf die Geräusche, Gerüche und Empfindungen um Sie herum. Lassen Sie Ihren Geist leer werden und konzentrieren Sie sich auf Ihre Atmung.

### Instruction2:
Der Text beschreibt die Vorteile von ""Ich-Zeit"" und wie man diese Zeit sinnvoll nutzen kann. Es wird empfohlen, Schulaufgaben nachzuholen, das Zimmer umzugestalten und neue Fähigkeiten zu erlernen. Die Idee ist, diese Zeit ohne Ablenkungen zu nutzen, um sich auf persönliche Projekte zu konzentrieren, wie z.B. das Spielen eines Instruments, das Lösen von Logikspielen oder das Lernen neuer Themen. Außerdem wird betont, wie wichtig es ist, sich mit Freunden und Verwandten in Verbindung zu setzen und sich Zeit für Selbstreflexion und Meditation zu nehmen.",5.603507995605469
034_9333,"### Instruction1:
Erstelle einen Slipknoten am gehakten Ende deines Häkelhakens mit einem Ende des Garns. Beachte, dass das nicht angehängte Ende des Garns für den Rest des Musters unbeachtet bleibt und als ""Schwanzende"" bezeichnet wird. Das Ende, das noch mit dem Knäuel verbunden ist, ist das ""Arbeitsende"", und du wirst Garn von diesem Ende ziehen, während du die Mütze machst. Mache zwei Luftmaschen aus der Schlaufe auf deinem Haken. Arbeite sechs feste Maschen in die zweite Luftmasche von dem Haken. Dies sollte deine erste Runde bilden. Beachte, dass die zweite Luftmasche vom Haken auch die erste Luftmasche ist, die du erstellt hast. Um die zweite Runde abzuschließen, mache zwei feste Maschen in jede Masche der vorherigen Runde. Wenn du fertig bist, sollte diese Runde insgesamt 12 feste Maschen haben. Markiere die letzte Masche der Runde mit einem plastischen Maschenmarkierer. Wenn du keinen hast, verwende eine Sicherheitsnadel oder einen Büroklammer. Arbeite eine feste Masche in die erste Masche der vorherigen Runde. Arbeite zwei feste Maschen in die Masche, die folgt. Wiederhole dieses Muster, um den Rest der Runde abzuschließen, indem du eine feste Masche in jede ungerade Masche und zwei feste Maschen in jede gerade Masche machst. Wenn du fertig bist, sollte diese Runde 18 Maschen haben. Bewege den Markierer zur letzten Masche dieser Runde. Arbeite eine feste Masche in die erste Masche der vorherigen Runde. Arbeite eine weitere feste Masche in die zweite Masche. Für die dritte Masche arbeite zwei feste Maschen. Wiederhole dieses Muster, indem du eine feste Masche, eine weitere feste Masche und zwei feste Maschen um den Rest der Runde machst. Wenn du fertig bist, solltest du 24 feste Maschen in dieser Runde haben. Bewege den Maschenmarkierer zur letzten Masche dieser Runde, bevor du fortfährst. Mache eine feste Masche in jede der ersten drei Maschen der vorherigen Runde. Danach mache zwei feste Maschen in die vierte Masche der vorherigen Runde. Wiederhole dieses Muster, bis du das Ende deiner Runde erreichst. Du solltest insgesamt 30 feste Maschen für diese Runde machen. Markiere das Ende der fünften Runde mit deinem Maschenmarkierer. Für die Runden sechs bis neun wirst du weiterhin die Anzahl der Maschen erhöhen, indem du nur eine feste Masche zwischen den Maschen machst, die zwei feste Maschen erhalten. Für Runde sechs arbeite eine feste Masche in die ersten vier Maschen der vorherigen Runde, dann arbeite zwei feste Maschen in die fünfte Masche. Wiederhole dies, bis du das Ende der Runde erreichst. Für Runde sieben arbeite eine feste Masche in die ersten fünf Maschen der vorherigen Runde, dann arbeite zwei feste Maschen in die sechste Masche. Wiederhole dies, bis du das Ende der Runde erreichst. Für Runde acht arbeite eine feste Masche in die ersten sechs Maschen der vorherigen Runde, dann arbeite zwei feste Maschen in die siebte Masche. Wiederhole dies, bis du das Ende der Runde erreichst. Für Runde neun arbeite eine feste Masche in die ersten sieben Maschen der vorherigen Runde, dann arbeite zwei feste Maschen in die achte Masche. Wiederhole dies, bis du das Ende der Runde erreichst. Beachte, dass diese Runde am Ende 54 Maschen haben wird. Beachte, dass du das Ende jeder Runde mit deinem Maschenmarkierer markieren solltest, während du arbeitest. Für die restlichen Runden musst du nur eine feste Masche in jede Masche der vorherigen Runde machen. Jede der verbleibenden Runden sollte 54 Maschen haben. Bewege den Maschenmarkierer zur letzten Masche jeder Runde, bevor du zur nächsten übergehst, um dir zu helfen, den Überblick über deinen Fortschritt im Muster zu behalten. Dieses Muster sollte für die Runden 10 bis 25 befolgt werden. Für die letzte Runde solltest du einen Slip-Stich in jede der Maschen der vorherigen Runde machen. Schneide das Garn und lasse ein 5 cm langes Schwanzende. Ziehe es durch die Schlaufe auf deinem Haken und ziehe es fest, um einen Knoten zu bilden. Verstecke das verbleibende Schwanzende, um es zu verbergen, und vollende die Babymütze.

### Instruction2:
Der Text beschreibt die Schritte zur Herstellung einer Babymütze mit Häkeltechnik. Zuerst wird ein Slipknoten erstellt, gefolgt von Luftmaschen und festen Maschen, um die Form der Mütze zu beginnen. Es wird ein spezifisches Muster zur Erhöhung der Maschenzahl in mehreren Runden erklärt, wobei in bestimmten Runden zwei feste Maschen in jede zweite Masche gearbeitet werden. Am Ende der Anleitung wird erläutert, wie man die Mütze beendet, indem man einen Slip-Stich macht, das Garn abschneidet und die Enden versteckt.",7.208465576171875
034_9206,"### Instruction1:
Die meisten Spiele, die du herunterlädst, sind komprimiert mit fortschrittlichen Archivierungsprozessen, die nicht in Windows integriert sind. Um die Dateien für diese Spiele nach dem Herunterladen zu extrahieren, benötigst du ein spezielles Extraktionsprogramm. Zwei der beliebtesten Programme sind 7-Zip (7-zip.org) und WinRAR (rarlab.com). 7-Zip ist ein kostenloses Programm, das die meisten komprimierten Dateien öffnen kann, einschließlich RAR- und 7z-Formate. Es wird am meisten für diesen Prozess empfohlen. Die Testversion von WinRAR ermöglicht es dir, die meisten Formate für immer zu öffnen, aber du wirst nach Ablauf der Testperiode zur Registrierung aufgefordert. Die meisten Spiele werden über BitTorrent verteilt, eine beliebte Methode, um große Dateien zwischen Computern zu teilen. Um BitTorrent zu verwenden, benötigst du einen Client, der Torrent-Dateien laden und dich mit anderen Benutzern verbinden kann. Einer der beliebtesten kostenlosen Clients ist qBittorrent (qbittorrent.org). Wenn du qBittorrent wählst, musst du dir keine zusätzlichen Adware Sorgen machen. Wenn du einen anderen Client wie uTorrent wählst, lies jeden Installationsbildschirm sorgfältig durch, damit du keine unerwünschte Software installierst. Das Herunterladen von Spielen über Torrents ist eine der einfachsten Möglichkeiten, sich mit einem Virus zu infizieren. Um dies zu verhindern, stelle sicher, dass du ein Antivirenprogramm installiert hast und dass es auf dem neuesten Stand ist. Du kannst Windows Defender verwenden, der bereits mit Windows installiert ist, oder eine Drittanbieter-Lösung wie BitDefender oder Kaspersky. Siehe „So aktivierst du Windows Defender“ für Anweisungen zur Aktivierung. Für Anweisungen zur Installation eines anderen Antivirenprogramms siehe „So installierst du ein Antivirenprogramm“. Du solltest immer nur ein Antivirenprogramm gleichzeitig installiert haben. Klicke mit der rechten Maustaste auf das Symbol deines Antivirenprogramms im Systemtray und wähle „Update“, um nach verfügbaren Updates zu suchen und diese herunterzuladen. Viele Spiele kommen im ISO-Format, das eine Kopie einer Disc ist. Um die ISO-Datei zu verwenden, musst du sie entweder auf eine Disc brennen oder in einem virtuellen Laufwerk einbinden. Wenn du planst, viele verschiedene Spiele zu installieren, kann die Verwendung eines virtuellen Laufwerks dir viel Geld für leere DVDs sparen. Eine der beliebtesten Optionen ist WinCDEmu, ein kostenloses und Open-Source-Programm. Windows 8 und später umfasst die Möglichkeit, ISO-Dateien ohne zusätzliche Software einzubinden.

### Instruction2:
Die Anleitung beschreibt, wie man Spiele herunterladen und die erforderlichen Programme zur Extraktion und Nutzung dieser Spiele verwendet. Zunächst wird empfohlen, 7-Zip oder WinRAR zu verwenden, um komprimierte Dateien zu extrahieren. Es wird auch auf die Nutzung von BitTorrent hingewiesen, wobei qBittorrent als sicherer Client empfohlen wird. Zudem wird betont, dass man ein Antivirenprogramm installieren und regelmäßig aktualisieren sollte, um Viren zu vermeiden. Schließlich wird erklärt, wie man ISO-Dateien verwendet, entweder durch das Brennen auf eine DVD oder durch das Einbinden in ein virtuelles Laufwerk, wobei WinCDEmu als eine empfohlene Option erwähnt wird.",5.328901529312134
034_36744,"### Instruction1:
Denke über alle Informationen nach, die du gesammelt hast, und über alle Interaktionen, die du hattest. Fühlst du dich wohl dabei, einen Job in diesem Unternehmen anzunehmen? Wirst du glücklicher sein? Wirst du mindestens ein Jahr bleiben können? Alle Jobs und Unternehmen haben sowohl Vorteile als auch Nachteile. Es ist wichtig, eine Liste zu erstellen und diese Vor- und Nachteile basierend auf deinen persönlichen Vorlieben und spezifischen Umständen abzuwägen. Denk daran, dass ein Unternehmen für eine Person richtig und für eine andere falsch sein kann. Nur du kannst die beste Entscheidung treffen. Wenn die Vorteile des Unternehmens die Nachteile überwiegen, könnte der Job der richtige für dich sein. Vertraue deinen Instinkten und entscheide, ob du den Job verfolgen möchtest oder nicht.

### Instruction2:
Der Text handelt von der Entscheidungsfindung bezüglich eines Jobangebots. Er betont die Wichtigkeit, Informationen und persönliche Erfahrungen zu berücksichtigen, um festzustellen, ob man sich wohlfühlt, einen Job anzunehmen. Es wird empfohlen, Vor- und Nachteile aufzulisten und zu überlegen, ob die Vorteile überwiegen. Letztendlich ist es wichtig, auf die eigenen Instinkte zu hören und eine informierte Entscheidung zu treffen.",2.794172763824463
034_6072,"### Instruction1:
Um wütend statt traurig auszusehen, solltest du deine obere Lippe ein wenig anspannen. Strecke die Unterlippe heraus, als würdest du einen traurigen Schmollmund machen, aber strecke auch die obere Lippe ein wenig heraus. Genau wie beim traurigen Schmollmund kannst du deine Lippen weiter herausstrecken, wenn du den Ausdruck übertreiben möchtest. Wenn du den wütenden Blick verkaufen möchtest, ziehe in Betracht, deine Nase zu runzeln, die Augen zu rollen oder die Augen zusammenzukneifen, während du mit der Person sprichst. Sieh geradeaus und lass deinen Kopf nicht hängen, wie du es tun würdest, wenn du traurig aussehen möchtest. Um wirklich wütend auszusehen, versuche, deine Brauen zusammenzuziehen und deine Nasenlöcher zu weiten. Die Arme sehr fest gegen deinen Körper zu verschränken und eine starre Haltung einzunehmen, wird helfen, die Botschaft zu vermitteln, dass dein Schmollmund ein wütender ist. Wenn du sprichst, stelle sicher, dass du deine Emotion auch mit deiner Stimme transportierst, indem du laut sprichst, die gleichen Sätze wiederholst und sarkastisch lachst. Du kannst auch versuchen, mit den Füßen zu stampfen, Türen laut zu schließen und andere laute Geräusche zu machen, um bedrohlicher zu wirken. Ein wütender Schmollmund sollte trotzdem etwas verspielt sein, auch wenn du wirklich verärgert bist. Vermeide es, zu schreien und andere Menschen zu beleidigen. Einen Wutanfall zu bekommen, lässt dich nur wie einen Bully aussehen.

### Instruction2:
Um wütend auszusehen, spanne die obere Lippe an und strecke die Unterlippe heraus. Übertreibe den Ausdruck, indem du deine Lippen weiter herausstreckst. Zusätzliche Gesten wie das Runzeln der Nase, Augenrollen und Zusammenkneifen der Augen verstärken den wütenden Ausdruck. Halte deinen Kopf aufrecht und ziehe die Brauen zusammen, um intensivere Wut zu zeigen. Verschränke die Arme, sprich laut und wiederhole Sätze, um deine Wut zu unterstreichen. Laute Geräusche können ebenfalls helfen, bedrohlicher zu wirken. Achte darauf, dass der Ausdruck spielerisch bleibt und vermeide aggressive Verhaltensweisen wie Schreien oder Beleidigungen.",3.660775661468506
034_35574,"### Instruction1:
Traditionell wurden Flaschen über die toten Äste eines Baumes platziert; jedoch hängt es von Ihrer Landschaftsgestaltung ab, ob dies möglich ist oder ob Sie einen Metallbaum herstellen müssen. Gartenflaschenbäume, die zwischen 10 und 30 Flaschen halten, sind auf Amazon und eBay für 20 bis 100 Dollar erhältlich. Wenn Sie ein auffälliges Stück möchten, ist es sinnvoll, in ein aufwendiges Design zu investieren. Wenn Sie nicht mehr als 500 Dollar ausgeben möchten, entscheiden Sie sich dafür, es selbst zu machen. Graben Sie ein Loch in Ihren Garten und gießen Sie ein Betonfundament. Setzen Sie den Pfosten in den Boden und lassen Sie ihn trocknen. Schrauben Sie Löcher um jede Seite des Baumes herum ein. Verwenden Sie eine Bohrmaschine in einem abwärts gerichteten Winkel und stellen Sie sicher, dass Sie jedes Loch mindestens drei Zoll (7,5 cm) nach innen erweitern. Setzen Sie Metallstangen von sechs Zoll bis anderthalb Fuß (0,2 bis 0,5 m) ein. Sie können Metallverstärkungsstäbe in einem Baumarkt oder Eisenwarenladen kaufen. Stellen Sie sicher, dass jeder dieser Stäbe sicher ist, bevor Sie mit dem nächsten fortfahren. In letzter Zeit ist dies aufgrund seiner Haltbarkeit in allen Klimazonen eine sehr beliebte Wahl geworden. Kaufen Sie 10 bis 20 Längen von Bewehrungsstahl aus einem Baumaterial-Recyclinghof, einem Stahlgeschäft oder einem großen Baumarkt. Der Bewehrungsstahl sollte 3/8-Zoll bis ½-Zoll (1 bis 1,3 cm) dick sein. Sie können unterschiedliche Längen wählen, um Äste zu imitieren. Kaufen Sie einen Metallkragen, mit dem Sie Ihre Bewehrungsstahläste umschließen können, oder planen Sie, die Bewehrungsstäbe zusammenzuschweißen. Mieten Sie einen Rohrbieger, wenn Sie den Bewehrungsstahl dramatisch biegen möchten. Treiben Sie Pfähle in die Löcher, wo der Bewehrungsstahl hineinkommen soll. Dann treiben Sie den Bewehrungsstahl mit einem Pfahlhammer in den Boden. Schweißen Sie Ihre Bewehrungsstäbe zusammen, wenn Sie möchten. Überprüfen Sie, ob es stabil ist, bevor Sie es dekorieren.

### Instruction2:
Der Text beschreibt, wie man einen Gartenflaschenbaum herstellen kann, der entweder aus toten Ästen besteht oder aus Metall gefertigt werden kann. Für einen selbstgemachten Baum wird ein Betonfundament benötigt, in das ein Pfosten gesetzt wird. Anschließend werden Löcher in den Baum gebohrt, um Metallstangen einzufügen. Diese Metallstangen, auch Bewehrungsstahl genannt, sollten in verschiedenen Längen gekauft werden, um Äste nachzuahmen. Man kann die Stangen auch schweißen und biegen, um das Design zu verbessern. Der Prozess umfasst das Einsetzen von Stäben in den Boden und das Überprüfen der Stabilität, bevor man mit der Dekoration beginnt.",4.2963926792144775
034_28500,"### Instruction1:
Der Behälter muss tief genug sein, damit die Wurzeln des Knoblauchs in das Wachstumsmaterial wachsen können, damit sie grüne Blätter produzieren können und die Knollen sich ausdehnen können. Wählen Sie Behälter, die tief genug und breit genug sind, um alle Zehen zu passen, die Sie pflanzen möchten. Egal, ob Sie sich entscheiden, einen Blumentopf, eine Holzkiste oder einen anderen Behälter zu verwenden, um Ihren Knoblauch drinnen anzubauen, er muss tief genug sein, um das Wachsen der Wurzeln des Knoblauchs zu ermöglichen. Um 3 Zehen Knoblauch zu pflanzen, stellen Sie sicher, dass der Behälter mindestens 30 cm breit ist, damit Sie genügend Abstand einhalten können, um ihnen das Wachsen zu ermöglichen. Suchen Sie in Gartencentern, Baumärkten und online nach Behältern. Sie können auch in örtlichen Bastelgeschäften nach interessanten Pflanzgefäßen suchen. Überprüfen Sie die Unterseite des Behälters, um zu sehen, ob es Löcher gibt, die eine Entwässerung ermöglichen. Wenn es keine Entwässerungslöcher gibt, müssen Sie sie machen, damit das überschüssige Wasser vom Boden abfließen kann und Ihre Knoblauchzehen nicht faulen. Die meisten Plastik- oder Terrakottatöpfe und Pflanzbehälter haben Entwässerungslöcher am Boden. Bei Plastikbehältern verwenden Sie ein scharfes Messer, um ein Entwässerungsloch in der Mitte des Bodens auszuschneiden. Bohren Sie kleine Löcher in Glas- oder Tonbehältern mit einem Elektrowerkzeug und einem Bohrer, der für Glas und Fliesen geeignet ist. Eine erdlose Pflanzmischung ermöglicht es überschüssigem Wasser, leicht abzufließen und verhindert, dass die Knoblauchzehen faulen. Verwenden Sie eine hochwertige erdlose Pflanzmischung aus Vermiculit oder Perlit und die Kokosfasern oder Torf enthält, damit sie genug Feuchtigkeit speichert, um Ihrem Knoblauch beim Wachsen zu helfen. Füllen Sie den Behälter bis etwa 5,1 cm unter den Rand. Knoblauch ist sehr anfällig für pilzliche Wurzelkrankheiten, daher müssen Sie ihn in einem Medium anbauen, das überschüssiges Wasser leicht abfließen lässt. Sie können erdlose Pflanzmischungen in Gartencentern, Baumärkten und online finden. Stellen Sie Ihre eigene erdlose Pflanzmischung her, indem Sie Vermiculit oder Perlit verwenden und etwas Kokosfasern oder Torf mischen, um die Feuchtigkeit zu halten. Bevor Sie Ihre Knoblauchzehen in den Behälter pflanzen, gießen Sie ihn gut, damit sich das Material setzen kann und Sie sicherstellen können, dass der Behälter richtig entwässert. Verwenden Sie eine Gießkanne oder füllen Sie ein Glas mit etwa 240 ml Wasser und gießen Sie es vorsichtig über die Mischung. Achten Sie auf die Entwässerungslöcher am Boden, um sicherzustellen, dass überschüssiges Wasser hindurchfließt.

### Instruction2:
Um Knoblauch erfolgreich in einem Behälter anzubauen, wählen Sie einen tiefen und breiten Behälter, idealerweise mindestens 30 cm breit, um ausreichend Platz für die Wurzeln und das Wachstum der Zehen zu gewährleisten. Stellen Sie sicher, dass der Behälter Entwässerungslöcher hat, um stehendes Wasser zu vermeiden, das zu Fäulnis führen könnte. Verwenden Sie eine hochwertige erdlose Pflanzmischung, die aus Vermiculit oder Perlit sowie Kokosfasern oder Torf besteht, um Feuchtigkeit zu halten. Vor dem Pflanzen der Knoblauchzehen sollte der Behälter gut gegossen werden, um sicherzustellen, dass das Material sich setzt und richtig entwässert. Achten Sie darauf, dass überschüssiges Wasser durch die Entwässerungslöcher abfließt.",5.768128395080566
034_50130,"### Instruction1:
Diese sind online oder in einer örtlichen Drogerie erhältlich. Eine normale Nagelfeile ist günstiger und kann die Arbeit erledigen, aber eine mit Diamanten besetzte Nagelfeile ist schärfer und erleichtert das Feilen. Stelle sicher, dass der Zahn, den du feilen möchtest, schmerzfrei ist, da Schmerzen im Zahn auf Nervenschäden hinweisen können und Feilen nicht empfohlen wird. Um eine gute Sicht auf das, was du tust, zu bekommen, stehe vor einem Spiegel, während du die Feile positionierst. Überprüfe die Position der Feile am Zahn und sei dir sicher, dass du nicht versehentlich andere Zähne abfeilst. Ein paar Striche, insbesondere bei der Arbeit mit einer diamantbeschichteten Feile, sollten den Zahn mehr in eine Kurve bringen und Schmerzen sowie Pieksen verhindern. Gehe langsam vor und übertreibe es nicht. Du möchtest vorsichtig sein, um den Zahnschmelz nicht zu beschädigen, indem du den Zahn zu stark abfeilst. Wenn du beginnst, Schmerzen im Zahn zu spüren, kann es möglich sein, dass der Zahnschmelz beschädigt ist. In diesem Fall ist es am besten, einen Zahnarzt aufzusuchen. Beschädigter Zahnschmelz kann zu vielen zukünftigen Problemen führen, einschließlich Zahnempfindlichkeit, Karies, Bruch und erhöhtem Verfall, daher ist es eine gute Idee, einen Zahnarzt zur Behandlung aufzusuchen.

### Instruction2:
Der Text beschreibt, wie man richtig einen Zahn mit einer Nagelfeile bearbeitet, wobei zwischen einer normalen und einer diamantbesetzten Feile unterschieden wird. Es wird betont, dass der Zahn schmerzfrei sein sollte, bevor man mit dem Feilen beginnt, da Schmerzen auf Nervenschäden hindeuten können. Eine gute Sicht ist wichtig, und man sollte darauf achten, nicht andere Zähne zu beschädigen. Bei der Anwendung sollte man vorsichtig und langsam vorgehen, um den Zahnschmelz nicht zu schädigen. Bei Schmerzen sollte man einen Zahnarzt aufsuchen, da beschädigter Zahnschmelz zu weiteren Problemen führen kann.",2.7987148761749268
034_9476,"### Instruction1:
Wenn Sie Ihre Haut kühlen, verengen sich die Blutgefäße. Dies reduziert den Blutfluss in das Gebiet und kann Schwellungen, Reizungen und Muskelkrämpfe lindern. Dies ist besonders gut zur Beruhigung von Prellungen und kleineren Verletzungen. Wenn Sie kein bereits im Gefrierschrank vorbereitetes Kühlpack haben, können Sie einen Beutel mit Eiswürfeln oder gefrorenem Gemüse verwenden. Wickeln Sie das Kühlpack immer in ein Handtuch, anstatt es direkt auf Ihre Haut zu legen. Dies hilft, Erfrierungen zu vermeiden. Nach 20 Minuten sollten Sie das Kühlpack von Ihrer Haut entfernen und Ihre Haut aufwärmen lassen. Nach 10 Minuten können Sie es erneut auflegen, wenn nötig. Diese Cremes sind oft rezeptfrei erhältlich und können Sonnenbrände, leichte Verbrennungen, Insektenstiche, Stiche und kleine Abschürfungen beruhigen. Konsultieren Sie immer Ihren Arzt, wenn Sie schwanger sind, stillen, ein Kind oder einen älteren Menschen behandeln oder andere Medikamente, pflanzliche Heilmittel oder Nahrungsergänzungsmittel einnehmen, die Wechselwirkungen verursachen könnten. Lesen und befolgen Sie die Anweisungen auf der Verpackung. Diese Produkte können in der Regel in Ihrer örtlichen Apotheke als Sprays, Salben, Cremes, Pflaster und vorgefertigte Verbände gekauft werden. Die Medikamente können enthalten: Benzocain, Benzocain und Menthol, Butamben, Dibucain, Lidocain, Pramoxine, Pramoxine und Menthol, Tetracain oder Tetracain und Menthol. Wenn Sie sich über die Dosierung oder die Häufigkeit der Anwendung unsicher sind, konsultieren Sie Ihren Arzt. Ihr Arzt kann Empfehlungen basierend auf Ihrer speziellen Erkrankung und medizinischen Vorgeschichte abgeben. Überprüfen Sie die Verfallsdaten. Verwenden Sie keine abgelaufenen Medikamente. Stoppen Sie die Anwendung dieser Medikamente und konsultieren Sie Ihren Arzt, wenn nach einer Woche keine Verbesserung eintritt, das Gebiet infiziert wird, einen Ausschlag entwickelt oder zu brennen oder stechen beginnt. Symptome einer Überdosierung umfassen verschwommenes Sehen, Verwirrtheit, Krampfanfälle, Schwindel, sich zu heiß, zu kalt oder taub fühlen, Kopfschmerzen, Schwitzen, Ohrensausen, unregelmäßigen oder langsamen Herzschlag, Atembeschwerden und Schläfrigkeit. Wenn Sie diese Symptome zeigen, gehen Sie sofort zum Arzt oder rufen Sie einen Krankenwagen. Nichtsteroidale entzündungshemmende Medikamente können Schmerzen bei Arthritis, Muskelschmerzen, Zahnschmerzen, Fieber, Gicht, Rückenschmerzen, Kopfschmerzen und Menstruationskrämpfen lindern. Diese Medikamente sind in der Regel rezeptfrei in örtlichen Apotheken erhältlich. Viele können innerhalb weniger Stunden Linderung verschaffen. Verwenden Sie sie nicht länger als ein paar Tage, ohne Ihren Arzt zu konsultieren. Konsultieren Sie immer Ihren Arzt, bevor Sie diese Medikamente verwenden, wenn Sie schwanger sind, stillen, ein Kind behandeln oder andere Medikamente, pflanzliche Heilmittel oder Nahrungsergänzungsmittel einnehmen. Zu den gängigen Medikamenten gehören: Aspirin (Anacin, Bayer, Excedrin), Ketoprofen (Orudis KT), Ibuprofen (Motrin, Advil, Nuprin), Naproxen-Natrium (Aleve). Aspirin sollte niemals Kindern oder Jugendlichen gegeben werden, da es mit dem Reye-Syndrom in Verbindung gebracht wird. Nehmen Sie diese Medikamente nicht ein, ohne vorher einen Arzt zu konsultieren, wenn Sie Bluthochdruck, Diabetes, Nierenerkrankungen, Lebererkrankungen, Allergien gegen diese Medikamente, Geschwüre, Blutungsprobleme, hohen Alkoholkonsum, Herzprobleme, Asthma haben oder andere Medikamente einnehmen, die Wechselwirkungen verursachen könnten, wie Warfarin, Lithium, Herzmedikamente, Arthritis-Medikamente, Vitamine und andere. Zu den häufigen Nebenwirkungen gehören Gas, Blähungen, Sodbrennen, Magenbeschwerden, Erbrechen, Durchfall und Verstopfung. Wenn Sie diese oder andere Nebenwirkungen haben, kontaktieren Sie sofort Ihren Arzt.

### Instruction2:
Der Text beschreibt, wie das Kühlen der Haut die Blutgefäße verengt, was Schwellungen, Reizungen und Muskelkrämpfe lindern kann. Es werden verschiedene Methoden zur Kältetherapie vorgeschlagen, einschließlich der Verwendung von Eispackungen, die in ein Handtuch gewickelt werden sollten, um Erfrierungen zu vermeiden. Es wird empfohlen, rezeptfreie Cremes zur Linderung von Sonnenbränden und kleinen Verletzungen zu verwenden, während bei der Anwendung von Medikamenten wie nichtsteroidalen entzündungshemmenden Mitteln Vorsicht geboten ist, insbesondere wenn bestimmte Gesundheitszustände oder andere Medikamente vorliegen. Der Text warnt auch vor den möglichen Nebenwirkungen und Überdosierungserscheinungen und rät, bei anhaltenden Beschwerden einen Arzt zu konsultieren.",6.448047399520874
034_36902,"### Instruction1:
Es sei denn, sie haben spezifische Informationen im Anschreiben angefordert, können Sie das Anschreiben von 4 Absätzen auf 2 verkürzen, um Ihre Chancen zu erhöhen, dass es gelesen wird. Bitten Sie jemanden, es ebenfalls zu überprüfen, bevor Sie es versenden. Verlassen Sie sich niemals auf die Rechtschreibprüfung in einem Textverarbeitungs- oder E-Mail-Programm. Word formatiert Ihren Text, sodass er möglicherweise nicht korrekt ausgerichtet ist, wenn er in ein E-Mail-Programm eingefügt wird. Wenn Sie sich entscheiden, zu schneiden und einzufügen, kann es auffallen, wenn Sie aus anderen Texten, wie z. B. der Stellenanzeige, geschnitten oder eingefügt haben. Textfarben, Schriftarten und Kursivschrift können in einem anderen Programm unterschiedlich aussehen. Wenn es verspielt ist, kann Ihr Ton verspielter sein. Seien Sie immer vorsichtig und formeller als informell. Diese allgemeinen Regeln für das Schreiben von Anschreiben werden immer überwiegen.

### Instruction2:
Das Anschreiben sollte auf 2 Absätze verkürzt werden, es sei denn, spezifische Informationen wurden angefordert. Lassen Sie es von jemand anderem überprüfen und verlassen Sie sich nicht auf die Rechtschreibprüfung. Achten Sie darauf, dass die Formatierung beim Einfügen in E-Mails korrekt bleibt, da verschiedene Programme unterschiedliche Darstellungen haben können. Passen Sie den Ton an, aber bleiben Sie lieber formell als informell, da dies die allgemeinen Regeln des Anschreibens übertrumpfen wird.",2.213896512985229
034_47226,"### Instruction1:
Wenn Sie eine sehr große Population oder eine unbekannte haben, müssen Sie eine sekundäre Formel verwenden. Wenn Sie immer noch Werte für die übrigen Variablen haben, verwenden Sie die Gleichung: Stichprobengröße = [z² * p(1-p)] / e²   z = z-Score  e = Fehlergrenze  p = Standardabweichung   Beachten Sie, dass diese Gleichung lediglich die obere Hälfte der vollständigen Formel ist. Ersetzen Sie jeden Platzhalter für Variablen durch die numerischen Werte, die Sie für Ihre Umfrage gewählt haben.   Beispiel: Bestimmen Sie die notwendige Umfragegröße für eine unbekannte Population mit einem Konfidenzniveau von 90%, einer Standardabweichung von 50% und einer Fehlergrenze von 3%. Für 90% Vertrauen verwenden Sie den z-Score von 1,65. Das bedeutet:   z = 1,65  e = 0,03  p = 0,5 Nachdem Sie Ihre Zahlen in die Formel eingegeben haben, lösen Sie die Gleichung. Ihre Antwort wird die notwendige Stichprobengröße anzeigen.  Beispiel: Stichprobengröße = [z² * p(1-p)] / e² = [1,65² * 0,5(1-0,5)] / 0,03²  = [2,7225 * 0,25] / 0,0009 = 0,6806 / 0,0009 = 756,22 (endgültige Antwort)

### Instruction2:
Der Text beschreibt, wie man die notwendige Stichprobengröße für eine Umfrage berechnet, insbesondere wenn die Population unbekannt ist. Es wird eine Formel vorgestellt, in die spezifische Werte für den z-Score, die Fehlergrenze und die Standardabweichung eingesetzt werden müssen. Ein Beispiel zeigt den Prozess der Berechnung für eine Population mit 90% Vertrauensniveau, 50% Standardabweichung und 3% Fehlergrenze, wobei die endgültige benötigte Stichprobengröße 756,22 beträgt.",2.7908740043640137
034_57612,"### Instruction1:
Wenn du dich auf ein Handgepäckstück beschränken kannst und die Notwendigkeit, Gepäck einzuchecken, eliminierst, sparst du dir eine Menge Zeit und Mühe. Es mag entmutigend erscheinen – aber erfahrene Reisende schwören, dass ein kleiner Koffer ausreichend Platz für die Reise-Utensilien bietet; du musst nur auf nicht essentielle Gegenstände verzichten. Die Beschränkung auf Handgepäck macht den Reiseprozess viel einfacher – du bist schneller in und aus den Flughäfen und genießt den Komfort, alle Reiseutensilien während des Fluges griffbereit zu haben. Außerdem vermeidest du das Risiko von Gebühren für übergewichtige eingecheckte Taschen, insbesondere bei kleineren regionalen Fluggesellschaften. Das Packen eines einzigen kleinen Koffers hat auch Vorteile, wenn du an deinem Ziel ankommst. Du wirst viel flexibler sein, wenn es darum geht, von einem Ort zum anderen zu reisen, was es dir erleichtert, Gelegenheiten oder Abenteuer, die dir begegnen, zu nutzen. Außerdem wirst du weniger als leichtes Ziel für Taschendiebe und Betrüger erscheinen. Erstelle eine umfangreiche Liste aller Dinge, die du möglicherweise für deine Reise benötigst. Berücksichtige Kleidung, Toilettenartikel, Medikamente, Badebekleidung, geschäftliche Kleidung, Outdoor-Ausrüstung, Unterhaltung, Elektronik und alles andere, was dir in den Sinn kommt. Überdenke diese Liste dann kritisch und überlege, welche Gegenstände wirklich für deine Reise unerlässlich sind und welche eher ""nur für den Fall"" sind. Streiche alle nicht notwendigen Artikel, da du sie nicht mitnehmen wirst. Denk daran – es sei denn, du reist in die Antarktis, in ein abgelegenes Gebiet, auf die Insel Ascension, in die Sahara oder an einen anderen besonders entlegenen Ort, wirst du fast sicher alle benötigten Gegenstände an deinem Ziel kaufen können, falls ein Notfall auftritt. Sobald du deine Liste auf ein Minimum reduziert hast, musst du versprechen, dich daran zu halten. Wenn du von deiner Liste abweichst, kann das schnell außer Kontrolle geraten, und du wirst versuchen, die gesamte Küchenausstattung einzupacken. Selbst wenn du denkst, du würdest dir durch das Mitnehmen deiner Tauchausrüstung mögliche Kosten sparen, vergiss es. Der Aufwand, einen schweren Koffer herumzuschleppen, wird sich nicht lohnen. Fluggesellschaften haben ziemlich strenge Vorschriften bezüglich des Volumens von Flüssigkeiten, die jeder Passagier mit an Bord nehmen darf. Wenn du beim Handgepäck bleibst, ist es am besten, in Reisegrößenversionen deiner ""kann ich nicht ohne leben""-Produkte zu investieren. Shampoos, Feuchtigkeitscremes, Zahnpasta und bestimmte Make-up-Artikel fallen alle in diese Kategorie. Packe diese Artikel in eine klare Plastiktasche oder einen Zip-Lock-Beutel, damit du sie bequem durch die Sicherheitskontrolle bringen kannst. Beachte, dass die meisten Fluggesellschaften die 3-1-1-Regel befolgen. Die Flaschen mit den Flüssigkeiten müssen 3,4 oz (100 ml) oder weniger enthalten, sie müssen alle in einen 1 Quart großen transparenten Plastikbeutel passen, und das Gesamtvolumen der Flüssigkeiten im Beutel darf 1 Quart nicht überschreiten. Es ist auch möglich, leere Reisegrößen-Plastikflaschen relativ günstig zu kaufen, in die du deine Lieblingsprodukte aus ihren großen Behältern zu Hause abfüllen kannst. Achte darauf, jede Flasche zu kennzeichnen, damit du nicht durcheinander kommst! Menschen packen fast immer mehr Kleidung als sie letztendlich tragen, also pack weniger, egal wie viele Outfits du denkst, dass du brauchst. Überlege, wie viele Tage du weg sein wirst und welche Aktivitäten du während deines Aufenthalts planst. Berücksichtige auch das Wetter, wenn du dort bist – wenn das Wetter im letzten Monat konstant bei 90 Grad lag, wirst du nicht mehr als einen Pullover brauchen. Du wirst definitiv einige Kleidungsstücke mehr als einmal tragen, also denke an Kleidung, die du kombinieren kannst. Zum Beispiel – für jede Shorts, die du mitbringst, pack zwei oder mehr Oberteile ein, die dazu passen, da du deine Shorts nicht jeden Tag wechseln musst. Packe Kleidung, die an die Situation angepasst werden kann – probiere ein einfaches Kleid, das tagsüber lässig mit flachen Sandalen und einem Sonnenhut getragen werden kann oder abends mit High Heels, einem Gürtel und etwas Schmuck aufgewertet werden kann. Finde heraus, ob es in der Nähe deiner Unterkunft eine Wäscherei gibt – wenn es eine in der Nähe gibt, kannst du deine Kleidung waschen und somit die Anzahl der Tragezeiten erhöhen! Denk daran, dass es nicht das Ende der Welt ist, wenn du während deiner Reise ein paar günstige T-Shirts oder eine Regenjacke kaufen musst – und die Chancen stehen gut, dass du das nicht brauchst. Packe beim Reisen leicht immer für das beste Szenario, nicht für das schlimmste. Es ist vernünftig, Wanderschuhe, Turnschuhe, Alltagsschuhe und Schuhe für den Abend mitzunehmen. Schuhe sind die schwersten und sperrigsten Gegenstände, die du beim Reisen mitnehmen musst, also versuche, dich auf das absolute Minimum zu beschränken. Besonders Frauen könnten diese Aufgabe schwierig finden, da sie gerne das perfekte Paar Schuhe für jeden Anlass haben, aber versuche zu überlegen, was wirklich notwendig ist. Wenn du in einen aktiven Sporturlaub fährst, wirst du kaum ein Paar High-Heels brauchen. Ein kleines, leichtes Paar hübscher Ballerinas wird dich durch Situationen bringen, in denen du dich etwas schicker kleiden musst, beispielsweise in einem Restaurant. Wenn du auf Geschäftsreise gehst, packe geeignete Schuhe für Meetings ein, die du hast, sowie ein bequemeres, lässigeres Paar zum Reisen oder für die Freizeit. Vergiss deine Turnschuhe nicht, wenn du ins Fitnessstudio gehen möchtest. Packe deine Laufschuhe nicht ein, es sei denn, du bist dir absolut sicher, dass du während deiner Reise Sport treiben wirst. Wenn du in einen entspannenden, genussvollen Urlaub in ein sonniges Ziel fährst, wirst du dich wirklich jeden Morgen um 7 Uhr für einen 5-Meilen-Lauf aufraffen? Es sei denn, die Antwort ist ein eindeutiges ""Ja"", nehmen deine Laufschuhe wertvollen Platz weg. Wusstest du, dass es in Europa, Australasien, Nordamerika, Südamerika und Afrika Supermärkte gibt? Und Apotheken? Und modische Bekleidungsgeschäfte? Wie bereits erwähnt, es sei denn, du reist in den äußersten Sibirien, ist es unwahrscheinlich, dass es viele Artikel gibt, die du nicht überall finden kannst. Also, es sei denn, du bist besonders wählerisch bei der Art von Haarspülung oder Rasiergel, die du verwenden musst, lass diese Artikel zu Hause und kaufe sie einfach, wenn du dort bist. Der Kauf vor Ort mag wie eine unnötige Ausgabe erscheinen, aber er wird dir helfen, erheblich Gewicht zu sparen und zusätzlichen Platz in deinem Koffer freizugeben. Es geht darum, Prioritäten zu setzen! Denk daran, dass viele große Marken universell sind – du solltest in der Lage sein, Gillette-Rasiercreme, Colgate-Zahnpasta und Pantene-Spülung zu finden, egal wo du auf der Welt bist – oder zumindest etwas sehr Ähnliches. Alternativ kannst du dies als Gelegenheit sehen, etwas Neues auszuprobieren! Wenn das Schlimmste eintritt und du ein bestimmtes Produkt nicht finden kannst, frage dich, wie die Einheimischen ohne es leben. Haben sie eine Art Alternative? Oder ist es nur ein unnötiger Komfort? Leicht zu reisen erfordert möglicherweise einige Opfer! Betrachte es als Abenteuer. Das Packen eines einzigen vielseitigen Accessoires kann beim leichten Packen Wunder wirken. Stelle sicher, dass es zu so vielen deiner geplanten Outfits wie möglich passt und einen bestimmten Zweck erfüllt. Zum Beispiel kann ein großer, dekorativer Schal als schickes Accessoire um deinen Hals getragen werden, als Ersatz für eine Strickjacke, wenn er um deine Arme und Schultern drapiert wird, kann am Strand als provisorisches Sarong getragen werden, als Kopftuch zum Schutz vor der Sonne dienen oder als schöner Gürtel verwendet werden, wenn er um deine Taille gewickelt wird!

### Instruction2:
Der Text gibt Tipps, wie man leicht reisen kann, indem man sich auf Handgepäck beschränkt. Er empfiehlt, nicht essentielle Gegenstände zu streichen und eine Liste der notwendigen Artikel zu erstellen. Es wird geraten, die Packliste auf ein Minimum zu reduzieren und sich an diese zu halten, um Übergepäckgebühren zu vermeiden und flexibler am Zielort zu sein. Außerdem sollte man auf die 3-1-1-Regel für Flüssigkeiten achten und geeignete Reisegrößen verwenden. Der Text ermutigt, weniger Kleidung einzupacken, Kleidung zu wählen, die kombiniert werden kann, und sich an das Wetter vor Ort anzupassen. Es wird betont, dass man auch vor Ort kaufen kann, was man braucht, und dass es sinnvoll ist, Prioritäten zu setzen. Schließlich wird geraten, ein vielseitiges Accessoire mitzunehmen, um das Packen zu erleichtern.",11.815185070037842
034_25898,"### Instruction1:
Hypothyreose hat eine breite Palette von Symptomen, die von Gewichtszunahme bis zu trockener Haut reichen. Diese können plötzlich auftreten oder sich, wie bei der Gewichtszunahme, allmählich verschlimmern. Zu den Symptomen der Hypothyreose gehören: unerwartete Gewichtszunahme, Müdigkeit, erhöhte Kälteempfindlichkeit, Verstopfung, trockene Haut, geschwollenes Gesicht, Muskelschmerzen, Gelenkschwellungen, dünner werdendes Haar, verlangsamte Herzfrequenz, Depressionen, starke oder unregelmäßige Menstruationsperioden. Die Symptome variieren von Person zu Person und können jeden betreffen, von Säuglingen über Kinder bis hin zu Erwachsenen. Hypothyreose ist häufiger bei Frauen und Personen über 50 Jahren. Der einzige Weg, um zu bestätigen, dass Sie an Hypothyreose leiden und dass sie möglicherweise zu Ihrer Gewichtszunahme geführt hat, ist der Besuch bei einem Arzt. Ihr Arzt wird die Diagnose bestätigen und einen Behandlungsplan für Sie entwickeln. Wenn Sie keinen Arzt aufsuchen und die Symptome der Hypothyreose ignorieren, werden sie sich im Laufe der Zeit verschlimmern. Ihr Arzt sollte ein Hormon namens Thyroid Stimulating Hormone messen, um festzustellen, ob Sie an einer Schilddrüsenerkrankung leiden. Die Ursache der Gewichtszunahme ist komplex und nicht unbedingt auf Hypothyreose zurückzuführen. Einige grundlegende Fakten über die Krankheit und Gewichtszunahme zu kennen, wird Ihnen helfen, einen Diät- und Trainingsplan erfolgreich umzusetzen und möglicherweise mit Medikamenten für die Erkrankung. Die meisten Gewichtszunahmen, die mit Hypothyreose verbunden sind, werden durch überschüssiges Salz und Wasser in Ihrem Körper verursacht. Ihre Ess- und Fitnessgewohnheiten können jedoch ebenfalls zur Gewichtszunahme beitragen. Sie können diese überschüssigen Elemente und das zusätzliche Gewicht reduzieren, indem Sie auf Ihre Ernährung und Bewegung achten. Hypothyreose verursacht selten eine signifikante Gewichtszunahme. In der Regel sind nur etwa 5-10 Pfund (2,2-4,8 Kilo) auf die Krankheit zurückzuführen. Wenn Sie mehr zugenommen haben, ist die Ursache wahrscheinlich, wie Sie essen und ob Sie Sport treiben. Wenn Gewichtszunahme Ihr einziges Symptom der Hypothyreose ist, ist es weniger wahrscheinlich, dass Ihre zusätzlichen Pfunde auf die Krankheit zurückzuführen sind. Einige Ärzte glauben, dass Insulinresistenz, bei der Ihre Zellen nicht so gut auf Insulin reagieren, für die Gewichtszunahme verantwortlich ist und zu dem Problem beiträgt, mit Schilddrüsenerkrankung kein Gewicht zu verlieren.

### Instruction2:
Der Text beschreibt Hypothyreose und deren Symptome, die von Gewichtszunahme bis zu trockener Haut reichen. Die Symptome können plötzlich auftreten oder sich allmählich verschlimmern und betreffen Menschen jeden Alters, insbesondere Frauen und Personen über 50. Eine ärztliche Diagnose ist notwendig, um festzustellen, ob Hypothyreose vorliegt und ob sie zur Gewichtszunahme beigetragen hat. Die Gewichtszunahme ist oft komplex und kann durch Ess- und Fitnessgewohnheiten beeinflusst werden. Hypothyreose selbst verursacht selten signifikante Gewichtszunahme, und übermäßige Pfunde sind möglicherweise auf andere Faktoren wie Insulinresistenz zurückzuführen.",5.643163681030273
034_56970,"### Instruction1:
Du könntest Hautunreinheiten aus Gründen bekommen, die von inneren Hormonen bis zu äußeren Umweltfaktoren reichen. Wenn du Schwierigkeiten hast, diese Faktoren selbst zu kontrollieren, sprich mit einem Dermatologen. Sie können dir helfen, einen ganzheitlichen Behandlungsplan für Akne zu entwickeln, der Ernährungs- und Lebensstiländerungen, eine neue oder verbesserte Hautpflegeroutine und/oder Akne-Medikamente umfassen kann. Ein Arzt ist der einzige, der dir verschreibungspflichtige Medikamente verschreiben kann, wenn rezeptfreie Behandlungen und Hausmittel bei deiner Akne nicht helfen. Dein Gesicht jeden Tag zu waschen, hilft, abgestorbene Haut, Talg und Bakterien zu entfernen, die Akne fördern. Suche nach einem Gesichtsreiniger, der für zu Akne neigende Haut formuliert ist. Dein Dermatologe oder Arzt kann dir Empfehlungen für die richtige Reinigung geben. Ziel ist es, dein Gesicht 1-2 Mal am Tag zu waschen. Wenn du Make-up trägst, sollte einer dieser Zeitpunkte am Ende des Tages sein, um dein Make-up zu entfernen. Versuche, nicht zu oft zu waschen, da übermäßiges Waschen tatsächlich Akne fördern kann. Scrubbe nicht zu fest und benutze kein raues Hilfsmittel wie einen Luffa oder ein Waschtuch, um dein Gesicht zu waschen. Deine Hände oder eine Gesichtsborste funktionieren großartig. Wenn du dein Gesicht abtrocknest, tupfe es sanft mit einem Handtuch trocken. Trage den Toner auf ein Wattepad auf und wische über dein Gesicht. Der Toner entfernt überschüssigen Schmutz oder Make-up, das auf deiner Haut verbleibt, und gleicht den pH-Wert deiner Haut aus. Toner strafft auch deine Poren. Du kannst Toner in einer Drogerie oder einem Schönheitssalon finden. Nach dem Waschen deines Gesichts solltest du eine feuchtigkeitsspendende Creme, Gel oder Lotion auftragen. Dies hilft, die natürliche Feuchtigkeit wiederherzustellen, die beim Waschen deines Gesichts entfernt wurde. Selbst wenn du fettige oder zu Akne neigende Haut hast, kann eine Feuchtigkeitscreme helfen, die Menge an Öl und Talg, die dein Gesicht produziert, zu reduzieren und deine Ausbrüche zu verringern. Es gibt viele verschiedene Feuchtigkeitscremes auf dem Markt, daher kann es etwas Experimentieren erfordern, um die richtige für dich zu finden. Suche nach einer Feuchtigkeitscreme, die für deinen Hauttyp (fettig, gemischt usw.) formuliert ist, um die besten Ergebnisse zu erzielen. Wenn du zu Akne neigende Haut hast, suche nach einer nicht komedogenen Feuchtigkeitscreme, die speziell formuliert ist, um sicherzustellen, dass sie deine Poren nicht verstopft. Eine Feuchtigkeitscreme hilft, deine Haut hydratisiert zu halten, aber es gibt noch mehr, was du tun kannst. Einige der effektivsten Schritte sind präventive Pflege, einschließlich der Begrenzung deiner Exposition gegenüber kalter oder trockener Luft, dem Vermeiden von längerem Kontakt mit heißem oder chloriertem Wasser und dem Vermeiden von Hautpflegeprodukten, die Alkohol enthalten. Du solltest auch sicherstellen, dass du viel Wasser zu dir nimmst, sowohl von innen als auch von außen. Viele Ärzte empfehlen, dass Männer mindestens 3 Liter (13 Tassen) Wasser pro Tag und Frauen 2,2 Liter (9 Tassen) Wasser pro Tag trinken. Verwende im Laufe des Tages Gesichtssprays, um deine Haut von außen hydratisiert zu halten. Wenn du dich in einer konstant trockenen Umgebung befindest, möchtest du möglicherweise sogar einen Luftbefeuchter verwenden, um deine Haut zufrieden zu halten. Während die Forschung noch läuft, legen einige Studien nahe, dass bestimmte Vitamine gegen Entzündungen helfen und eine gesündere Haut fördern können. Zu den häufigsten Vitaminen, die als förderlich für gesunde Haut gelten, gehören: Vitamin A. Vitamin A ist ein Antioxidans, was bedeutet, dass es schädliche Moleküle namens freie Radikale begrenzt. Diese können Hautzellen schädigen und die Zeichen des Alterns beschleunigen. Lebensmittel, die reich an Vitamin A sind, umfassen Karotten, Süßkartoffeln, Spinat, Kürbis, Aprikosen und Melonen. Vitamin C. Vitamin C ist entscheidend für die Produktion von Kollagen, dem Baustein der Haut. Studien legen auch nahe, dass es einige entzündungshemmende Vorteile hat. Lebensmittel, die reich an Vitamin C sind, umfassen Guave, Zitrusfrüchte, Grünkohl, Brokkoli, Kiwi und Erdbeeren. Peeling ist der Prozess, alte, abgestorbene Hautzellen von der obersten Schicht deiner Haut zu entfernen. Ein Peeling 1-2 Mal pro Woche entfernt die abgestorbenen Zellen, die in Pickel enden, und hilft, die Zellenerneuerung zu fördern, um deine Haut hell und gesund zu halten. Du solltest peelen, nachdem du deine Haut gereinigt hast, aber bevor du den Toner aufträgst. Sowohl mechanische Peelingmittel wie Gesichtspeelings als auch chemische Peelingmittel wie Enzymtücher sind weit verbreitet. Wenn du zu Akne neigende, empfindliche oder alternde Haut hast, solltest du jedoch ein chemisches Peelingmittel wählen, da Peelings deine Haut reizen und sogar schädigen könnten. Wenn du fettige oder zu Akne neigende Haut hast, möchtest du möglicherweise 2-3 Mal pro Woche peelen.

### Instruction2:
Der Text beschreibt verschiedene Ansätze zur Behandlung von Akne, einschließlich der Bedeutung einer angemessenen Hautpflegeroutine, die das tägliche Waschen des Gesichts, die Anwendung von Toner und Feuchtigkeitscreme umfasst. Es wird empfohlen, mit einem Dermatologen zu sprechen, um einen individuellen Behandlungsplan zu erstellen, der möglicherweise auch Ernährungs- und Lebensstiländerungen sowie Medikamente umfasst. Die Bedeutung der Hydratation, sowohl intern durch Wasseraufnahme als auch extern durch Gesichtssprays und Luftbefeuchter, wird hervorgehoben. Zusätzlich werden die Vorteile bestimmter Vitamine wie A und C für die Hautgesundheit und die Notwendigkeit des Peelings zur Entfernung abgestorbener Hautzellen und zur Förderung der Zellenerneuerung erwähnt.",8.933884620666504
034_3263,"### Instruction1:
Kleine Säugetiere kauen gerne die Rinde um den Stamm eines Baumes, daher wird das Wickeln eines Schutzes um ihn zusätzlichen Schutz bieten. Baumguards können in jedem Garten- und Heimwerkergeschäft gekauft werden. Nachdem die Rinde rau oder schuppig wird, kannst du den Schutz entfernen. Baumguards helfen auch, den Stamm vor Sonnenlicht zu schützen. Zu Beginn werden die Wurzeln deines Baumes nicht genug Wasser ziehen, damit der Baum überleben kann. Verwende einen langsamen Sprinkler, um deinen Baum morgens oder abends zu gießen, wenn kein direktes Sonnenlicht vorhanden ist. Während der Baum wächst, werden seine Wurzeln in der Lage sein, genug Wasser für den Baum bereitzustellen. Überprüfe die Erde in der Nähe deines Baumes. Wenn sie sich noch feucht anfühlt, solltest du deinen Baum nicht gießen. Zu viel Wasser kann ebenfalls Schäden verursachen. In einer trockenen Saison solltest du deinen Baum häufiger gießen. Verwende einen Ammoniumnitratdünger im frühen Frühling. Du solltest 1/8 Pfund (0,057 kg) Dünger multipliziert mit dem Alter deines Baumes verwenden. Diese Menge kann je nach Fruchtbarkeit des Bodens variieren. Wenn die Blätter im Sommer blassgrün oder gelb sind, verwende im nächsten Jahr mehr Dünger. Wenn der Baum in einer Saison mehr als 12 Zoll (0,30 m) wächst, verwende in der nächsten Saison weniger Dünger. Wenn Äste brechen oder Blätter absterben, ist es Zeit, deinen Baum zu beschneiden. Der Schnitt sollte im frühen Frühling direkt vor der Wachstumsperiode erfolgen. Schneide alle Äste ab, die krank oder mit anderen Ästen verheddert sind. Schneide so nah wie möglich am Basis des Astes. Die Äste sollten 12 Zoll (0,30 m) auseinander sein, damit Früchte an allen Ästen wachsen können. Es wird mindestens 3 Jahre dauern, bis dein Baum Früchte trägt, aber es kann bis zu 10 Jahre dauern. Pflücke die Früchte, wenn sie anfangen, sich zu verfärben, während sie noch hart sind. Sie werden beim Lagern drinnen weiter reifen.

### Instruction2:
Der Text beschreibt die Pflege von Bäumen, einschließlich des Schutzes der Rinde vor kleinen Säugetieren durch Baumguards und der richtigen Bewässerungstechnik. Er betont die Bedeutung einer langsamen Bewässerung, das Überprüfen der Bodenfeuchtigkeit, die Anwendung von Dünger und die Notwendigkeit des Beschneidens von kranken oder verhedderten Ästen. Zudem wird erklärt, dass es mehrere Jahre dauern kann, bis der Baum Früchte trägt, und wann diese geerntet werden sollten.",3.67374587059021
034_54284,"### Instruction1:
Du kannst ein Notizbuch oder einen Block mit Haftnotizen verwenden oder deinen eigenen Stapel Papier mit Kleber, Heftklammern oder einer Büroklammer binden. Suche nach Papier, das etwa 3 x 5 Zoll (7,6 x 12,7 cm) groß ist. Etwas, das etwas kleiner oder größer ist, funktioniert auch. Verwende leichtes Papier für dein Flipbook, damit die Seiten leicht umgeblättert werden können. Sobald du die Grundlagen beherrscht, gehe von Strichfiguren zu interessanten Szenen und Charakteren mit Dimension über. Verwende Schattierungen und Perspektive, um deine Animation realistischer aussehen zu lassen. Halte die Hintergrundschattierungen konsistent. Wenn das bewegte Objekt selbst einen Schatten wirft, wie ein springender Ball, dann bewege den Schatten mit dem Objekt.

### Instruction2:
Der Text beschreibt, wie man ein Flipbook erstellt, indem man entweder ein Notizbuch oder einen Block von Haftnotizen verwendet oder Papier selbst bindet. Es wird empfohlen, leichtes Papier in der Größe von etwa 3 x 5 Zoll zu verwenden, um das Umblättern zu erleichtern. Nach dem Erlernen der Grundlagen sollte man von einfachen Strichfiguren zu komplexeren Szenen und Charakteren übergehen, indem Schattierungen und Perspektiven eingesetzt werden, um die Animation realistischer zu gestalten. Es wird auch darauf hingewiesen, dass Schatten mit dem bewegten Objekt bewegt werden sollten.",2.481275796890259
034_11567,"### Instruction1:
Nutze deinen Körper und deinen Geist, um positive Dinge zu tun, anstatt zu trübsal zu blasen. Wenn du dich depressiv fühlst und obsessiv über einen Jungen nachdenkst, versuche stattdessen an dir selbst zu arbeiten. Sport hilft, Energie abzubauen und deine Stimmung zu heben, indem er Wohlfühlendorphine in deinem Gehirn freisetzt. Beweg dich, wenn du dich besser fühlen möchtest. Erstelle deine eigene Trainingsroutine. Finde ein Herz-Kreislauf-Workout, indem du 5-10 Übungen auswählst, die du jeweils dreimal wiederholen kannst, etwa eine Minute für jede Übung. Mache das dreimal pro Woche zu Hause. Verbringe ein paar zusätzliche Stunden bei der Arbeit oder in der Schule, um das zu tun, was du tun musst. Wenn du in einem Sportteam bist, widme zusätzliche Energie der Planung von Veranstaltungen oder zusätzlichen Trainingseinheiten mit deinen Teamkollegen. Versenke dich in ein Projekt, um dich auf andere Dinge zu konzentrieren. Die beste Rache ist, gut zu leben. Wenn dein Ex sieht, wie produktiv, beschäftigt und glücklich du bist? Das ist der beste Weg, ihm zu zeigen, was er verloren hat. Andererseits kann es auch gut sein, sich eine Auszeit zu nehmen, wenn du es brauchst. Melde dich krank, wenn du dich wirklich unproduktiv und schlecht fühlst. Nimm dir die Zeit, die du brauchst. Nutze deinen neu gewonnenen Status als Single als Ausrede, um andere neue Dinge zu tun. Wenn du schon immer ein Buch schreiben wolltest, aber nie Zeit hattest wegen deiner Beziehungs- Verpflichtungen, hast du jetzt keine Ausreden mehr. Such dir ein neues Hobby, dem du dich widmen und das dich von deinen Gefühlen ablenken kann. Fang an, mehr zu lesen. In einem guten Buch zu versinken, kann eine großartige Möglichkeit sein, deine Sorgen zu vergessen. Tu etwas Kreatives. Malen, Zeichnen oder andere Kunstprojekte sind eine großartige Möglichkeit, beschäftigt zu werden. Such dir ein tägliches Backprojekt und versuche, jeden Tag etwas Neues zu kochen. Kanalisier deine Frustrationsenergie in spaßige Projekte in der Küche. Jede Trennung hat ihre Vor- und Nachteile. Einerseits bist du allein. Und das ist normalerweise schrecklich. Auf der anderen Seite bist du allein. Das bedeutet, du kannst tun, was du willst, ohne dir Sorgen darüber zu machen, wie dein Ex reagieren wird. Es gibt niemanden mehr, der dich zurückhält. Tu, was du fühlst. Wenn du das Bedürfnis hast, Katy Perry um 7 Uhr morgens laut zu hören und Fruit Loops in deinem hässlichen Schlafanzug zu essen, mach es. Niemand wird das beurteilen. Feiere die Tatsache, dass du Single bist. Das, was er immer gehasst hat zu tun? Ja, mach das. Und genieße es.

### Instruction2:
Der Text ermutigt dazu, positive Aktivitäten zu unternehmen, anstatt in Traurigkeit zu versinken, besonders nach einer Trennung. Er schlägt vor, Sport zu treiben, eine eigene Trainingsroutine zu erstellen und sich auf persönliche Projekte zu konzentrieren. Außerdem wird empfohlen, neue Hobbys auszuprobieren, kreativ zu sein und die Vorteile des Single-Daseins zu genießen. Der Text betont, dass es wichtig ist, sich Zeit für sich selbst zu nehmen und das Leben ohne den Ex-Partner zu genießen, um die eigene Lebensqualität zu verbessern.",4.458324909210205
034_1286,"### Instruction1:
Die Kingo-Anwendung beginnt automatisch mit dem Herunterladen auf Ihren Windows-basierten Computer. Wenn Sie keinen Zugriff auf einen Windows-basierten Computer haben, rooten Sie Ihr Gerät mit Towelroot, wie in Methode drei dieses Artikels beschrieben. Sie müssen die Allgemeinen Geschäftsbedingungen akzeptieren und auswählen, wo Sie Kingo auf Ihrem Computer speichern möchten. Dies hilft sicherzustellen, dass Ihr Telefon während des Rooting-Prozesses nicht ausgeschaltet wird. Verwenden Sie Samsung Kies, Google, Ihren Computer oder einen Cloud-Speicherdienst eines Drittanbieters. Dies hilft, Datenverlust im Falle von Komplikationen während des Rooting-Prozesses zu verhindern. Dies ermöglicht es Ihnen, Ihr Gerät über USB mit Kingo zu rooten. Kingo benötigt einige Momente, um Ihr Gerät zu erkennen und die neuesten Gerätetreiber automatisch auf Ihrem Computer zu installieren, falls zutreffend. Kingo wird Ihr Gerät automatisch rooten, was zwischen drei und fünf Minuten dauern kann. Ihr Galaxy S3 wird neu gestartet. Ihr Gerät ist jetzt gerootet, und SuperSU wird im App-Tray angezeigt.

### Instruction2:
Die Kingo-Anwendung wird automatisch auf einem Windows-Computer heruntergeladen. Wenn kein Windows-Computer verfügbar ist, kann das Gerät mit Towelroot gerootet werden. Die Benutzer müssen die Allgemeinen Geschäftsbedingungen akzeptieren und den Speicherort für Kingo auswählen, um sicherzustellen, dass das Telefon während des Rooting-Prozesses nicht abgeschaltet wird. Es wird empfohlen, Samsung Kies oder einen Cloud-Dienst zu verwenden, um Datenverlust zu vermeiden. Kingo erkennt das Gerät, installiert die Treiber und rootet das Gerät in drei bis fünf Minuten. Nach dem Neustart des Galaxy S3 ist das Gerät gerootet und SuperSU wird angezeigt.",2.4893252849578857
034_15589,"### Instruction1:
Sie können Notfallbepflanzungen sofort auf nacktem, relativ flachem Boden anlegen, der keine tiefen Rinnen oder Gräben hat. Notfallbepflanzungen sind in der Regel Gräser oder andere Bodendeckerpflanzen, die sehr schnell wachsen und dicke Wurzeln schlagen, die den Boden festhalten, damit er beim nächsten Regen nicht weggespült wird. Überprüfen Sie bei Ihrer örtlichen Gärtnerei, welche schnell wachsenden Bodendecker in Ihrer Region gut gedeihen. Es ist am besten, eine Mischung aus Pflanzen zu pflanzen, anstatt nur eine, damit Sie Ersatz haben, falls eine Art nicht anwächst. Verwenden Sie eine Hacke oder einen Gartenrechen, um Kompost oder Mist in den Boden einzuarbeiten. Sie können auch einen leichten Dünger verwenden, wenn Sie möchten. Dies wird helfen, die Samen zu nähren und ihnen die besten Wachstumschancen zu geben. Mulch und Matten fügen eine Schicht zu Ihrem Boden hinzu und helfen, Feuchtigkeit zu halten. Sie fördern auch ein Umfeld für das Starten und Wachsen von Pflanzen. Mulch kann aus Grasschnitt, Blättern, Stroh, Sägemehl, Rindenstücken und Stroh hergestellt werden. Für Hänge und Orte, an denen Sie befürchten, dass der Mulch weggespült wird, legen Sie eine Bürstenmatte über den Bereich, um die Samen zu schützen. So stellen Sie eine her: Legen Sie lange Stücke von Bürsten in einem vertikalen Muster aus. Legen Sie mehr Bürstenstücke horizontal über die vertikalen Stücke. Sie können sie mit kleinen Stücken dünnen Drahts oder Schnur befestigen oder sogar einen organischen Kleber oder Pflanzenfasern verwenden. Sobald der Bodendecker gewachsen ist, können Sie strukturelle Bäume pflanzen, um das Land weiter zu stabilisieren. Dies wird auch helfen, weitere Erosion zu verhindern. Stellen Sie sicher, dass Sie Bäume pflanzen, die in Ihrer Region heimisch sind, um sicherzustellen, dass sie im Klima überleben können. Im Allgemeinen sind Weiden, Robinien und Holunder gute Auswahlmöglichkeiten für diesen Zweck. Platzieren Sie sie so, dass das gesamte bedrohte Gebiet vom Wurzelsystem des Baumes bedient wird. Sie möchten keine Bäume wählen, die ein großes Loch graben und den Boden stören müssen, da er noch zu fragil dafür ist. Wählen Sie stattdessen eine Baumart, die leicht aus einem Steckling Wurzeln schlägt und schnell wächst. Eine Reihe von Bäumen rund um einen Bauernhof zu pflanzen, wenn möglich, kann eine gute Idee sein, um die meisten mechanischen Erosionsmethoden zu verhindern. Eine spezielle Modifikation davon ist die Ufervegetation, die an der Schnittstelle zwischen Land und Wasserlinie angebaut wird. Das Ziel ist es, zu verhindern, dass die Böden in die Wasserlinie wandern, oder zu verhindern, dass das Wasser auf das Land sickert und die Böden mit sich reißt. Nach mehreren Jahreszeiten, wenn Sie sicher sind, dass das Gebiet stabil ist, pflanzen Sie dauerhaftes Vegetation. Stellen Sie sicher, dass Sie heimische Arten in der Region pflanzen oder solche, die in Ihrem Klima gedeihen werden. Sprechen Sie mit einem Experten in Ihrer örtlichen Gärtnerei, um herauszufinden, welche Pflanzen und Bäume in Ihrer Region gut wachsen. Es ist wichtig, bei einheimischen Arten zu bleiben, da sie die besten Überlebenschancen haben und weitere Erosion verhindern. Bäume, Gräser und Sträucher sind alles ausgezeichnete Arten von dauerhafter Vegetation, die helfen werden, das Land zu stabilisieren. Sie können auch mit dem NCRS über die optimalste Vegetation sprechen, die zu pflanzen ist.

### Instruction2:
Der Text beschreibt, wie man Notfallbepflanzungen auf freiem, flachem Boden anlegen kann, um Erosion zu verhindern. Es wird empfohlen, schnell wachsende Bodendeckerpflanzen und eine Mischung aus verschiedenen Arten zu verwenden, um das Überleben der Pflanzen zu sichern. Mulch und Matten können helfen, Feuchtigkeit zu speichern und eine geeignete Umgebung für das Pflanzenwachstum zu schaffen. Um die Stabilität des Bodens zu erhöhen, sollten auch einheimische Bäume gepflanzt werden. Es wird empfohlen, mit Experten in örtlichen Gärtnereien zu sprechen, um geeignete Arten für die Region zu finden. Der Text betont die Bedeutung von einheimischen Pflanzen für den Erfolg der Bepflanzung und die Verhinderung von Erosion.",5.800550699234009
034_37812,"### Instruction1:
Wähle ein Thema und ein Farbschema aus und halte dich daran. Stelle sicher, dass du große und kleine Pflanzen hast. Verschiedene Texturen helfen auch, einen einzigartigen Bogen zu schaffen. Du kannst die Blumen und das Grün online oder in einem Bastelladen kaufen. Rosen und Farne sind großartig für ein klassisches Thema, aber du kannst auch andere Arten von Blumen und Grün verwenden, wie Sukkulenten oder Eukalyptus. Wie viele Blumen du kaufst, hängt davon ab, wie voll du deinen Bogen haben möchtest. Du kannst die Oberseiten und Seiten des Bogens bedecken oder nur eine Ecke davon. Binde 5 bis 7 Blumen zu einem Bund, und wickle dann grünes Blumenklebeband oder Draht um die Stiele, um sie zusammenzuhalten. Auf diese Weise kannst du die Blumen in Bünden am Bogen befestigen und dir Zeit und Mühe sparen. Wenn deine Blumen in einem Spray kamen, kannst du sie am Hauptstiel befestigt lassen oder sie mit einer Drahtschneider in einzelne Blumen schneiden. Halte die Pflanze parallel zum Querstück. Benutze deine andere Hand, um grünen Blumendraht um den Pfosten und den Stiel zu wickeln. Beginne am Ende des Stiels und arbeite zum anderen Ende. Du musst den gesamten Stiel nicht umwickeln – solange es stabil ist, sollte es gut sein. Schneide den überschüssigen Draht mit dem Drahtschneider ab. Wiederhole diesen Schritt ein paar Mal, um mehr Stiele und Pflanzen anzubringen. Achte darauf, sie zu überlappen, um die Drahtwicklungen zu verbergen. Farne verleihen einen klassischen Touch, aber du kannst auch andere Arten von Grün verwenden, wie Blätter oder Eukalyptus. Versuche, 2 bis 3 verschiedene Arten von Grün für einen abwechslungsreicheren Look zu verwenden. Halte wieder den Stiel gegen den Pfosten und sichere ihn mit grünem Blumendraht. Wenn nötig, kürze die Stiele, damit sie entlang des Pfostens passen und nicht herausragen. Beginne mit den größten Blumen/Bünden zuerst und fülle die Lücken mit den kleineren. Arbeite dich entlang des Querbalkens vor, und wenn gewünscht, auch entlang der Pfosten. Du musst nicht den gesamten Bogen abdecken. Für einen einzigartigen Touch erwäge, nur die obere linke oder rechte Ecke zu bedecken und die Blumen bis zur Hälfte des Querbalkens und Pfostens zu stoppen. Das Verhältnis von Blumen und Grün liegt an dir. Du kannst mehr Blumen für einen klassischen Look oder mehr Grün für einen modernen Look verwenden. Künstliche Blumen und das Grün haben Draht in den Stielen. Sieh dir deinen Bogen an. Wenn du Bereiche bemerkst, die flach erscheinen, biege vorsichtig die Stiele der Blumen und des Grüns, um sie hervorzuheben. Versuche, einige Blumen flach gegen den Bogen zu halten, um ein stacheliges Aussehen zu vermeiden.

### Instruction2:
Der Text beschreibt, wie man einen dekorativen Bogen mit Blumen und Grün gestaltet. Zuerst wählt man ein Thema und Farbschema, achtet auf verschiedene Pflanzenarten und Texturen. Es wird empfohlen, Blumen und Grün online oder in Geschäften zu kaufen, wobei Rosen und Farne für klassische Designs geeignet sind. Die Blumen sollten in Bünden gebunden und am Bogen befestigt werden, indem grüner Draht verwendet wird. Man sollte mit den größeren Blumen beginnen und die Lücken mit kleineren füllen, wobei man nicht den gesamten Bogen abdecken muss. Eine kreative Note kann erreicht werden, indem man nur eine Ecke des Bogens dekoriert. Der Text betont die Bedeutung der Stabilität und das Anpassen der Pflanzen, um ein ansprechendes Aussehen zu erzielen.",5.365138292312622
034_15242,"### Instruction1:
Wenn Ihr Arzt zustimmt, dass Sie eine Patellaluxation haben, wird er/sie wahrscheinlich ein Verfahren namens „Reposition“ durchführen, bei dem Ihre Kniescheibe wieder an ihren Platz geschoben wird. Der Arzt wird Ihnen wahrscheinlich Schmerzmittel geben, bevor er Ihr Knie manipuliert, um das Unbehagen zu minimieren. In der Regel folgt auf dieses Verfahren ein Röntgenbild, um sicherzustellen, dass alles an der richtigen Stelle ist. Es ist wichtig, dies nicht zu Hause zu versuchen, da es schwierig ist herauszufinden, welche Verletzungen eine Operation oder spezielle Behandlungen erfordern, und weitere Schäden auftreten können, wenn dies nicht korrekt durchgeführt wird. Wenn Sie eine seltene Art der Luxation oder zusätzliche Verletzungen haben, muss Ihr Arzt möglicherweise einen Orthopäden konsultieren (einen Spezialisten, der sich mit knöchernen Verletzungen befasst), um festzustellen, ob ein chirurgischer Eingriff notwendig ist.

### Instruction2:
Der Text beschreibt den medizinischen Prozess zur Behandlung einer Kniescheibenluxation. Der Arzt führt eine Reposition durch, um die Kniescheibe wieder an ihren Platz zu bringen, und gibt Schmerzmittel zur Schmerzlinderung. Nach dem Eingriff wird ein Röntgenbild gemacht, um sicherzustellen, dass alles korrekt positioniert ist. Es wird betont, dass solche Verfahren nicht zu Hause versucht werden sollten, da dies zu weiteren Verletzungen führen kann. In Fällen seltener Luxationen oder zusätzlicher Verletzungen kann eine Überweisung an einen Orthopäden erforderlich sein.",2.285472631454468
034_54802,"### Instruction1:
Fettleibigkeit wurde mit Nierenschäden in Verbindung gebracht. Wenn Sie übergewichtig sind oder Angst haben, übergewichtig zu werden, sollten Sie täglich Sport treiben. Wenn Sie übergewichtig sind, müssen Ihre Nieren Überstunden machen, um Sie gesund zu halten. Sie sollten versuchen, vier oder fünf Tage in der Woche 30 bis 45 Minuten Sport zu treiben. Einige Übungen, die Sie in Ihre Arbeitswoche einbauen können, sind Laufen, Radfahren, Schwimmen und Gehen. Versuchen Sie, eine (oder ein paar) zu wählen, die Ihnen Spaß machen, damit Sie motivierter sind, jeden Tag zu trainieren. Wenn Sie älter sind, beträgt die empfohlene Übung pro Woche 15 Minuten an drei Tagen in der Woche. Tabakrauch schädigt Ihre Nieren ernsthaft. Es gibt mehr als 4000 Partikel und Gase im Zigarettenrauch, von denen viele Ihre Nieren schädigen können. Zigaretten sind auch mit Nierenfibrose verbunden, bei der Ihr Nierengewebe hart wird, was zu Nierenversagen führt. Zigarettenrauch kann auch Bluthochdruck verursachen, was erhöhten Blutdruck bedeutet. Alkohol kann ebenfalls Nierenschäden verursachen. Bei der Metabolisation wird Alkohol zu Aldehyd, einer schädlichen Chemikalie, die Ihre Nieren und die Leber schädigen kann. Alkohol erhöht auch Ihre Chancen auf Herzkrankheiten und Diabetes. Jedes Medikament, das Sie in Ihren Körper einführen, wird vom Blut aufgenommen und dann von den Nieren gefiltert. Diese Medikamente können schädliche Auswirkungen auf Ihre Nieren haben und zu Nierenversagen führen, wenn Ihre Nieren zu viele schädliche Toxine verarbeiten müssen. Zum Beispiel kann Kokain Myolyse verursachen. Myolyse ist der Abbau von Muskelmasse, was zu Nierenversagen führen kann. Dies ist besonders wichtig, wenn Ihre bakterielle Infektion in Ihrer Niere oder Ihrem Harntrakt ist. Sie müssen antibakterielle Medikamente einnehmen, um diese Zustände zu behandeln, aber es wird sich lohnen, da eine Niere, die mit einer bakteriellen Infektion zu kämpfen hat, ein erhebliches Gesundheitsrisiko darstellen kann.

### Instruction2:
Der Text beschreibt die Verbindung zwischen Fettleibigkeit und Nierenschäden, und empfiehlt regelmäßige Bewegung, um Übergewicht zu vermeiden. Empfohlen werden 30 bis 45 Minuten Sport an vier oder fünf Tagen pro Woche, wobei Aktivitäten wie Laufen, Radfahren und Schwimmen vorgeschlagen werden. Für ältere Menschen wird eine reduzierte Menge an Bewegung empfohlen. Tabakrauch und Alkohol schädigen ebenfalls die Nieren und können zu ernsthaften Gesundheitsproblemen führen. Medikamente und Drogen können auch schädlich sein, insbesondere wenn sie in großen Mengen konsumiert werden. Der Text hebt die Bedeutung der Behandlung bakterieller Infektionen in den Nieren oder im Harntrakt hervor, um schwerwiegende gesundheitliche Folgen zu vermeiden.",4.350454092025757
034_6808,"### Instruction1:
Versuche, deine Nägel nicht zu viel zu bewegen, da der Nagellack sonst verschmieren kann. Warte 10 bis 15 Minuten, bis der Lack getrocknet ist. Wenn du eine zweite Schicht zu früh aufträgst, wird die erste Schicht nur verschmieren. Du kannst das Trocknen mit einem Ventilator beschleunigen, aber sei nicht zu optimistisch. Indem der Ventilator die Dämpfe wegbläst, entfernt er einen Hinweis auf die anhaltende Nässe. Nachdem die erste Schicht getrocknet ist, kannst du eine zweite Schicht auftragen, wenn du möchtest. Dies stellt sicher, dass die Farbe reichhaltig und gleichmäßig aussieht. Nachdem die Farbschichten getrocknet sind, kannst du Designs hinzufügen, entweder mit einem Pinsel, Airbrush, Maske oder Schablone, Aufkleber, Strasssteinen oder auf andere Weise. Wenn du die Basislackschicht überspringst oder nur eine Farbschicht aufträgst (je nach Art des Lacks und der Anwendungstechnik; bei manchen sieht die Farbe gleichmäßiger aus, auch wenn die Dicke ungleichmäßig ist), erhältst du oft akzeptable Ergebnisse. Allerdings fügen zusätzliche Schichten der ursprünglichen Oberflächenqualität ein wenig mehr hinzu.

### Instruction2:
Der Text gibt Anweisungen zur Anwendung von Nagellack. Er empfiehlt, die Nägel während des Trocknens nicht zu bewegen, um ein Verschmieren zu vermeiden. Es wird empfohlen, 10 bis 15 Minuten zu warten, bevor eine zweite Schicht aufgetragen wird, um eine gleichmäßige und reichhaltige Farbe zu erzielen. Zusätzliche Schichten können die Oberflächenqualität verbessern. Zudem werden verschiedene Methoden zur Gestaltung der Nägel nach dem Trocknen des Lacks erwähnt, wie Pinsel, Airbrush oder Strasssteine, und es wird darauf hingewiesen, dass das Überspringen der Basislackschicht akzeptable Ergebnisse liefern kann.",2.5942306518554688
034_17204,"### Instruction1:
Der erste Schritt zur Pflege von trockener Haut unter der Nase besteht darin, den Bereich zu reinigen, um Schmutz und lose, abgestorbene Haut zu entfernen. Trockene, schuppige Haut kann leicht zu offenen Wunden führen und bakterielle Infektionen verursachen, daher ist es wichtig, den Bereich sauber zu halten. Vermeide die Verwendung von scharfen Seifen, die deine Haut noch mehr austrocknen können. Verwende stattdessen Reinigungsmittel mit zusätzlichen Feuchtigkeitsstoffen oder milde Seifen mit zusätzlichen Ölen. Vermeide auch antibakterielle Reinigungsmittel oder Reinigungsmittel mit Duftstoffen oder Alkohol, da diese die Trockenheit fördern können. Reibe die Haut nicht oder verwende kein grobes Handtuch, um die Haut zu trocknen, da dies zu mehr Reizungen führen kann. Verwende stattdessen ein weiches Handtuch und tupfe die Haut unter der Nase sanft trocken. Wenn die trockene Haut unter deiner Nase rot, geschwollen und/oder schmerzhaft (entzündet) ist, lege für einige Minuten einen in ein Papiertuch gewickelten Eiswürfel auf den Bereich, um Entzündungen und Schmerzen zu reduzieren. Lege den Eiswürfel nicht direkt auf die Haut, da dies zu mehr Hautschäden führen kann. Wickele ihn stattdessen in ein sauberes Papiertuch oder ein Tuch. Wenn die Haut unter deiner Nase nur trocken ist, ohne Anzeichen einer Entzündung (Rötung, Schwellung, Schmerzen), kannst du die Kühlung überspringen und zum nächsten Schritt übergehen. Cremes und Salben verhindern, dass Wasser aus der Haut entweicht, und helfen, die natürliche Feuchtigkeit deiner Haut einzuschließen. Trage eine reichhaltige feuchtigkeitsspendende Creme unter der Nase auf. Verwende Feuchtigkeitscremes, die dicker oder hypoallergen sind (wie rezeptfreie Produkte wie Eucerin und Cetaphil). Die meisten Lotionen sind für die wirklich trockene Haut unter deiner Nase nicht dick oder feuchtigkeitsspendend genug, obwohl sie für größere Körperflächen verwendet werden können. Vermeide Feuchtigkeitscremes, die Duftstoffe, Alkohol, Retinoide oder Alpha-Hydroxysäure (AHA) enthalten. Verwende rezeptfreie entzündungshemmende Cremes oder Lotionen nur auf Anweisung deines Arztes. Diese Produkte können Chemikalien enthalten, die die Haut weiter reizen können. Wenn die Creme, die du aufgetragen hast, das Brennen und Jucken verstärkt, höre auf, sie zu verwenden. Einige natürliche Produkte können helfen, hartnäckige trockene Haut zu bekämpfen. Du könntest einige der folgenden ausprobieren, um zu sehen, was am besten für dich funktioniert: Sonnenblumen- und Hanfsamenöl sind milde Öle, die mit Fettsäuren und Vitamin E gefüllt sind und helfen können, trockene Haut zu reparieren. Kokosöl ist ebenfalls sehr feuchtigkeitsspendend, wenn es direkt auf die Haut aufgetragen wird. Rohhonig hat antibakterielle und antiseptische Eigenschaften und kann helfen, die Haut feucht zu halten. Bestimmte Faktoren oder Bedingungen können Feuchtigkeit aus deiner Haut ziehen, wie kaltes Wetter oder Ekzeme. Daher ist es wichtig, die Feuchtigkeitscreme nach Bedarf erneut aufzutragen, um die Haut unter der Nase tagsüber und nachts gut mit Feuchtigkeit zu versorgen. Für die Nacht kannst du Salben ausprobieren, die Petroleumgel enthalten, wie Vaseline oder Aquaphor. Du kannst diese auch tagsüber verwenden, aber aufgrund ihrer Fettigkeit ziehst du es möglicherweise vor, sie nur vor dem Schlafengehen zu verwenden. Wenn du extrem trockene Haut hast, kann dein Dermatologe eine rezeptfreie Salbe (wie solche, die Milchsäure und Harnstoff enthalten) empfehlen. Verwende diese nur wie angegeben und überschreite nicht die empfohlene Anzahl von Anwendungen pro Tag. In der Regel ist trockene Haut unter der Nase vorübergehend und reagiert gut auf regelmäßige Feuchtigkeitspflege und häusliche Pflege. Wenn die trockene Haut jedoch durch eine ernstere Hauterkrankung wie atopische Dermatitis oder Psoriasis verursacht wird, kann dein Arzt eine rezeptpflichtige Salbe zusätzlich zur häuslichen Pflege empfehlen. Diese Salben enthalten typischerweise ein topisches Kortikosteroid oder ein topisches Antibiotikum. Wenn die trockene Haut sich nicht verbessert oder mit häuslicher Pflege fortbesteht, konsultiere deinen Arzt oder einen Dermatologen. Manchmal kann trockene Haut zu Infektionen führen. Impetigo (eine oberflächliche Hautinfektion) kann unter oder um deine Nase sehr häufig sein. Sieh deinen Arzt, wenn du Anzeichen einer Infektion bemerkst, einschließlich: Erhöhte Rötung, rote Beulen, Schwellung, Eiter und Geschwüre. Wenn der gereizte Bereich plötzlich schlimmer wird oder schmerzhaft oder geschwollen wird, könnte dies Anzeichen einer allergischen Reaktion sein. Sieh so schnell wie möglich deinen Arzt.

### Instruction2:
Der Text beschreibt die Pflege trockener Haut unter der Nase. Zunächst sollte der Bereich gereinigt werden, um Schmutz und abgestorbene Haut zu entfernen, und es wird geraten, milde Reinigungsmittel zu verwenden. Bei Entzündungen werden Kühlung mit Eis empfohlen und bei trockener Haut das Auftragen reichhaltiger Feuchtigkeitscremes, wobei bestimmte Inhaltsstoffe vermieden werden sollten. Natürliche Öle wie Sonnenblumen- und Kokosöl sowie Honig können helfen. Es wird darauf hingewiesen, dass die Haut regelmäßig mit Feuchtigkeit versorgt werden sollte, insbesondere nachts mit Petroleumgel. Bei schwerer trockener Haut kann eine rezeptfreie Salbe empfohlen werden. Bei Anzeichen einer Infektion oder wenn die Hautpflege nicht wirkt, sollte ein Arzt konsultiert werden.",8.843103408813477
034_35833,"### Instruction1:
Wenn dich dein aktueller Job unglücklich macht, frage dich, warum das so ist. Ein Problem mit der Arbeit selbst wird schwer zu beheben sein, ohne einen Karrierewechsel, aber ein Problem mit den Bedingungen deines Jobs ist normalerweise etwas einfacher zu lösen. Sprich mit deinem Chef darüber, deine Verantwortlichkeiten und Aufgaben zu ändern. Frage, ob die Arbeit, die du machst, mehr auf deine Leidenschaften und Fähigkeiten zugeschnitten werden kann, und bespreche Wege zur letztendlichen Verbesserung deiner Produktivität. Wenn du dich überarbeitet oder überwältigt fühlst, könnte dein Chef in der Lage sein, deine Verantwortlichkeiten so neu zu ordnen, dass du qualitativ hochwertigere Arbeit in einer angenehmeren Umgebung leisten kannst. Ebenso werden die meisten Chefs glücklich sein, dir herausforderndere Aufgaben zuzuweisen, wenn du dich bei der Arbeit unchallenged fühlst. Wenn du die Arbeit, die von dir in der Abteilung verlangt wird, nicht mehr ertragen kannst, finde heraus, ob es eine andere Abteilung im Unternehmen gibt, in der du arbeiten kannst. Damit kannst du im Wesentlichen einen völlig anderen Job bekommen, ohne deine Jobsicherheit erheblich zu gefährden. Recherchiere die Perspektive, bevor du sie deinem Chef vorlegst. Finde heraus, ob es andere Bereiche des Unternehmens gibt, in denen du qualifiziert bist, und achte besonders auf Abteilungen und Teams, die neue Hilfe benötigen, die du anbieten könntest. Einige der größten Probleme, mit denen Menschen am Arbeitsplatz konfrontiert sind, hängen mit Kollegen zusammen. Es gibt einige Menschen, mit denen du immer arbeiten musst, aber bespreche die Angelegenheit mit deinem Chef und bitte darum, mehr Zeit außerhalb dieser Personen und mehr Zeit mit Menschen zu arbeiten, mit denen du gut auskommst. Gelegentlich mit neuen Kollegen zu arbeiten, kann eine gute Idee sein, selbst wenn du dich gut mit denjenigen verstehst, mit denen du derzeit arbeitest. Dadurch kannst du deine Arbeit aus einer anderen Perspektive betrachten. Wenn du Personen findest, mit denen du bemerkenswert gut arbeiten kannst, arbeite so oft wie möglich mit ihnen zusammen. Freundschaften am Arbeitsplatz können riskant sein, aber sie können auch sehr lohnend sein. Halte Ausschau nach einem Kollegen, mit dem du dich gut verstehst und einfach reden kannst. Baue deine Freundschaft mit dieser Person auf und sei ein Vertrauter für ihn oder sie. Jemand, der in deinem Unternehmen arbeitet, versteht wahrscheinlich besser die Sorgen und Herausforderungen, mit denen du am Arbeitsplatz konfrontiert bist. Freundschaften am Arbeitsplatz sollten jedoch viel mehr sein als nur Beschwerden. Interessiere dich auf persönlicher Ebene für deinen Kollegen. Frage nach seinen oder ihren Plänen für das Wochenende. Biete an, auf deinem Weg ins Büro eine zusätzliche Tasse Kaffee für ihn oder sie mitzubringen. Bedeutungsvolle Interaktionen sind für beide Parteien erfüllender als leere. Wenn dir die Arbeitszeiten nicht gefallen, weil du mit den Menschen, mit denen du diese Stunden verbringst, nicht gut auskommst, oder wenn du ein anderes Zeitfenster bevorzugen würdest, damit dein aktueller Zeitrahmen für eine Außenaktivität freigegeben werden kann, frage deinen Chef, ob es möglich wäre, deine Schicht zu ändern. Wenn du deine Schicht nicht komplett ändern kannst, sprich mit deinem Chef darüber, deinen Zeitplan etwas zu ändern, um etwas Stress abzubauen. Wenn du beispielsweise morgens ein paar Minuten mehr brauchst, um deine Kinder zur Schule zu bringen, frage deinen Chef, ob du 30 Minuten später zur Arbeit kommen kannst, im Austausch dafür, dass du 30 Minuten länger am Abend arbeitest. Wenn du an einem Schreibtisch sitzt und jeden Tag auf die gleichen kahlen, weißen Bürowände starrst, ist es einfach, sich in deiner Umgebung gefangen zu fühlen. Dein Arbeitsbereich mit ein paar Bildern oder bedeutungsvollen Erinnerungsstücken zu personalisieren, kann die Umgebung ästhetisch ansprechender und angenehmer zum Arbeiten machen. Überlege auch, wie du dich physisch wohler fühlen kannst. Bring ein Kissen für deinen Stuhl mit oder halte einen Pullover bereit, wenn es in deinem Büro kühl wird. Nutze jede freie Zeit, die du bei der Arbeit hast, um alte E-Mails, Dokumente und Ordner von deinem Computer und deinem Schreibtisch zu löschen. Unordnung kann dazu führen, dass du dich klaustrophobisch und überwältigt fühlst. Die Reduzierung der Unordnung in deinem Arbeitsleben kann dir helfen, ruhiger zu werden. Selbst wenn du drei oder vier Aufgaben gleichzeitig übernehmen und erledigen kannst, tue es nicht. Forschungen zeigen, dass der Geist seine beste Leistung erbringt, wenn er sich vollständig auf ein einziges Ziel konzentriert. Zu viel auf einmal zu tun, kann dazu führen, dass du dich erschöpft und unglücklich fühlst. Dein aktueller Job muss nicht der Job sein, den du für den Rest deines Lebens hast. Wenn du wirklich denkst, dass ein Karrierewechsel notwendig ist, plane einen, während du noch sicher und geborgen in deinem jetzigen Job bist.

### Instruction2:
Der Text bietet Ratschläge für Menschen, die in ihrem aktuellen Job unglücklich sind. Er ermutigt, die Gründe für das Unglück zu identifizieren und Lösungen zu suchen, wie z.B. Gespräche mit dem Chef über die Anpassung von Aufgaben und Verantwortlichkeiten. Es wird empfohlen, die Arbeitsumgebung zu verbessern, sowohl durch persönliche Anpassungen als auch durch den Abbau von Unordnung. Freundschaften am Arbeitsplatz werden als wichtig hervorgehoben, wobei der Fokus auf bedeutungsvollen Interaktionen liegen sollte. Schließlich wird betont, dass ein Karrierewechsel möglich ist, wenn man unzufrieden ist, und dass man sich darauf vorbereiten kann, während man weiterhin in einem sicheren Job bleibt.",7.978391408920288
034_13771,"### Instruction1:
Wenn du noch nie zuvor meditiert hast, kannst du im Internet nach Videos oder Apps für dein Smartphone suchen, die dich durch eine Meditationssitzung führen. Wenn du dich entscheidest, ein Video zur Anleitung zu verwenden, schaue dir mehrere Videos an, um zu sehen, ob dir das Tempo der Anleitung, die Länge und der Inhalt gefallen. Du musst nicht alles anhören, bevor du beginnst, aber versuche, eine geführte Meditation für Anfänger zu finden, da diese viel kürzer sind und mehr verbale Anleitung bieten. Ein voller Bauch kann dich schläfrig machen und belasten. Beim Meditieren möchtest du wach, aber entspannt sein. Wenn du einen fast stillen Ort zum Meditieren finden kannst, ist das am besten. Wenn du möchtest, kannst du Musik verwenden, um dir beim Fokussieren in deiner Meditation zu helfen. Achte jedoch darauf, Musik zu wählen, die für Chi-Meditation geeignet ist. Wenn du keine solche Musik hast, kannst du auf Seiten wie YouTube nach Videos suchen, die die richtige Musik spielen. Suche einfach nach „Chi-Meditationsmusik“ (oder versuche „Qi-Meditationsmusik“), und du solltest geeignete Musik finden. Wenn möglich, setze dich im Schneidersitz auf den Boden. Wenn das für dich nicht möglich ist, setze dich aufrecht auf einen Stuhl, wobei deine Füße flach auf dem Boden stehen. Deine Hände sollten mit den Handflächen nach oben entweder auf jedem Bein ruhen oder deine linke Hand sollte deine rechte Hand direkt unterhalb deines Bauchnabels halten. Wenn du die letzte Option wählst, sollten sich deine Daumen sanft berühren. Das kann anfangs herausfordernd sein, aber versuche, nicht zu lümmeln. Übe stattdessen, mit geradem Rücken zu sitzen. Während du versuchst, deine Wirbelsäule gerade zu halten, solltest du dich nicht angespannt fühlen. Versuche also, eine gerade, aber entspannte Position einzunehmen. Du kannst entscheiden, sanft deine Augen zu schließen oder sie offen zu halten. In jedem Fall beginne damit, deinen Blick vor dir ruhen zu lassen, ohne dich zu sehr auf etwas Bestimmtes zu konzentrieren. Achte darauf, wie sich dein Körper anfühlt, während er auf dem Boden oder dem Stuhl ruht, und nimm die Gedanken und Emotionen zur Kenntnis, die du in diesem Moment fühlst. Achte auf deinen Atem. Achte darauf, wie es sich anfühlt, wenn du durch die Nase einatmest (z. B. Ist die Luft kalt? Ist ein Nasenloch offener als das andere?) und dann achte darauf, wie es sich anfühlt, wenn du ausatmest (z. B. Ist die Luft wärmer? Kommt die Luft langsam oder kraftvoll heraus?). Wenn du einatmest, stell dir vor, dass du positive Energie einatmest. Wenn du ausatmest, stell dir vor, dass du Giftstoffe und negative Energie ausatmest. Bei der Meditation ist es am besten, jeden Tag zu üben, wenn möglich. Das kann bedeuten, dass du die Zeit, die du meditierst, verkürzen musst, was in Ordnung ist. Es ist besser, täglich 10 Minuten zu meditieren, als einmal pro Woche 30 oder 40 Minuten.

### Instruction2:
Der Text beschreibt, wie man mit der Meditation beginnt, insbesondere für Anfänger. Er empfiehlt, nach geführten Meditationsvideos oder -apps zu suchen und den richtigen Stil und die richtige Länge für sich zu finden. Es wird betont, dass ein entspannter Zustand wichtig ist und dass man einen ruhigen Ort wählen sollte. Die richtige Körperhaltung wird beschrieben, einschließlich des Schneidersitzes oder des Sitzens auf einem Stuhl. Achte auf deinen Atem und stelle dir vor, beim Einatmen positive Energie und beim Ausatmen negative Energie aufzunehmen. Regelmäßige Praxis wird empfohlen, wobei es wichtiger ist, täglich kürzere Meditationen durchzuführen als lange Sitzungen einmal pro Woche.",5.092080354690552
034_29383,"### Instruction1:
Ein Teil dessen, was Taboo angenehm macht, ist die manische Qualität der Hinweisgebung, also scheue dich nicht, so viele Informationen wie möglich schnell zu sagen. Der einzige Punkt, auf den man achten sollte, ist, dass man immer noch vermeiden sollte, eines der Tabu-Wörter zu sagen. Lies das zu erratende Wort und alle Tabu-Wörter, bevor du beginnst, Hinweise zu geben. Du solltest dir merken, welche Wörter du nicht sagen kannst. Wenn du während des Gebens deiner Hinweise merkst, dass du frühzeitig etwas gesagt hast, das ein schlechter Hinweis war und deine Teamkollegen tatsächlich verwirrt hat, kannst du ihnen sagen, dass sie diesen Hinweis ignorieren sollen. Wenn du die Leute dazu bringen kannst, über Wörter nachzudenken, die dem Wort ähnlich sind, das du beschreibst, kannst du sie auf den richtigen Weg bringen. Denk daran, dass du nicht ""klingt wie"" oder ""reimt sich mit"" sagen kannst, also versuche nicht, diese in deinen Hinweisen zu verwenden. Zum Beispiel, wenn das zu erratende Wort Poster ist, könntest du es als Wandbehang oder als Bild beschreiben. Wenn das zu erratende Wort wütend ist, könntest du sagen: ""Es ist nicht glücklich oder zufrieden."" Viele Wörter, die du bekommst, könnten mehr als eine Bedeutung haben, und es spielt keine Rolle, welche Bedeutung du beschreibst. Das Verwenden der verschiedenen Bedeutungen von Wörtern wird den Leuten helfen, die Verbindung herzustellen, was diese Bedeutungen gemeinsam haben. Wenn du ein Wort wie Bank hast, kannst du die Leute dorthin bringen, indem du den Ort beschreibst, an dem du Geld einzahlst, oder den Rand eines Flusses. Wenn das Wort Huhn ist, könntest du es als Nutztier beschreiben und auch als das, was du jemanden nennst, der ängstlich ist. Du könntest beschreiben, wenn zwei Autos aufeinander zurasen, bis eines von ihnen ausweicht. Manchmal bekommst du ein Wort, bei dem dein Team auf dem Schlauch steht. Auch wenn du einen Punkt für das Vorbeigehen verlierst, wenn du zu anderen Wörtern übergehst, die einfacher sind, kannst du mehr Punkte für dein Team sammeln. Einen Punkt zu verlieren ist es wert, drei zu gewinnen, wenn du kannst. Es ist ganz normal, dass jemand in einer 1-Minuten-Runde 6 Punkte gewinnt, also verbringe nicht mehr als etwa 15 Sekunden mit einem bestimmten Wort. Es ist wahrscheinlich, dass der Punkt, den du verdienst, es nicht wert sein wird. Du möchtest dies immer noch mit Bedacht tun, denn wenn du zu vielen Wörtern ausweichst, erhältst du letztendlich weniger Punkte als dein Gegner. Gehe nur dann vorbei, wenn es absolut notwendig ist, um deinem Team zu helfen, oben zu bleiben.

### Instruction2:
Der Text beschreibt die Spielregeln und Strategien für das Spiel Taboo. Es betont die Wichtigkeit, schnell und klar Hinweise zu geben, ohne Tabu-Wörter zu verwenden. Spieler sollten sich die Wörter, die sie nicht sagen dürfen, gut merken und bei Bedarf auf einfachere Wörter umschwenken, um Punkte zu sammeln. Der Text hebt hervor, dass das Verwenden verschiedener Bedeutungen von Wörtern nützlich sein kann und dass es besser ist, schnell zu handeln, um die Zeit optimal zu nutzen. Wenn man ein Wort nicht erraten kann, sollte man nur dann passen, wenn es wirklich notwendig ist, um die Gesamtpunktzahl des Teams nicht zu gefährden.",4.6694440841674805
034_23149,"### Instruction1:
Angst ist dein größtes Hindernis. Sie lässt die einfachsten Aufgaben und einfachsten Handlungen unmöglich erscheinen. Mit einer Dame zu sprechen kann einfach sein, und deine Angst täuscht dich in die Annahme, dass ein schlechtes Szenario wahrscheinlich ist. Die meisten Frauen werden von deinem Ansatz geschmeichelt sein, also kann es zu deinem Vorteil sein, aktiv zu werden. Die Chancen, dass du geschlagen, getadelt, von ihren Freunden verspottet oder in irgendeinem anderen Szenario negativ behandelt wirst, sind extrem selten. Wenn du in deinem eigenen Kopf bist, vermeidest du es, offen zu sein, und bleibst nervös. Dich auf etwas wie ""Sei nicht nervös"" zu konzentrieren, würde nur dazu führen, dass du dich schlechter fühlst. Lerne stattdessen, die körperlichen Symptome von Nervosität zu erkennen; dann wirst du in der Lage sein, die Kontrolle über sie zu gewinnen. Wenn dein Herz rast und deine Atmung kurz wird, halte an und kontrolliere deinen Atemrhythmus. Um dich zu entspannen, atme etwa 3 bis 4 Sekunden lang ein und lasse die Atmung ebenso lange wieder entweichen. Dies ein paar Minuten lang zu tun, wird deinen Körper von ängstlichen Nerven befreien. Positiv und selbstbewusst zu sein, sind keine angeborenen Eigenschaften; sie können erlernt werden. Konzentriere dich auf die besseren Ergebnisse. Du solltest Dinge nicht ausprobieren, um zu scheitern – du wählst sie für den Erfolg. Stell dir die lohnenswerten Ergebnisse vor, wenn du mit einer Frau im Einkaufszentrum oder in der Schlange an der Bistro-Theke sprichst. Du bist nur ein paar Worte von einer Telefonnummer, einem Date oder einer Geschichte entfernt. Wenn du mit jemandem kommunizierst, senden nonverbale Signale die erste Botschaft. Wenn du eine Dame zum ersten Mal ansprichst, sende ein Zeichen des Interesses, bevor du ein Wort sagst. Nimm einige Änderungen in deiner Körpersprache vor, die aussagen, dass du offen, einladend und selbstbewusst bist. Verwende eine starke Körperhaltung. Halte deine Schultern zurück und die Brust heraus, um eine selbstbewusste Haltung zu demonstrieren. Lächeln. Menschen, die Spaß haben, lächeln, und je mehr du lächelst, desto besser fühlst du dich in jeder Situation. Halte Blickkontakt. Den Blick mit demjenigen, mit dem du sprichst, zu treffen, strahlt Selbstbewusstsein aus. Lass deine Hände aus den Taschen. Du musst dein Handy nicht ständig überprüfen; das würde nur mehr nervöse Gefühle hervorrufen. Gut auszusehen bedeutet, sich gut zu fühlen, also ignoriere nicht, auf dich selbst zu achten. Pflege praktische Gewohnheiten wie regelmäßige Haarschnitte, Trimmen des Bartes und sich vorher gut zurechtzumachen, bevor du ausgehst. Außerdem solltest du eine schöne Garderobe pflegen, was bedeuten könnte, gelegentlich einige neue Kleidungsstücke zu kaufen. Wenn es darum geht, jemanden Neu kennenzulernen, ist Anziehung der Schlüssel.

### Instruction2:
Der Text handelt von der Überwindung von Angst und Nervosität, insbesondere in sozialen Situationen wie dem Gespräch mit Frauen. Er betont, dass Angst oft unbegründet ist und die einfachsten Interaktionen erschwert. Um selbstbewusster zu werden, sollte man sich auf positive Ergebnisse konzentrieren und Körpersprache sowie Atmung kontrollieren. Tipps wie Lächeln, Augenkontakt und eine offene Körperhaltung können helfen, Selbstbewusstsein auszustrahlen. Zudem wird die Bedeutung von persönlicher Pflege und einem ansprechenden Äußeren hervorgehoben, um Anziehung zu fördern.",4.616034746170044
034_41337,"### Instruction1:
Wenn du ins Piercing-Studio gehst, lass sie wissen, dass du ein wenig nervös bist. Lass sie dir den Prozess erklären, was sie tun und warum, und beantworte alle Fragen oder Sorgen, die du haben könntest. Sie bieten dir vielleicht einen bequemen Stuhl oder ein Glas Wasser an. Die Wahrscheinlichkeit ist groß, dass die meisten Leute, die sich piercen lassen, ein wenig nervös sind, also wissen sie genau, wie sie dir helfen können, dich besser zu fühlen. Sei dir bewusst, dass es wahrscheinlich ein wenig weh tun wird, und sei bereit, damit umzugehen. Bring einen Freund für moralische Unterstützung mit und bring Schmerzmittel für danach mit, falls du denkst, dass du sie brauchen wirst. Überlege, wie du am besten mit Stress und Schmerz umgehst. Magst du es, einen Stressball zu drücken? Hilft es, mit einem Freund zu plaudern oder Angry Birds zu spielen, um dich von dem Schmerz abzulenken? Plane im Voraus und bring alles mit, was dir helfen könnte, mit der potenziell stressigen Situation umzugehen. Wenn du nervös bist, ist es unbezahlbar, deinen Freund bei dir zu haben, um dich zu trösten. Drücke die Hand deines Freundes, wenn du es brauchst, und sprich mit deinem Freund, um dich von dem Piercing abzulenken. Lies ein Buch oder eine Zeitschrift. Plaudere mit deinem Freund oder lerne deinen Piercer ein wenig kennen. Sprich über deine Wochenendpläne, was in der Schule los ist, den großartigen Film, den du gerade gesehen hast – rede über alles, nur nicht über das Piercing. An andere Dinge zu denken, wird dir helfen, dich genug zu beruhigen, um das Piercing durchzustehen. Konzentriere dich auf deine Atmung, um dich physisch zu beruhigen und dich zu entspannen. Tiefes Atmen verlangsamt deinen Herzschlag und senkt deinen Blutdruck, was den Zustand deines Körpers imitiert, wenn er wirklich entspannt ist. Atemübungen zu machen oder sich einfach auf tiefes Atmen zu konzentrieren, wird dir helfen, deinen Körper zu beruhigen, was den Stress des Piercings viel leichter zu bewältigen macht. Konzentriere dich auf den besten Teil des Ohrpiercings – denk daran, wie du mit deinen neuen Ohrringen aussehen wirst! Wenn es zum tatsächlichen Piercing kommt, denke nicht an den Schmerz oder den Stress. Sage dir stattdessen, dass du es schaffen kannst und durchkommen wirst. Wenn du das oft genug machst, wirst du feststellen, dass es wahr wird. Freunde sind großartig dafür. Bitte deinen Freund, dir zu helfen, optimistisch zu bleiben und dich regelmäßig daran zu erinnern, wie toll es sein wird, gepiercte Ohren zu haben. Dein Freund kann dir helfen, das Piercing mit einem Sinn für Humor anzugehen. Lachen ist ein Schlüssel, um Stress abzubauen und dich zu beruhigen, also egal, ob du über das Piercing selbst lachst oder über eine nicht verwandte Geschichte, die dir dein Freund erzählt, es wird dir helfen, dich zu entspannen. Witze über das Piercing zu machen, wird es weniger einschüchternd erscheinen lassen, was dir helfen wird, ruhiger und leichter damit umzugehen. Frage den Piercer, ob er beide Ohren gleichzeitig piercen kann, damit du es schneller hinter dich bringen kannst. Sei dir bewusst, dass es bald vorbei sein wird und der Schmerz vorbei sein wird. Danke dem Piercer und gib deinem Freund ein High Five. Bezahle, achte darauf, deinen Piercer zu tippen, bedanke dich nochmals und gehe. Herzlichen Glückwunsch, du hast es geschafft! Genieße deine neu gepiercten Ohren.

### Instruction2:
Der Text gibt Ratschläge für Menschen, die nervös sind, sich piercen zu lassen. Er empfiehlt, die Nervosität im Piercing-Studio zu kommunizieren, sich über den Prozess informieren zu lassen und mit einem Freund zur Unterstützung zu kommen. Der Text betont die Bedeutung der Ablenkung, indem man mit einem Freund spricht, ein Buch liest oder über andere Themen plaudert. Atemtechniken und positive Einstellungen werden als Methoden vorgeschlagen, um Stress und Schmerz zu bewältigen. Humor und das gleichzeitige Piercen beider Ohren werden als Wege empfohlen, um das Erlebnis weniger einschüchternd zu gestalten. Am Ende wird gratuliert und zur Freude über die neuen Ohren aufgerufen.",6.042888164520264
034_34983,"### Instruction1:
Dies ist der kniffligste Teil, das Mädchen, das du magst, mit einer dritten Person zu signalisieren. Selbst deine engen Freunde können unterschiedliche Vorstellungen davon haben, was ""hilfreich"" ist, und in einigen Fällen können sie zu viel sagen, wenn sie versuchen, dir zu helfen. Wenn du planst, jemandem zu vertrauen, der als Heiratsvermittler zwischen dir und dem Mädchen, das du magst, fungiert, ist es am besten, ehrlich und klar mit deinem Helfer zu sein. Du könntest dieser Person sagen: ""Es gibt dieses Mädchen, das ich wirklich mag, aber ich bin super schüchtern, wenn es darum geht, ihr zu sagen, wie ich fühle, und ich brauche etwas Hilfe. Ich habe mich gefragt, ob du sie fragen könntest, ob sie an jemandem interessiert ist oder ob sie jemanden sieht?"" ""Bitte erzähl niemandem davon, aber ich mag dieses Mädchen wirklich. Es fällt mir sehr schwer, ihr zu sagen, wie ich fühle. Könntest du mir helfen herauszufinden, ob sie mich mag?"" Je öfter sie gute Dinge über dich hört, desto wahrscheinlicher ist es, dass sie dich mit diesen positiven Eigenschaften assoziiert. Du könntest einen engen Freund, dem du vertraust, dazu bringen, deine Talente, Fähigkeiten und Erfolge in ihrer Nähe anzusprechen. Du solltest vorsichtig sein, wen du auswählst, der sich über dich vor ihr lobt. Manche Leute können übertreiben, was ein offensichtlicheres Signal sein könnte, dass du sie magst, als du möchtest. Wähle einige deiner besten Eigenschaften aus und weise deinen Freund an, darüber zu sprechen. Zum Beispiel könntest du deinen Freund fragen: ""Könntest du das Fußballspiel erwähnen, das ich letzte Nacht für unser Team gewonnen habe, bei dem Mädchen, das ich mag?"" Wenn ihre Freunde dich mögen, ist es viel wahrscheinlicher, dass sie dich auch mag. Außerdem werden ihre Freunde, wenn sie dich mögen, gute Dinge über dich zu ihr sagen, wenn du nicht da bist. In einigen Fällen könnten Mädchen besorgt sein, dass du nicht gut in ihr Leben oder ihre Freundesgruppe passt. Gewinne die Zustimmung ihrer Freunde, indem du hilfst. Du könntest Hilfe bei den Hausaufgaben in einem Fach anbieten, das du gut kennst, oder wenn du handwerklich begabt bist, könntest du anbieten, etwas zu reparieren, das dir aufgefallen ist, oder du könntest ihren Freunden einen Snack spendieren und so weiter. In einigen Fällen könnte dies Eifersucht zwischen dem Mädchen, das du magst, und ihren Freunden verursachen. Dies könnte sie dazu bringen, an dich in einem romantischeren Licht zu denken, könnte aber auch nach hinten losgehen und sie verärgern. Um Eifersucht zu vermeiden, könntest du, wann immer du etwas Nettes für ihre Freunde tust, auch so etwas sagen wie: ""Natürlich helfe ich dir. Du bist eine der besten Freundinnen von Sarah, und sie ist die Beste. Jeder Freund von ihr ist auch ein Freund von mir.""

### Instruction2:
Der Text beschreibt, wie man einem Mädchen, das man mag, durch eine dritte Person signalisieren kann, ohne direkt zu sein. Es wird empfohlen, ehrlich zu sein und die Person, die helfen soll, gut auszuwählen. Man sollte positive Eigenschaften betonen und die Hilfe von Freunden nutzen, um ein gutes Bild zu vermitteln. Es wird auch darauf hingewiesen, dass Eifersucht zwischen dem Mädchen und ihren Freunden entstehen kann, und es wird geraten, dies zu vermeiden, indem man den Freunden gegenüber freundlich ist.",7.777219772338867
034_38585,"### Instruction1:
Die Temperatur liegt normalerweise zwischen 125º und 200ºF (50º und 90ºC). Eine höhere Temperatur birgt das Risiko, dass die Außenseite verbrennt und das Innere nicht trocknet. Um Chips herzustellen, schneide die Bananen in 1/4 Zoll (0,6 cm) dicke Runden. Um Spalten zu machen, schneide die Banane der Länge nach, dann erneut der Länge nach und schneide sie in die gewünschte Länge. HINWEIS: Spalten können bis zu 12 Stunden zum Trocknen benötigen! Beginne morgens mit der Vorbereitung, damit du kein Risiko eingehst, nachts ein Feuer zu entfachen. Chips trocknen viel schneller. Für extra knusprige Chips schneide die Bananen stattdessen in 1/8 Zoll dicke Runden (0,3 cm). Das kann mit einer Mandoline einfacher sein. Wenn die Bananen matschig und schwer zu schneiden sind, lege sie für 5-10 Minuten in den Kühlschrank, um sie zu festigen. Du brauchst nicht einmal ein Messer, um Spalten zu machen! Arbeite mit deinem Finger in das Ende der geschälten Banane, und sie sollte sich in drei Segmente teilen. Es spielt keine Rolle, wenn die Banane dabei bricht. Du möchtest sie sowieso in kürzeren Längen. Für eine große Menge Bananen hilft es, sie vor dem Schneiden einige Minuten in Zitronensaft einzuweichen, um die Vorbereitungszeit zu verkürzen, aber die zusätzliche Feuchtigkeit verlängert die Backzeit. Dies fügt Geschmack und Vitamine hinzu, aber der Hauptzweck ist, die Bananen vor dem Bräunen zu schützen. Wenn du braune Chips nicht störend findest, kannst du diesen Schritt überspringen. Das Bestreichen des Safts auf beiden Seiten der Bananen funktioniert ebenfalls. Ananassaft, Limettensaft oder jeder andere saure Saft funktionieren ebenfalls. Du kannst sogar zerdrückte Vitamin-C-Tabletten in Wasser verwenden. Wenn dir der Geschmack des Safts nicht gefällt, verdünne ihn im Verhältnis 1:4 mit Wasser und weiche die Bananen 3-5 Minuten ein. Diese erhöhte Drahtplattform setzt jede Seite der Banane der Luft aus und lässt überschüssige Feuchtigkeit abtropfen. Bereite außerdem ein Backblech oder eine Backform vor, um es darunter zu platzieren. Die Bananen sollten in einer einzigen Schicht liegen, nicht übereinander gestapelt. Es ist in Ordnung, wenn sich ihre Ränder berühren. Wenn du kein Drahtgestell hast, lege ein Backblech mit Backpapier aus oder sprühe es mit einem Antihaftspray ein. Diese Methode wird weniger effektiv beim Entfernen von Feuchtigkeit sein und könnte viele Stunden länger dauern (insbesondere für Spalten). Du kannst dies abmildern, indem du die Ofentür ein paar Zentimeter geöffnet lässt, um Feuchtigkeit entweichen zu lassen. Ein elektrischer Ventilator, der neben der offenen Ofentür steht, hilft ebenfalls, die Luftzirkulation zu fördern. Eine Prise Meersalz oder koscheres Salz fügt einen großartigen herzhaften Geschmack hinzu, perfekt zum pur Essen. Verwende das mittlere Regal des Ofens und sei vorsichtig, keine Scheiben auf den Boden des Ofens fallen zu lassen. Wenn du ein Drahtgestell verwendest, stelle zuerst das Backblech in den Ofen, um Tropfen aufzufangen, und platziere dann das Gestell oben auf dem Backblech. Für Chips dauert dies 1 bis 3 Stunden. Spalten benötigen 6 bis 12 Stunden. Je länger du sie backst, desto knuspriger werden sie. Wende die Bananen einmal etwa zur Hälfte des Backvorgangs. Dies sorgt dafür, dass jede Seite gleichmäßig trocknet, was besonders wichtig ist, wenn die Bananen direkt auf einem Backblech liegen. Die Bananen werden beim Abkühlen knuspriger, also nimm sie heraus, wenn sie noch etwas weicher sind, als du möchtest. Sie werden nicht vollständig trocken oder knusprig sein, bis sie auf Raumtemperatur abgekühlt sind. Wenn du kein Drahtgestell hast, kann ein Abtropfgitter alternativ verwendet werden. Ein gewöhnlicher Teller funktioniert im Notfall auch. Wenn sie vollständig getrocknet sind, sollten sie monatelang haltbar bleiben.

### Instruction2:
Der Text beschreibt, wie man Bananenchips und -spalten herstellt, einschließlich der optimalen Trockentemperaturen, Schneidetechniken und der Bedeutung von Zitronensaft, um das Bräunen zu verhindern. Chips trocknen schneller als Spalten und erfordern weniger Zeit. Es wird empfohlen, die Bananen bei Bedarf im Kühlschrank zu kühlen und verschiedene Methoden zur Verbesserung der Trocknung zu verwenden, darunter die Verwendung eines Drahtgestells und das Offenlassen der Ofentür. Ergänzende Tipps, wie das Würzen mit Salz, werden ebenfalls gegeben. Die Zubereitung erfordert Geduld, da die Backzeiten beträchtlich variieren können, wobei Chips zwischen 1 und 3 Stunden und Spalten zwischen 6 und 12 Stunden benötigen.",6.774624347686768
034_45658,"### Instruction1:
Sobald das Mädchen dich bemerkt hat, ist es Zeit, dein Spiel auf die nächste Stufe zu bringen, indem du ihr mehr Aufmerksamkeit schenkst. Du solltest immer noch cool bleiben und so tun, als wärst du nicht zu begierig, mit ihr abzuhängen, aber langsam anfangen, ihr zu zeigen, dass du denkst, dass sie ein cooles Mädchen ist. Hier ist, wie du es machen kannst: Halte an ihrem Spind an, sag „Hey“ und frag, wo ihr nächster Unterricht ist. Mach es so, als würdest du einfach vorbeigehen. Du kannst sie zum Lachen bringen, indem du sagst: „Darf ich mir die Haare anschauen?“ und in den Spiegel ihres Spinds schielst. Fang an, mit ihr in den Gängen zu gehen. Jeder weiß, dass eine der Hauptrollen des Freundes in der High School darin besteht, sein Mädchen von Klasse zu Klasse zu begleiten, auch wenn die Klassen weit auseinander liegen. Wenn ihr in der gleichen Klasse seid, geh mit ihr zur nächsten und bring sie zum Lachen, während ihr dort hinkommt. Du kannst cool bleiben und dich verabschieden, um zur eigenen Klasse zu gehen, während du zur Hälfte des Weges bist. Gib ihr nur einen Vorgeschmack darauf, wie großartig es wäre, dich als Freund zu haben. Schmeichle ihr im Unterricht. Sei charmant, indem du alle Antworten auf die Fragen deines Lehrers kennst, ohne ein Besserwisser zu sein. Lass deine Mitschüler von Zeit zu Zeit kichern, ohne ein Klassenclown zu sein. Schau sie an, um ihre Reaktion zu sehen. Ob du nun beim Schulspiel oder beim Schulball bist, es gibt ein paar Möglichkeiten, ihr zu zeigen, dass sie besonders ist und sie dazu zu bringen, mit dir abzuhängen. Du solltest ein Gleichgewicht finden zwischen dem Spiel mit dem schwer zu bekommenden und dem Ausspielen all deiner Karten. Hier ist, wie du es tun kannst: Wenn du sie beim Schulspiel oder Talentwettbewerb siehst, frag sie, wie es ihr gefällt. Zeige ihr, dass ihre Meinung dir wichtig ist. Verweile nicht zu lange - nur lange genug, um ihr den Wunsch zu geben, dass du bleibst. Wenn du beim Schulball bist, komm zu ihr und tanze wie ein Trottel und schau dann sehr ernst, wenn du sie fragst, ob ihr deine Moves gefallen. Wenn sie wirklich interessiert ist, kannst du sie zum Tanzen einladen. Wenn ihr im gleichen Club seid oder denselben Sport treibt, frag sie, wie es ihr geht, ohne sie zu sehr zu umschmeicheln. Wenn du das Mädchen auf einer Party oder im Einkaufszentrum siehst, könnte das deine beste Chance sein, sie ein wenig zu isolieren und ihr zu zeigen, dass du der beste Freund aller Zeiten wärst. Sobald du außerhalb des Schulgeländes bist, kannst du dich ein wenig entspannen und zeigen, wer du wirklich bist, ohne dir so viele Gedanken darüber zu machen, was alle anderen denken. Wenn du sie im Einkaufszentrum triffst, frag sie, in welche Geschäfte sie gegangen ist. Wenn sie eine Tüte hat, frag sie, was sie gekauft hat, und sag ihr, dass es großartig an ihr aussehen wird. Bonuspunkte, wenn du etwas sagst, wenn du sie in dem Pullover siehst, den sie dir in der Schule gezeigt hat. Wenn du sie im Kino triffst, frag sie, was sie gesehen hat oder was sie sieht. Gib deine Meinung zu einem kürzlich gesehenen Film ab. Vermeide einfach zu sagen, dass alles schlecht ist. Wenn du sie auf einer Party siehst, sprich mit ihr. Aber rede nicht die ganze Nacht mit ihr. Sprich mit ein paar anderen Mädchen, um zu zeigen, dass du mit jedem abhängen kannst. Flirte nur nicht so sehr mit jemand anderem, dass sie sich nicht besonders fühlt.

### Instruction2:
Der Text gibt Ratschläge für einen Jungen, der ein Mädchen in der Schule ansprechen möchte. Er sollte ihr mehr Aufmerksamkeit schenken, aber dabei cool bleiben. Gespräche an ihrem Spind und das Lachen bringen sind gute Strategien. Es wird empfohlen, in den Gängen zusammenzugehen und charmant im Unterricht zu sein, ohne aufdringlich zu wirken. Zudem sollten Gelegenheiten wie Schulveranstaltungen oder Partys genutzt werden, um mit ihr zu sprechen und ihr zu zeigen, dass ihre Meinung wichtig ist. In sozialen Situationen sollte er auch mit anderen Mädchen sprechen, um zu zeigen, dass er beliebt ist, aber dabei darauf achten, dass das Mädchen sich besonders fühlt.",6.073523998260498
034_9838,"### Instruction1:
Das Tragen von enganliegender Kleidung über einem Paar Strumpfhosen kann einen unangenehmen Tag verursachen. Wenn möglich, trage Kleidung, die leicht auszuziehen ist, wenn du das Badezimmer benutzen musst, und die dich nicht zu sehr einengt und einengt. Wenn dein Outfit figurbetont ist, solltest du diese anderen Optionen in Betracht ziehen: Kniestrümpfe oder Oberschenkelstrümpfe, die wie Strumpfhosen aussehen, aber keinen einschränkenden Slip-Oberteil haben. Leggings, die ähnlich wie Strumpfhosen sind, aber aus verschiedenen Stoffen bestehen, die deiner Haut mehr Luft zum Atmen geben. Strumpfhosen sind bei extrem feuchtem und heißem Wetter nicht sehr praktisch, da sie Feuchtigkeit an deiner Haut festhalten und unangenehm werden, wenn du schwitzt. Wenn du bei warmem Wetter Strumpfhosen tragen möchtest, wähle ultra-durchsichtige, nicht kontrollierte Strumpfhosen – sie geben dir die meiste Luftzirkulation während des Tages. Es ist unvermeidlich – du wirst hin und wieder einen Faden ziehen, egal wie vorsichtig du bist. Wenn du den Beginn eines Laufs siehst, schneide den gezogenen Faden ab und tupfe ein wenig klaren Nagellack über die Stelle. Das sollte verhindern, dass es bis zu deinem Bein herunterläuft. Wenn dein Lauf zu einem Loch wird, kannst du es reparieren, damit du es wieder tragen kannst. Kleine Mängel neigen dazu, in Strumpfhosen sichtbar zu werden, da sie aus so feinem Material bestehen. Wenn du anfällig für Laufmaschen bist, versuche, undurchsichtige Strumpfhosen zu kaufen, barfuß zu gehen oder dir mehrere Paare zuzulegen, damit du immer ein zusätzliches Paar zur Hand hast, nur für den Fall.

### Instruction2:
Der Text gibt Tipps zum Tragen von Strumpfhosen, insbesondere in Bezug auf Komfort und Praktikabilität. Es wird empfohlen, bequeme Kleidung zu wählen, die leicht auszuziehen ist, und alternative Optionen wie Kniestrümpfe oder Leggings in Betracht zu ziehen, um ein unangenehmes Tragegefühl zu vermeiden. Bei heißem Wetter sind ultra-durchsichtige Strumpfhosen besser geeignet, da sie mehr Luftzirkulation ermöglichen. Der Text bietet auch Ratschläge zur Pflege von Strumpfhosen, um Laufmaschen zu vermeiden und kleine Schäden zu reparieren. Wenn Laufmaschen häufig auftreten, wird empfohlen, undurchsichtige Strumpfhosen zu wählen oder mehrere Paare zu besitzen.",3.3281707763671875
034_18227,"### Instruction1:
Stelle sicher, dass der USB-Stick, den du verwendest, vor der Benutzung leer ist, da sonst andere Dateien gelöscht werden. Dies kann einige Sekunden in Anspruch nehmen und ein Befehlsfenster wird kurz erscheinen. Das ist Teil des Prozesses, also ignoriere es, bis du aufgefordert wirst, auf ""Weiter"" zu klicken. Nachdem du dies getan hast, starte deinen Computer neu. Achte darauf, dass der USB-Stick weiterhin an deinem Computer angeschlossen bleibt. MemTest86 wird automatisch gestartet, sobald dein Computer neu gestartet wird, wenn die USB-Option die erste Boot-Priorität hat. Du kannst dies einstellen, indem du auf den meisten Computern F8 drückst. Du solltest MemTest86+ für 7 bis 8 Durchläufe laufen lassen, um die Genauigkeit sicherzustellen. Nachdem dies im Slot #1 abgeschlossen ist, wechsle zu Slot #2 und wiederhole den Vorgang. Mache dies, bis du jeden RAM-Slot durchlaufen hast. Fehler werden in Rot hervorgehoben. Wenn keine Probleme auftreten, könnte der RAM deines Computers in Ordnung sein. Wenn der Test jedoch Fehler in deinem RAM identifiziert, musst du möglicherweise deinen PC zur Reparatur bringen.

### Instruction2:
Der Text beschreibt den Prozess zur Überprüfung des RAMs mit MemTest86, einem Tool, das auf einem leeren USB-Stick installiert ist. Zuerst muss der USB-Stick leer sein, um Datenverluste zu vermeiden. Nach dem Starten des Tests sollten 7 bis 8 Durchläufe durchgeführt werden, um genaue Ergebnisse zu erhalten. Nach jedem Slot muss der Test für alle RAM-Slots wiederholt werden. Fehler werden hervorgehoben, und wenn keine Probleme festgestellt werden, ist der RAM wahrscheinlich in Ordnung. Bei festgestellten Fehlern sollte der PC zur Reparatur gebracht werden.",2.5434277057647705
034_19459,"### Instruction1:
Pistolen werden fast ausschließlich zur Selbstverteidigung verwendet. Daher müssen Sie darüber nachdenken, warum Sie die Pistole benötigen und sich die Orte vorstellen, an denen Sie sie tragen möchten. Planen Sie, sie jederzeit bei sich zu haben, oder bleibt sie im Haus? Möchten Sie etwas, das Menschen stoppt und als Verbrechensabschreckung wirkt, oder möchten Sie etwas mit genügend Kraft, um die Auseinandersetzung gewaltsam zu beenden? Diese Entscheidungen haben großen Einfluss auf die Größe, Form und Art der Pistole, die Sie wählen. Überlegen Sie gründlich, ob Sie jemals den Abzug gegen einen anderen Menschen betätigen könnten. Es mag eine gute Idee erscheinen, die Waffe ohne Schuss abzufeuern, um einen Kriminellen zu erschrecken. Aber oft eskaliert eine Waffe die Situation und macht die Dinge viel schlimmer, wenn Sie nicht bereit sind, zu schießen. Sie müssen herausfinden, wie bequem Sie mit einer Waffe zielen können, bevor Sie sie kaufen. Mit einer ungeladenen Waffe schließen Sie die Augen und richten die Waffe in eine sichere Richtung, mit dem Finger neben dem Abzug, aber nicht darauf, auf ein improvisiertes Ziel. Öffnen Sie Ihre Augen — die Visierung sollte genau dort ausgerichtet sein, wo Sie sie wollten. In fünf Yards sollte es nicht mehr als ein paar Zoll vom Zentrum des Ziels abweichen. Wenn Sie zu tief zielen, versuchen Sie eine leichtere Waffe. Wenn Sie zu hoch zielen, möchten Sie vielleicht etwas Schwereres. Wenn die Handfeuerwaffe hoch oder tief zeigt, kann dies durch Übung ausgeglichen werden. Zum Beispiel haben fast alle, die noch nie eine Glock benutzt haben, einen hohen Schussplatz von 6–10 Zoll (15,2–25,4 cm) in fünf Yards. Aber mit Übung werden Sie feststellen, dass Sie dies schnell ausgleichen können. Probieren Sie verschiedene Waffen aus, wann immer möglich. Sie möchten diejenige, die sich beim Schießen angenehm in Ihrer Hand anfühlt, oder ein „genaueres“ Modell könnte Ihnen nicht helfen. Größere Pistolen sind genauer als kleinere, da sie besser in der Hand liegen, weniger Rückstoß haben (was das Gefühl des Rückstoßes verringert) und eine längere Visierlinie haben. Sie sind jedoch viel schwieriger zu verbergen und zu tragen, und das zusätzliche Gewicht kann es einigen Menschen erschweren, sie zu zielen und zu manövrieren. Auch ""Kampf-Pistolen"" oder ""Dienst-Pistolen"" genannt. Die meisten Menschen haben mehr Erfolg mit einer vollwertigen Pistole, da der Rückstoß und die Passform oft zu einem komfortableren Schieße Erlebnis führen. Die 1911, Glock 17 oder 22 und Beretta M9 sind alles gute Beispiele für beliebte Kampf-Pistolen. Kleinere Pistolen sind leichter zu verbergen und zu tragen, bieten jedoch weniger Kraft und Genauigkeit. Da sie kleiner sind, sind sie jedoch oft einfacher zu zielen, insbesondere für kleinere Personen. Verstecktragende Waffen haben eine Länge von 4,5-6 Zoll und sind leicht und klein. Oft als ""kompakt"", ""Zweipunkt"" oder ""Verstecktragend"" verkauft. Die Glock 26 oder 27, Kahr PM9 und Colt Mustang XSP sind alles hoch bewertete verstecktragende Waffen. Das Kaliber der Munition, die Sie schießen, ändert sich nicht gleichmäßig mit der Größe der Waffe. Jedes Kaliber hat seine eigenen Stärken und Schwächen, und Sie müssen eines finden, das Ihren Bedürfnissen entspricht, anstatt einfach die größte Zahl zu wählen, die Sie finden können. Anfänger sollten kleinere Kaliber anstreben. Kleinere Kaliber bedeuten weniger Rückstoß, was schnellere und genauere Nachfolgeschüsse bedeutet, aber im Allgemeinen weniger Energie und Kraft. Ein guter Ausgangspunkt sind .380 ACP Kaliber-Munitionen, die in kleineren Pistolen verbreitet sind. Größere Kaliber verursachen mehr Schaden pro Kugel, sind jedoch schwieriger, um mehrere Schüsse schnell abzugeben. Probieren Sie .45 ACP, 10mm oder .357 Sig für einen Selbstlader oder .357 Magnum oder .41 Mag für einen Revolver aus. Ein Revolver ist einfach zu laden, zu zielen und zu schießen und war jahrzehntelang eine beliebte Wahl. Sie sind auch einfacher zu reinigen und zu warten als die meisten Selbstlader. Dennoch sollte der Komfort beim Halten und Schießen Ihre erste Sorge beim Kauf einer Pistole sein.

### Instruction2:
Der Text beschreibt die Überlegungen, die beim Kauf einer Pistole für die Selbstverteidigung angestellt werden sollten. Er betont die Notwendigkeit, sich über den Verwendungszweck und die Tragweise Gedanken zu machen, sowie die Wichtigkeit des Zielen und der Handhabung. Es wird empfohlen, verschiedene Pistolen auszuprobieren, um eine bequeme Passform zu finden, und die Unterschiede zwischen größeren und kleineren Pistolen hinsichtlich Genauigkeit, Rückstoß und Tragbarkeit zu berücksichtigen. Der Text hebt hervor, dass kleinere Kaliber anfängliche Schützen ansprechen sollten, während größere Kaliber mehr Schaden anrichten, aber schwieriger zu handhaben sind. Der Komfort beim Schießen sollte letztlich die wichtigste Überlegung sein.",6.587762594223023
034_52885,"### Instruction1:
Dein Daumen sollte oben auf deinen Fingernägeln liegen. Wenn jeder Daumen am zweiten Gelenk gebeugt ist, liegen sie parallel zueinander und imitieren ein Paar Lippen. Übe, leicht die Form deiner ""Daumenlippen"" zu küssen. Versuche, sie leicht über deine Daumen und um die inneren Kanten zu führen. Schiebe sie sanft zwischen deine Daumen. Versuche, einen guten Druck zu finden, der sich richtig anfühlt.

### Instruction2:
Der Text beschreibt eine Übung, bei der die Daumen in eine Position gebracht werden, die Lippen ähnelt. Es wird empfohlen, die Daumen leicht zu küssen und mit dem Finger über die Daumen und deren Kanten zu gleiten. Der Fokus liegt darauf, den richtigen Druck zu finden, während man die Daumen in dieser Form bewegt.",1.3799922466278076
034_5480,"### Instruction1:
Dies spült alle zusätzlichen Haare aus, die sich noch in der Maschine befinden. Stellen Sie die Waschmaschine einfach auf einen normalen Waschgang ein und lassen Sie sie ohne Inhalt laufen. Für die gründlichste Reinigung wählen Sie die heißeste Einstellung und den längsten Zyklus Ihrer Waschmaschine. Einstellungen, die mit „Weiß“ oder „Flecken“ gekennzeichnet sind, verwenden in der Regel die höchste Hitze. Wählen Sie „extra spülen“, wenn Sie diese Option an Ihrer Maschine haben. Andernfalls wird beim nächsten Wäschewaschen das Tierhaar einfach mit der Wäsche vermischt. Verwenden Sie ein feuchtes Tuch oder Papiertuch, um alle Haare aufzuheben, die in den Trommeln beider Maschinen zurückgeblieben sind. Wenn Sie Ihre Maschine desinfizieren möchten, während Sie sie abwischen, geben Sie zuerst ein paar Tropfen Waschmittel auf Ihr Tuch oder Handtuch. Achten Sie darauf, in alle Ecken und Ritzen zu gelangen, einschließlich der Tür und der Türdichtung. Verwenden Sie die weiche Bürstenaufsatz Ihres Staubsaugers, um Haare aufzusaugen, die in beiden Maschinen zurückgeblieben sind. Fegen Sie rund um die gesamte Trommel, einschließlich der Oberseiten und Seiten. Wenn Sie die Waschmaschine saugen, stellen Sie sicher, dass sie vorher komplett trocken ist. Um die Trommel der Waschmaschine zu trocknen, lassen Sie die Tür offen, damit sie auslüften kann, oder wischen Sie sie mit einem trockenen Tuch ab. Sie können verschiedene Bürstenaufsätze für Ihren Staubsauger in einem Haushaltsgeschäft, Baumarkt oder online kaufen.

### Instruction2:
Der Text beschreibt, wie man eine Waschmaschine von Tierhaaren befreit. Zuerst sollte man die Maschine ohne Wäsche laufen lassen, um überschüssige Haare auszuspülen. Für eine gründliche Reinigung empfiehlt es sich, die heißeste und längste Einstellung zu wählen. Man sollte auch ein feuchtes Tuch verwenden, um zurückgebliebene Haare aufzuheben, und die Maschine mit etwas Waschmittel desinfizieren. Zudem wird empfohlen, den Staubsauger mit einem Bürstenaufsatz zu benutzen, um Haare aus der Waschmaschine und dem Trockner zu entfernen. Die Trommel der Waschmaschine sollte zum Trocknen offen gelassen oder mit einem trockenen Tuch abgewischt werden.",3.6041419506073
034_26351,"### Instruction1:
Wenn du bereits einen Lieblings-Gesichtsreiniger hast, ist das ein großartiger Anfang. Beginne damit, sowohl dein Gesicht als auch deinen Hals morgens und abends zu waschen. Achte darauf, danach eine Feuchtigkeitscreme aufzutragen, die feine Falten und Linien vorübergehend maskieren kann, indem sie die Hautzellen aufpolstert. Verwende ein Waschtuch für eine sanfte Exfoliation, die verhindert, dass die Haut deines Halses stumpf aussieht. Die beste vorbeugende Maßnahme zur Vermeidung von Halslinien ist Sonnenschutzmittel. Stelle sicher, dass du jeden Morgen vor dem Verlassen des Hauses Sonnencreme auf deinen Hals (und dein Gesicht!) aufträgst, um Schäden durch UV-Strahlen zu vermeiden. Trage die Sonnencreme mindestens 30 Minuten vor der Sonnenexposition auf. Verwende eine Sonnencreme mit mindestens 30 SPF für den besten Schutz. Verwende eine Menge Sonnencreme in der Größe einer großen Traube, um dein Gesicht, deinen Hals und deine Ohren abzudecken. Trage das Serum morgens zusammen mit deiner Sonnencreme auf deinen Hals auf. Studien haben gezeigt, dass die Kombination von Vitamin C mit einer SPF-Feuchtigkeitscreme die Schutzwirkung der Sonnencreme tatsächlich verdoppelt. Die Antioxidantien fördern auch die Erneuerung der Hautzellen, was dazu beiträgt, dass dein Hals jung aussieht. Erwäge ein Serum mit L-Ascorbinsäure, einer Form von Vitamin C, die deine Haut leicht aufnehmen kann. Verwende eine Gesichtsreinigungsbürste auf deinem Hals, um sanft alte Hautzellen zu entfernen. Oder kaufe einen Gesichtsreiniger, der Glykolsäure enthält, und trage ihn auf deinem Hals auf. Alte Hautzellen auf der Oberfläche deines Halses lassen deine Haut älter und stumpfer erscheinen. Wenn du empfindliche Haut hast, exfoliere nur einmal pro Woche. Die Exfoliation erleichtert es deiner Haut, die nachfolgenden Retinol-Cremes besser aufzunehmen. Finde eine Creme, die speziell für das Gesicht, den Hals und die Brust entwickelt wurde. Nachdem du dein Gesicht und deinen Hals gewaschen und getrocknet hast, reibe eine erbsengroße Menge Creme mit deinen Fingern in die Haut deines Halses ein. Retinol steigert die Kollagenproduktion und hilft, Falten vorzubeugen. Die effektivsten Retinolprodukte enthalten zwischen 0,5-1% Retinol. Da die Haut deines Halses sehr dünn ist, beginne mit einem Produkt, das eine niedrige Konzentration von Retinol hat, um Irritationen zu vermeiden. Du kannst im Laufe der Zeit auf stärkere Produkte umsteigen. Wenn die Haut deines Halses anfangs keine nächtliche Retinol-Routine verträgt, trage es jeden zweiten Abend auf, bis sich deine Haut anpasst.

### Instruction2:
Der Text beschreibt eine Hautpflegeroutine für das Gesicht und den Hals, die das Ziel hat, Falten und Linien zu verhindern. Er empfiehlt die tägliche Anwendung eines Gesichtsreinigers und einer Feuchtigkeitscreme sowie den Schutz vor UV-Strahlen durch Sonnenschutzmittel mit mindestens SPF 30. Zudem wird die Verwendung von Vitamin C, Retinol und sanfter Exfoliation zur Förderung der Hauterneuerung und zur Verbesserung des Hautbildes empfohlen. Es wird geraten, bei der Verwendung von Retinol mit niedrigen Konzentrationen zu beginnen und die Anwendung schrittweise zu steigern.",4.802076578140259
034_45822,"### Instruction1:
Du solltest auch darauf achten, deinen Arbeitsbereich sauber und ordentlich zu halten. Ein sauberer Arbeitsplatz zeigt anderen, dass du ordentlich arbeiten kannst und professionell erscheinst. Wenn du einen Schreibtisch in deinem Büro hast, solltest du sicherstellen, dass er sauber und organisiert bleibt. Du kannst wöchentlich oder monatlich deinen Schreibtisch aufräumen, um unnötige Papiere, Haftnotizen oder Büromaterialien loszuwerden. Wenn du einen Arbeitsschrank hast, solltest du ihn sauber halten und jeglichen Unrat beseitigen, damit er nicht überfüllt oder voller Müll ist. Du kannst einmal im Monat deinen Schrank reinigen, um Dinge loszuwerden, die du nicht mehr benötigst oder verwendest. Wenn du ein Fahrzeug besitzt, solltest du dir angewöhnen, dein Auto einmal in der Woche oder einmal im Monat gründlich zu reinigen. Du solltest das Äußere und das Innere deines Autos reinigen, damit es sauber und frisch aussieht. Gehe durch dein Auto und entferne Essensverpackungen oder Papiere. Du solltest auch das Innere des Autos abwischen, um Staub oder Schmutz zu entfernen. Du kannst die Teppichmatten im Auto herausnehmen und professionell reinigen lassen, wenn sie schmutzig oder unangenehm riechen. Du solltest auch dein Auto durch eine Selbstbedienungs-Autowaschanlage fahren und es gründlich mit Wasser und Seife reinigen. Achte darauf, das Auto gut zu trocknen und zu polieren, damit es sauber und glänzend aussieht. Je nach deinem Budget kannst du alle paar Monate in eine professionelle Autowäsche investieren, um dein Auto extra sauber zu halten. Außerdem solltest du gute Hygiene am Arbeitsplatz und unterwegs aufrechterhalten, damit du sauber und ordentlich erscheinst. Achte darauf, dir die Hände vor und nach dem Essen sowie immer, wenn du das Badezimmer benutzt, zu waschen. Du solltest auch deine Hände nach der Benutzung öffentlicher Verkehrsmittel, wie Bus oder Zug, reinigen. Du solltest auch darauf achten, ordentlich auszusehen und gut gepflegt zu sein. Wenn du zum Beispiel zum Mittagessen Lebensmittel isst, die Knoblauch enthalten, kannst du dir danach die Zähne putzen, um deinen Atem aufzufrischen. Wenn du während deiner Mittagspause trainierst, solltest du duschen, damit du frisch und sauber ins Büro zurückkehrst. Es kann schwierig sein, während des Reisens sauber zu bleiben, besonders wenn du in einem Gebiet reist, das keine üblichen Toiletten oder westlichen Sauberkeitsvorstellungen hat. Du solltest Reinigungsprodukte einpacken, damit du vorbereitet bist und unterwegs sauber bleiben kannst. Du kannst entscheiden, ein Reise-Kit zu erstellen, das du mitbringst, damit du vorbereitet bist und sauber bleibst. Das Reise-Kit kann Handdesinfektionsmittel, Feuchttücher, Pflaster, Sonnencreme und Pfefferminzbonbons enthalten. Du kannst auch zusätzliche hygienische Tücher und Taschentücher in deine Reisetasche packen, damit sie griffbereit sind, wenn du sie benötigst. Falls erforderlich, solltest du auch Tampons oder Binden einpacken, falls du während des Reisens deine Periode bekommst.

### Instruction2:
Der Text beschreibt die Wichtigkeit der Sauberkeit am Arbeitsplatz und unterwegs. Er empfiehlt, den Arbeitsbereich, einschließlich Schreibtisch und Schrank, sauber und organisiert zu halten und regelmäßig zu reinigen. Zudem wird geraten, das Auto wöchentlich oder monatlich zu reinigen, sowohl innen als auch außen, um ein frisches Erscheinungsbild zu wahren. Auch die persönliche Hygiene wird betont, wie das regelmäßige Händewaschen und das Pflegen eines ordentlichen Äußeren. Für Reisende wird empfohlen, Reinigungsprodukte und ein Reise-Kit mitzunehmen, um auch unterwegs sauber zu bleiben.",5.310656547546387
034_15112,"### Instruction1:
Verschiedene Unternehmen haben unterschiedliche Unternehmensrichtlinien für den Zugriff auf E-Mails außerhalb der Arbeitszeit. Ihre IT-Abteilung hat möglicherweise auch spezielle Anweisungen, die Sie befolgen müssen, während Sie Ihre Verbindung zu Ihrem E-Mail-Konto einrichten. Wenn Ihr Unternehmen Exchange oder Office 365 für Unternehmen verwendet, können Sie das Konto zu Outlook auf Ihrem Windows- oder Mac-Computer hinzufügen. Dadurch werden die Kontoinformationen für Ihre aktuellen Konten angezeigt. Dies ermöglicht es Ihnen, ein neues Konto zu Outlook hinzuzufügen. Outlook erkennt automatisch die Art des Servers, mit dem Sie sich verbinden. Wahrscheinlich werden Sie während des Einrichtungsprozesses erneut nach Ihrem Passwort gefragt. Beachten Sie, dass Outlook 2016 nur die Einrichtung von Exchange-Konten über das automatisierte System unterstützt, und Ihr Exchange-Administrator muss Ihren Server so konfiguriert haben, dass dies erlaubt ist. Outlook 2016 unterstützt auch keine Exchange 2007-Server. Nachdem Sie sich mit Ihrem Konto angemeldet haben, können Sie mit diesem Outlook-Client Arbeits-E-Mails senden und empfangen. Wählen Sie einfach Ihr Arbeits-Postfach aus dem linken Navigationsmenü aus.

### Instruction2:
Der Text beschreibt die verschiedenen Richtlinien von Unternehmen zum Zugriff auf E-Mails außerhalb der Arbeitszeit und die speziellen Anweisungen der IT-Abteilung zur Konfiguration von E-Mail-Konten. Wenn das Unternehmen Exchange oder Office 365 verwendet, kann das Konto zu Outlook hinzugefügt werden, um Arbeits-E-Mails zu senden und zu empfangen. Outlook erkennt automatisch den Servertyp, benötigt jedoch möglicherweise eine erneute Passwortabfrage während der Einrichtung. Outlook 2016 unterstützt die Einrichtung von Exchange-Konten nur über ein automatisiertes System und nicht Exchange 2007-Server. Nach der Anmeldung kann der Benutzer über das linke Navigationsmenü auf sein Arbeits-Postfach zugreifen.",2.618429183959961
034_33344,"### Instruction1:
Die Berechnung des Durchschnitts von etwas ist einfach. Es bedeutet, dass du jede einzelne Zahl in der Liste nimmst. Schreibe sie auf oder füge sie in eine Tabelle ein. Das bedeutet, dass du sie alle zusammenzählst für eine Gesamtsumme. Angenommen, du hast 5 Alter: 31, 30, 26, 21, 10. Die Gesamtsumme dieser Zahlen beträgt 118. Das ist der Durchschnitt. Mit dem obigen Beispiel würdest du 118 (die Summe aller Alter) durch 5 (die Anzahl der Alter in der Liste) teilen. Das Durchschnittsalter beträgt 23,6. Dies funktioniert auch für viel größere Zahlenmengen. Angenommen, du möchtest das Durchschnittsalter der Menschen in einem Club herausfinden. Angenommen, es gibt 100 Mitglieder im Club. Du müsstest die genauen Alter jedes Clubmitglieds haben. Du würdest diese Alter zusammenzählen, um eine Summe zu erhalten. Dann würdest du diese Summe durch die Zahl 100 teilen. Das ist das Durchschnittsalter der Mitglieder im Club. Es ist nicht anders, wenn du den Durchschnitt für andere Arten von Zahlen, die keine Alter sind, berechnest. Der Durchschnitt funktioniert auf die gleiche Weise. Zum Beispiel, nehmen wir an, du möchtest die durchschnittliche Bevölkerung der 10 größten Städte in Amerika wissen. Du würdest die Bevölkerung jeder Stadt auflisten. Dann würdest du all diese Zahlen addieren. Du würdest die Summe durch 10 teilen, und das ist der Durchschnitt. Es gibt Zeiten, in denen du einen gewichteten Durchschnitt verwenden möchtest. Zum Beispiel, wenn du die Noten eines Schülers durchschnittlich berechnen möchtest, möchtest du vielleicht einige Aufgaben höher gewichten als andere. Um dies zu tun, multipliziere jede Note mit dem Gewicht. Addiere dann diese Zahlen zusammen und teile durch die Gesamtzahl der Noten.

### Instruction2:
Der Text erklärt, wie man den Durchschnitt einer Menge von Zahlen berechnet. Man nimmt alle Zahlen, addiert sie und teilt die Summe durch die Anzahl der Zahlen, um den Durchschnitt zu erhalten. Dies gilt für beliebige Zahlenmengen, wie Altersgruppen oder Bevölkerungen. Zudem wird erwähnt, dass man bei Bedarf einen gewichteten Durchschnitt verwenden kann, beispielsweise bei Schülernoten, indem man bestimmte Aufgaben höher gewichtet.",2.9409878253936768
034_9464,"### Instruction1:
Egal, ob Sie verschreibungspflichtige Medikamente einnehmen oder rezeptfreie Erkältungs- und Grippemittel kombinieren möchten, konsultieren Sie einen Apotheker oder Gesundheitsfachmann, um negative Reaktionen zu vermeiden. Wenn Sie beispielsweise Antidepressiva, Schlafmittel oder Angstmittel einnehmen, vermeiden Sie rezeptfreie Medikamente, die Antihistaminika enthalten, die müde machen. Die Kombination kann schädliche Nebenwirkungen haben und in einigen Fällen sogar tödlich sein. Nicht alle rezeptfreien Medikamente helfen Ihnen, besser zu schlafen. Viele Schlafmedikamente und Schmerzmittel helfen Ihnen zwar beim Einschlafen, verringern aber die Qualität Ihres Schlafes. Vermeiden Sie Erkältungs- und Grippemittel, die Pseudoephedrin oder Ephedrin enthalten. Wenn Sie diese Medikamente einnehmen müssen, nehmen Sie sie 2 oder 3 Stunden bevor Sie planen, ins Bett zu gehen. Nehmen Sie diese abschwellenden Mittel, wenn Sie wissen, dass Sie wach sein werden, und Medikamente, die Schläfrigkeit verursachende Schmerzmittel oder Antihistaminika enthalten, wenn Sie schlafen möchten. Während Nasensprays Ihre Nase 8 Stunden oder länger abschwellen können, können sie auch Stimulanzien enthalten, die es Ihnen erschweren, zu schlafen. Suchen Sie nach Nasensprays mit Oxymetazolin oder Xylometazolin, um die Atemwege in Ihrer Nase optimal zu öffnen. Oxymetazolin und Xylometazolin sind keine Stimulanzien, sodass sie Sie nachts nicht wach halten. Nasenstreifen öffnen die Nasenwege mechanisch, sodass sie ebenfalls keinen stimulierenden Effekt haben. Obwohl Ihr Appetit abnehmen kann, stellen Sie sicher, dass Sie nicht dehydriert werden, indem Sie genügend Flüssigkeiten trinken. Kalorienreiche Getränke wie heiße Schokolade oder Ovaltine können unseren Körper signalisieren, in den Schlafmodus zu gehen. Forschungen haben gezeigt, dass ein heißer Cordial bei vielen Erkältungs- und Grippesymptomen wie Niesen und Husten helfen kann. Beseitigen Sie Ablenkungen wie Fernseher, Computer oder andere elektronische Geräte. Regulieren Sie auch eine angenehme Temperatur, da ein kühles Zimmer das Schlafen unterstützt. Luftbefeuchter und Verdampfer können Ihnen beim Atmen helfen und gleichzeitig die Atmosphäre Ihres Zimmers schlaffördernd gestalten.

### Instruction2:
Der Text gibt Ratschläge zur sicheren Verwendung von Medikamenten, insbesondere bei der Kombination von rezeptfreien Erkältungs- und Grippemitteln mit verschreibungspflichtigen Medikamenten. Es wird empfohlen, einen Fachmann zu konsultieren, um negative Reaktionen zu vermeiden. Viele rezeptfreie Medikamente können die Schlafqualität beeinträchtigen. Wenn man Pseudoephedrin oder Ephedrin einnehmen muss, sollte dies einige Stunden vor dem Schlafengehen erfolgen. Nasensprays mit Oxymetazolin oder Xylometazolin sind besser geeignet, da sie nicht stimulierend wirken. Es wird geraten, genügend Flüssigkeit zu sich zu nehmen und Ablenkungen wie elektronische Geräte zu minimieren, um einen besseren Schlaf zu fördern.",3.92651104927063
034_18133,"### Instruction1:
Weitere Symptome, auf die Sie achten sollten, sind: Schmerzen auf Ihrer Zunge, Dehydration, Fieber, eine weiße Zunge, die nach mehreren Wochen nicht weggeht. Im Allgemeinen sind weder die eine noch die andere Erkrankung ernsthaft. Geografische Zunge tritt auf, wenn Sie glatte Läsionen haben, die wie Bereiche aussehen, in denen die Beulen auf Ihrer Zunge abgetragen sind. Lebensmittel mit starken Geschmäckern (würzig, sauer, salzig) können Schmerzen verursachen. Mundsoor ist eine Hefepilzinfektion, die eine häufige Ursache für eine weiße Zunge ist. Menschen bekommen sie oft nach der Einnahme von Antibiotika und sie ist leicht zu behandeln. Sie können auch ein Brennen auf Ihrer Zunge verspüren und die Haut an den Mundwinkeln kann rissig und schmerzhaft sein. Mundsoor kann effektiv mit Antimykotika behandelt werden, einschließlich Spülungen (wie Nystatin) oder Tabletten. Stellen Sie sicher, dass Sie die gesamte verordnete Medikation einnehmen. Probiotische Ergänzungen oder der Verzehr von probiotischem Joghurt können helfen, das Gleichgewicht der Bakterien in Ihrem Mund wiederherzustellen. Verwenden Sie Gewürze mit antimykotischen Eigenschaften. Dazu gehören Knoblauch, Oregano, Zimt, Salbei und Nelken. Vermeiden Sie hefereiche Lebensmittel wie Milchprodukte, außer Joghurt, Alkohol und Zucker. Essen Sie eine gesunde Ernährung mit vielen Nüssen, Vollkornprodukten und Lebensmitteln, die reich an Vitamin C sind. Die meisten Fälle von weißer Zunge sind harmlos und verschwinden von selbst. Wenn Sie jedoch denken, dass Sie etwas Ernsteres haben könnten, suchen Sie einen Arzt auf. Die möglichen Ursachen sind zu vielfältig, um sich selbst genau diagnostizieren zu können. Leukoplakie ist ein Zustand, bei dem weiße Flecken auf der Zunge das Ergebnis einer Überproduktion von Zellen und Proteinen sind. Es ist normalerweise nicht gefährlich, sollte jedoch von einem Arzt überprüft werden, um sicherzustellen, dass es sich nicht um Krebs handelt. Oral lichen planus ist eine autoimmune Erkrankung und kann mit Schmerzen oder einem brennenden Gefühl einhergehen. Syphilis ist eine sexuell übertragbare Krankheit, die eine weiße Beschichtung auf der Zunge verursachen kann, während sie sich entwickelt. Wenn Sie denken, dass Sie möglicherweise exponiert wurden, suchen Sie Ihren Arzt auf, da Syphilis mit Penicillin behandelt werden kann. Krebs des Mundes oder der Zunge, HIV/AIDS.

### Instruction2:
Der Text beschreibt Symptome und mögliche Ursachen für eine weiße Zunge, darunter Schmerzen, Dehydration, Fieber und spezielle Erkrankungen wie geografische Zunge und Mundsoor. Während die meisten Fälle harmlos sind und von selbst verschwinden, gibt es auch ernsthaftere Ursachen wie Leukoplakie oder Syphilis, die ärztlich untersucht werden sollten. Behandlungsmöglichkeiten beinhalten Antimykotika, probiotische Nahrungsmittel und eine gesunde Ernährung. Es wird empfohlen, bei ernsthaften Bedenken einen Arzt aufzusuchen.",4.489860534667969
034_49956,"### Instruction1:
Wenn du schlechte Grammatik verwendest, kommen deine Gedanken und Ideen möglicherweise nicht so klar rüber, wie du es dir wünschst. Sprich so, als würdest du einen Aufsatz oder einen Brief verfassen: mit Geduld, Anmut und Präzision. Vermeide es, in unvollendeten Sätzen zu sprechen. Wenn du dich in deinen Gedanken verirrst, könnten deine Zuhörer den Punkt verfehlen. Versuche, deine Gedanken in verständliche Abschnitte zu gliedern. Ein passendes Wort kann viel klarer sein als ein Wirrwarr von Umschreibungen. Versuche, genau das Wort zu finden, das du brauchst – und verwende es effektiv. Sei vorsichtig, Wörter nicht falsch oder aus dem Kontext heraus zu verwenden; das könnte die Klarheit dessen, was du sagen möchtest, verschleiern, und man wird dich nicht ernst nehmen. Der Hinweis: Du musst sicherstellen, dass die Menschen, mit denen du sprichst, diese Wörter ebenfalls kennen. Behalte dein Publikum im Hinterkopf. Verwende wenn möglich einfachere Wörter. Lesen ist eine großartige Möglichkeit, den Wortschatz zu erweitern. Lies Bücher, Artikel, Essays; lies Dinge, die dich faszinieren, und Dinge, die du normalerweise nicht lesen würdest. Jedes Mal, wenn du auf ein Wort stößt, das du nicht kennst, schlage es nach. Versuche, eine Liste nützlicher, kraftvoller Wörter zu führen. Je mehr du sie im Kontext verwendest, desto natürlicher wird es sich anfühlen – und desto besser wird deine Wortwahl werden. Wenn du deine Worte vorbereitest, läufst du weniger Gefahr, einen Fehler zu machen. Selbst wenn du die genauen Worte, die du sagen willst, nicht planst, kannst du dir einen Moment Zeit nehmen, um deine Ideen zu durchdenken und sie in deinem Kopf zu klären. Sage die Worte still zu dir selbst, bevor du sie laut aussprichst. Dies könnte dir helfen sicherzustellen, dass du die Aussprache richtig hast. Fragen sollten am Ende in der Tonhöhe steigen. Aussagen sollten etwas tiefer und mit Nachdruck betont werden. Achte darauf, welche Silben und Wörter betont werden. Versuche, deine Betonung zu übertreiben, so wie du es tun würdest, wenn du einem kleinen Kind eine Geschichte vorliest.

### Instruction2:
Der Text gibt Ratschläge zur Verbesserung der Kommunikationsfähigkeit durch die Verwendung korrekter Grammatik und gezielter Wortwahl. Er empfiehlt, Gedanken strukturiert und klar zu formulieren, um Missverständnisse zu vermeiden. Ein passendes Wort zu finden und es im richtigen Kontext zu verwenden, trägt zur Klarheit bei. Die Bedeutung des Publikums wird betont, indem einfachere Wörter verwendet werden, wenn möglich. Lesen wird als Methode zur Erweiterung des Wortschatzes vorgeschlagen. Der Text ermutigt dazu, Wörter vorzubereiten und die Aussprache zu überprüfen, um Missverständnisse zu vermeiden. Schließlich wird auf die Bedeutung von Betonung und Inflektion hingewiesen, um die Kommunikation lebendiger und klarer zu gestalten.",4.206573963165283
034_55547,"### Instruction1:
Wächst das Kaninchen noch und verbringt es viel Zeit mit seiner Mutter? Baby-Kaninchen werden blind und taub geboren. Sie sind sehr klein und werden von ihrer Mutter einmal oder zweimal alle 24 Stunden, normalerweise nachts, gesäugt. Nach 6 bis 8 Tagen öffnen sich die Augen und Ohren, und sie haben dünnes Flaumfell. Mit 2 Wochen haben sie ein volles Fell. Mit zwei Wochen zeigen Kaninchen Interesse daran, Gras und Kräuter zu knabbern. Mit 3 Wochen verlassen sie regelmäßig das Nest und reagieren bereitwillig auf Geräusche. Junge Kaninchen beginnen mit etwa 4 bis 5 Wochen das Abstillen von der Mutter. Zu diesem Zeitpunkt sehen sie aus wie Miniatur-Erwachsene. Das Abstillen ist in der Regel bis zur 8. Woche abgeschlossen (das Jungtier ernährt sich nicht mehr von der Mutter). Um dies herauszufinden, musst du wissen, wie groß deine Kaninchenrasse werden sollte, wenn sie ausgewachsen ist. Wenn du dir unsicher bist, ob du eine kleine Kaninchenrasse hast, die ausgewachsen ist, oder ein junges Kaninchen, das noch wächst, nimm wöchentliche Fotos des Kaninchens und vergleiche die Bilder. Wenn nötig, füge jede Woche dasselbe Objekt als Referenz oder ein Lineal hinzu. Je nach Rasse wachsen Kaninchen bis zu 6 bis 9 Monate alt (die obere Grenze für größere Rassen). Die Jugendzeit bei Kaninchen tritt ein, wenn das Kaninchen beginnt, Fortpflanzungshormone zu produzieren. Dies geschieht in der Regel ab einem Alter von 4 Monaten, wobei 4 bis 6 Monate ein typisches Alter ist, in dem Kaninchen Interesse am anderen Geschlecht zeigen. Jugendliche Kaninchen sind oft sehr neugierig und erkunden gerne ihre Umgebung. Wenn sie einem anderen Kaninchen des gleichen Geschlechts begegnen, können ihre steigenden Hormone dazu führen, dass sie sich streiten und kämpfen. Ein junges Kaninchen wird wahrscheinlich reaktiv sein und viel mit den Hinterbeinen auf den Boden trommeln, bei wahrgenommenen Gefahren. Wenn sie jedoch das andere Geschlecht treffen, könnten sie versuchen, sich zu paaren.

### Instruction2:
Der Text beschreibt das Wachstum und die Entwicklung von Kaninchen von der Geburt bis zum Jugendalter. Neugeborene Kaninchen sind blind und taub und werden von ihrer Mutter gesäugt. Nach einigen Wochen öffnen sich ihre Augen, und sie beginnen, mit ihrer Umgebung zu interagieren. Ab etwa 4 bis 5 Wochen beginnen sie mit dem Abstillen und sehen aus wie kleine Erwachsene. Die Jugendzeit beginnt mit der Produktion von Fortpflanzungshormonen ab etwa 4 Monaten, was zu einem erhöhten Interesse am anderen Geschlecht führt. In dieser Zeit können sie neugierig und manchmal streitlustig sein, insbesondere bei Begegnungen mit anderen Kaninchen.",3.6862852573394775
034_36506,"### Instruction1:
Genealogie-Websites wie Ancestry.com oder FamilySearch.org bieten online Zugang zu Aufzeichnungen, die Ihnen helfen können, einen Stammbaum zu erstellen und Verwandte zu finden, von denen Sie nicht wussten, dass Sie sie hatten. Einige Online-Genealogiedienste bieten sogar DNA-Tests an, um Ihre Erkenntnisse in den Online-Datenbanken zu ergänzen. Erwägen Sie die Nutzung von DNA-Testdiensten, um Ihre Suche zu verbessern. DNA-Genealogiedienste haben erfolgreich Geschwister sowie Kinder mit ihren Eltern wiedervereint. Wenn die vermisste Person ein Blutsverwandter von Ihnen ist, kann Ihnen ein DNA-Genealogiedienst helfen, die Person zu finden. Wenn Sie den Beruf Ihres vermissten oder verlorenen Angehörigen kennen, suchen Sie in den Mitgliederdatenbanken entsprechender Handelsorganisationen. Mit dieser Methode könnten Sie herausfinden, wo die Person arbeitet oder zumindest ihren Standort auf eine Stadt oder Region eingrenzen. Besuchen Sie beliebte soziale Netzwerke wie Facebook und Twitter und suchen Sie nach Ihrem vermissten Freund oder Verwandten. Versuchen Sie, nach verschiedenen Varianten des Vor- und Nachnamens, des Vor- und Mittelnamens sowie nach Spitznamen zu suchen. Wenn Sie immer noch keine Informationen über Ihren verlorenen Freund oder Verwandten finden können, ziehen Sie in Betracht, das Gefängnissystem zu durchsuchen. Die Website des Federal Bureau of Prisons bietet ein Inhaftierten-Lokalisierungstool, mit dem Sie in den Vereinigten Staaten nach Inhaftierten suchen können. Versuchen Sie, nach Ihrem vermissten Freund oder Verwandten auf Websites zur Personensuche wie Pipl, Zabasearch und YoName zu suchen. Diese Websites durchsuchen soziale Netzwerke, Blogs und andere potenzielle Orte, an denen der Name Ihres Freundes oder Verwandten auftauchen könnte. Die Website des Department of Motor Vehicles hat eine Funktion zur Suche nach Gerichtsakten, die Ihnen helfen könnte, eine verlorene oder vermisste Person zu finden. Sie können ganz einfach mit dem Namen der Person suchen und aus einer Liste von Namen und Details auswählen, die der gesuchten Person am nächsten kommen.

### Instruction2:
Der Text beschreibt, wie Genealogie-Websites und DNA-Tests helfen können, vermisste Verwandte zu finden und einen Stammbaum zu erstellen. Nutzer können Online-Datenbanken nutzen, um Informationen über ihre Familie zu sammeln, und DNA-Tests in Betracht ziehen, um ihre Suche zu unterstützen. Es wird empfohlen, auch soziale Netzwerke und Berufsdatenbanken zu durchsuchen, um Informationen über vermisste Personen zu finden. Der Text schlägt vor, verschiedene Namensvarianten zu verwenden und die Gefängnissysteme sowie Websites zur Personensuche zu nutzen, um Hinweise auf vermisste Freunde oder Verwandte zu erhalten.",3.5822248458862305
034_57578,"### Instruction1:
Öffne deine Karte und beginne deine Notiz oben auf der rechten Seite. Schreibe den Namen der Person oben, gefolgt von einem Komma. Überlege, ob du eine fancy Schriftart verwenden möchtest, um die Karte noch persönlicher zu gestalten. Wenn du möchtest, kannst du ""Lieber [Name der Person]"" schreiben, um die Notiz aufrichtig klingen zu lassen. Humor kann wirklich helfen, jemanden aufzuheitern! Wenn du denkst, dass es angemessen ist, schreibe einen lustigen Satz, um ein Lächeln auf das Gesicht des Patienten zu zaubern. Hier sind einige Beispiele: Sie sagen, dass Lachen die beste Medizin ist... in diesem Fall solltest du dich schon besser fühlen! Du brauchst dich nicht bei mir zu bedanken. Sieh das Positive... jetzt kannst du dich beschweren, so viel du willst! Wir alle hassen es, im Krankenhaus zu sein, aber wenigstens bekommst du Frühstück im Bett! Warnung: Humor kann gefährlich für deine Krankheit sein ~Ellie Katz Hier ist deine Chance, der Person zu sagen, wie viel sie dir wirklich bedeutet. Folge deinem ersten Satz mit einer herzlichen Botschaft, wie einer dieser: Du bedeutest mir viel. Ich wünsche dir eine schnelle Genesung. Du bist in meinen Gebeten. Es tut mir leid zu hören, dass es dir nicht gut geht. Ich hoffe, dass du bald wieder gesund bist. Ich sende dir all meine Liebe. Ich sende dir Umarmungen und Küsse. Ich liebe dich. Entweder unterschreibe einfach deinen Namen oder beende es mit einer Abschiedsformel, die die Person warm und fuzzy fühlen lässt. Hier sind einige Abschiedsformeln, aus denen du wählen kannst: Liebe, [Dein Name] Herzliche Wünsche, [Dein Name] Umarmungen, [Dein Name] Dein Freund, [Dein Name]

### Instruction2:
Der Text beschreibt, wie man eine persönliche Notiz auf einer Karte für jemanden, der krank ist, verfasst. Er beginnt mit dem Namen der Person, gefolgt von einer herzlichen Ansprache. Humor wird empfohlen, um die Stimmung des Empfängers aufzuhellen, gefolgt von einer aufrichtigen Botschaft, die zeigt, wie sehr man die Person schätzt. Schließlich wird empfohlen, die Notiz mit einer herzlichen Abschiedsformel zu beenden, um positive Gefühle zu vermitteln.",3.656385898590088
034_3569,"### Instruction1:
Wenn du etwas auf Papier schreibst, fühlt es sich plötzlich realer und solider an. Das Festhalten deiner Ziele in deinem Tagebuch ermöglicht es dir, dich leichter auf diese Ziele zu konzentrieren, und lässt sie oft erreichbarer erscheinen. Nicht alle Ziele müssen hochgesteckt sein. Du kannst dein Tagebuch für große und kleine Ziele, kurzfristige und langfristige verwenden. Das Hauptziel ist, klar zu beschreiben, was diese Ziele sind. Sobald du das tust, fällt es dir viel leichter, einen Aktionsplan zu entwickeln. Du kannst tägliche Listen einfacher Dinge erstellen, die du erledigen musst, oder To-Do-Listen für langfristige Ziele erstellen. Egal, ob du ein bestimmtes Ziel erreichen, ein bestimmtes Problem lösen oder einfach nur deinen Tag planen möchtest, es ist viel einfacher, diese Aufgaben anzugehen, sobald du sie in kleinere Aufgaben unterteilt hast. Wenn du versuchst, eine schwierige Entscheidung zu treffen, versuche, eine Liste von Vor- und Nachteilen in deinem Tagebuch zu erstellen, um dir zu helfen. Nutze dein Tagebuch, um deinen Tag zu planen, deine Gedanken zu organisieren und Zeit für die Dinge einzuplanen, die du tun musst, wie Hausaufgaben oder Hausarbeiten. Dein Tagebuch ist auch ein großartiger Ort, um Erinnerungen für dich selbst festzuhalten, besonders wenn du es täglich benutzt. Manchmal fühlt es sich an, als würdest du auf der Stelle treten, wenn es darum geht, etwas zu erreichen, besonders wenn es sich um etwas Großes handelt. Dein Tagebuch ist ein schriftlicher Bericht darüber, was du auf dem Weg getan hast, und dient als ausgezeichnetes Protokoll deines Fortschritts. Fortschritt kann schwer objektiv zu messen sein, und manchmal ist es leicht, Erfolge zu vergessen, die du bereits hattest. Ein Blick zurück auf ältere Einträge kann dir helfen, die Dinge ins rechte Licht zu rücken.

### Instruction2:
Das Tagebuchschreiben hilft, Ziele klarer zu definieren und sie erreichbarer erscheinen zu lassen. Es kann für verschiedene Arten von Zielen verwendet werden, sowohl kurzfristig als auch langfristig. Indem man Ziele beschreibt, wird es einfacher, Aktionspläne zu entwickeln und Aufgaben in kleinere Schritte zu unterteilen. Das Tagebuch kann auch zur Organisation des Alltags, zur Entscheidungsfindung und als Fortschrittsprotokoll dienen, das hilft, Erfolge in Erinnerung zu rufen.",2.963813066482544
034_36475,"### Instruction1:
Wenn Sie sich kein HD-Erfassungsgerät leisten können, können Sie jede Videokamera, Webcam oder sogar Ihr Smartphone verwenden, um das Display Ihres Fernsehers aufzunehmen. Da Sie mit dieser Methode ""off-screen"" aufnehmen, werden Sie niemals perfekte Qualität haben. Stattdessen sollten Sie sich darauf konzentrieren, die Menge an äußeren Ablenkungen zu minimieren, indem Sie die Kamera so einrichten, dass der Bildschirm den gesamten Rahmen einnimmt und dass sie stabil ist. Sie können dafür ein Stativ verwenden oder eine ebene Fläche finden, die Ihrem Gerät einen guten Blick auf das TV-Display bietet. Versuchen Sie, das gesamte TV-Display so einzufangen, dass es den Rahmen der Kamera ausfüllt. Verwenden Sie die Fokussierungswerkzeuge der Kamera, um sicherzustellen, dass das Bild vom Fernseher so klar wie möglich ist. Wenn Sie ein digitales Gerät wie Ihr Smartphone verwenden, beachten Sie, dass Videos viel Speicherplatz beanspruchen können. Klicken Sie hier für detaillierte Anweisungen, wie Sie die Datei von Ihrem Smartphone auf Ihren Computer übertragen. Sobald Sie einige Spielaufnahmen gemacht haben, können Sie das Filmmaterial nach Belieben bearbeiten und auf Ihrer bevorzugten Online-Video-Website hochladen. Klicken Sie hier für Anweisungen zur Bearbeitung Ihres Filmmaterials. Klicken Sie hier für Anweisungen zum Hochladen Ihres Videos auf YouTube.

### Instruction2:
Der Text beschreibt, wie man Gameplay-Videos aufnehmen kann, ohne ein HD-Erfassungsgerät zu besitzen. Man kann stattdessen eine Videokamera, Webcam oder ein Smartphone verwenden, jedoch wird die Qualität nicht perfekt sein, da man ""off-screen"" aufnimmt. Wichtige Tipps sind, Ablenkungen zu minimieren, die Kamera stabil zu positionieren und den Bildschirm vollständig im Bild zu haben. Es wird darauf hingewiesen, dass Videos viel Speicherplatz benötigen und Anleitungen zur Übertragung, Bearbeitung und zum Hochladen auf Plattformen wie YouTube angeboten werden.",2.938343048095703
034_968,"### Instruction1:
Er sollte dir das Gefühl geben, ein Superheld zu sein. Du solltest das Gefühl haben, dass du mit ihm jeder sein und alles tun kannst. Du solltest keine Angst vor den Herausforderungen in deinem Leben haben, denn er gibt dir das Vertrauen, dass du stark genug bist, um sie zu meistern. Wenn du mit ihm zusammen bist, solltest du das Gefühl haben, dass du die Welt erobern und gewinnen kannst. Das bedeutet nicht nur, das ""verrückte Ich"" zu sein, das nur deine engen Freunde oder Familie kennen; es bedeutet, ihn dich verletzlich sehen zu lassen, sei es ohne Make-up, nach einem schweißtreibenden Workout, wenn du Angst hast oder während du weinst. Fühlst du die Notwendigkeit, Dinge vor ihm zu verbergen? Wenn du das Gefühl hast, dass du Dinge über dich oder dein Leben verbergen musst, dann ist er vielleicht nicht der Richtige. Er sollte dich lieben, egal was passiert, und wenn du dir Sorgen machst, dass er dich wegen deiner etwas behaarten Winterbeine verlassen könnte, dann ist er vielleicht nicht der Richtige. Natürlich bedeutet das nicht, dass es zwischen euch keinen Konflikt geben wird! Unterschiede in Meinungen und Ideen werden immer auftauchen, egal wie sehr ihr euch liebt. Der Schlüssel ist nicht bedingungslose Zustimmung, sondern das Engagement, Konflikte auf gesunde, respektvolle Weise zu bewältigen. Stellst du dir vor, dass ihr an fernen Geburtstagen oder Feiertagen zusammenkuschelt? Fantasierst du über die Wohnung, das Haus, die Haustiere oder sogar Kinder, die ihr eines Tages zusammen haben könntet?

### Instruction2:
Der Text beschreibt, dass eine Beziehung dich ermutigen und stärken sollte. Du solltest dich mit deinem Partner wie ein Superheld fühlen können, ohne Angst vor Herausforderungen zu haben. Es wird betont, dass du dich verletzlich zeigen kannst, ohne etwas verbergen zu müssen. Wenn du das Gefühl hast, Dinge verstecken zu müssen, könnte er nicht der Richtige sein. Konflikte sind normal, und es ist wichtig, diese respektvoll zu lösen. Zudem wird die Vorstellung erwähnt, gemeinsame Zukunftspläne zu haben, wie ein gemeinsames Zuhause oder Familienleben.",2.8671422004699707
034_29371,"### Instruction1:
Wenn Ihre Brustenge mit Sodbrennen einhergeht, liegt es wahrscheinlich an einem gastrointestinalen Problem. Aufstehen und sich bewegen, anstatt zu liegen, kann dieses Problem und die dadurch verursachte Brustenge verringern. Versuchen Sie leichte Übungen, wie einen Spaziergang oder Treppensteigen. Sie können auch Antazida für schnelle Linderung bei saurem Reflux einnehmen. Brustenge, die durch sauren Reflux verursacht wird, kann durch eine angepasste Ernährung gelindert werden, wie z.B. durch Senkung der Natriumaufnahme. Wenn Ihre Brustenge durch Herzprobleme, COPD oder andere Probleme verursacht wird, kann Ihr Arzt ebenfalls Ernährungsempfehlungen geben oder eine Gewichtsreduktion vorschlagen. Sobald Ihr Arzt herausgefunden hat, was Ihre Brustenge verursacht, kann er empfehlen, bestimmte Gewohnheiten zu ändern, wie das Rauchen aufzugeben, um das Problem zu lindern. Diese können zusammen mit oder anstelle von Medikamenten verwendet werden. Lebensstiländerungen, die einige Arten von Brustenge verringern können, umfassen: Regelmäßige Bewegung, Entspannungstechniken wie Meditation, eine ausgewogene Ernährung, Vermeidung von Koffein, Alkohol, Tabak und Drogen.

### Instruction2:
Der Text bespricht Brustenge und deren mögliche Ursachen. Wenn Brustenge mit Sodbrennen auftritt, könnte es sich um ein gastrointestinales Problem handeln, das durch Bewegung gelindert werden kann. Leichte Übungen und Antazida können helfen. Eine angepasste Ernährung und Gewichtsreduktion sind ebenfalls wichtig, insbesondere wenn Herzprobleme oder COPD vorliegen. Der Arzt kann Gewohnheitsänderungen empfehlen, um das Problem zu lösen. Zu den empfohlenen Lebensstiländerungen gehören regelmäßige Bewegung, Entspannungstechniken, eine ausgewogene Ernährung und das Vermeiden von schädlichen Substanzen.",2.893271923065185
034_19541,"### Instruction1:
Wenn Ihr iPad häufig abstürzt, kann ein Werksreset der beste Weg sein, um es wieder zum Laufen zu bringen. Sie verlieren nichts, wenn Sie zuerst ein Backup in iCloud machen, aber Sie müssen alle Inhalte von iTunes von Ihrem Computer erneut synchronisieren. Sie müssen mit dem Internet verbunden sein, um ein iCloud-Backup durchzuführen. Eine drahtlose Verbindung wird empfohlen, damit Sie Ihr Datenvolumen nicht verbrauchen. Der Backup-Prozess kann eine Weile dauern, bis er abgeschlossen ist. Sie sehen das Datum unterhalb, das sich auf das heutige Datum ändert, wenn es abgeschlossen ist. Tippen Sie zweimal auf die ""<""-Taste oben links, um zur Liste der Einstellungen zurückzukehren. Sie finden dies am Ende der Liste. Sie müssen Ihren Bildschirmentsperrcode eingeben, sowie Ihren Einschränkungscode, falls Sie einen haben. Dies kann etwa 20 Minuten dauern. Sie sehen eine Fortschrittsanzeige unter dem Apple-Logo. Sobald das iPad mit dem Zurücksetzen fertig ist, beginnt der Prozess zur Einrichtung des neuen Geräts. Melden Sie sich während der Einrichtung mit Ihrer Apple-ID an, wenn Sie dazu aufgefordert werden. Dadurch können Sie Ihr iCloud-Backup wiederherstellen. Wenn Sie aufgefordert werden, wiederherzustellen oder als neu einzurichten, wählen Sie ""Aus iCloud wiederherstellen."" Das iPad wird das Backup herunterladen und Ihre Einstellungen wiederherstellen. Die Apps, die Sie zuvor installiert hatten, beginnen erneut, auf Ihr iPad heruntergeladen zu werden. Dies kann eine Weile dauern, wenn Sie viele Apps hatten, aber Sie können Ihr iPad verwenden, während sie im Hintergrund installiert werden.

### Instruction2:
Der Text beschreibt, wie man ein iPad zurücksetzt, wenn es häufig abstürzt. Zuerst sollte ein Backup in iCloud erstellt werden, um Datenverlust zu vermeiden. Danach kann man das iPad zurücksetzen, indem man den Anweisungen folgt, einschließlich der Eingabe eines Passcodes. Nach dem Zurücksetzen wird man aufgefordert, sich mit der Apple-ID anzumelden, um das Backup wiederherzustellen. Der gesamte Prozess umfasst das Herunterladen der Apps im Hintergrund, während die Benutzer das iPad weiterhin verwenden können.",3.5200486183166504
034_57053,"### Instruction1:
Wenn Sie nur wenige Läuse haben, ist die Verwendung eines Nissenkamms zur Entfernung von Schambeinläusen und Nissen eine der einfachsten und kostengünstigsten Behandlungen für den Parasiten. Die Behandlung ist auch zeitaufwändig, da es bis zu 14 Tage dauern kann, um alle Läuse und Nissen manuell loszuwerden. Es ist sehr verbreitet, diese Technik mit einer anderen natürlichen Behandlung zu kombinieren. Vaseline erstickt die Läuse in Ihrem Schamhaar. Tragen Sie großzügig Vaseline auf den Schambereich auf. Stellen Sie sicher, dass die Vaseline die Basis der Schamhaare bedeckt, um das Entfernen der Nissen mit einem Nissenkamm zu erleichtern. Sie können Vaseline so oft auftragen, wie nötig, um die Läuse und Nissen loszuwerden. Seien Sie sich bewusst, dass gewöhnliche Vaseline nicht zur Behandlung von Schambeinläusen und Nissen in den Augenbrauen oder Wimpern verwendet werden sollte, da sie sehr reizend für das Auge sein kann. Ihr Arzt kann jedoch eine ophthalmologische Vaseline verschreiben, die auf die Augenbrauen und Wimpern aufgetragen werden kann. Das Trimmen der Schamhaare so kurz wie möglich erhöht die Wirksamkeit anderer Behandlungen gegen Schambeinläuse, sei es natürlich, rezeptfrei oder auf Rezept. Es ist wichtig zu beachten, dass das bloße Rasieren der Schamhaare keine effektive Behandlung für Schambeinläuse ist, da sie sich einfach in andere behaarte Bereiche des Körpers verlagern können.

### Instruction2:
Die Passage beschreibt effektive Methoden zur Behandlung von Schambeinläusen. Eine einfache und kostengünstige Methode ist die Verwendung eines Nissenkamms, die jedoch bis zu 14 Tage dauern kann. Die Kombination mit Vaseline wird empfohlen, da sie Läuse erstickt. Es ist wichtig, Vaseline vorsichtig im Schambereich zu verwenden und zu vermeiden, sie in den Augenbereich aufzutragen. Das Trimmen der Schamhaare kann die Wirksamkeit anderer Behandlungen erhöhen, während das bloße Rasieren nicht effektiv ist, da Läuse sich in andere Bereiche verlagern können.",2.8966360092163086
034_27067,"### Instruction1:
Die Verwendung von kalter Luft hilft Ihnen, Wasserdampf aus Ihrem Mund zu erzeugen, der wie Rauch aussieht. Wenn es Winter ist, nutzen Sie die kalte Luft draußen oder die kalte Luft aus Ihrem Gefrierschrank. Die Verwendung von Winterluft ist einfach, aber da viele Menschen wissen, wie man das macht, ist es keine sehr clevere Methode, um Rauch zu erzeugen. Versuchen Sie, wenn möglich, einen Gefrierschrank zu verwenden, da dies einen aufregenderen Effekt erzeugt. Bedenken Sie, dass es aufgrund der kleineren Quelle kalter Luft aus dem Gefrierschrank schwieriger sein kann, Rauch zu erzeugen oder ihn schwerer zu sehen.

### Instruction2:
Die Anleitung beschreibt, wie man mit kalter Luft Wasserdampf erzeugt, der wie Rauch aussieht. Im Winter kann man kalte Außenluft oder die Luft aus einem Gefrierschrank verwenden. Obwohl es einfach ist, kalte Luft zu nutzen, ist es nicht besonders originell, da viele damit vertraut sind. Die Verwendung eines Gefrierschranks kann jedoch einen interessanteren Effekt erzeugen, obwohl es schwieriger sein kann, den Rauch zu sehen, da die kalte Luftquelle kleiner ist.",1.8414595127105715
034_12582,"### Instruction1:
Der beste Teil von Facebook ist, dass es dir ermöglicht, echte Fotos von Menschen zu sehen, die ihr Leben leben. Es beschränkt auch nicht, wie viele Fotos du posten kannst! Gehe durch dein Profil und stelle sicher, dass deine besten Fotos angezeigt werden. Du solltest deine beste Seite zeigen! Zeige Fotos, die dich attraktiv und interessant aussehen lassen. Achte darauf, dass du Fotos von dir hast, die deine Lieblingshobbys zeigen, wie Sport treiben, Porträts malen, mit Freunden abhängen oder zum Strand gehen. Lösche, verstecke oder entmarkiere Fotos, die dich nicht gut darstellen. Befreie dich von irgendwelchen Verbindungen zu deinen Ex-Partnern. Einige Menschen übersehen diese Abschnitte, aber sie ermöglichen es dir, zusätzliche Informationen über dich selbst zu teilen. Dies könnte dir helfen, die Person, in die du verknallt bist, zu gewinnen! Gib ein paar Sätze an, die deine Persönlichkeit zusammenfassen, was dich interessiert und eine coole Tatsache über dich. Der Abschnitt „Einführung“ befindet sich auf der Vorderseite deiner Profilseite, direkt unter deinem Foto. Schreibe: „Ich bin ein technikaffiner Brainiac, der Comicbücher, Superheldenfilme und alles mit Schokoladensirup liebt. Am Wochenende kämpfe ich gegen Roboter.“ Im Abschnitt „Über mich“ kannst du ein wenig über dich selbst im Abschnitt „Details über dich“ teilen. Facebook zeigt die Seiten, die du „magst“, auf deinem Profil. Das bedeutet, dass du zu den Seiten von Bands, Filmen, Büchern, Sportteams, Spielen und anderen Dingen, die dich interessieren, gehen und auf die Schaltfläche „Gefällt mir“ klicken musst. Wenn potenzielle Singles deine Seite besuchen, können sie diese Interessen auf deiner „Über“-Seite sehen! Du kannst Interessen schneller hinzufügen, indem du zu deiner „Über“-Seite gehst. Gehe zu der Kategorie, die du erweitern möchtest, und drücke dann die Schaltfläche, um mehr von dieser Kategorie hinzuzufügen. Die Schaltfläche befindet sich in der oberen rechten Ecke jedes Abschnitts.

### Instruction2:
Der Text beschreibt, wie man sein Facebook-Profil optimiert, um attraktiv und interessant zu wirken. Dazu gehört, die besten Fotos auszuwählen, die eigene Persönlichkeit in kurzen Sätzen zu beschreiben und Hobbys zu zeigen. Es wird empfohlen, unvorteilhafte Fotos zu löschen und Verbindungen zu Ex-Partnern zu entfernen. Zudem sollte man die „Gefällt mir“-Seiten aktualisieren, um gemeinsame Interessen zu präsentieren. Der „Einführungs“- und „Über mich“-Abschnitt sind wichtig, um potenziellen Singles Informationen über sich selbst zu geben.",3.326769590377808
034_56252,"### Instruction1:
Es gibt viele verschiedene Arten von Bibliotheken, die unterschiedliche Funktionen haben. Die Google-Dokumente-Anwendung „Google Slides“ ist beispielsweise eine sehr benutzerfreundliche Alternative zu einer Software. Melde dich für ein kostenloses Konto auf einer Foto-Share-Website an. Eine weitere beliebte Website zum Teilen und Erstellen von Folien ist Photobucket. Für diese Seiten musst du eine Mitgliedschaft erstellen, die normalerweise kostenlos ist. Wenn du bereits ein E-Mail-Konto bei Gmail hast, hast du Zugriff auf Google Slides. Lade deine digitalen Bilder in ein Album auf der Website hoch. Wähle das Album aus, in dem du deine Diashow speichern möchtest. Eine weitere Möglichkeit, deine Fotos zu organisieren, besteht darin, sie einzeln in eine Diashow-Vorlage zu importieren. Navigiere durch die Benutzeroberfläche der Foto-Share-Website, um die Diashow-Optionen zu sehen. Du kannst Vorlagen, Übergangseffekte oder Musikauswahlen auswählen. In Photobucket klickst du auf einen Pfeil neben „Mein Zuhause“ oder „Meine Alben“. Wähle „Erstellungstools“ und klicke auf „Jetzt ausprobieren“ unter der Option „Diashows“. Damit kannst du sehen, welche Diashow-Stile oder -Themen zur Auswahl stehen. Möglicherweise musst du auf die Bilder klicken oder sie in deine Diashow ziehen, um sie hinzuzufügen. Eine andere Option ist, eine Gruppe von Fotos auszuwählen und dann „Diashow erstellen“ auszuwählen. Wähle aus den verschiedenen Optionen, um deine Diashow anzupassen. Dazu gehört, die Diashow-Bilder groß oder klein zu machen oder Titel zu deinen Fotoslides hinzuzufügen. Speichere deine Diashow.

### Instruction2:
Der Text beschreibt verschiedene Möglichkeiten, Diashows zu erstellen und Fotos zu organisieren, hauptsächlich über Google Slides und Photobucket. Zuerst wird erklärt, wie man sich bei diesen Plattformen anmeldet und digitale Bilder hochlädt. Anschließend werden die Schritte zur Erstellung einer Diashow erläutert, einschließlich der Auswahl von Vorlagen und Übergangseffekten. Außerdem wird beschrieben, wie man Fotos in die Diashow einfügt und sie anpasst, z. B. durch Größenauswahl und Hinzufügen von Titeln. Schließlich wird betont, dass die Diashow gespeichert werden sollte.",3.7773919105529785
034_5818,"### Instruction1:
Neutrale Farben sind Schwarz, Weiß, Braun, Grau und manchmal auch Oliv- und Marineblau, aber sie können auch metallische Farben wie Silber, Bronze und Gold enthalten. Wähle eine neutrale Farbe für den Hauptteil deines Outfits und füge 1-2 andere Farben hinzu. Zum Beispiel, probiere einen schwarzen Anzug mit einem hellrosa Hemd oder ein silbernes Kleid mit einer knallblauen Jacke darüber. Wenn du Neutraltöne wie Marineblau und Oliv mit anderen Farben kombinierst, denke über ihre Farbtöne nach. Oliv passt gut zu Kastanienrot und Orange, aber auch zu Blau und Gold, weil sie nah beieinander auf dem Farbkreis liegen. Wähle 2 komplementäre Farben auf dem Farbkreis aus und nutze diese, um dein Outfit zu gestalten. Wenn du Orange und Blau wählst, könntest du zum Beispiel ein leuchtend oranges Hemd mit einer dunklen Jeans kombinieren. Eine weitere gute Möglichkeit, komplementäre Farben effektiv zu nutzen, besteht darin, 1 komplementäre Farbe mit einem blasseren Farbton der gegenüberliegenden Farbe zu kombinieren. Zum Beispiel, mische ein lila Kleid mit einem hellgelben Schal. Versuche, 2-3 Farben auszuwählen, die direkt nebeneinander auf dem Farbkreis liegen, und führe dein Outfit mit diesen. Diese ähnlichen Farbtöne lassen dein Outfit kohärent wirken. Zum Beispiel könntest du ein leuchtend gelbes Sommerkleid mit einem hellorangefarbenen Schal kombinieren. Ein weiteres Beispiel für die effektive Verwendung von analogen Farben könnte ein scharlachrotes Kleid mit goldenem Schmuck und rosa Schuhen sein. Obwohl du normalerweise vermeiden solltest, warme und kalte Farben zu mischen, kannst du gelegentlich diese Regel brechen, wenn du etwas findest, das gut zusammen aussieht. Zum Beispiel könnte ein hellgrüner Cardigan zu deinem leuchtend gelben Kleid fantastisch aussehen. Ein guter Ausgangspunkt für einen monochromen Look sind die Primärfarben. Wähle eine einzige Farbe, um deinen Look zu beginnen, und wähle dann Schattierungen und Farbtöne dieser Farbe, um dein Outfit zusammenzustellen. Zum Beispiel, probiere einen marineblauen Hosenanzug mit einem hellblauen Hemd und leuchtend blauen Pumps. Wenn du einen monochromen Look kreierst, versuche, im gleichen Bereich des Farbkreises zu bleiben. Das heißt, wenn du Blau wählst, stelle sicher, dass du echt blaue Farbtöne wählst, nicht lila Blaus. Die Primärfarben Rot, Gelb und Blau sehen oft großartig aus mit einem soliden Farbblock, wie zum Beispiel schwarze Hosen mit einem gelben Oberteil. Probiere, ein leuchtend rotes Hemd mit grauen Leggings oder einen königsblauen Rock mit einem fließenden weißen Oberteil zu tragen. Wenn du mutiger sein willst, versuche, mehr als 1 Primärfarbe in einem Outfit zu kombinieren, wie zum Beispiel Blue Jeans, ein leuchtend rotes Oberteil und eine gelbe Tasche. Normalerweise kannst du erkennen, wenn 2 Farben nicht ganz richtig zusammenpassen, indem du sie nebeneinander hältst. Du kannst jedoch möglicherweise nicht erraten, wie sie zusammen aussehen, bevor du sie siehst. Nimm alle Teile aus deinem Kleiderschrank und versuche, verschiedene Teile zu kombinieren, die du normalerweise nicht zusammen trägst. Du könntest etwas zusammenstellen, das großartig aussieht und das du vorher nie getragen hättest.

### Instruction2:
Der Text beschreibt die Verwendung von neutralen, komplementären und analogen Farben in der Mode. Er empfiehlt, zunächst eine neutrale Farbe für das Hauptoutfit zu wählen und dann ein oder zwei weitere Farben hinzuzufügen. Die Wahl von komplementären Farben auf dem Farbkreis und das Mischen von ähnlichen Farbtönen werden als effektive Techniken hervorgehoben, um ein kohärentes Outfit zu erstellen. Das Experimentieren mit verschiedenen Kleidungsstücken aus dem Kleiderschrank wird empfohlen, um neue stilvolle Kombinationen zu entdecken. Monochrome Looks mit Primärfarben werden ebenfalls als stilvoll beschrieben.",5.019371747970581
034_13877,"### Instruction1:
Die Empfindung von Ohrendruck ist oft keine Blockade, sondern eine kurze Dysfunktion der Eustachischen Röhre im Mittelohr. Sie können diese Röhre mit verschiedenen einfachen Schritten öffnen, um den Druck in Ihrem Ohr auszugleichen, darunter: Gähnen, Kauen, Schlucken und versuchen, durch die Nase auszuatmen, während Sie Ihre Nasenlöcher zusammenkneifen. Bei einer Nasennebenhöhlenentzündung, die zu Ohrendruck führt, können Sie auch helfen, den Druck zu verringern, indem Sie einfach hydratisiert bleiben. Flüssigkeiten helfen, den Schleim zu verdünnen, der den Druck verursacht. Versuchen Sie, täglich mindestens acht Tassen Wasser zu trinken. Durch das Hinzufügen eines zusätzlichen Kissens und das Halten des Kopfes erhöht, erleichtern Sie es Ihren Nebenhöhlen, richtig zu entleeren. Dies wird helfen, den Ohrendruck zu reduzieren. Versuchen Sie, ein Handtuch zu erwärmen und es dann einige Minuten über Ihr Ohr zu legen. Sie können auch eine Tasse über den Teil des Handtuchs legen, der Ihr Ohr bedeckt, um die Wärme zu speichern. Wenn der Druck auf eine Nasennebenhöhlenentzündung zurückzuführen ist, können Sie auch eine heiße, dampfende Dusche nehmen. Dies hilft, den Schleim zu verdünnen und zu entwässern, der Ihre Nasennebenhöhlen verstopft, was helfen wird, den Druck zu lindern.

### Instruction2:
Der Text beschreibt, dass Ohrendruck häufig eine Dysfunktion der Eustachischen Röhre im Mittelohr ist und keine Blockade darstellt. Um den Druck auszugleichen, gibt es verschiedene Methoden wie Gähnen, Kauen, Schlucken und Ausatmen durch die Nase mit geschlossenen Nasenlöchern. Eine ausreichende Flüssigkeitszufuhr hilft, den Schleim zu verdünnen, und das Halten des Kopfes erhöht kann die Entleerung der Nasennebenhöhlen fördern. Zusätzliche Tipps sind das Auflegen eines warmen Handtuchs auf das Ohr oder das Nehmen einer heißen Dusche zur Linderung des Drucks.",3.1445155143737797
034_45184,"### Instruction1:
Die meisten Menschen finden, dass es nicht ausreicht, nur zu wissen, dass sie aufhören sollten. Um jede Art von Sucht zu beenden, ist es notwendig, einen festen Grund zu haben, der Ihnen mehr bedeutet als das Rauchen von Zigaretten. Denken Sie gründlich darüber nach, warum Sie persönlich aufhören möchten. Mit anderen Worten, was ist Ihre Motivation für ein volles, gesundes Leben? Viele Menschen finden nur dann die Kraft, aufzuhören, wenn sie erkennen, dass sie es für jemanden tun, den sie lieben. Ist Ihre Inspiration für das Aufhören der Wunsch, Ihre Kinder oder Enkelkinder aufwachsen zu sehen, oder möchten Sie mit Ihrem Partner alt werden? Vielleicht ist der Grund, dass Sie Ihre eigene Gesundheit nicht ruinieren möchten. Möglicherweise haben Sie eine Liste von Dingen, die Sie vor Ihrem Tod erreichen möchten, wie das Schreiben eines Romans oder das Wandern auf dem Pacific Crest Trail. Wenn Sie finanziell in Schwierigkeiten sind, kann auch das Sparen von Geld als Motivation dienen, besonders wenn Sie an all die anderen Dinge denken, für die Sie es ausgeben könnten. Stellen Sie sicher, dass Sie Ihre Gründe für das Aufhören sowie die Gründe, warum Sie rauchen, aufschreiben. Wenn Sie dies schriftlich festhalten, wird es einfacher, sich an Ihre Gründe für das Aufhören zu erinnern, was entscheidend ist, da die psychologischen Aspekte des Rauchens viel mächtiger sind als die physiologischen Aspekte. Es ist hilfreich, anderen von Ihrem Plan zu erzählen und ihnen mitzuteilen, wann Ihr Startdatum sein wird. Wenn Sie jedem sagen, den Sie kennen, dass Sie an Ihrem Geburtstag aufhören, werden Sie eher dazu neigen, sich daran zu halten. Sagen Sie den Menschen, von denen Sie wissen, dass sie Ihren Plan unterstützen werden. Sie können auch Freunde und Familienmitglieder bitten, Ihnen zu helfen, Verantwortung zu übernehmen. Zum Beispiel können Sie ihnen versprechen, ihnen einen bestimmten Geldbetrag zu zahlen, wenn sie Sie rauchen sehen. Dies kann Ihnen helfen, sich an Ihren Plan zu halten. In den Tagen vor Ihrem Aufhördatum sollten Sie beginnen, die Dinge loszuwerden, die Ihre Gewohnheit unterstützen. Werfen Sie alle Ihre speziellen Papiere, Aschenbecher und andere Gegenstände weg, die Sie an das Rauchen erinnern. Diese Dinge aufzubewahren, ist ein Zeichen dafür, dass Sie nicht wirklich entschlossen sind, aufzuhören, da Sie davon ausgehen müssen, dass Sie die Gegenstände in Zukunft wieder benötigen werden. Da selbst der Geruch von altem Zigarettenrauch Verlangen hervorrufen kann, sollten Sie auch Ihre Garderobe und Ihr Zuhause auffrischen. Lüften Sie alles, waschen Sie alle Ihre Kleider und beseitigen Sie Gegenstände, die den Geruch halten. Sie können entweder langsam bis zu dem Tag, an dem Sie vollständig aufhören möchten, zurücktreten oder bis zum Tag warten und kalt aufhören. Es gibt keine Methode, die als erfolgreich erwiesen ist, also wählen Sie diejenige, die am besten zu Ihrer Persönlichkeit passt. Das Wichtige ist, tatsächlich am Tag, den Sie gewählt haben, aufzuhören - ohne Ausreden. Wenn Sie sich entscheiden, schrittweise aufzuhören, reduzieren Sie Ihre Gewohnheit in den Wochen vor dem Datum. Wenn Sie zum Beispiel ein Packung-Raucher sind, reduzieren Sie auf eine halbe Packung pro Tag, dann nur noch drei Zigaretten pro Tag, und in der Woche vor Ihrem Aufhördatum nur eine pro Tag. Wenn der Tag kommt, hören Sie auf. Sie können auch Produkte wie Nikotinkaugummis oder Nikotinpflaster verwenden, um den Übergang zum Nichtrauchen zu erleichtern. Verschreibungspflichtige Medikamente, die das Aufhören erleichtern, sind ebenfalls verfügbar; sprechen Sie mit einem Arzt für weitere Informationen. Wenn Sie sich entscheiden, kalt aufzuhören, stellen Sie sicher, dass Sie einen guten Plan haben, um es wirklich zu tun, wenn der Tag kommt. Es könnte helfen, das Aufhören zu einem kleinen Ereignis zu machen. Lassen Sie Freunde dabei sein, wenn Sie die letzte Packung Zigaretten wegwerfen, und feiern Sie dann mit einem gesunden Abendessen. Denken Sie daran, dass das kalte Aufhören besser sein kann, weil das Nikotin schneller aus Ihrem System kommt als beim schrittweisen Aufhören.

### Instruction2:
Der Text ermutigt Menschen, die mit dem Rauchen aufhören möchten, sich klare und bedeutende persönliche Gründe zu überlegen, die stärker sind als ihre Sucht. Es wird empfohlen, diese Gründe aufzuschreiben und andere über den Plan zu informieren, um Unterstützung zu erhalten. Der Text schlägt vor, die Gewohnheiten vor dem Aufhördatum schrittweise zu reduzieren oder kalt aufzuhören und gibt Tipps, wie man sich auf den Aufhörprozess vorbereiten kann, einschließlich der Beseitigung von Raucherutensilien und der Verwendung von Hilfsmitteln wie Nikotinkaugummis. Es wird betont, dass eine klare Verpflichtung und ein gut geplanter Aufhörtag entscheidend sind, um den Erfolg zu sichern.",6.367207050323486
034_41903,"### Instruction1:
Verwende einen speziellen Nageltrimmer, um die Haut um die Nagelhaut zu kürzen. Sei jedoch vorsichtig – wenn du zu grob bist, kann die Nagelhaut bluten. Du kannst auch ein Nagelhautentferner-Gel verwenden. Dies ist eine Flüssigkeit, die nur einige Sekunden auf der Haut bleiben sollte. Sie frisst die abgestorbene Haut weg, wodurch sie leichter abzukommen ist. Es ist auch gut für Hornhaut. Achte darauf, dies richtig zu timen. Du willst nicht so schnell sein, dass du ihre Haut schneidest und Verletzungen verursachst, aber du willst auch nicht so langsam sein, dass die andere Hand anfängt zu knittern. Nach ein paar Minuten möchtest du vielleicht die andere Hand aus dem Wasser nehmen, sie trocken tupfen und zur ersten Hand zurückkehren. Verwende einen Gummischieber für die Nagelhaut und schiebe die Nagelhaut sanft zurück. Dies lässt die Nägel länger und sauberer erscheinen. Stelle sicher, dass alle losen Hautpartien entfernt werden und gib beiden Händen einen letzten Blick. Einige Menschen mögen es, die Nagelhaut nach diesem Schritt zu befeuchten. Wenn du das tust, stelle nur sicher, dass du alle Rückstände mit Nagellackentferner abwischst, bevor du mit dem Lackieren der Nägel beginnst. Feile die Nägel so, wie es deinem Freund gefällt. Rund? Quadrat? Irgendwo dazwischen? Stelle sicher, dass sie in der Länge einheitlich sind. Frag deinen Freund, was er mag und arbeite von dort aus. Achte darauf, in eine Richtung zu feilen, um den Nagel so stark wie möglich zu halten. Nimm dir Zeit; wenn du zu hastig bist, wirst du ihn kürzer machen als beabsichtigt – und dann musst du auch den Rest kürzen. Eine Feile (Nagelfeile) mit einer Körnung von 240 ist ein guter Ausgangspunkt, wenn du dir unsicher bist.

### Instruction2:
Der Text beschreibt, wie man die Nagelhaut sicher und effektiv pflegt. Zunächst wird empfohlen, die Haut um die Nagelhaut mit einem speziellen Trimmer oder Gel zu kürzen und dabei vorsichtig zu sein, um Verletzungen zu vermeiden. Nach dem Einweichen der Hände wird die Nagelhaut sanft zurückgeschoben, was die Nägel sauberer erscheinen lässt. Es wird geraten, die Nägel nach den Vorlieben des Freundes zu feilen und darauf zu achten, in eine Richtung zu feilen, um die Nagelstärke zu erhalten. Zudem wird empfohlen, genügend Zeit zu investieren, um ein zufriedenstellendes Ergebnis zu erzielen, ohne versehentlich die Nägel zu kurz zu machen.",3.407839298248291
034_28465,"### Instruction1:
Viralinfektionen sprechen nicht gut auf Behandlungen an. Aber Wissenschaftler haben Impfstoffe entwickelt, die eine große Anzahl von Virusinfektionen verhindern können. Sprechen Sie mit Ihrem Arzt darüber, welche Impfungen er empfehlen würde. Kinder frühzeitig impfen zu lassen, kann viele potenziell schwerwiegende Krankheiten im späteren Leben verhindern. Erwägen Sie Impfungen gegen: Pneumokokkeninfektionen, die vor den Bakterien schützen, die Ohrenentzündungen, Nasennebenhöhlenentzündungen, Lungenentzündungen, Meningitis und Sepsis verursachen. H. influenzae, das obere Atemwegsinfektionen wie Ohren- und Nasennebenhöhlenentzündungen verursacht. Es kann auch schwerwiegendere Infektionen wie Meningitis verursachen. Kinder ab 11 Jahren sollten gegen Meningitis geimpft werden. Impfstoffe verursachen keinen Autismus. Der einzige Forscher, der diese Behauptung aufstellte, fälschte seine Daten und verbarg Zahlungen von Anwälten, und jeder unabhängige Forscher hat seitdem keinen Zusammenhang gefunden. Impfungen müssen von der FDA zugelassen und umfassend getestet werden, um zu zeigen, dass sie wirken. Ihr Kind zu impfen, könnte sein Leben retten. Erwachsene, die weniger als sechs Stunden Schlaf pro Nacht bekommen, haben beeinträchtigte Immunreaktionen. Dies reduziert Ihre Fähigkeit, Infektionen abzuwehren. Versuchen Sie, jede Nacht mindestens sieben bis acht Stunden ununterbrochenen Schlaf zu bekommen, um Ihr Immunsystem stark zu halten. Was Sie in Ihren Körper aufnehmen, kann massive Auswirkungen auf seine Fähigkeit haben, Infektionen zu bekämpfen. Ernähren Sie Ihren Körper mit Vollwertkost wie Obst, Gemüse und Vollkornprodukten. Vermeiden Sie verarbeitete Lebensmittel, die oft reich an Zucker und gesättigten Fetten sind, die schlecht für Ihren Körper sind. Achten Sie darauf, täglich 1000 mg Vitamin C und 2000 IE Vitamin D zu sich zu nehmen. Auch die Vitamine A und E sind wichtig wegen ihrer antioxidativen Eigenschaften. Wenn Sie wissen, dass jemand krank ist, halten Sie Abstand, bis er sich erholt hat und nicht mehr ansteckend ist. Auch wenn keine sichtbare Krankheit um Sie herum ist, halten Sie gute Hygienepraxis aufrecht. Waschen Sie sich die Hände, nachdem Sie öffentliche Räume verlassen haben, und waschen Sie sie immer vor dem Essen. Wenn Sie in der Öffentlichkeit keinen Zugang zu Wasser haben, tragen Sie eine kleine Flasche Handdesinfektionsmittel bei sich. Studien zeigen, dass hohe Stresslevel tatsächlich die Immunreaktion dämpfen. Dies macht Sie anfällig für Krankheiten. Schaffen Sie Platz in Ihrem Leben für Entspannung und Aktivitäten, die Ihnen Freude bereiten, und versuchen Sie, in diesen Momenten präsent zu sein. Yoga und Meditation sind beliebte Aktivitäten, die Menschen helfen, ihre Stresslevel zu senken. Aerobic-Übungen haben ebenfalls einen signifikanten Einfluss auf Stress. Versuchen Sie, jede Woche mindestens 150 Minuten Aerobic-Übungen in Zeiträumen von 30 bis 40 Minuten zu machen. Wenn Sie trainieren, zielen Sie auf eine Zielherzfrequenz, die Ihrem Alter angemessen ist. Berechnen Sie dies, indem Sie Ihr Alter von der Zahl 220 abziehen. Die Zielherzfrequenz liegt bei 60-80 % Ihrer maximalen Herzfrequenz, abhängig von der Fitness.

### Instruction2:
Der Text beschreibt die Wichtigkeit von Impfungen zur Vorbeugung gegen Virusinfektionen und betont, dass frühzeitige Impfungen bei Kindern viele ernsthafte Krankheiten verhindern können. Es wird empfohlen, mit einem Arzt über notwendige Impfungen zu sprechen, insbesondere gegen Pneumokokken und Meningitis. Der Text widerlegt auch den Mythos, dass Impfstoffe Autismus verursachen, und erklärt, dass Impfstoffe umfassend getestet und von der FDA zugelassen werden müssen. Zudem wird auf die Bedeutung von ausreichend Schlaf, gesunder Ernährung und Stressreduktion hingewiesen, um das Immunsystem zu stärken. Aktivitäten wie Yoga, Meditation und regelmäßige Bewegung werden empfohlen, um Stress abzubauen und die Gesundheit zu fördern.",9.232415914535522
034_41876,"### Instruction1:
Die beste Methode, um Steine zu Hause ohne professionelle Ausrüstung zu zerdrücken, ist mit einem Mörser und einem Stößel. Du solltest sicherstellen, dass er aus einem Material besteht, das härter ist als das Quarz und Gold, das du zerdrückst, wie Stahl oder Gusseisen. Die Zerdrück- und Waschmethode wird dein Quarzstück zerstören. Stelle sicher, dass du mit der Zerstörung deines Quarzes einverstanden bist, bevor du mit dem Zerdrücken und Waschen beginnst. Lege dein Quarzstück in den Mörser oder die Schale deines Mörser- und Stößelsets. Drücke kräftig mit dem Stößel darauf, bis Stücke abbrechen. Zerdrücke diese kleineren Stücke, bis du einen Staub aus Quarz und Gold gemischt hast. Wenn du größere Stücke abbrichst, die nur Quarz sind, kannst du diese aussortieren und dich nur auf die Bereiche konzentrieren, die goldfarbene Partikel enthalten. Gewerblich produzierte Goldpfannen sind online für etwa 10 $ oder weniger erhältlich. Nimm dein zerstoßenes Pulver und mische es mit Wasser in einer großen Wanne. Tauche dann deine Goldpfanne in das Wasser und versuche, so viel Pulver wie möglich hinein zu bekommen. Verwende eine kreisende Bewegung, um das Wasser in deiner Goldpfanne zu schwenken. Echtes Gold, da es am schwersten ist, wird sich am Boden der Pfanne absetzen. Andere leichtere Quarzpartikel steigen an die Oberfläche. Leere das Wasser mit den leichteren Quarzpulvern in einen anderen Behälter, indem du die Goldpfanne leicht kippst, und stelle dies beiseite, um es später zu entsorgen. Du musst diesen Schritt möglicherweise mehrmals wiederholen, um das Gold am Boden absetzen zu lassen. Hab Geduld! Wenn der goldfarbene Staub sich nie am Boden absetzt und stattdessen mit dem anderen Quarzpulver an die Oberfläche steigt, war es leider von Anfang an kein echtes Gold. Nachdem du Zeit mit dem Sieben der Pulver verbracht hast, wirst du vielleicht beginnen, Goldpartikel und -flocken am Boden deiner Pfanne zu sehen. Entferne diese Stücke mit einer Pinzette und lege sie in ein Glasröhrchen, um sie zu einem Gutachter zu bringen, um ihren Wert zu bestimmen. Wenn du andere Stücke von schwarzem Sand am Boden deiner Pfanne hast, die mit deinem Goldstaub vermischt sind, verwende einen starken Magneten, um diese vom Gold zu trennen, bevor du das Gold in ein Röhrchen legst.

### Instruction2:
Um Steine zu Hause zu zerdrücken, wird empfohlen, einen Mörser und einen Stößel zu verwenden. Vergewissere dich, dass das Material härter ist als Quarz und Gold. Zerdrücke das Quarzstück, bis du einen Staub aus Quarz und Gold hast. Verwende eine Goldpfanne, um das pulverisierte Material mit Wasser zu mischen und schwenke es, damit sich das Gold am Boden absetzt. Leere das leichtere Quarzpulver in einen anderen Behälter und wiederhole den Vorgang, bis das Gold sichtbar ist. Entferne die Goldpartikel mit einer Pinzette und bringe sie zu einem Gutachter. Trenne eventuell schwarzen Sand mit einem Magneten vom Gold.",5.892805099487305
034_11814,"### Instruction1:
Schuhe, die zu groß sind, können genauso schmerzhaft sein wie Schuhe, die zu klein sind. Große Schuhe bieten nicht genug Halt und lassen deinen Fuß zu viel bewegen, was zu Scheuerstellen und zusammengekniffenen Zehen führt. Zu kleine Schuhe lassen deine Füße am Ende des Tages eingeengt und schmerzhaft fühlen. Glücklicherweise ist es möglich, Schuhe ein wenig zu dehnen; es ist auch möglich, Schuhe zu füllen, um sie kleiner zu machen. Beachte, dass einige Materialien einfacher zu dehnen sind als andere. Sie bieten zusätzlichen Komfort im Inneren deines Schuhs und verhindern, dass dein Fuß zu viel hin- und herrutscht. Wenn deine neuen Slipper oder Arbeitsschuhe zu groß sind und deine Zehen nach vorne rutschen und eingequetscht werden, versuche, den Zehenbereich mit etwas Schafswolle auszufüllen. Dieses atmungsaktive, luftige Material wird bequemer sein und weniger wahrscheinlich zusammengeknüllt werden, wie Papier. Du kannst auch versuchen, einige Wattebäusche zu verwenden. Ein Schuhspanner kann entweder die Form deines Schuhs erhalten oder ihn dehnen, je nach Länge oder Breite des Spanners. Stecke den Schuhspanner zwischen den Tragezeiten in deinen Schuh. Diese Technik funktioniert am besten bei Leder und Wildleder, funktioniert jedoch nicht bei Gummi oder Plastik. Sprühe deinen Schuh mit etwas Schuhdehnspray ein und stecke den Dehner in deinen Schuh. Alle Schuhdehner sind etwas unterschiedlich, aber die meisten haben einen Griff und einen Knopf. Der Knopf passt die Länge an und der Griff die Breite. Drehe den Griff und den Knopf weiter, bis das Material des Schuhs eng anliegt, und lasse den Dehner dann sechs bis acht Stunden im Schuh. Wenn die Zeit um ist, drehe den Griff und den Knopf in die andere Richtung (um den Schuhdehner kleiner zu machen) und ziehe den Dehner aus deinem Schuh. Dies ist eine großartige Option für zu kleine Slipper und Arbeitsschuhe. Es gibt verschiedene Arten von Schuhdehnern, einschließlich solcher für hohe Absätze. Ein zweifacher Dehner könnte am nützlichsten sein, da er sowohl die Breite als auch die Länge deines Schuhs dehnen kann. Einige Schuhdehner haben Aufsätze für Beschwerden wie Ballenzehen. Stecke diese Aufsätze ein, bevor du den Schuhdehner verwendest. Schuhdehner können nur Schuhe aufbrechen und lockern, sodass sie sich nicht so eng oder fest anfühlen; sie können deinen Schuh nicht um eine ganze Größe vergrößern. Schuhdehner funktionieren am besten mit natürlichen Materialien wie Leder und Wildleder. Sie können bei bestimmten Stoffarten funktionieren, sind jedoch bei Synthetik und Plastik nicht sehr effektiv. Das Dehnen gibt deinen Zehen mehr Platz zum Bewegen, was das Quetschen und die Schmerzen im Fuß verringern kann. Das Dehnen funktioniert jedoch nur bei Schuhen aus Leder und Wildleder. Wenn du ein teures Paar Anzugschuhe hast, das du nicht durch eigenes Dehnen ruinieren möchtest, ist dies eine gute Alternative. Du kannst dies tun, indem du zwei Ziploc-Tüten teilweise mit Wasser füllst und sie fest verschließt, sodass keine Luft mehr in den Tüten ist und das Wasser nicht herausläuft. Lege jede Tüte in die Zehenpartie jedes Schuhs und stecke beide Schuhe ins Gefrierfach. Lass die Schuhe dort, bis das Wasser gefriert, und nimm sie dann heraus. Ziehe die Tüten aus dem Schuh und schlüpfe in die Schuhe. Die Schuhe passen sich deiner Fußform an, während sie wieder warm werden. Dies hilft, die Schuhe bis zu einem gewissen Grad zu dehnen, da Wasser sich beim Gefrieren ausdehnt. Dies funktioniert nur bei natürlichen Materialien wie Leder, Wildleder und Stoff. Es hat möglicherweise keinen großen Einfluss auf Kunststoffe und Kunstleder. Beachte, dass, wenn deine Leder- oder Wildlederschuhe feucht werden, du möglicherweise einige Flecken siehst. Überlege, deinen Schuh mit einem Handtuch zu umwickeln, um ihn zu schützen.

### Instruction2:
Der Text beschreibt die Probleme, die durch zu große oder zu kleine Schuhe entstehen können, und bietet Lösungen zum Dehnen oder Füllen von Schuhen, um sie bequemer zu machen. Er erklärt, dass große Schuhe nicht genug Halt bieten und zu reibung führen, während kleine Schuhe Schmerzen verursachen können. Es werden Methoden wie das Füllen mit Schafswolle oder Wattebäuschen sowie die Verwendung von Schuhdehnern beschrieben. Diese Dehner sind in verschiedenen Formen erhältlich, um sowohl die Breite als auch die Länge der Schuhe anzupassen. Der Text warnt, dass Dehner am besten mit natürlichen Materialien funktionieren und gibt Tipps zur sicheren Anwendung, um Schäden an teuren Schuhen zu vermeiden. Außerdem wird eine Methode mit Wasserbeuteln vorgestellt, um Schuhe bei Gefrieren zu dehnen.",7.289602756500244
034_42520,"### Instruction1:
Dies ist die Mindestmenge an Sonnenlicht, die die Samen benötigen, um zu Setzlingen zu wachsen. Vermeide es, dein Gewächshaus in direkter Sonneneinstrahlung zu platzieren, da du sonst riskierst, die Samen zu verbrennen. Halte dein Gewächshaus mit dem Deckel bedeckt, um die Wärme einzufangen. Ein Pflanzenlicht kann ebenfalls Wärme für deine Setzlinge bereitstellen. Positioniere ein Glühlampenlicht mindestens 61 cm von deinen Pflanzen entfernt, um ein Verbrennen zu vermeiden. Ein fluoreszierendes Licht kann nur 15 cm von deinem Gewächshaus entfernt platziert werden. Wenn du Wasser auf der Oberfläche der Pellets siehst, stoppe und gieße beim nächsten Mal etwas weniger. Sei dir bewusst, dass jedes Pellet täglich unterschiedliche Mengen Wasser benötigen kann. Du solltest nach etwa 10 Tagen nach dem Pflanzen erste Sprösslinge sehen. Wenn die Spitzen der Sprösslinge den Deckel berühren, wenn er geschlossen ist, musst du anfangen, den Deckel abzunehmen. Die durch den Deckel erzeugte Wärme kann tatsächlich die Sprösslinge verbrennen und schädigen. Besorge dir einen einzigen 7,6-Liter-Pflanztopf für jeweils 3 Pellets. Füge Blumenerde in jeden Topf hinzu, bis er halb voll ist. Fülle dann den Rest der Töpfe mit Rindenmulch auf. Grabe ein Loch für jedes Pellet, das nur etwas größer ist als die tatsächliche Größe des Pellets. Hebe jedes Pflanzpellet vorsichtig an und platziere es in einem Loch im Topf. Es ist in Ordnung, mehrere Pellets in einem einzigen Topf zu platzieren, solange sie sich nicht direkt berühren. Wenn ein Pellet keinen sichtbaren Sprössling hat, kannst du es trotzdem transplantieren und hoffen, dass es rechtzeitig eine Pflanze produziert. Bedecke jedes Pellet mit etwa 0,99 cm Blumenerde, sodass die Oberseite des Pellets nicht mehr sichtbar ist. Längere direkte Sonneneinstrahlung wird weiterhin deine Bambussetzlinge verbrennen, also stelle sicher, dass deine Pflanzen etwa halb Sonne, halb Schatten erhalten. Du musst vielleicht sogar deine Töpfe umstellen, um sicherzustellen, dass sie mindestens 6 Stunden Licht bekommen. Die Setzlinge sollten eine leuchtend grüne Farbe behalten. Wenn sie gelb oder braun werden, bekommen sie zu viel Sonne.

### Instruction2:
Der Text beschreibt die Anforderungen an Licht und Pflege für das Wachstum von Pflanzensetzlingen in einem Gewächshaus. Es wird empfohlen, das Gewächshaus nicht in direkter Sonneneinstrahlung zu platzieren und den Deckel zu verwenden, um Wärme zu bewahren. Ein Glühlampenlicht sollte 61 cm und ein fluoreszierendes Licht 15 cm von den Pflanzen entfernt sein. Es wird darauf hingewiesen, dass die Sprösslinge innerhalb von 10 Tagen sichtbar werden und dass beim Erreichen des Deckels dieser entfernt werden muss, um Verbrennungen zu vermeiden. Die richtige Menge Wasser und die Verwendung von Blumenerde und Rindenmulch sind ebenfalls wichtig. Zu viel Sonnenlicht kann die Setzlinge schädigen, weshalb eine Balance zwischen Sonne und Schatten erforderlich ist.",4.060216665267944
034_36004,"### Instruction1:
Um die gutturalen, rau klingenden Gesänge des Death Metal zu erzeugen, müssen Sie das Geräusch aus tief im Zwerchfell kommen lassen. Lassen Sie Ihren Hals und Mund entspannen, damit Sie nur aus Ihrem Zwerchfell und den Stimmbändern Töne erzeugen. Die Form Ihres Mundes zu verändern, kann den Klang, den Sie produzieren, dramatisch verändern. Lassen Sie Ihren Mund entspannen und offen hängen, um harte Metal-Vocals zu erzeugen. Um die tiefen Growls der Death Metal Vocals zu kreieren, müssen Sie die Luft aus Ihrem Zwerchfell ausstoßen, und nicht nur aus Ihrer Lunge. Beginnen Sie mit einem tiefen Atemzug und lassen Sie Ihren Bauch sich ausdehnen. Stellen Sie sicher, dass der Bereich um Ihren Bauch sich füllt, wenn Sie atmen, oder Sie könnten aus Ihrer Brust atmen. Legen Sie Ihre Hand auf Ihre Brust, während Sie atmen. Wenn Ihre Hand sich mehr bewegt als Ihr Bauch, wenn Sie einatmen, atmen Sie nicht in Ihr Zwerchfell. Verwenden Sie die Muskeln Ihres Zwerchfells, um die Luft aus Ihrem Mund zu drücken, sodass es sich anhört, als käme der Wind aus Ihrem Körper. Verwenden Sie noch nicht Ihre Stimmbänder, damit Sie sicherstellen können, dass die Luft aus Ihrem Zwerchfell und nicht aus Ihrer Brust kommt. Drücken Sie die Luft schnell und kraftvoll heraus, indem Sie Ihr Zwerchfell und die Bauchmuskeln anspannen. Während Sie den Atem ausstoßen, fügen Sie von tief in Ihrem Hals heraus harte Growls zu dem Klang hinzu. Es sollte krächzend und fast gurgelnd klingen. Wenn der Klang Ihren Hals schmerzt oder kitzelt, haben Sie sich möglicherweise nicht genug aufgewärmt oder drücken die Luft nicht aus Ihrem Zwerchfell heraus. Sobald Sie den Growl etabliert haben und aus Ihrem Zwerchfell singen, beginnen Sie, Texte zu Ihren harten Vocals hinzuzufügen. Beginnen Sie mit kurzen Versen, die Sie kennen, bevor Sie zu ganzen Songs übergehen. Üben Sie, Texte in unterschiedlichen Tonlagen zu singen, damit Sie herausfinden können, was am besten für Sie klingt. Es wird viel Übung erfordern, um das Singen der Death Metal Vocals zu meistern. Arbeiten Sie daran, die Texte deutlich zu artikulieren, während Sie growlen, damit sie verständlich sind.

### Instruction2:
Der Text beschreibt, wie man die rauen Gesänge des Death Metal erzeugt. Um dies zu erreichen, sollte man das Geräusch aus dem Zwerchfell kommen lassen und den Hals sowie den Mund entspannen. Es ist wichtig, tief in den Bauch zu atmen, um die Luft aus dem Zwerchfell zu drücken, anstatt aus der Brust. Der Text gibt Ratschläge zur Atemtechnik, wie man Growls hinzufügt und die richtige Tonhöhe findet. Man sollte mit kurzen Texten beginnen und die Technik durch Übung perfektionieren, um die Lyrics deutlich zu artikulieren.",3.9862799644470215
034_16423,"### Instruction1:
Das Ziel ist es, sexy, durchtrainierte Beine zu haben, aber man hat nur begrenzt Zeit. Wenn du herausfindest, wo du deine Anstrengungen konzentrieren solltest, kannst du dein Workout maximieren. Vielleicht magst du die Form deiner Waden, hast aber dickere Oberschenkel. Vielleicht denkst du, deine Shorts könnten ein wenig mehr Pepp vertragen. Oder vielleicht möchtest du einfach ein Ganzkörpertraining. Der Punkt ist, es für dich funktionieren zu lassen. Kniebeugen und Ausfallschritte sind die häufigsten Beinübungen. Sie sind großartig, weil sie die meisten oder alle deiner Hauptbeinknochen trainieren und leicht angepasst werden können, um bestimmte Bereiche anzusprechen. Du kannst nach Übungen suchen, die einen bestimmten Bereich trainieren, oder einfach nach Beinstraffungsübungen suchen und sie ausprobieren, um zu sehen, wo du deine Beine am meisten spüren kannst. Zum Beispiel kannst du deinen inneren Oberschenkeln ein zusätzliches Workout geben, indem du einen Medizinball zwischen deinen Beinen zusammendrückst, während du in die Hocke gehst. Oder um deine Waden zu trainieren, kannst du deine Fersen zusammenbringen, die Zehen leicht nach außen zeigen und auf den Ballen deiner Füße aufstehen und in eine halbe Hocke gehen. Auch wenn du Kniebeugen und Ausfallschritte nicht magst, gibt es andere Optionen. Zum Beispiel ist die Brückenposition ein gutes Workout für deine Oberschenkel und deinen Po. Lege dich mit dem Rücken auf den Boden und lege deine Hände neben deinen Körper. Hebe deine Knie an und stelle deine Füße flach auf den Boden. Halte deine Arme flach zur Unterstützung, benutze deine Bauchmuskeln und Gesäßmuskeln, um langsam deinen Po und den unteren Rücken vom Boden zu heben, bis dein Oberkörper eine gerade diagonale Linie bildet. Halte ein paar Momente, dann senke dich langsam kontrolliert wieder ab. Wiederhole dies zwei weitere Male. Du kannst das auch etwas intensiver gestalten. Hebe aus der gehobenen Position dein rechtes Bein gerade nach oben mit dem Fuß geflext. Pulsier 10-15 Mal in dieser Position auf und ab, senke dann deinen Fuß und lasse dich langsam wieder ab. Wiederhole dies auf der anderen Seite. Du kannst dies auch aus der Krabbenposition machen, wenn du auch ein wenig Armmuskulatur trainieren möchtest, aber achte darauf, dass du aus deinem Knie und deinen Ellenbogen pulsiert und nicht aus der Taille. Wähle einige deiner Lieblings- und mitreißenden Melodien und stelle sie für ein wenig zusätzliche Inspiration zusammen. Wenn du regelmäßig dasselbe Musikmix verwendest, wirst du vielleicht feststellen, dass es deinen Fokus steigert und dich auf dein Workout vorbereitet, sodass du bereit bist. Für deine Straffungsübungen benötigst du vielleicht nicht mehr als eine halbe Stunde. Gib deinem Workout Priorität: ob du dich verpflichtest, dein Workout jeden Tag zur gleichen Zeit zu machen oder mehr Flexibilität bevorzugst, stelle sicher, dass du dir die Zeit gibst, die du brauchst, um deine Ziele zu erreichen. Konsistenz ist hier wichtig. Du möchtest vielleicht einen Schrittzähler bekommen oder kannst eine Schrittzähler-App verwenden, wenn du ein Smartphone hast. Unabhängig davon, wie du es verfolgst, setze dir das Ziel, jeden Tag eine bestimmte Anzahl von Schritten zu gehen. Die zusätzliche Aktivität wird großartig für deine Gesundheit sein, und sie kann auch deine Kraft und Fitness verbessern. Die Straffungsübungen sind Krafttraining, aber du solltest auch etwas Cardio machen. Diese Aktivitäten werden deine Herzfrequenz erhöhen und deine körperliche Fitness verbessern. Natürlich wirst du auch etwas zusätzliche Beinarbeit leisten, um deine Ziele zu erreichen. Unabhängig von der Aktivität, an der du beteiligt bist, stelle sicher, dass du dich vor und nach deinem Workout richtig dehnst. Der Punkt ist nicht, deine Beine zu verletzen – es geht darum, sie von gut zu fabelhaft zu machen.

### Instruction2:
Der Text beschreibt, wie man mit gezielten Übungen sexy und durchtrainierte Beine erreichen kann, während man die verfügbare Zeit optimal nutzt. Er empfiehlt Kniebeugen und Ausfallschritte als die häufigsten Übungen, die anpassbar sind, um spezifische Bereiche der Beine anzusprechen. Weitere Übungen wie die Brückenposition werden ebenfalls vorgestellt, um die Oberschenkel und das Gesäß zu trainieren. Der Text ermutigt dazu, eine halbe Stunde für das Training einzuplanen, und hebt die Bedeutung von Konsistenz und zusätzlicher körperlicher Aktivität hervor, um die Fitness zu verbessern. Außerdem wird empfohlen, sich vor und nach dem Training zu dehnen, um Verletzungen zu vermeiden und die Beine zu formen.",6.190760374069214
034_27581,"### Instruction1:
Beginne damit, die Höhe der Pflanze zu messen, an der die Blume befestigt ist. Die meisten Blumen blühen an dem Stängel einer Pflanze. Verwende ein Maßband oder ein Lineal, um die Höhe der Pflanze von oben nach unten zu bestimmen. Einige Pflanzen sind so klein wie 1 Fuß (0,30 m) oder weniger und so groß wie 2 Fuß (0,61 m) oder mehr. Miss, wie breit die Blume in Zoll oder Zentimetern mit einem Lineal oder Maßband ist. Miss über die Blume, von Blütenblatt zu Blütenblatt. Einige Blumen können so klein wie 1⁄8 Zoll (0,32 cm) und so groß wie 2 Zoll (5,1 cm) oder mehr sein. Du kannst nur 1 Blume am Stängel finden, mehrere Blumen an 1 Stängel oder einen Blumenstrauß an 1 Stängel. Einige Blumen erscheinen in einer Doldenform, wo sie in einer schirmartigen Ansammlung von einem Punkt am Stängel hängen. Die Anzahl der Blütenblätter hilft, den Blumentyp zu bestimmen. Alle Blumen haben mindestens 3 Blütenblätter und können bis zu 7-10 Blütenblätter haben. Du solltest auch die Form der Blütenblätter betrachten. Einige Blumen haben Blütenblätter, die alle röhrenförmig sind. Andere Blumen haben Blütenblätter, die ungleichmäßig, gestutzt oder asymmetrisch sind. Die Blütenblattfarbe kann von reinem Weiß bis zu weißlich mit Flecken anderer Farben reichen. Die Blütenblätter können auch pink bis rot, gelb bis orange oder blau bis lila sein. Einige Blumen haben Blütenblätter, die bräunlich oder grünlich sind. Es kann schwierig sein, die Farbe der Blütenblätter zu identifizieren, wenn es Variationen oder mehrere verschiedene Farben gibt. Wähle die Haupt- oder Dominanzfarbe auf den Blütenblättern aus, um die Blume zu identifizieren. Der Stängel der Blume kann dir viel über sie erzählen. Einige Stängel kriechen oder winden sich um andere Objekte oder entlang des Bodens. Andere Stängel ragen gerade aus der Erde und haben eine quadratische Form. Der Stängel der Blume kann auch haarig oder stachelig in der Textur erscheinen. Er kann Dornen oder Stacheln haben, die vom Stängel abstehen. Einige Stängel haben eine glatte oder glänzende Textur, die hart erscheint. Achte darauf, ob die Blätter eine glatte Kante oder eine gezackte Blattrand haben. Einige Blumen haben Blätter, die 4 oder mehr Zähne um den Rand haben, die 1 Zoll (2,5 cm) oder mehr voneinander entfernt sind. Einige Blumen haben tiefe Schnitte an den Rändern der Blätter. Du solltest auch darauf achten, ob es 1 Blatt an jedem Stängel gibt, das genauso breit wie lang ist oder 1,5 bis 5 Mal so breit wie lang ist. Einige Blumen haben 1 Blatt am Stängel, das 5 Mal so lang ist wie breit. Achte auf die Anordnung der Blätter am Stängel. Überprüfe, ob die Blätter abwechselnd auf jeder Seite des Stängels oder auf der gegenüberliegenden Seite voneinander erscheinen. Einige Blumen haben Blätter, die in Gruppen von 3 vom Stängel ausgehen. Sobald du die physischen Merkmale der Blume gesammelt hast, kannst du diese Informationen in eine Online-Pflanzendatenbank oder Enzyklopädie eingeben. Du kannst die Blume auch in einer gedruckten Enzyklopädie über Pflanzen nachschlagen, um sie zu identifizieren. Alle physischen Merkmale der Pflanze, zusammen genommen, sollten es dir erleichtern, den Namen und Typ der Blume zu bestimmen.

### Instruction2:
Um die Blume zu identifizieren, beginne mit der Messung der Höhe der Pflanze, an der sie befestigt ist, und achte auf die Breite der Blume. Beachte die Anzahl und Form der Blütenblätter sowie deren Farbe. Untersuche den Stängel auf seine Textur und Form und achte auf die Anordnung der Blätter. Du kannst die gesammelten Informationen in Online-Datenbanken oder gedruckten Enzyklopädien verwenden, um die Blume zu bestimmen.",6.461954832077026
034_43217,"### Instruction1:
Wenn Sie einen guten Eindruck hinterlassen möchten, ist dies möglicherweise nicht der richtige Zeitpunkt, um Ihre festgehaltenen Überzeugungen anzusprechen. Ohne die Vorteile zu kennen, welche Positionen die Anwesenden vertreten, laufen Sie Gefahr, unabsichtlich jemanden mit Ihren stark vertretenen Meinungen zu beleidigen. Vorstellungsgespräche, der Beitritt zu einer neuen sozialen Gruppe oder die Vorstellung bei der Familie von Freunden oder Kollegen sind gute Beispiele dafür, wann es am besten ist, starke Meinungen für sich zu behalten, bis Sie die Beteiligten besser kennen. Wenn Sie einer Gruppe beitreten, die darauf abzielt, gleichgesinnte Menschen zusammenzubringen, müssen Sie sich weniger Sorgen darüber machen, ob Ihre Meinung andere beleidigen könnte, aber achten Sie auf die Sprache, die Sie verwenden. Ihre Wahl des Tons und der Sprache kann beeinflussen, wie Ihre Botschaft aufgenommen wird. Während alle Mitglieder wahrscheinlich ähnliche Grundüberzeugungen teilen, gibt es wahrscheinlich große Unterschiede darin, wie die Mitglieder ihre Überzeugungen ausdrücken. In den ersten Treffen müssen Sie in der Regel nur besonders auf Ihre Wortwahl achten. Nachdem Sie sich mit den Mitgliedern wohler fühlen, werden Sie wahrscheinlich in ein natürliches Kommunikationsmuster fallen. Freunde werden Ihre starken Meinungen besser tolerieren als andere. Sie werden auch sehr wahrscheinlich mit diesen Meinungen argumentieren. Dies ist im Allgemeinen ein gesunder Austausch, aber denken Sie daran, immer respektvoll zu sein. Weder Sie noch die andere Person werden durch das Argument wahrscheinlich stark beeinflusst, daher möchten Sie die Beziehung nicht durch beleidigende Sprache schädigen. Konzentrieren Sie sich darauf, das Wort „Ich“ anstelle von „Du“ zu verwenden, um eine freundliche Meinungsverschiedenheit zu haben. Wenn Sie sich in einer Gruppe von Menschen befinden, von denen Sie wissen, dass sie starke Meinungen haben, die Ihren entgegenstehen, könnten Sie entscheiden, Ihre Meinung für sich zu behalten. Sie müssen nicht immer eine Meinung äußern. Sie können auch einfach ein Beobachter sein. Wenn es Ihnen sehr wichtig ist, Ihre Meinung zu äußern, auch unter diesen Umständen, ziehen Sie in Betracht, eine Verbindung zu einem einzelnen Mitglied herzustellen. Dann können Sie einen fairen Austausch zwischen Ihnen beiden haben. Wenn Sie zu einem späteren Zeitpunkt den Rest der Gruppe ansprechen, werden Sie wissen, dass Sie zumindest einen Unterstützer haben.

### Instruction2:
Der Text behandelt die Vorsicht, die man walten lassen sollte, wenn man in sozialen Situationen oder Vorstellungsgesprächen starke Meinungen äußert. Es wird empfohlen, Überzeugungen zunächst für sich zu behalten, um niemanden unbeabsichtigt zu beleidigen. In Gruppen, die gleichgesinnte Menschen zusammenbringen, kann man sich freier fühlen, aber dennoch auf den Ton und die Sprache achten. Es ist wichtig, respektvoll zu kommunizieren, insbesondere in hitzigen Diskussionen mit Freunden. Manchmal ist es besser, einfach zuzuhören oder sich mit einer einzelnen Person auszutauschen, anstatt seine Meinung in einer größeren Gruppe zu äußern.",3.678532361984253
034_41126,"### Instruction1:
Koffein erhöht die Anzahl der Kalorien, die Sie verbrennen, um eine kleine Menge, kann Sie aber auch dazu bringen, sich mehr bewegen zu wollen. Das Trinken eines koffeinhaltigen Getränks zu einer Mahlzeit, wie schwarzem Tee, grünem Tee oder Kaffee, kann Ihre Stoffwechselrate um bis zu 10 % erhöhen. Grüner Tee scheint sogar noch mehr kalorienverbrennende Eigenschaften zu haben und könnte sogar die Aufnahme von Kohlenhydraten blockieren. Beachten Sie, dass es einige Gewöhnung erfordert, Kaffee oder Tee pur zu trinken, aber der Kauf von hochwertigen Bohnen oder Teeblättern wird sicherlich helfen. Wasser trinken hilft Ihrem Körper, mehr Kalorien zu verbrennen. Eine Studie hat ergeben, dass das Trinken von acht Tassen Wasser pro Tag Ihrem Körper hilft, etwa 100 zusätzliche Kalorien pro Tag zu verbrennen. Überlegen Sie, sich eine wiederverwendbare Wasserflasche zu besorgen, um nachzuverfolgen, wie viel Wasser Sie täglich trinken. Ihr Körper benötigt jede Nacht ausreichend Ruhe, um richtig zu funktionieren und Kalorien zu verbrennen. Darüber hinaus macht Schlafmangel es Ihnen schwerer, andere Dinge zu tun, die Ihrem Körper helfen, Kalorien zu verbrennen, wie sich gesund zu ernähren und Sport zu treiben. Stellen Sie sicher, dass Sie jede Nacht sieben bis neun Stunden schlafen, um Ihren Körper beim Kalorienverbrennen und in bester Funktion zu halten.

### Instruction2:
Koffein kann die Kalorienverbrennung leicht erhöhen und dazu führen, dass man sich mehr bewegt. Das Trinken von koffeinhaltigen Getränken wie Tee oder Kaffee kann den Stoffwechsel um bis zu 10 % steigern. Grüner Tee hat besonders starke kalorienverbrennende Eigenschaften und kann die Kohlenhydrataufnahme blockieren. Ausreichende Wasseraufnahme, etwa acht Tassen täglich, kann helfen, zusätzliche Kalorien zu verbrennen, und eine wiederverwendbare Wasserflasche kann die tägliche Wasseraufnahme erleichtern. Ausreichend Schlaf (sieben bis neun Stunden pro Nacht) ist ebenfalls wichtig, um den Kalorienverbrauch zu optimieren und eine gesunde Lebensweise zu unterstützen.",2.900648832321167
034_26579,"### Instruction1:
Sie finden dies in der Geräteleiste oder in den Geräteeinstellungen. Wenn nichts angezeigt wird, müssen Sie möglicherweise das Steuerfeld der Soundkarte aktivieren, wie unten beschrieben. Klicken Sie mit der rechten Maustaste im Aufnahme-Tab und wählen Sie Deaktivierte Geräte anzeigen. Klicken Sie erneut mit der rechten Maustaste und aktivieren Sie Deaktivierte Geräte anzeigen. Wenn Ihre Soundkarte einen physischen Eingang wie Mikrofon oder Line-In hat, schließen Sie das erforderliche Kabel gemäß der Anleitung an. Klicken Sie mit der rechten Maustaste auf das Eingabegerät, das Sie für die Aufnahme verwenden möchten, und wählen Sie Aktivieren. Klicken Sie erneut mit der rechten Maustaste auf Ihr gewähltes Eingabegerät und wählen Sie Als Standardgerät festlegen. Klicken Sie erneut mit der rechten Maustaste auf Ihr Eingabegerät, wählen Sie Eigenschaften und dann die Registerkarte Pegel und stellen Sie sicher, dass der Lautstärkeregler hochgedreht ist. Deaktivieren Sie auch alle anderen Klangeffekte, es sei denn, sie sind für die Funktionalität Ihrer Soundkarte unerlässlich. Klicken Sie mit der rechten Maustaste auf Mikrofon und wählen Sie Eigenschaften, und suchen Sie nach einer Registerkarte Verbesserungen, auf der Sie alle Klangeffekte deaktivieren können. Klicken Sie unter Windows 7 auf die Registerkarte Kommunikation. Wählen Sie unter Wenn Windows Kommunikationsaktivität erkennt: Nichts tun. Wenn Sie häufig Internetanrufe tätigen, klicken Sie mit der rechten Maustaste auf das Mikrofon und wählen Sie Als Standardkommunikationsgerät festlegen. Klicken Sie mit der rechten Maustaste auf Ihr Eingabegerät, wählen Sie Eigenschaften, dann die Registerkarte Erweitert und überprüfen Sie, ob das Standardformat mit der Projektfrequenz (unten links im Audacity-Bildschirm) und der Anzahl der Aufnahmekanäle im Tab Geräte der Audacity-Einstellungen übereinstimmt. Klicken Sie auf OK. Klicken Sie im Soundsteuerfeld auf die Registerkarte Wiedergabe, klicken Sie mit der rechten Maustaste auf das Lautsprecher- oder Kopfhörergeät Ihrer Soundkarte und setzen Sie es als Standardgerät oder Standardkommunikationsgerät. Klicken Sie mit der rechten Maustaste und dann auf Eigenschaften, dann auf die Registerkarte Erweitert und stellen Sie das Standardformat so ein, dass es mit den Einstellungen in Schritt 7 oben übereinstimmt.

### Instruction2:
Der Text beschreibt, wie man eine Soundkarte für die Aufnahme und Wiedergabe von Audio einrichtet. Es wird erklärt, wie man deaktivierte und getrennte Geräte anzeigt, Eingabegeräte aktiviert und als Standard festlegt, die Lautstärke anpasst und Klangeffekte deaktiviert. Es gibt spezifische Schritte für Windows 7, um Kommunikationsaktivitäten zu verwalten, sowie Anweisungen zur Überprüfung der Aufnahmeformate und zur Einstellung der Standardgeräte im Soundsteuerfeld.",3.6239540576934814
034_22231,"### Instruction1:
Um effektiv zu sein, ist es wichtig, dass du nicht nur Wasser in deinem Scheibenwaschwasser verwendest. Regelmäßige Scheibenwaschflüssigkeit ist so konzipiert, dass sie Streifen verhindert und nicht gefriert, wenn die Temperatur zu niedrig wird. Wenn du jedoch in einem Gebiet lebst, das häufig extrem niedrige Temperaturen erlebt, kann eine frostbeständige Wasflüssigkeit die beste Wahl sein. Frostbeständige Wasflüssigkeit kann helfen, deine Windschutzscheibe zu enteisen, wenn sich an kalten Morgen eine leichte Eisschicht darauf bildet. Andere Scheibenwaschflüssigkeiten können Chemikalien enthalten, die dazu führen, dass Wasser vom Glas abperlt, was die Sicht beim Fahren im Regen verbessert.

### Instruction2:
Der Text beschreibt die Wichtigkeit, beim Scheibenwaschwasser nicht nur Wasser zu verwenden. Regelmäßige Scheibenwaschflüssigkeit verhindert Streifen und friert nicht ein, während frostbeständige Flüssigkeit bei extrem niedrigen Temperaturen nützlich ist, um Eis zu entfernen. Außerdem können einige Flüssigkeiten Chemikalien enthalten, die die Sicht bei Regen verbessern, indem sie Wasser vom Glas abperlen lassen.",1.8715219497680664
034_30207,"### Instruction1:
Während du den richtigen Mann finden möchtest, sei der richtige Partner in der Beziehung für deinen zukünftigen Ehemann. Es ist einfach, jemanden für das, was in deiner Beziehung schiefgeht, die Schuld zu geben. Du kannst jedoch niemanden ändern, du kannst nur dich selbst ändern. Wenn du eine Person als den ""richtigen"" oder ""falschen"" Mann einordnest, wird der Teil, den du in der Beziehung spielst, nicht berücksichtigt. Du allein bist verantwortlich für die Beziehung, die du möchtest. Übernimm Verantwortung für deine eigenen Gefühle, ohne deinen Partner zu beschuldigen, und achte darauf, ob er das auch tut. Wenn du dich frustriert fühlst, sprich es aus oder tue etwas, um die Dinge aus eigener Initiative zu ändern. Erkenne von Anfang an, dass du keinen perfekten Mann heiraten wirst. Er hat Fehler und wird dich herausfordern. Stelle sicher, dass du einige Dinge, die dich ärgern oder stören, vor der Ehe erkennst. Du könntest dich über Dinge im Haushalt (wie einen unordentlichen Mann) oder über Lebensstilfragen (wie einen Mann, der viel Zeit mit Freunden verbringt) ärgern. Wisse, was dich stört oder ärgert und plane nicht, dass diese Dinge nach der Heirat auf magische Weise verschwinden. Wahrscheinlicher ist, dass sie sich verstärken. Akzeptiere, dass es viele Dinge geben wird, über die ihr euch nicht einig seid. Sei bereit, ihn so zu akzeptieren, wie er ist, ohne das Bedürfnis zu verspüren, ihn zu ändern. Akzeptiere auch, dass du Fehler hast. Sei bereit, dass diese ans Licht kommen. Wenn du dich in jemanden verliebst, aber bereits große Probleme bestehen, wie ein Alkohol- oder Drogenproblem, halte deine Gefühle für eine Weile zurück. Trete aus deinen Emotionen heraus und gehe in einen rationaleren Denkmodus. Frage dich, ob es Dinge gibt, die du vermeidest oder übersiehst, die wichtig sind, um anerkannt zu werden. Wenn du hoffst, dass sich Probleme von selbst lösen, sei realistisch, wie sie tatsächlich ausgehen könnten. Erwarten nicht, dass sich die Dinge verbessern. Wenn der Mann gewalttätig ist oder eine Sucht hat, erwarte nicht, dass er sich nur wegen der Heirat ändern wird. Sei vorsichtig.

### Instruction2:
Der Text betont, dass man in einer Beziehung die Verantwortung für seine eigenen Gefühle übernehmen sollte, anstatt dem Partner die Schuld zu geben. Es wird hervorgehoben, dass niemand perfekt ist und dass man sich der eigenen und der Fehler des Partners bewusst sein sollte. Probleme, die bereits in der Beziehung bestehen, wie Sucht oder Gewalt, werden nicht verschwinden, nur weil man heiratet. Es ist wichtig, realistisch zu sein und nicht zu erwarten, dass sich negative Eigenschaften oder Probleme mit der Ehe ändern. Akzeptanz und Offenheit sind entscheidend für eine gesunde Beziehung.",3.73311185836792
034_3654,"### Instruction1:
Jeder Körper hat einen unterschiedlichen natürlichen Rhythmus oder zirkadianen Rhythmus, der hilft zu bestimmen, wann eine Person müde oder wach ist. Versuche, eine Routine zu schaffen, die deine wacheren Tageszeiten für Aktivitäten nutzt, die geistige und körperliche Anstrengung erfordern, und gib dir Zeit zum Entspannen während der Zeiten, in denen du müde bist oder Schwierigkeiten beim Denken hast. Für Ratschläge zur Entdeckung oder Anpassung deines natürlichen Rhythmus sprich mit einem Arzt oder mach eine grobe Einschätzung mit einer Online-Umfrage. Wenn deine Morgen hektisch oder verwirrend erscheinen, könnten sie der Schwachpunkt in deiner täglichen Routine sein. Experimentiere mit verschiedenen Optionen, bis du eine sehr spezifische Routine findest, mit der du jeden Tag beginnen kannst: Beginne den Tag mit einem Glas Wasser, um dich zu rehydrieren und wach zu werden, gefolgt von Kaffee oder Tee, falls du es trinkst. Nutze eine Dehn- oder leichte Übungsroutine, um dich wach zu machen. Der Sonnengruß ist ein beliebtes Beispiel im Yoga. Habe jeden Tag dasselbe Frühstück bereit, oder entscheide zumindest am Abend zuvor, was du zum Frühstück isst. Nimm dir jeden Morgen mindestens 10 Minuten Zeit, um auf deinen Tag zu schauen. Wenn du heute eine zusätzliche Verpflichtung hast, eine vorübergehende Stressquelle in deinem Leben oder einen anderen Grund, warum der Tag ungewöhnlich ist, entscheide, welche Aktivitäten du heute auslassen kannst, falls nötig. Am Ende des Tages schaue zurück und denke darüber nach, wie diese Entscheidung verlaufen ist und ob du deine Routine verbessern könntest. Du solltest selbst an den geschäftigsten Tagen mindestens ein paar 5–15-minütige Pausen eingeplant haben, um dich zu erfrischen und dich für den Rest deiner Routine vorzubereiten. Wenn du während dieser Pausen gestresst bist oder sie dich in Anspruch nehmen und viel länger dauern als nötig, finde eine andere Aktivität. Hier sind einige Vorschläge: Leichte Übungen, wie Gehen oder Joggen, können erfrischen und Energie geben. Eine unterhaltsame Aktivität mit einer klaren Endzeit macht es schwieriger, deine Pause zu überziehen. Finde beispielsweise eine 15-minütige Podcast-Episode oder lies ein Kapitel eines Buches. Wenn du erschöpft bist, leg dich mit geschlossenen Augen hin oder meditiere, um deine Kraft zurückzugewinnen. Stelle einen Wecker ein, wenn eine dringende Aufgabe ansteht. Wenn du oft die Zeit aus den Augen verlierst, stelle einen Alarm auf deinem Handy oder deiner Uhr ein, wann immer du mit einer Aktivität beginnst, damit du weißt, wann du zur nächsten übergehen solltest. Du kannst auch Musik verwenden, um dich angenehmer zu motivieren, indem du deine Musik in Playlists oder Kategorien basierend auf der Art der Aufgabe, an der du arbeitest, organisierst. Wähle zum Beispiel nicht ablenkende Musik mit einem gleichmäßigen Beat, wenn du dich konzentrieren musst. Wähle ruhige Musik, wenn du dich entspannst oder an persönlichen Projekten arbeitest. Wähle laute, energetische Musik, wenn du müde bist und wirklich einen Schub brauchst. Beseitige Ablenkungen in deinem Arbeitsbereich. Wenn du am Computer arbeitest und online prokrastinierst, blockiere Websites, die deine Zeit verschwenden. Es gibt viele Werkzeuge, die dich motivieren, daran erinnern oder dir virtuelle Belohnungen für Produktivität geben können. Probiere HabitRPG, wenn du durch Spiele motiviert bist, oder verschiedene Kalenderprogramme, um dich an die nächste Aufgabe zu erinnern. Blaues Licht von elektronischen Bildschirmen kann verhindern, dass dein Körper Schlafhormone freisetzt. Reduziere die Nutzung von Computer, Telefon und Fernseher spät am Abend oder installiere Flux, um die Farbe deines Bildschirms nachts zu ändern. Koffein, Alkohol und andere Drogen können es ebenfalls viel schwieriger machen, eine erholsame Nachtruhe zu bekommen.

### Instruction2:
Der Text gibt Tipps, wie man den persönlichen zirkadianen Rhythmus nutzen kann, um eine produktive Tagesroutine zu entwickeln. Er empfiehlt, die aktivsten Zeiten für anstrengende Aktivitäten zu nutzen und sich in den müderen Zeiten Zeit zum Entspannen zu nehmen. Wichtige Aspekte sind die Gestaltung eines ruhigen Morgenablaufs, regelmäßige Pausen zur Erfrischung und der Verzicht auf Ablenkungen am Arbeitsplatz. Auch der Einfluss von Musik und Bildschirmen auf die Konzentration und den Schlaf wird angesprochen. Der Text ermutigt dazu, verschiedene Strategien auszuprobieren, um eine individuelle Routine zu finden, die das Wohlbefinden und die Produktivität steigert.",5.791195631027222
034_14178,"### Instruction1:
Da es ein sensibles Thema ist, ist es eine gute Idee, Ihren Ansatz zuerst zu planen. Entscheiden Sie, wo Sie das Gespräch führen möchten. Ein vertrauter und komfortabler Ort ist am besten. Überlegen Sie sich, wie Sie das Thema ansprechen können, ohne zu abrupt zu sein. Sie möchten den Schock so weit wie möglich verringern. Bereiten Sie sich auf mögliche verletzte Gefühle vor, indem Sie geplante Reaktionen haben. Wenn sie zum Beispiel sagen: ""Ich kann meine eigenen Entscheidungen treffen"", antworten Sie mit: ""Das stimmt, und ich versuche nicht, Ihnen zu sagen, was Sie tun sollen. Ich mache mir nur Sorgen, weil..."" Appellieren Sie an ihre emotionale Seite. Auf diese Weise wissen sie, dass Ihre Motivation an der richtigen Stelle ist, und sind eher bereit, Ihren Rat anzunehmen. Denken Sie darüber nach, was ihnen wichtig ist, und nutzen Sie das als Einstieg. Wenn sie sich zum Beispiel um ihre Kinder sorgen, erinnern Sie sie daran, wie sich Passivrauchen auf sie auswirken könnte. Rauchen ist eine ungesunde Gewohnheit, nicht nur für die Person, die raucht, sondern auch für die Menschen um sie herum. Es ist wichtig, diese Botschaften positiv zu halten. Schimpfen Sie nicht, nörgeln Sie nicht oder verbreiten Sie keine Angst bei Ihrem Lieben. Erinnern Sie sie daran, wie sehr Sie sie lieben und dass Sie sie viele Jahre lang bei sich haben wollen. Rauchen verursacht ernsthafte Gesundheitsprobleme wie Lungenkrebs. Es ist auch eine bekannte Ursache für Osteoporose, Schlaganfall und Depression. Wenn Ihr geliebter Mensch Wert auf körperliche Schönheit legt, ermutigen Sie ihn, seine Schönheit zu bewahren, indem er rauchbedingte Falten und gelbe Zähne vermeidet. Erinnern Sie sie an ihre eigenen Lieben (Kinder, Enkelkinder, Ehemann/Ehefrau, geschätzte Freunde) und wie wichtig sie für die Menschen um sie herum sind. Bilder von jungen Menschen könnten als tägliche motivierende Erinnerung dienen. Gestalten Sie den Entwöhnungsprozess so einfach wie möglich für Ihren Lieben. Bieten Sie an, telefonisch verfügbar zu sein, wenn sie Sie brauchen, falls ein Verlangen aufkommt. Lassen Sie sie wissen, dass Sie während des gesamten Prozesses unterstützend zur Seite stehen. Rekrutieren Sie auch andere, um Teil des Unterstützungsnetzwerks zu sein, wenn möglich. Entwerfen Sie einen konkreten Plan, dem Ihr geliebter Mensch täglich folgen kann, um das Rauchen zu vermeiden. Sie können den Plan nach Bedarf anpassen, aber das gibt ihnen etwas, dem sie folgen und auf das sie in den kommenden Tagen verweisen können.

### Instruction2:
Der Text gibt Ratschläge, wie man ein sensibles Thema, wie das Rauchen, ansprechen kann. Es wird empfohlen, einen vertrauten Ort für das Gespräch zu wählen und behutsam vorzugehen, um Schock und verletzte Gefühle zu vermeiden. Emotionale Appelle und positive Botschaften sind wichtig, um Unterstützung zu bieten. Es wird geraten, den Entwöhnungsprozess zu erleichtern und einen konkreten Plan für den Betroffenen zu erstellen, um das Rauchen zu vermeiden.",3.9082729816436768
034_33919,"### Instruction1:
Wenn dich jemand während eines Tricks unterbricht oder versucht, Antworten oder Vermutungen zu schreien, wie der Trick gemacht wird, möchte diese Person cooler erscheinen als du. Es gibt mehrere Möglichkeiten, mit diesem Typ von Störer umzugehen, und du solltest entscheiden, welche du je nach deinen persönlichen Vorlieben und der genauen Situation verwenden möchtest. Hier ist die Methode, die die geringste Anpassung an dein Programm erfordert: Ignoriere sie, bis sie sich langweilen. Wenn sie keine Aufmerksamkeit bekommen, geben sie vielleicht auf. Wenn sie bestehen bleiben, richte Bemerkungen an das Publikum, nicht an den Störer. Verwende indirekte Bemerkungen wie: ""Hört jemand einen Vogel rufen?"" Ein Mitglied des Publikums könnte motiviert sein, zu helfen, den Störer hinauszuwerfen, ohne dass du deine Darbietung unterbrechen musst. Wenn du einen Freiwilligen benötigst, rufe ihn auf. Wenn nicht, versuche, ein schnelles Gespräch aufrechtzuerhalten, während du die Aufmerksamkeit des Publikums wieder auf dich lenkst. Mache Kommentare wie: ""Ich sehe, dass du clever bist, weshalb ich dich mit deinem eigenen verbogenen Löffel belohnen werde."" Es sieht großartig aus, wenn du siehst, wie ein professioneller Entertainer einen Störer beleidigt, aber es erfordert Erfahrung und Selbstvertrauen, um es richtig zu machen. Als Amateur solltest du dies nur als letzten Ausweg oder wenn die Show ohnehin bald endet, verwenden. Halte die Menge auf deiner Seite, indem du die Konfrontation nicht eskalierst, bis der Störer es tut. Wenn du das Publikum auf deiner Seite hast, hast du viel mehr Spielraum, was du zu jemandem sagen kannst, aber es ist immer noch eine gute Idee, deine Beleidigungen albern und scherzhaft zu halten. Tu so, als würdest du sie von der Unterseite deines Requisits ablesen oder finde einen anderen Weg, um es weiterhin wie Teil der Darbietung aussehen zu lassen. Einige Leute konzentrieren sich egal was auf deine Hände und versuchen herauszufinden, wie der Trick gemacht wird. Die beste Verteidigung dagegen ist, Tricks vorzuführen, die du extrem gut kennst und bei denen du dir sicher bist, dass du sie auch unter Beobachtung ausführen kannst. Wenn jemand etwas bemerkt und es dem Rest des Publikums offenbart, führe schnell einen spektakuläreren Trick mit demselben Requisit aus, um ihre Ehrfurcht zurückzugewinnen. Wenn ein Freiwilliger ein Requisit gründlich untersucht oder während eines Tricks aus der Position bewegt, halte sie mit wiederholten Befehlen und Bewegungen fokussiert. Greife physisch nach ihrem Arm und bringe ihn in die richtige Position, wann immer sie sich bewegen, und wirke dabei komisch genervt zum Vorteil des Publikums. Behandle sie wie ein ungehorsames Kind, wenn sie weitermachen, und schimpfe sie auf eine alberne Art und Weise. Wenn Zuschauer, die keine Freiwilligen sind, versuchen, deine Requisiten zu berühren, weise sie mit einer spielerischen Nachricht zurück. ""Berühre das nicht – da ist ein schrecklicher Fluch auf diesem Hut!"" wird die Botschaft rüberbringen, ohne einen Streit zu beginnen. Du möchtest niemanden, der völlig unwillig ist, aus dem Publikum ziehen, um dir zu helfen, aber jemand, der zu enthusiastisch ist, könnte versuchen, die Show mit einer Darbietung zu stehlen, die nicht zu deiner passt. Folge diesen Tipps, um einen guten Freiwilligen auszuwählen: Wenn die Routine beinhaltet, dass du mit dem Freiwilligen spielst oder eine Reaktion von ihnen bekommst, wähle niemanden, der zu schüchtern ist. Dieses Charaktermerkmal kann schwer im Voraus zu erkennen sein, aber attraktive Menschen und Menschen in hellen Kleidungsstücken haben weniger wahrscheinlich dieses Problem. Wenn deine Routine ""spielerisches Flirten"" beinhaltet, könnte es weise sein, jemanden viel älteren als dich selbst auszuwählen. So ist für das Publikum klar, dass du nur scherzt und nicht wirklich jemanden anmachst. Wenn du jemanden wählst, der körperlich nicht in der Lage ist, den Trick auszuführen, wechsle zu einem anderen Trick, gratuliere ihnen und rufe einen anderen Freiwilligen für den Trick auf, den du vorhattest. Wähle niemanden, den das Publikum bemitleiden oder über den es sich lustig machen wird. Der Freiwillige sollte eine gute Zeit haben. Vermeide es, betrunkene Freiwillige oder Menschen mit Essensflecken auszuwählen. Wenn du einen Störer nicht kontrollieren kannst, kannst du deinen Auftritt nicht fortsetzen. Aber du kannst ihnen zeigen, was das Endergebnis des Störens ist, indem du deine Taschen schließt und weggehst. Sie bedauern vielleicht, ihr Vergnügen vertrieben zu haben, aber zumindest hast du wahrscheinlich das Publikum gegen sie gewendet. Wenn jemand ""die Show stiehlt"" mit einem wirklich coolen eigenen Auftritt, wie das Jonglieren deiner Requisiten, lass sie für ein paar Minuten die Aufmerksamkeit haben, dann kehre zu deinem Auftritt zurück. Das Publikum wird die Überraschung lieben, wenn ein Freiwilliger dich übertrumpft, also sei großzügig und lass alle ihren Spaß haben.

### Instruction2:
Der Text beschreibt, wie man mit Störern während einer Darbietung umgeht. Es wird empfohlen, Störer zu ignorieren, bis sie sich langweilen, und stattdessen das Publikum anzusprechen. Indirekte Bemerkungen können dazu führen, dass das Publikum den Störer entfernt. Wenn ein Freiwilliger auf die Bühne kommt, sollte man darauf achten, dass sie nicht zu schüchtern oder ungeschickt sind. Es wird auch geraten, Tricks zu wählen, die man gut beherrscht, um sicherzustellen, dass man auch unter Beobachtung überzeugen kann. Wenn ein Störer das Publikum ablenkt, kann man die Aufmerksamkeit zurückgewinnen, indem man spektakuläre Tricks vorführt oder humorvoll mit dem Störer umgeht. Schließlich soll man darauf achten, eine gute Atmosphäre für Freiwillige zu schaffen und unangemessene Kandidaten zu meiden.",7.4796929359436035
034_14923,"### Instruction1:
Du kannst die dritte Stufe des Dead Eye erreichen, nachdem du Mexiko erreicht hast und Landon Ricketts in Chuparosa triffst. Schließe die Mission ""Die Tragödie des Revolverhelden"" ab, um Zugang zur dritten Stufe des Dead Eye zu erhalten. Die dritte Stufe des Dead Eye bietet dir die präziseste Kontrolle, kann jedoch auch am schwierigsten zu meistern sein. Während du im Dead Eye-Modus bist, drücke R1 oder RB, um jedes Ziel zu markieren. Du kannst so viele Ziele markieren, wie dir Kugeln in deiner Waffe zur Verfügung stehen. Nachdem du deine Ziele im Dead Eye-Modus markiert hast, drücke R2 oder RT, um zu schießen. Alle markierten Ziele werden wie in Stufe 2 Treffer sein. Du kannst diese fortschrittliche Zielerfassung nutzen, um unglaubliche Schüsse abzugeben, wie fünf Kopfschüsse hintereinander oder das Waffe aus der Hand eines anderen zu schießen. Wenn du Dead Eye betrittst, mache schnell eine Bestandsaufnahme deiner Situation und platziere deine Ziele dort, wo sie am effektivsten sind. Ein Pferd zu schießen, während jemand darauf reitet, wird sie für einige Momente aus dem Kampf nehmen. Das Schießen einer Waffe aus der Hand eines anderen wird dir Zeit verschaffen oder ihr Leben retten, je nach Situation. Die Nutzung von Dead Eye Stufe 3 kann einige der Jagdherausforderungen erheblich erleichtern, insbesondere bei der Jagd auf Vögel.

### Instruction2:
In diesem Text geht es darum, wie man die dritte Stufe des Dead Eye in einem Spiel erreicht, nachdem man Mexiko erreicht hat und Landon Ricketts trifft. Um Zugang zu erhalten, muss man die Mission ""Die Tragödie des Revolverhelden"" abschließen. Diese Stufe ermöglicht präzise Zielkontrolle, erfordert jedoch Geschick. Im Dead Eye-Modus kann man Ziele markieren und dann schießen, wobei man mehrere Ziele gleichzeitig treffen kann. Es wird erklärt, wie strategisches Schießen, wie das Ausschalten von Pferden oder das Schießen von Waffen aus Händen, taktische Vorteile bietet. Die Nutzung dieser Stufe kann die Jagd auf Vögel erleichtern.",2.955369710922241
034_30645,"### Instruction1:
Danke ihnen für ihre Antwort auf deine Frage, kommentiere darauf und führe das Gespräch solange fort, wie es natürlich ist. Bedenke, dass es unwahrscheinlich ist, dass sie dich zweimal twittern, also solltest du es vielleicht schnell abschließen. Beende es mit einer Bemerkung, dass du es schätzen würdest, wenn sie dir auf Twitter folgen würden, da du ein großer Fan ihrer Arbeit bist. Weil du bereits deine Bewunderung für sie ausgedrückt und eine persönliche Interaktion mit ihnen hattest, sind sie viel eher geneigt, deiner Bitte nachzukommen. Setze sie nicht unter Druck, besteche oder bedrohe Prominente, damit sie dir folgen. Du möchtest, dass sie dir folgen, weil sie dich als Fan schätzen. Du möchtest, dass sie dir aus eigenem Antrieb folgen und nicht aus einem anderen äußeren Grund.

### Instruction2:
Der Text gibt Ratschläge, wie man mit Prominenten auf Twitter kommunizieren kann. Man sollte sich für ihre Antworten bedanken, das Gespräch am Laufen halten und schnell abschließen, da es unwahrscheinlich ist, dass sie mehrmals antworten. Es ist wichtig, höflich um ein Follow zu bitten, basierend auf ehrlicher Bewunderung, ohne Druck oder Bestechung. Das Ziel ist, dass sie aus eigenem Antrieb folgen, da sie den Fan zu schätzen wissen.",2.0057826042175293
034_55390,"### Instruction1:
Du möchtest 3 Teile Glycerin mit 1 Teil Wasser verwenden. Zum Beispiel, bei 1/2 Tasse Wasser benutze 1 1/2 Tassen Glycerin. Dies wird als ""Nebelsaft"" bezeichnet. Flüssiges Glycerin ist normalerweise in der Apotheke eines Lebensmittelgeschäfts oder Convenience-Stores zu finden. Stelle sicher, dass du reines Glycerin verwendest, nicht eine synthetische Variante. Reines Glycerin kann Wasser aus der Luft aufnehmen, weshalb es zur Erzeugung von Nebel verwendet wird. Duftender Nebel kann ein zusätzliches Element zu deiner Party oder Theaterveranstaltung bringen. Verwende 1/2 Teelöffel (0,1 oz) Duft pro 1 Quart (1 L) Nebelsaft. Die Öle, die du verwendest, sollten speziell als ""Duftöle"" gekennzeichnet sein. Verwende keine ätherischen Öle. Für einen gruseligen Zirkusduft mische gleiche Teile Anisöl und Zuckerwattenöl. Erzeuge einen sumpfigen Duft, indem du ein Teil Lagerfeueröl mit zwei Teilen Regenöl und vier Teilen reichhaltigem Blumenerdeöl kombinierst. Gehe auf einen kryptischen Duft mit einer Mischung aus einem Teil Dillgurkenöl, zwei Teilen Blumenerdeöl und zwei Teilen Bernsteinöl. Thematisiere deinen Nebelduft um die Idee einer gespenstischen Heuwagenfahrt, indem du 1 Teil hohes Grasöl mit zwei Teilen Zedernöl und zwei Teilen Kürbisöl kombinierst. Der Zweck der Dose besteht darin, eine Metall-Tortenschale über die Flamme der Kerze zu halten. Die Löcher lassen Luft in die Dose, damit die Flamme frei brennen kann. Verwende niemals eine Plastikkappe, da sie giftige Chemikalien freisetzen könnte, wenn sie verbrannt wird. Eine Kaffeekanne oder eine große Suppendose eignet sich am besten. Bitte einen Erwachsenen um Hilfe, wenn nötig, beim Schneiden. Du möchtest den Trichterteil der Flasche verwenden, um deinen Glycerin-Nebel zu kanalisieren. Für die besten Ergebnisse verwende scharfe Scheren oder ein Rasiermesser, um die oberen 5 bis 6 Zoll (12,7 bis 15,24 cm) einer Plastik-Soda-Flasche abzuschneiden. Behalte den oberen Teil und entsorge den Rest der Flasche. Sei vorsichtig beim Umgang mit scharfen Klingen. Das Tragen von Schutzhandschuhen kann helfen, versehentliche Verletzungen zu vermeiden. Duct Tape oder ein starkes Haushaltstape hält den Trichter an Ort und Stelle. Eine kleine Tortenform, wie sie für eine Pastete verwendet wird, reicht für dieses Projekt aus. Der Nebelsaft wird gegen das Metall der Tortenform im Trichter ruhen, um den Nebel zu erzeugen. Überprüfe, ob die Tortenform zentriert auf deiner Dose ist, damit sie wahrscheinlich nicht herunterfällt, sobald du Nebelsaft hinzugefügt hast. Idealerweise hast du eine Mehrdochtkerze, die einen gleichmäßigen Wärmebereich über die Breite der Tortenform erzeugt. Wenn du keine Mehrdochtkerze (eine Kerze mit mehr als 1 Docht) hast, verwende mehrere kleine Teelichtkerzen, um denselben Effekt zu erzielen. Wenn du Teelichtkerzen verwendest, stelle sicher, dass die Kerzen eng beieinander stehen, damit die Wärme an derselben Stelle konzentriert ist. Positioniere die Tortenplatte über der Kerze. Stelle sicher, dass der Boden der Tortenplatte nahe der Flamme ist, aber nicht so nah, dass sie sie berührt. Füge zwischen 1 Teelöffel (5 ml) und 1 Esslöffel (15 ml) Nebelsaft zur erhitzten Tortenplatte hinzu, indem du ihn in die Öffnung des Flaschenoberteils gießt. Ein wenig Nebelsaft reicht weit. Widerstehe der Versuchung, zu viel Nebelsaft auf einmal zu gießen. Du kannst mehr Nebelsaft nach Bedarf hinzufügen. Die erhitzte Lösung sollte schnell zu Nebel werden, und der Nebel sollte oben aus der Flasche strömen und in den Raum fließen. Für einen interessanten Effekt, strahle farbiges Licht auf den Nebel. Wenn du farbigen Nebel erzeugen möchtest, ist der einfachste und sicherste Weg, dies zu tun, farbiges Licht direkt auf den Nebel zu scheinen, während er aus dem Flaschenoberteil strömt. Die klaren Tropfen aus dem Nebel reflektieren das farbige Licht.

### Instruction2:
Um Nebel zu erzeugen, mische 3 Teile Glycerin mit 1 Teil Wasser, was als Nebelsaft bezeichnet wird. Verwende reines Glycerin, das in Apotheken erhältlich ist. Duftstoffe können dem Nebel hinzugefügt werden, um ihn interessanter zu machen. Es werden spezielle Duftöle empfohlen, keine ätherischen Öle. Eine Metall-Tortenschale wird benötigt, um über einer Kerze gehalten zu werden, wobei Löcher in der Dose für eine freie Flammenverbrennung sorgen. Ein Trichter aus einer Plastikflasche hilft beim Kanalisieren des Nebels. Eine Mehrdochtkerze oder mehrere Teelichter können verwendet werden, um gleichmäßige Wärme zu erzeugen. Füge den Nebelsaft zur erhitzten Tortenplatte hinzu und erzeuge so den Nebel, der mit farbigem Licht für visuelle Effekte ausgestattet werden kann.",6.820893526077271
034_37964,"### Instruction1:
Du kannst jeden Stoff verwenden, um diesen Rock zu kreieren, und du benötigst ein elastisches Band, das ½ Zoll bis 1 Zoll (2,5 cm) breit ist. Um einen strukturierten Rock zu erstellen, verwende ein steiferes Material. Um einen lockereren, fließenden Rock zu kreieren, wähle einen leichten und luftigen Stoff. Verwende ein weiches Maßband, um den Abstand um den breitesten Teil deiner Hüfte, den schmalsten Teil deiner Taille und die Gesamtlänge des Rocks zu messen. Um die Länge zu bestimmen, kannst du das Maßband von deinen Hüften bis zur gewünschten Höhe an deinen Beinen verwenden und 2½ Zoll extra für den Gummizug hinzufügen.

### Instruction2:
Um einen Rock zu nähen, wähle den Stoff und ein passendes elastisches Band. Die Breite des elastischen Bands sollte zwischen ½ und 1 Zoll liegen. Für einen strukturierten Rock verwende festen Stoff, für einen lockeren einen leichten. Miss deine Hüfte, Taille und die Länge des Rocks mit einem Maßband, und füge 2½ Zoll für das Gummiband hinzu.",1.83221697807312
034_7521,"### Instruction1:
Nehmen Sie sich einen Moment Zeit, um sich auf Ihre Atmung zu konzentrieren, bevor Sie mit dem Sex beginnen. Nutzen Sie diese Zeit, um Ihren Kopf von Gedanken zu befreien, die Sie ablenken oder zusätzliche Angst hervorrufen könnten. Wenn Sie es unmöglich finden, die Belastungen des Tages loszulassen, versuchen Sie stattdessen, an einem weniger stressigen Tag Sex zu haben. Es wird nur zu weiterem Stress und Angst führen, wenn Sie es versuchen und scheitern, während Sie Ihren Kopf nicht klären können. Es kann auch hilfreich sein, vor dem Sex zu meditieren, da bekannt ist, dass Meditation Ängste lindert. Einige Ärzte und Paartherapeuten empfehlen, sich beim Vorspiel Zeit zu lassen, um den Einstieg in den Sex zu erleichtern. Konzentrieren Sie sich darauf, Ihren Partner zu berühren/zu streicheln, und nehmen Sie sich Zeit beim Vorspiel, um sich wohlzufühlen und sicherzustellen, dass die Bedürfnisse Ihres Partners erfüllt werden. Dies kann helfen, den Druck zu verringern. Praktizieren Sie Achtsamkeit während des Sex. Denken Sie darüber nach, wie sich jeder Teil Ihres Körpers anfühlt und wie Sie mit Ihrem Partner verbunden sind. Sie können sexuelle Spiele ohne Orgasmus genießen. Versuchen Sie, die Zeit, die Sie mit Ihrem Partner verbringen, zu genießen und sich in dem Moment glücklich zu fühlen, egal was passiert. Versuchen Sie, Erwartungen abzubauen. Das Entfernen der mit Sex verbundenen Erwartungen kann helfen, den Druck zu verringern, den Sie möglicherweise empfinden. Genießen Sie jede Empfindung, die Sie mit Ihrem Partner haben, und kommunizieren Sie während des Erlebnisses mit Ihrem Partner. Kommunikation kann viel Angst lindern und sicherstellen, dass sowohl Sie als auch Ihr Partner sich während des Erlebnisses wohlfühlen. Sagen Sie Ihrem Partner, wenn Ihnen etwas gefällt, während es passiert. Sexualtherapeuten raten oft einem Paar, auf den Geschlechtsverkehr zu verzichten, bis der betroffene Partner seine oder ihre Leistungsangst überwinden kann. Selbst wenn Sie nicht denken, dass Sie eine Pause vom Sex brauchen, ist es wichtig, sich auch einfach mal nicht nach Sex zu sehnen. Dies kann helfen, den Druck der Leistungsangst zu verringern.

### Instruction2:
Der Text beschreibt, wie man Ängste und Stress im Zusammenhang mit Sex abbauen kann. Zunächst wird empfohlen, sich vor dem Sex auf die Atmung zu konzentrieren und den Kopf frei zu bekommen. Meditation kann ebenfalls helfen, Ängste zu lindern. Es wird geraten, sich beim Vorspiel Zeit zu lassen und sich auf Berührungen zu konzentrieren, um den Druck zu verringern. Achtsamkeit während des Sex kann das Erlebnis verbessern, indem man sich auf den eigenen Körper und die Verbindung zum Partner konzentriert. Der Text betont auch die Bedeutung der Kommunikation während des sexuellen Erlebnisses und schlägt vor, Erwartungen abzubauen, um den Druck zu minimieren. Schließlich wird empfohlen, eine Pause vom Sex zuzulassen, um Leistungsangst zu überwinden.",3.921071529388428
034_3439,"### Instruction1:
Das Geschlecht junger Engelchen (Körpergröße kleiner als ein Viertel) zu bestimmen, ist nahezu unmöglich, also verschwende deine Zeit nicht damit. Bei reiferen Engelchen kann das Geschlecht durch einen Blick auf die Röhren des Afters unterschieden werden. Bei Männchen ist die Röhre kleiner, spitz und fast dreieckig. Die Röhren der Weibchen sind größer und quadratisch, wie ein Radiergummi auf einem Bleistift. Das Betrachten der Röhren der Fische ist die einzig zuverlässige Methode zur Geschlechtsbestimmung. Aber in Kombination können andere Merkmale helfen, das Geschlecht eines Engels zu bestimmen. Denk daran, dich nicht auf ein einzelnes Merkmal zu konzentrieren, sondern das Gesamtbild zu betrachten. Weibchen sind tendenziell runder, während Männchen eher kantiger sind. Weibchen halten die Rückenflossen leicht nach hinten, während die Rückenflossen der Männchen vollständig aufrecht sind, fast im 90-Grad-Winkel zum Kopf. Weibchen halten die Bauchflossen näher am Körper, während Männchen die Bauchflossen aufrechter halten. Weibchen haben einen sanfter geneigten Kopf, während Männchen oft eine ausgeprägte Beule auf dem Kopf haben. Wenn du dir nicht sicher bist, ob du es mit Männchen oder Weibchen zu tun hast, kann es nützlich sein, einfach ein Zuchtpaar zu kaufen. Achte darauf, dass sie jünger sind und sich als gute Züchter von Nachzuchten bewährt haben. Dies ist teurer als das eigene Geschlecht zu bestimmen, aber oft eine zuverlässigere und effizientere Methode zur schnellen Zucht. Dies kann 6 bis 7 Monate oder sogar länger dauern, besonders bei wilden oder schwächeren Engeln. In einem großen Aquarium wirst du bemerken, dass sich ein Männchen und ein Weibchen im Wesentlichen paaren und störende Dritte vertreiben. Warte ein oder zwei Tage, um sicherzustellen, dass das Paar wirklich ein Paar ist. Achte darauf, dass die Wasserchemie dieselbe ist wie im Aquarium, in dem sie sich gerade befanden. Engel fühlen sich sicherer und in der Stimmung zur Fortpflanzung, wenn sie allein gelassen werden. Setze sie in ein mindestens 75,7-Liter-Aquarium, das erhöht ist, damit du auf Brust- oder Augenhöhe an das Aquarium kommst. Dies verringert Ablenkungen und sorgt letztlich für ein glücklicheres Paar. Im Zuchtbecken stelle eine Oberfläche zur Verfügung, auf der die Engel ihre Eier ablegen können. Ein Zuchtkegel, eine Zuchtmop oder einfach ein Stück Schiefer sind Dinge, die Züchter häufig wählen. Engel haben auch bekanntlich ihre Eier direkt am Wasserfilter abgelegt, zum Beispiel.

### Instruction2:
Der Text beschreibt die Geschlechtsbestimmung von Engelchen und betont, dass es bei jungen Fischen nahezu unmöglich ist. Bei reiferen Fischen kann das Geschlecht durch die Form der Afterröhre unterschieden werden. Männchen haben eine kleinere, spitze Röhre, während Weibchen eine größere, quadratische Röhre besitzen. Weitere Merkmale wie die Form des Körpers und die Haltung der Flossen können ebenfalls helfen, das Geschlecht zu bestimmen. Um sicherzugehen, wird empfohlen, ein Zuchtpaar zu kaufen, das sich bewährt hat. Das Zuchtverfahren kann einige Monate dauern und sollte in einem geeigneten Aquarium erfolgen, das möglichst wenig Ablenkung bietet. Schließlich sollte eine geeignete Oberfläche für die Eiablage bereitgestellt werden.",4.418215990066528
034_57969,"### Instruction1:
Größere Zungen benötigen viel länger zum Kochen, daher wähle die kleinste Zunge, die du finden kannst, idealerweise unter 3 Pfund / 1,4 kg. Zunge hat eine kurze Haltbarkeit, daher kaufe sie sehr frisch oder gefroren von einem zuverlässigen Metzger. (Wenn gefroren, im Kühlschrank auftauen für maximale Sicherheit.) Einige Zungen enthalten die Drüsen, Knochen und Fett an der Wurzel der Zunge. Dieser Bereich ist essbar, wenn er gekocht wird, aber nicht jeder mag die weiche, fettige Textur. Du kannst es zu Hause (vor oder nach dem Kochen) abschneiden oder nach einer vorgeputzten ""Schweizer Schnitte"" Zunge suchen. Gepökelte Zunge hat zusätzlichen Geschmack und kann auf die gleiche Weise zubereitet werden wie frische Zunge. Lege die Zunge in ein sauberes Waschbecken und schrubbe sie gründlich unter kaltem, fließendem Wasser. Reinige sie, bis die Oberfläche frei von Schmutz und Blut ist. Viele Rezepte empfehlen, die Zunge ein bis zwei Stunden in kaltem Wasser einzuweichen und das Wasser zu wechseln, wann immer es trüb wird. Im Laden gekaufte Zunge ist normalerweise sauber genug, um diesen Schritt zu überspringen, aber es kann den Geschmack der Zunge auffrischen. Fülle einen großen Topf mit Hühner- oder Rinderbrühe oder mäßig gesalzenem Wasser. Füge Gemüse und Kräuter deiner Wahl hinzu. Eine oder zwei Zwiebeln, ein paar Lorbeerblätter, Pfefferkörner und eine Karotte bilden eine gute einfache Basis. Fühle dich frei, andere Zutaten hinzuzufügen, wie Oregano, Rosmarin, Knoblauch oder Chilis. Bring es bei hoher Hitze zum Kochen. Verwende einen Schnellkochtopf oder einen Slow Cooker, um den Prozess zu beschleunigen. Wenn du eine dickere Soße zur Zunge servieren möchtest, füge vier Dosen französische Zwiebelsuppe hinzu. Füge die Zunge zur Brühe hinzu und decke den Topf ab. Bring es erneut zum Kochen, reduziere dann die Hitze und lasse es köcheln. Halte die Zunge vollständig untergetaucht. Du musst möglicherweise mehr Wasser hinzufügen oder sie mit einem Dämpfereinsatz beschweren. Die Zunge ist fertig, wenn sie weiß wird und ein Messer leicht die dickste Stelle durchdringt. Dies dauert typischerweise etwa 50–60 Minuten pro Pfund (0,45 kg) Fleisch. Schnelles Kochen oder unzureichendes Kochen macht die Zunge zäh und unangenehm. Wenn du Zeit hast, sei vorsichtig und lasse sie noch eine Stunde oder zwei köcheln. Wenn du einen Schnellkochtopf verwendest, erhitze ihn, bis er zu dampfen beginnt. Reduziere die Hitze auf mittel und koche 10–15 Minuten pro Pfund (0,45 kg). Lass sie abkühlen, bis der Dampf von selbst entweicht. Übertrage die Zunge mit einer Zange auf einen Teller. Warte, bis die Zunge gerade kühl genug ist, um sie zu berühren, und schneide dann mit einem scharfen Messer längs durch die äußere weiße Schicht. Ziehe diese Schicht mit den Fingern ab, schneide bei Bedarf. (Diese Schicht ist technisch essbar, hat aber einen unangenehmen Geschmack und eine unangenehme Textur.) Die Zunge wird viel schwieriger zu schälen, sobald sie abgekühlt ist. Wenn sie bereits Raumtemperatur erreicht hat, kann es helfen, sie in Eiswasser zu tauchen. Bewahre die Brühe auf, um eine Suppe zu machen oder Saucen zu würzen. Schneide diagonale Scheiben mit einem scharfen Messer, um sie mit Salsa Verde, auf einem Sandwich mit braunem Senf und Gemüse oder eine halbe Stunde lang mit Bratkartoffeln zu backen. Es gibt viel Fleisch, also ziehe in Betracht, einige größere Stücke zum Grillen oder für andere Rezepte unten zu behalten. Wenn das Fleisch zäh ist, ist es ungenügend gekocht. Gib es zurück in die Brühe und lasse es weiter köcheln. Du kannst leicht einen Teil der Sauce in Soße verwandeln, indem du Mehl hinzufügst. Gekochte Zunge hält sich etwa fünf Tage in einem luftdichten Behälter im Kühlschrank.

### Instruction2:
Der Text beschreibt die Zubereitung von Zunge, wobei auf die Auswahl einer kleinen Zunge geachtet werden sollte, die frisch oder gefroren ist. Es wird empfohlen, die Zunge gründlich zu reinigen und eventuell einzuweichen. Die Zunge sollte in einer Brühe mit Gemüse und Kräutern gekocht werden, wobei die Kochzeit etwa 50–60 Minuten pro Pfund beträgt. Nach dem Kochen sollte die äußere Schicht entfernt werden. Der Text gibt auch Tipps zur weiteren Verwendung des Fleisches und zur Aufbewahrung.",6.945445537567139
034_11710,"### Instruction1:
Das ist besonders wichtig, wenn Sie planen, Kuchen zu backen. Dies ist auch eine gute Gelegenheit, um sicherzustellen, dass Sie alle benötigten Vorräte und Zutaten haben – Truthähne und Kürbiskuchenfüllung werden schwer zu finden sein, sobald der Feiertag ansteht! Wenn Sie sich entscheiden, alles am Tag selbst zu kochen, machen Sie einen Plan, was wann in den Ofen kommt. Die meisten traditionellen Thanksgiving-Gerichte werden im Ofen gebacken, also müssen Sie einen koordinierten Angriff planen. Finden Sie heraus, welche Rezepte länger zum Kochen brauchen, und legen Sie diese zuerst hinein. Auch wenn Ihre Gäste erst am nächsten Tag ankommen, ist es immer noch äußerst hilfreich, den Tisch am Vortag zu decken. Machen Sie Ihren Esstisch so lang wie möglich (es ist Zeit, das zusätzliche Stück herauszuholen) oder bringen Sie einen zusätzlichen Tisch ein, wenn Sie einfach nicht alle an einen Tisch passen können. Bringen Sie alle Stühle herein und platzieren Sie alle Teller, Servietten, Besteck usw. auf dem Tisch, wobei Sie jede Platzierung so anordnen, dass die Gäste sich nicht anstoßen, wenn sie einen köstlichen Bissen zu ihren Lippen heben. Wenn Sie wissen, welche Ihrer Gäste rechtshändig oder linkshändig sind, denken Sie daran, dies beim Decken des Tisches zu berücksichtigen. Wenn ein Rechtshänder neben einem Linkshänder sitzt, wird es dazu führen, dass zwei Gäste während des gesamten Abendessens ihre Ellbogen gegeneinander stoßen. Auch wenn das nicht notwendig ist, ist es immer schön, Blumen im Haus zu haben. Es ist wichtig, sie am Tag vor Ihrem Abendessen zu kaufen, denn wenn Sie sie vorher kaufen, könnten sie welken. Wählen Sie Sträuße, die herbstlich sind, für einen besonders schönen Akzent. Niemand mag es, zu einem unordentlichen Haus eingeladen zu werden, also räumen Sie am Tag vorher auf und stellen Sie sicher, dass alles, was Sie für das Abendessen nicht brauchen, weggeräumt ist. Wenn Sie wenig Zeit haben und Hilfe beim Putzen benötigen, bitten Sie ein Familienmitglied oder engagieren Sie einen Reinigungsdienst, um Hilfe zu leisten.

### Instruction2:
Der Text gibt hilfreiche Tipps zur Vorbereitung auf das Thanksgiving-Fest. Es wird empfohlen, alle notwendigen Zutaten und Vorräte im Voraus zu besorgen, insbesondere Truthahn und Kürbiskuchenfüllung. Ein Kochplan ist wichtig, um die Garzeiten der traditionellen Gerichte zu koordinieren. Es wird geraten, den Tisch am Vortag zu decken, um Platz und Komfort für die Gäste zu schaffen. Die Anordnung der Plätze sollte die Händigkeit der Gäste berücksichtigen, um Ellbogenstößen vorzubeugen. Blumen sind eine schöne Dekoration, sollten jedoch am Vortag gekauft werden. Außerdem wird empfohlen, das Haus vor dem Fest zu reinigen, um einen ordentlichen Eindruck zu hinterlassen, und gegebenenfalls Unterstützung beim Putzen in Anspruch zu nehmen.",4.318871259689331
034_50221,"### Instruction1:
Da der Kuchen unhandlich wird, sobald er geschichtet und glasiert ist, ist es am besten, dieselbe Platte zu verwenden, auf der du den Kuchen servieren möchtest. Halte das Messer parallel zum Rand des Kuchens und schneide etwa 1⁄4 Zoll (0,6 cm) von der Oberseite ab. Sei vorsichtig, gerade zu schneiden, und halte das Messer während des Schneidens auf gleicher Höhe. Versuche, eine flache, gleichmäßige Oberfläche zu schaffen. Dies wird als Basis für die zweite Schicht dienen. Entferne die abgerundete Oberseite des Kuchens und wirf sie weg oder bewahre sie auf, um sie zu essen. Versuche nicht, die Oberseite des Kuchens mit einem kleinen Messer abzuschneiden, da dies zu einer unebenen Oberfläche führt.

### Instruction2:
Der Text beschreibt, wie man den oberen Teil eines Kuchens gleichmäßig abschneidet, um eine flache Oberfläche für die zweite Schicht zu schaffen. Es wird empfohlen, die gleiche Platte zu verwenden, auf der der Kuchen serviert wird, und darauf zu achten, dass das Messer parallel zum Rand gehalten wird, um ein gleichmäßiges Ergebnis zu erzielen. Die abgerundete Oberseite sollte entfernt und entweder weggeworfen oder zum Essen aufbewahrt werden. Es wird auch gewarnt, ein kleines Messer zu verwenden, da dies zu einer unebenen Oberfläche führen kann.",2.58563494682312
034_46753,"### Instruction1:
Obwohl es überwältigend erscheinen kann, wenn man alles auf einmal betrachtet, sind Linien die Sprache der Baupläne. Linien stellen oft Wände, Türrahmen und Geräteaußenflächen dar; sie haben jedoch viele andere Zwecke und sind das Hauptmerkmal geplanter Zeichnungen. Je nach Dicke, ob sie gerade oder gebogen, gestrichelt oder durchgehend sind, haben Linien unterschiedliche schematische Bedeutung. Die Arten von Grundlinien sind wie folgt: Objektlinie, versteckte Linie, Mittellinie, Verlängerungs- und Maßlinie, Schnittlinien, Abschnittslinie, Bruchlinien, Phantomlinie. Objektlinien – oder sichtbare Linien – werden auf einem Bauplan am dicksten gezeichnet. Sie stellen dar, welche Seiten eines Objekts mit dem Auge sichtbar sind. Betrachten Sie einen einfach gezeichneten Würfel; die einzigen sichtbaren Linien sind die sichtbaren. Auf einem Bauplan haben diese eine zusätzliche Bedeutung; dicker als alle anderen werden sie zum Bezugspunkt, um das Gewicht und die Zusammensetzung aller anderen Linien zu vergleichen. Versteckte Linien – oder unsichtbare Linien – zeigen Oberflächen, die sonst mit dem Auge nicht sichtbar wären. Sie werden mit der halben Dicke von Objektlinien und kurzen, gleichmäßig verteilten Strichen gezeichnet. Eine Regel für versteckte Linien ist, dass sie immer in Kontakt mit der Linie beginnen müssen, die ihren Ausgangspunkt darstellt. Die Ausnahme ist, wenn dieser erste Strich wie eine Fortsetzung einer durchgehenden Linie aussieht. Maßlinien zeigen den Abstand zwischen zwei Punkten in einer Zeichnung an. Ob das Wände in einem Haus oder der Raum zwischen Kabeln in einer Steckdose sind. Sie werden als kurze, durchgehende Linien mit Pfeilspitzen an jedem Ende gezeichnet. Der Mittelpunkt der Linie ist unterbrochen, und hier sehen Sie die Dimension (d.h. 3,5, 1,8 usw.). Maßlinien helfen, einen dreidimensionalen Raum besser vorzustellen und den richtigen Abstand innerhalb eines Raums oder Objekts zu wahren. Mittellinien stellen die zentrale Achse eines Objekts oder Teils dar. Sie sind meist bei Plänen für runde oder gebogene Objekte zu sehen. Auf Bauplänen werden sie mit abwechselnd langen und kurzen Strichen gezeichnet. Lange Striche sind an jedem Ende und kurze Striche an den Schnittpunkten. Mittellinien werden mit dem gleichen Gewicht wie unsichtbare Linien gezeichnet. Phantomlinien werden verwendet, um verschiedene Positionen eines Objekts darzustellen. Denken Sie zum Beispiel an einen Schalter in der Aus-Position. Phantomlinien könnten verwendet werden, um sein mögliches Aussehen in der An-Position darzustellen. Auf Bauplänen sehen Sie sie mit einem langen und zwei kurzen Strichen gezeichnet, mit einem weiteren langen Strich am Ende – alle gleichmäßig verteilt. Phantomlinien zeigen auch Details, die wiederholt werden müssen, oder sogar die Position fehlender Teile. Verlängerungslinien werden verwendet, um die physische Grenze einer Dimension genau zu definieren. Sie werden als kurze, durchgehende Linien gezeichnet und können innerhalb oder außerhalb der definierten Dimension platziert werden. Sie ragen vom Objektumriss heraus, berühren jedoch nicht die Objektlinien. Da Maßlinien oft über einem Objekt schweben müssen, einfach weil kein Platz auf dem Papier ist oder sie sich überschneiden würden, ermöglichen Verlängerungslinien deutlichere End- und Anfangspunkte. Maßlinien werden mit dem gleichen Gewicht wie unsichtbare Linien gezeichnet. Führungsleitungen sind durchgehende Linien, die typischerweise in einem Pfeil enden; diese zeigen jeden Teil oder Bereich einer Zeichnung an, der mit einer Zahl, einem Buchstaben, einer Notiz oder einem anderen Verweis verbunden ist. Schreibtische, Bücherregale und andere Möbel, die nicht vormontiert sind, sind ein häufiger Bezugspunkt, um sich an Führungsleitungen zu erinnern. In der Bedienungsanleitung werden Führungsleitungen häufig verwendet, um Teile zu definieren (z.B. „Setzen Sie Schlitz A in Loch B ein“). Bruchlinien werden verwendet, wenn ein Teil entfernt wird, um zu zeigen, was sich unmittelbar darunter befindet. In architektonischen Zeichnungen werden sie oft verwendet, wenn ein langer Abschnitt der Zeichnung die gleiche Struktur hat; dies reduziert die Zeichnungsgröße und spart Papier. Kurze Bruchlinien werden freihändig und ähneln einer festen, dicken Sinuskurve gezeichnet. Lange Bruchlinien sind lange, dünne, mit dem Lineal gezogene Linien, die mit freihändig gezeichneten Zickzacks durchsetzt sind.

### Instruction2:
Der Text beschreibt verschiedene Arten von Linien, die in Bauplänen verwendet werden. Diese Linien haben unterschiedliche Bedeutungen und Zwecke, darunter Objektlinien, versteckte Linien, Maßlinien, Mittellinien, Phantomlinien, Verlängerungslinien, Führungsleitungen und Bruchlinien. Objektlinien sind die dicksten und zeigen sichtbare Teile eines Objekts, während versteckte Linien unsichtbare Oberflächen darstellen. Maßlinien zeigen Abstände zwischen Punkten an, Mittellinien definieren zentrale Achsen, und Phantomlinien illustrieren verschiedene Positionen eines Objekts. Verlängerungslinien helfen, Dimensionen präzise zu definieren, während Führungsleitungen auf bestimmte Teile hinweisen. Bruchlinien zeigen Details von entfernten Teilen.",7.840494632720947
034_33695,"### Instruction1:
Der Inhalt, einschließlich Wortwahl, Verweise und Anekdoten, sollte auf das Publikum abgestimmt sein, das der Rede zuhören wird. Zum Beispiel wird eine „Keine Drogen“-Rede, die sich an Erstklässler richtet, ganz anders klingen als eine, die darauf abzielt, das Bewusstsein bei College-Studenten zu schärfen. Während du der Rede zuhörst, versuche zu bestimmen, ob sie den Punkt trifft oder etwas daneben ist. Basisiere deine Kritik nicht auf deiner eigenen persönlichen Meinung, sondern darauf, wie der Redner von einem breiteren Publikum wahrgenommen werden würde. Deine eigenen Vorurteile sollten nicht ins Spiel kommen. Wenn möglich, notiere die Reaktionen der Zuhörer auf die Rede. Scheinen sie es zu verstehen? Sind sie gebannt? Lachen sie mit bei den Witzen oder scheinen sie gelangweilt? Der Redner sollte korrekte Grammatik und leicht verständliche Sprache verwenden, damit es angenehm ist, der Rede zuzuhören und zu folgen, worum es geht. Innerhalb weniger Sätze sollte das Hauptthema der Rede klar sein, und der restliche Inhalt sollte in einer fließenden, verständlichen Weise aufgebaut sein, um die These des Redners zu unterstützen. Erneut sollte es weniger wichtig sein, ob du dem Redner zustimmst oder ihn magst, als was der Redner sagt. Wenn du entscheidest, ob die Rede klar ist, bedenke folgende Fragen: Ist die Einführung effektiv? Hat der Redner sein Hauptargument innerhalb der ersten Sätze deutlich gemacht, oder hat es eine Weile gedauert, bis du herausgefunden hast, worauf er hinaus wollte? Ist die Rede voller ablenkender Abschweifungen, die nicht mit dem Hauptargument zusammenhängen, oder baut sie logisch auf die Schlussfolgerung hin auf? Wenn du die Rede jemand anderem wiederholen würdest, könntest du alle Hauptpunkte wiedergeben oder hättest du Schwierigkeiten, dich daran zu erinnern, worum es wirklich ging? In einer gut geschriebenen Rede werden Argumente geschickt vorgebracht, um einen größeren Punkt zu beweisen. Der Inhalt der Rede sollte die Expertise des Redners zu dem betreffenden Thema demonstrieren, und das Publikum sollte das Gefühl haben, etwas Neues gelernt zu haben. Achte auf Lücken in der Argumentation des Redners oder Stellen, an denen weitere Recherchen einen Punkt überzeugender gemacht hätten. Höre auf Namen, Daten und Daten, die zitiert werden, um die Punkte zu untermauern, die der Redner macht. Schreibe alle Namen, Daten, Statistiken und andere forschungsbezogene Informationen auf, die vom Redner angegeben werden, damit du sie später nachschlagen kannst. Überprüfe nach der Rede einige Fakten, um sicherzustellen, dass sie genau sind. Ungenauigkeiten in den Daten sind sehr wichtig zu erkennen, da sie die Glaubwürdigkeit des Vortrags beeinträchtigen können. Wenn du die Rede direkt nach ihrer Präsentation kritisieren musst, kann es nützlich sein, das Internet schnell zu nutzen, um eine Rede zu überprüfen. Warte auf die Frage-und-Antwort-Runde, das Treffen und Begrüßen oder die Pause, um die Punkte des Redners nachzuschlagen. Anekdoten und gelegentliche Witze lockern den ernsten Ton der Rede auf und verhindern, dass sie langweilig wird. Wenn die Rede zu trocken ist, spielt es keine Rolle, wie überzeugend das Argument ist; die Menschen werden sie nie hören, weil sie zu sehr abgelenkt sind. Wenn du entscheidest, ob die Rede auf hohem Niveau fesselnd ist, stelle dir folgende Fragen: Beginnt sie mit einem guten Aufhänger? Um die Menschen sofort zu fesseln, beginnen gute Reden normalerweise mit einem lustigen oder interessanten Punkt, der das Publikum anspricht. Bleibt sie die ganze Zeit über fesselnd? Ein guter Redner wird Anekdoten und Witze einstreuen, um die Aufmerksamkeit der Zuhörer zu gewinnen und zu halten. Sind die Anekdoten und Witze ablenkend oder tragen sie dazu bei, das Argument des Redners zu untermauern? Einige Zuhörer neigen dazu, die wichtigen Punkte zu überhören und nur dem Aufhänger zuzuhören. Der beste Weg, eine Rede richtig zu kritisieren, besteht darin, darauf zu warten, dass der Redner einen Witz macht, und dann sehr genau zuzuhören, was er oder sie danach sagt. Betrachte Witze und Anekdoten als Marker, die auf die Hauptideen hinweisen. Verwendet der Redner Illustrationen mit Bedacht? Eine wirklich hervorragende, einprägsame Illustration ist besser als drei, die beim Publikum nicht haften bleiben und nur teilweise mit dem Hauptziel der Rede zusammenhängen. Ein guter Schluss sollte alle Punkte zusammenfassen und dem Publikum neue Ideen geben, wie es die Informationen, die es erhalten hat, nutzen kann. Ein schwacher Schluss wird nur die Punkte zusammenfassen oder sie völlig ignorieren und zu einem Thema übergehen, das nichts mit dem zu tun hat, was der Redner während der restlichen Zeit gesagt hat. Denke daran, dass das Ende einer Rede einer der wichtigsten Teile im Prozess der Redenerstellung ist. Es sollte die Aufmerksamkeit des Publikums zurückgewinnen und kraftvoll, nachdenklich, tiefgründig und prägnant sein. Wenn man eine Rede beendet, muss der Redner auch das größte Maß an Selbstvertrauen zeigen, das er aufbringen kann, da diese Technik dem Publikum helfen wird, auch Vertrauen in die Präsentation des Redners zu gewinnen.

### Instruction2:
Die Rede sollte auf das Publikum abgestimmt sein, wobei Inhalt, Wortwahl und Anekdoten berücksichtigt werden. Beim Zuhören sollte man die Wahrnehmung des Publikums beobachten und beurteilen, ob der Redner effektiv kommuniziert. Wichtige Aspekte sind die Klarheit des Hauptthemas, die Logik des Aufbaus und die Verwendung von unterstützenden Daten. Humor und Anekdoten können helfen, das Publikum zu fesseln, sollten aber den Hauptargumenten nicht schaden. Ein guter Schluss fasst die Punkte zusammen und bietet neue Einsichten. Die Glaubwürdigkeit des Redners ist entscheidend, und Ungenauigkeiten in Daten sollten sofort überprüft werden.",7.419235706329346
034_11639,"### Instruction1:
Klicken Sie auf das Excel-App-Symbol, das ein grünes ""X"" auf einem grün-weißen Hintergrund darstellt, oder doppelklicken Sie darauf. Wenn Sie bereits ein Excel-Dokument haben, das Ihre Daten enthält, doppelklicken Sie auf das Dokument, um es in Excel 2007 zu öffnen, und überspringen Sie dann den Schritt zum Finden des Mittelwerts. Klicken Sie einmal auf die Zelle, in der Sie Ihre erste Zahl eingeben möchten. Stellen Sie sicher, dass Sie eine Zelle in einer Spalte auswählen, die Sie für den Rest Ihrer Punkte verwenden möchten. Geben Sie eine der Zahlen Ihrer Datenpunkte ein. Dadurch wird die Zahl in die ausgewählte Zelle eingegeben und der Cursor in die nächste Zelle in der Spalte verschoben. Geben Sie einen Datenpunkt ein, drücken Sie die Eingabetaste und wiederholen Sie dies, bis Sie alle Ihre Datenpunkte in derselben Spalte eingegeben haben. Dies erleichtert die Berechnung des Mittelwerts und der Standardabweichung der Liste.

### Instruction2:
Der Text beschreibt, wie man die Excel-App öffnet und Daten eingibt. Der Benutzer sollte auf das Excel-Symbol klicken oder ein vorhandenes Dokument öffnen. Anschließend wird erklärt, wie man eine Zelle auswählt und nacheinander Datenpunkte eingibt, indem man die Eingabetaste drückt. Dies hilft bei der späteren Berechnung des Mittelwerts und der Standardabweichung der eingegebenen Daten.",2.1908061504364014
034_34553,"### Instruction1:
Mache das Oval klein genug, sodass du Platz für die Flügel auf beiden Seiten hast. Wenn du ein Standardblatt Papier in der Größe 20 x 28 cm verwendest, sollte eine Höhe von etwa 5–10 cm funktionieren. Mache den Kreis so breit wie den Körper und etwa ¼ der Höhe. Beginne und ende jedes Dreieck oben am Körper, genau dort, wo es mit dem Kopf zusammentrifft. Neige jedes Dreieck leicht nach oben, sodass der obere Rand jedes Flügels einen Winkel hat. Mache jeden Flügel etwa zehnmal so breit wie den Körper. Versuche, die Dreiecke so symmetrisch wie möglich zu gestalten. Verwende ein Lineal, wenn du Hilfe benötigst, um die Linien gerade und gleichmäßig zu machen. Beginne an der unteren Ecke eines der Dreiecke und zeichne eine „U“-Form, die in der Mitte des Körpers endet. Mache dasselbe auf der anderen Seite. Stelle sicher, dass jede „U“-Form die gleiche Größe hat. Beginne nahe der Mitte der linken Seite des Kopfes und ziehe einen Bogen zur rechten Seite des Kopfes. Zeichne dann einen umgekehrten Bogen unter den ersten Bogen, den du auf beiden Seiten gezeichnet hast. Zeichne schließlich eine kleine Mondsichel unter dem ersten Bogen und zwischen den beiden umgekehrten Bögen. Die Bögen und die Mondsichel verleihen dem Kopf des Schmetterlings Dimension und lassen ihn realistischer aussehen. Skizziere ein Auge auf der linken Seite des Bogens und eines auf der rechten Seite. Mache die Halbkreise groß genug, sodass die Oberseite jedes Halbkreises den Rand des Kopfes berührt. Lass die Antenne auf der linken Seite des Kopfes leicht nach links und die Antenne auf der rechten Seite des Kopfes leicht nach rechts biegen. Mache jede Antenne etwa so lang wie die Höhe des Körpers oder etwas kürzer. Zeichne dann eine kleine „M“-Form zwischen der Unterseite jeder Antenne, innerhalb des Kreises, den du für den Kopf gezeichnet hast, um sie zu verbinden. Versuche, die Antennen symmetrisch zu gestalten. Beginne etwa ¼ des Weges nach unten am Körper auf der linken Seite. Zeichne dann eine „V“-Form innerhalb des Körpers, wobei die Spitze des „V“ leicht über der Mitte des Körpers fällt. Beende die „V“-Form etwa ¼ des Weges nach unten am Körper auf der rechten Seite. Über der „V“-Form befindet sich der Thorax des Schmetterlings. Unter der „V“-Form befindet sich sein Abdomen. Verwende die umgekehrten Dreiecke als Leitfaden, um die Dreiecke umzupolen, sodass die Seiten geschwungen und die Ecken abgerundet sind, oder zeichne neue Flügel über die Leitlinien (du kannst die Dreiecke später immer noch löschen). So oder so, mache den oberen und unteren Rand jedes oberen Flügelteils geschwungen. Zeichne dann eine Reihe kleiner Bögen, etwa 5 oder mehr, entlang des äußersten Randes jedes Flügels. Zeichne die gleiche Anzahl an Bögen auf jeder Seite. Zeichne die kleinen Bögen über die Oberseite der „U“-Formen, die du zuvor gezeichnet hast, beginnend am Ende jeder „U“-Form und arbeite dich zum anderen Ende vor. Zeichne etwa 10 Bögen auf jeder „U“-Form. Zeichne zuerst eine geschwungene Linie vom Körper zum äußeren Rand des Flügels auf jedem Flügel, indem du der Krümmung der Oberseite des Flügels folgst. Zeichne dann eine kurze gerade Linie, die von der Mitte der geschwungenen Linie ausgeht, die du gerade gezeichnet hast. Neige diese Linie nach links am linken Flügel und nach rechts am rechten Flügel. Verbinde das Ende jeder dieser schrägen Linien mit dem Körper und beende es am gleichen Punkt, an dem du die erste geschwungene Linie begonnen hast. Zeichne schließlich gerade Linien, die vom unteren Teil dieser Form zum äußeren Rand jedes Flügels führen. Zeichne die gleiche Anzahl von Adern auf jedem Flügel, damit sie symmetrisch aussehen. Zeichne zuerst eine große, schmale „U“-Form nahe der Oberseite jedes unteren Teils der Flügel. Beginne die „U“-Form an der Seite des Körpers und beende sie etwa auf halbem Weg über die Oberseite jedes unteren Flügels. Zeichne dann gerade Linien, die sich von der „U“-Form zu den kleinen Bögen auf der unteren Hälfte der Flügel erstrecken. Neige die Linien auf der äußeren Hälfte der „U“-Form weg vom Körper und die Linien auf der inneren Hälfte in Richtung des Körpers. Wenn du über die umgekehrten Dreiecke und „U“-Formen, die du ursprünglich für die Flügel gezeichnet hast, gezeichnet hast, lösche diese Formen jetzt. Andernfalls kannst du diesen Schritt überspringen. Sobald du alle verbleibenden Leitlinien gelöscht hast, bist du fertig!

### Instruction2:
Der Text beschreibt die Schritte zum Zeichnen eines Schmetterlings. Zuerst wird erklärt, wie man die Grundformen für den Körper und die Flügel skizziert, einschließlich der Größe und Symmetrie der Elemente. Dann folgt eine detaillierte Anleitung, wie man den Kopf, die Antennen und die Augen des Schmetterlings zeichnet. Es werden Anweisungen gegeben, wie man die Flügel mit Bögen und Adern verziert, um ein realistisches Aussehen zu erzielen. Abschließend wird darauf hingewiesen, dass alle Leitlinien gelöscht werden, um das endgültige Bild zu vervollständigen.",6.46800422668457
034_57303,"### Instruction1:
Wenn Sie eine gefärbte Kaltporzellan herstellen möchten, kneten Sie die Farbe Ihrer Wahl gründlich ein, bevor Sie beginnen. Sie können während des ersten Knetens Farbe hinzufügen, während Sie das Kaltporzellan herstellen, aber dies reduziert die Haltbarkeit. Jedes Mal, wenn Sie ein neues Stück Ton verwenden, kneten Sie es zuerst, um die Elastizität zu erhöhen. Gut gemachtes, geknetetes Kaltporzellan sollte sich leicht formen lassen und in der Lage sein, zarte Designs zu bilden. Um zwei nasse Stücke Kaltporzellan zu verbinden, drücken Sie sie zusammen und glätten Sie die Verbindung mit einem feuchten Finger. Trockene Stücke können mit normalem weißen Kleber zusammengeklebt werden. Kaltporzellan schrumpft erheblich beim Trocknen, und ein großes Stück könnte nicht vollständig durchtrocknen. Decken Sie stattdessen ein anderes Material mit einer Schicht des Tons ab. Kaltporzellan erfordert kein zusätzliches Kochen und härtet einfach aus, wenn es der Luft ausgesetzt ist. Wie lange dies dauert, hängt stark von der Größe Ihrer Skulptur, der Temperatur und der Luftfeuchtigkeit ab. Überprüfen Sie regelmäßig, bis es hart ist. Ohne eine Versiegelung wird Ihre Kaltporzellan-Kunst anfällig für ""Schmelzen"" in Wärme oder Wasser, obwohl Sie versiegelte Kunstwerke nach Möglichkeit an einem kühlen, trockenen Ort aufbewahren sollten. Es gibt viele Arten von Versiegelungen und Lacken, die für Ton gedacht sind, mit verschiedenen glänzenden oder matten Oberflächen. Klarer Acrylversiegler ist eine einfache transparente Option.

### Instruction2:
Um gefärbtes Kaltporzellan herzustellen, kneten Sie die gewünschte Farbe gründlich ein. Beim ersten Kneten kann Farbe hinzugefügt werden, was jedoch die Haltbarkeit verringert. Vor der Verwendung sollte neuer Ton geknetet werden, um die Elastizität zu erhöhen. Gut verarbeitetes Kaltporzellan ist formbar und ermöglicht filigrane Designs. Nasse Stücke können durch Drücken und Glätten verbunden werden, während trockene Stücke mit Weißleim geklebt werden. Kaltporzellan schrumpft beim Trocknen erheblich und benötigt Zeit zum Aushärten, die von Größe, Temperatur und Luftfeuchtigkeit abhängt. Ohne Versiegelung kann das Kunstwerk bei Hitze oder Wasser beschädigt werden. Es stehen verschiedene Versiegelungen zur Verfügung, darunter klarer Acrylversiegler.",3.538707733154297
034_495,"### Instruction1:
Unabhängig davon, wo Sie Ihre Rückenschmerzen wahrnehmen, wurden im Laufe der Jahrhunderte bestimmte Druckpunkte entlang der Wirbelsäule (und im gesamten Körper) entdeckt, die Schmerzen lindern können, insbesondere wenn sie mechanischer Natur sind. Die Druckpunkte im unteren Rücken befinden sich nur wenige Zentimeter seitlich der 3. Lendenwirbel (direkt über dem Niveau Ihrer Hüftknochen) innerhalb der paravertebralen Muskeln und werden als Punkte B-23 und B-47 bezeichnet. Die Stimulation der Punkte B-23 und B-47 auf beiden Seiten der Wirbelsäule kann helfen, schmerzhafte Rückenschmerzen, eingeklemmte Nerven und Ischias (einschließlich stechender Beinschmerzen) zu lindern. Für die besten Ergebnisse greifen Sie um Ihren unteren Rücken, drücken Sie mit dem Daumen auf diese Punkte und halten Sie fest für ein paar Minuten, dann lassen Sie allmählich los. Wenn Sie nicht die Flexibilität oder Kraft haben, bitten Sie einen Freund um Hilfe, nachdem Sie ihm ein Diagramm der Punkte auf Ihrem Handy oder einem anderen tragbaren Internetgerät gezeigt haben. Alternativ können Sie auch auf dem Rücken liegen und einen Tennisball ein paar Minuten lang im Bereich rollen. In der TCM sind diese Druckpunkte im unteren Rücken auch als das Meer der Vitalität bekannt. Ein wenig weiter unten am Rücken befinden sich die Druckpunkte der Hüftregion, die oft als B-48 Punkte bezeichnet werden. Diese Punkte liegen einige Zentimeter seitlich des Kreuzbeins (Steißbein) und oberflächlich direkt über dem Iliosakralgelenk (abgegrenzt durch die Dellen über Ihren Gesäßmuskeln). Für die besten Ergebnisse drücken Sie allmählich mit dem Daumen nach innen in Richtung der Mitte Ihres Beckens und halten Sie fest für ein paar Minuten, dann lassen Sie allmählich los. Die Stimulation der B-48 Punkte auf beiden Seiten des Kreuzbeins kann helfen, Ischias sowie Schmerzen im unteren Rücken, Becken und Hüfte zu lindern. Wiederum, wenn Sie nicht die Flexibilität oder Kraft haben, bitten Sie einen Freund um Hilfe oder nehmen Sie einen Tennisball zur Hand. Etwas unterhalb und seitlich der B-48 Punkte liegen die Akupressurpunkte G-30. Die G-30 Punkte befinden sich im fleischigeren Teil der Gesäßmuskeln, insbesondere in den Piriformis-Muskeln, die unter den größeren Gluteus maximus-Muskeln liegen. Für die besten Ergebnisse drücken Sie allmählich mit dem Daumen nach innen in Richtung der Mitte Ihres Gesäßes und halten Sie fest für ein paar Minuten, dann lassen Sie allmählich los. Der Ischiasnerv ist der dickste Nerv im Körper und verläuft durch jede Beine im Bereich des Gesäßes. Seien Sie vorsichtig, dass Sie die Ischiasnerven nicht reizen, wenn Sie Druck auf diese Muskeln ausüben. Unmittelbar nach jeder Akupressurbehandlung sollten Sie Eis (in ein dünnes Handtuch gewickelt) auf die dickeren Muskeln des Rückens/Hüften für etwa 15 Minuten anwenden, was helfen wird, Blutergüsse oder unnötige Empfindlichkeit zu verhindern. Eis direkt auf die Haut zu legen birgt das Risiko von Erfrierungen und Hautverfärbungen.

### Instruction2:
Der Text beschreibt Druckpunkte entlang der Wirbelsäule, die helfen können, Rückenschmerzen zu lindern, insbesondere bei mechanischen Schmerzen. Die Punkte B-23 und B-47 im unteren Rücken können durch Druck mit dem Daumen stimuliert werden, um Schmerzen zu verringern. Auch B-48-Punkte in der Hüftregion und G-30-Punkte im Gesäß können durch Druck und Halten für einige Minuten aktiviert werden. Nach der Behandlung wird empfohlen, Eis auf die behandelten Bereiche aufzutragen, um Blutergüsse zu verhindern.",4.610033273696899
034_53021,"### Instruction1:
Klicken oder doppelklicken Sie auf das Edge-App-Symbol, das entweder ein weißes ""e"" auf blauem Hintergrund oder ein dunkelblaues ""e"" darstellt. Dieses Symbol befindet sich in der oberen rechten Ecke des Edge-Fensters. Ein Dropdown-Menü wird angezeigt. Es befindet sich am unteren Ende des herausklappbaren Menüs. Diese Option befindet sich unter der Überschrift „Browserdaten löschen“ etwa in der Mitte des Einstellungsmenüs. Dies ist die Option, die die Cookies Ihres Edge-Browsers löscht; Sie können alle anderen Kästchen in diesem Menü abwählen, wenn Sie möchten. Es befindet sich unter den verschiedenen Arten von Daten. Wenn Sie dies tun, werden die Cookies Ihres Browsers gelöscht.

### Instruction2:
Um die Cookies des Edge-Browsers zu löschen, klicken oder doppelklicken Sie auf das Edge-App-Symbol in der oberen rechten Ecke des Fensters. Wählen Sie im Dropdown-Menü die Option „Browserdaten löschen“, die sich in der Mitte des Einstellungsmenüs befindet. Sie können andere Optionen abwählen und nur die Cookies löschen.",3.3993442058563232
034_52433,"### Instruction1:
Sheabutter oder Kokosnussöl enthalten vorteilhafte Fette, die der Haut und den Lippen Geschmeidigkeit und Flexibilität verleihen. Schlage das Produkt auf, um es glatter zu machen, und rühre dann 1 Teelöffel (5 ml) in dein Lippenpeeling — oder ersetze das Öl vollständig. Wenn dir das zu fettig erscheint, probiere Jojobaöl oder ein anderes leichtes, extra feuchtigkeitsspendendes Öl. Vaseline ist keine gute Wahl für ein Lippenpeeling, da die Lippen es nicht aufnehmen. Es ist besser in einem Lippenbalsam, wo es auf deinen Lippen bleibt und die Verdunstung von Feuchtigkeit verhindert. Ätherische Öle können einen tollen Duft und mögliche gesundheitliche Vorteile hinzufügen, aber viele können deine Lippen verbrennen oder sogar giftig sein, wenn sie verschluckt werden. Sprich mit einem Arzt oder einem erfahrenen Kräuterkundigen, bevor du eines zu deinem Lippenbalsam hinzufügst. Wenn du eine sichere Option findest, rühre einfach zwei oder drei Tropfen (oder 1–2 Tropfen pro Esslöffel/15 ml Lippenpeeling) ein. Ätherische Öle wie Lavendel, süße Orange und grüne Mandarine sind typischerweise sicher für die Lippen. Pfefferminz-, Spearmint-, Maisminze- und Teebaumöle sind beliebte Optionen, sollten jedoch niemals bei kleinen Kindern verwendet werden. Übermäßige Anwendung kann auch deine Lippen austrocknen. „Synthetische Aromastoffe“ sind nicht-natürliche Alternativen, die im Allgemeinen sicher für die Lippen sind.

### Instruction2:
Der Text beschreibt die Verwendung von Sheabutter und Kokosnussöl zur Verbesserung der Geschmeidigkeit der Lippen. Es wird empfohlen, das Produkt aufzuschlagen und es in Lippenpeelings zu verwenden, wobei Jojobaöl eine leichtere Alternative darstellt. Vaseline ist nicht ideal für Peelings, eignet sich jedoch gut für Lippenbalsam. Ätherische Öle können Duft und gesundheitliche Vorteile bieten, sollten aber mit Vorsicht verwendet werden, da einige schädlich sein können. Es wird geraten, sich vorher mit einem Fachmann abzusprechen. Einige ätherische Öle sind sicherer als andere, während synthetische Aromen ebenfalls eine sichere Wahl sind.",4.083345413208008
034_1233,"### Instruction1:
Da Taschen so viele verschiedene Formen und Größen haben können, geben einige Fluggesellschaften einfach eine lineare Zoll- oder Zentimeter-Messung an, die Ihre Tasche nicht überschreiten darf. Messen Sie die Länge, Höhe und Tiefe Ihrer Tasche, einschließlich Griffe und Räder. Addieren Sie diese drei Maße. Die Gesamtsumme ist Ihre lineare Messung, entweder in Zentimetern oder Zoll. Einige Einzelhändler geben die Höhe als „aufrechte“ Messung an. Um die Höhe Ihrer Tasche zu messen, messen Sie von der Unterseite der Räder (wenn Ihre Tasche Räder hat) bis zur Oberseite Ihres Griffs. Wenn Sie eine Reisetasche verwenden, stellen Sie sie auf das Ende und messen Sie von einem Ende zum anderen. Die Tiefe bezieht sich darauf, wie tief Ihr Koffer ist. Für die Tiefe müssen Sie von der Rückseite Ihres Koffers (wo Ihre Kleidung beim Packen liegt) bis zur Vorderseite messen (die normalerweise zusätzliche Reiß- und Einschubtaschen hat). Um die Breite Ihres Gepäcks zu messen, müssen Sie es so positionieren, dass Sie Ihr Gepäck direkt ansehen. Messen Sie dann die Vorderseite Ihrer Tasche. Stellen Sie sicher, dass Sie alle seitlichen Griffe in Ihre Messungen einbeziehen. Jede Fluggesellschaft hat ein Gewichtslimit für Handgepäck und aufgegebenes Gepäck. Berücksichtigen Sie, dass Ihre Tasche auch etwas wiegen wird, selbst wenn sie leer ist. Wenn Sie eine Waage zu Hause haben, wiegen Sie Ihre Tasche, nachdem sie vollständig gepackt ist. Dies kann Ihnen helfen, unangenehme Gebühren zu vermeiden oder Dinge am Flughafen wegwerfen zu müssen.

### Instruction2:
Der Text beschreibt, wie man die Größe und das Gewicht von Gepäckstücken für Flugreisen richtig misst. Es werden verschiedene Maße wie Länge, Höhe und Tiefe erklärt. Man soll die Tasche inklusive Griffe und Räder messen, um die lineare Messung zu erhalten. Außerdem wird darauf hingewiesen, dass jede Fluggesellschaft Gewichtsbeschränkungen für Handgepäck und aufgegebenes Gepäck hat. Es wird empfohlen, die Tasche nach dem Packen zu wiegen, um zusätzliche Gebühren zu vermeiden.",4.245609998703003
034_26684,"### Instruction1:
Kombiniere gleiche Teile Wasser und Essig in einer Schüssel. Tauche ein Mikrofasertuch in die Lösung. Wringe das Tuch aus, um so viel Feuchtigkeit wie möglich zu entfernen. Wische die Teile des Polsters ab, die eine kleine Reinigung benötigen. Verwende so wenig Flüssigkeit wie möglich, da Wasser Leder flecken kann. Für stärker verschmutzte Bereiche, die eine gründlichere Reinigung erfordern, trage eine kleine Menge Lederreinigungsprodukt auf ein Handtuch oder Tuch auf und reibe sanft über den verschmutzten Bereich. Wische überschüssigen Reiniger ab und lasse die Stellen trocknen. Alternativ kannst du auch deinen eigenen Lederreiniger herstellen, indem du gleiche Teile Zitronensaft und Weinstein vermischst. Arbeite es zu einer Paste und trage kleine Mengen der Paste auf ein sauberes Tuch auf. Reibe sanft über verschmutzte Stellen mit der Paste. Wische überschüssige Reste ab und lasse die Bereiche trocknen. Pflegeprodukte helfen, das Leder weich und feucht zu halten und verhindern, dass es rissig wird. Trage kleine Mengen Conditioner mit einem Tuch auf und wische überschüssige Reste ab.

### Instruction2:
Der Text beschreibt, wie man Möbel aus Leder reinigt und pflegt. Zuerst wird eine Lösung aus Wasser und Essig hergestellt, um damit sanfte Reinigungen vorzunehmen. Für stärker verschmutzte Bereiche wird ein spezielles Lederreinigungsprodukt empfohlen. Alternativ kann auch eine Paste aus Zitronensaft und Weinstein erstellt werden, die für die Reinigung verwendet wird. Zum Abschluss werden Pflegeprodukte erwähnt, die helfen, das Leder weich und geschmeidig zu halten.",2.6340839862823486
034_3385,"### Instruction1:
Eine der einfachsten Möglichkeiten, um zu sehen, ob er dich als mehr als nur eine Freundin sieht, ist, die Orte zu beachten, an denen ihr euch aufhaltet. Hier sind einige Möglichkeiten, um zu sehen, ob er versucht, eure Beziehung auf die nächste Stufe zu heben: Wenn ihr essen geht, achtet auf die Art des Restaurants. Wenn ihr in einer lustigen, lauten Tapas-Bar seid, sieht er dich vielleicht als mehr als nur eine Freundin, aber wenn ihr in einem ruhigen, kerzenbeleuchteten Restaurant mit feinem Wein seid, könnte er versuchen, dir etwas zu sagen. Wenn er jedoch in der Schulkantine neben dir sitzt, könnte das nicht bedeuten, dass er auf Romantik aus ist. Sieh dich auch bei den anderen Personen im Restaurant um. Sind es Paare, die sich anstarren, oder Freunde, die lachen und plaudern? Das könnte etwas darüber aussagen, was er für dich im Sinn hat. Überdenke es nicht zu sehr. Er könnte dich wirklich mögen - aber vielleicht mag er auch einfach koreanisches BBQ. Der Ort kann ein guter Indikator sein, aber er kann dir nicht alles sagen. Wenn er dich ins Kino einlädt, welche Art von Film ist es? Seht ihr euch eine romantische Komödie oder einen emotionalen Film an, oder schaut ihr einen blutigen Kriegsfilm oder eine Dokumentation? Seine Wahl des Films könnte dir sagen, ob er seinen Arm um dich legen möchte oder ob er nur einen Kumpel sucht. Wenn ihr eine Show besucht, ist es eine schwach beleuchtete Jazz-Show oder eine Sängerin, oder ist es ein lautes Death-Metal-Konzert, das dich teilweise taub macht? Ist es der Ort, an dem man aufstehen und mitfeiern kann, oder sitzt man romantisch da, um die Show zu genießen? Das kann ein Hinweis darauf sein, ob er dich als lockere Freundin sieht oder ob er versucht, die Dinge auf die nächste Stufe zu bringen. Achte besonders auf zwei Dinge: Trefft ihr euch tagsüber oder abends? Es gibt einen großen Unterschied zwischen einem Mittagessen und einem Abendessen oder einem Morgencafé und einem Abendgetränk. Wenn ihr euch eher tagsüber trefft, dann seid ihr momentan in der Freundschaftszone - aber das bedeutet nicht, dass er nicht mehr will. Trefft ihr euch unter der Woche oder am Wochenende? Wenn ihr euch am Montag statt am Freitag trefft, könnte es sein, dass ihr euch erneut im Freundschaftsbereich befindet.

### Instruction2:
Der Text beschreibt, wie man erkennen kann, ob ein Junge mehr als nur freundschaftliche Gefühle für dich hat, basierend auf den Orten und Aktivitäten, die ihr gemeinsam unternehmt. Er erklärt, dass das Ambiente eines Restaurants, die Art des Films oder der Show, die ihr besucht, Hinweise darauf geben können, ob er romantisches Interesse hat. Auch die Tageszeit, zu der ihr euch trefft, spielt eine Rolle: Treffen am Tag könnten auf eine Freundschaft hinweisen, während Abendtreffen auf mehr hindeuten könnten. Letztlich sollte man jedoch nicht zu viel hineininterpretieren, da auch persönliche Vorlieben eine Rolle spielen können.",7.098011016845703
